dataset,subject,session,imcoh_mu_early_T1,imcoh_mu_mid_T1,imcoh_mu_late_T1,imcoh_mu_slope_T1,imcoh_mu_mean_T1,imcoh_mu_delta_mean_T1,imcoh_beta_early_T1,imcoh_beta_mid_T1,imcoh_beta_late_T1,imcoh_beta_slope_T1,imcoh_beta_mean_T1,imcoh_beta_delta_mean_T1,wpli_mu_early_T1,wpli_mu_mid_T1,wpli_mu_late_T1,wpli_mu_slope_T1,wpli_mu_mean_T1,wpli_mu_delta_mean_T1,wpli_beta_early_T1,wpli_beta_mid_T1,wpli_beta_late_T1,wpli_beta_slope_T1,wpli_beta_mean_T1,wpli_beta_delta_mean_T1,imcoh_mu_early_T2,imcoh_mu_mid_T2,imcoh_mu_late_T2,imcoh_mu_slope_T2,imcoh_mu_mean_T2,imcoh_mu_delta_mean_T2,imcoh_beta_early_T2,imcoh_beta_mid_T2,imcoh_beta_late_T2,imcoh_beta_slope_T2,imcoh_beta_mean_T2,imcoh_beta_delta_mean_T2,wpli_mu_early_T2,wpli_mu_mid_T2,wpli_mu_late_T2,wpli_mu_slope_T2,wpli_mu_mean_T2,wpli_mu_delta_mean_T2,wpli_beta_early_T2,wpli_beta_mid_T2,wpli_beta_late_T2,wpli_beta_slope_T2,wpli_beta_mean_T2,wpli_beta_delta_mean_T2
BNCI2014_004,1,0train,-0.09282529517370258,0.0010865402974987717,-0.17661824535464843,-0.04189647509047292,-0.08945233341028408,-0.08626040282974844,-0.03260350270146396,0.023739188324799845,-0.032086913042249816,0.0002582948296070732,-0.013650409139637979,0.0001035869897466057,0.43713483568086564,0.1881100113502294,0.7253615395853716,0.144113351952253,0.4502021288721556,0.08454716576780746,0.2560403458256773,0.33460617502689316,0.2912402484645147,0.01759995131941869,0.29396225643902835,0.03855881591973237,-0.03713169034113703,0.07480691488418373,-0.04312498204032809,-0.0029966458495955285,-0.0018165858324271297,0.16190696842740923,0.07614795347751707,0.052969394145804725,0.061267121349873666,-0.007440416063821703,0.06346148965773182,0.014123636654859497,0.26261803921312926,0.397096191607762,0.24737626651500647,-0.007620886349061398,0.30236349911196586,-0.19659681710448076,0.4398946149606035,0.37624217384136144,0.3458767695856142,-0.04700892268749465,0.38733785279585975,0.16091366033976548
BNCI2014_004,1,1train,-0.035831319134568815,0.06309656579965899,0.019158757567420057,0.027495038350994438,0.015474668077503409,-0.03092290550165062,-0.051251635738510756,0.010677839318464446,-0.05069661982497857,0.0002775079567660932,-0.030423472081674962,-0.06216024614245425,0.18703542523815414,0.2935288001219709,0.13083910002775834,-0.028098162605197898,0.2038011084626278,-0.2495788088726744,0.33411220624196614,0.2204510872763641,0.34742338510860765,0.006655589433320757,0.3006622262089793,0.01169457022764872,0.04399638925130112,-0.045662792721518936,-0.009701721242406825,-0.02684905524685397,-0.003789374904208213,0.12716340583227165,0.03984454823846114,0.03449393650087496,0.05597145612602179,0.008063453943780326,0.043436646955119305,-0.02932049156602559,0.27344520761651103,0.3001210928661994,0.21115588022172876,-0.031144663697391134,0.2615740602348131,0.0049011387075182196,0.24199168749335156,0.33796905710754144,0.3536101229195144,0.0558092177130814,0.3111902891734691,-0.0334044937814097
BNCI2014_004,1,2train,-0.05209030380219097,-0.011904649413257173,0.005080765080514647,0.028585534441352808,-0.019638062711644498,0.05505146863117192,-0.05476640750099866,-0.01725646633725651,0.013498983780871235,0.03413269564093495,-0.019507963352461313,-0.024068183474114102,0.3943427621491665,0.21864681832936902,0.14930898646442906,-0.12251688784236874,0.25409952231432154,-0.13324415118226676,0.3548803839525946,0.24806281162084567,0.14352835485398374,-0.10567601454930542,0.24882385014247466,-0.034687083530822414,-0.011066437940704187,-0.03637857110067642,0.004888559713654423,0.007977498827179304,-0.01418548310924206,-0.09532272025171211,0.037697717594351886,0.013576621839082361,0.0068886127104234186,-0.015404552441964234,0.01938765071461922,-0.034342603245783865,0.19647467967104862,0.2589488002516058,0.2283166751196647,0.015920997724308036,0.22791338501410638,0.12380439362486427,0.2805168705298054,0.19792583546352738,0.16271051827419206,-0.05890317612780666,0.2137177414225083,-0.002721762787826968
BNCI2014_004,1,3test,-0.02053475953807261,-0.07784855176944738,0.03409687885125125,0.02731581919466193,-0.02142881081875625,-0.029643554438148426,-0.017523754812960642,0.012931746395708299,-0.011204584257967843,0.0031595852774964,-0.005265530891740062,0.011533957660343453,0.21135120036203586,0.5357338275110654,0.23724122793043678,0.01294501378420046,0.32810875193451267,-0.05467442966478256,0.15066556081982851,0.18096854524003325,0.27859374282805277,0.06396409100411213,0.20340928296263816,-0.00821534100700629,-0.013881381895705555,-0.006152192759030688,0.012186494525383052,0.013033938210544303,-0.0026156933764510636,-0.060569819328604446,0.028789510519201613,0.017934921913115073,-0.03552222147052314,-0.03215586599486238,0.003734070320597848,-0.008482141382088563,0.1926257907980011,0.11057771281386485,0.09303439320700013,-0.049795698795500484,0.13207929893962203,-0.04524173263814607,0.2371919991036085,0.19480292811869268,0.2655816552813347,0.014194828088863102,0.23252552750121194,0.0833089185860644
BNCI2014_004,1,4test,-0.10687315757128234,-0.03061345808404946,-0.04989783054397912,0.028487663513651604,-0.06246148206643697,0.011072429617817979,-0.0034466419926841864,0.0035378534653629557,0.0005132742702313404,0.0019799581314577635,0.00020149524763670324,-0.058567507425060096,0.6370311981494579,0.22456382922668594,0.31722692760373145,-0.1599021352728632,0.39294065165995845,0.08049604902949832,0.18641778827811797,0.1251924273787659,0.21862436807065103,0.016103289896266526,0.17674486124251162,-0.057909229037236366,-0.024688536184754948,-0.025070167597577846,-0.015957675208462096,0.004365430488146426,-0.0219054596635983,-0.016777411525900943,0.03557907890381605,0.002743967651354952,0.021709292615361486,-0.006934893144227282,0.020010779723510827,-0.04334089506585905,0.2892443563537778,0.1584543765345898,0.11664370988162155,-0.08630032323607814,0.18811414758999637,-0.08608768501567925,0.2511115980319852,0.1291668691178609,0.36634010767876946,0.057614254823392136,0.2488728582762052,0.004607003361417376
BNCI2014_004,2,0train,-0.036957378417856776,0.01169649271313581,0.04197967270650778,0.03946852556218228,0.005572929000595604,0.08947906011314243,-0.02662527413757476,-0.03213477011876565,-0.038120218193002195,-0.005747472027713717,-0.03229342081644754,-0.06387470404774942,0.28509168225276704,0.2059746086343585,0.37703406927837047,0.04597119351280171,0.28936678672183197,0.02256637047267294,0.21544092354928032,0.35096727918606,0.2928400953857748,0.03869958591824725,0.28641609937370505,-0.026844516588155065,-0.08246576501549566,-0.06610190690713788,-0.02920587402146234,0.02662994549701666,-0.05925784864803196,-0.24844327556401144,-0.00664968723079713,-0.0248304189411271,-0.04662396709506549,-0.019987139932134183,-0.026034691088996576,0.014261614140081175,0.4595731305216517,0.4368718363505416,0.2837923482199009,-0.08789039115087541,0.3934124383640314,0.062178297621676815,0.24764629645980848,0.2171408661568338,0.2995759148023459,0.025964809171268713,0.2547876924729961,-0.04315632233133541
BNCI2014_004,2,1train,-0.01072397347866509,-0.012500692296530868,-0.02668701819915378,-0.007981522360244346,-0.016637227991449913,-0.06534404231083953,-0.035606719679936887,-0.025229735289485054,-0.005845084113987101,0.014880817782974893,-0.02222717969446968,0.017235592422527132,0.2974823706489642,0.1541015821025404,0.23704860694357327,-0.03021688185269547,0.22954418656502598,0.036074235604184456,0.38989259560813466,0.23133044457353555,0.20710419426936416,-0.09139420066938525,0.2761090781503448,0.03414419446766801,0.052164868627651254,0.011517506770260059,-0.05425543441327198,-0.05321015152046161,0.0031423136615464455,-0.07259222202094713,-0.014796461603722336,-0.014341755653068047,-0.012393816856043172,0.001201322373839582,-0.01384401137094452,-0.017243792916297948,0.4117291896648998,0.11115130400523186,0.4286717372165238,0.008471273775812,0.3171840769622185,0.09695027034826037,0.1958933434999608,0.1538376291296559,0.1353545085520196,-0.030269417473970592,0.16169516039387877,0.026963833047303553
BNCI2014_004,2,2train,0.030970610630548148,-0.002166778669527944,-0.022177073626817947,-0.026573842128683047,0.0022089194447340852,0.08915231137747172,0.009841343333843471,0.0014620179748532794,0.004977761664860383,-0.002431790834491544,0.005427040991185711,-0.012559590046178314,0.26103245963231225,0.2538523378168864,0.1852846465905859,-0.03787390652086317,0.23338981467992817,-0.2504968339826949,0.18383739729475848,0.11432769842932156,0.31836738257595176,0.06726499264059664,0.2055108261000106,-0.05711069589869334,-0.009788564580295445,0.020207303406588033,-0.0032428858781608397,0.003272839351067303,0.002391950982710583,-0.12425088206853906,0.003757151449818672,0.012152360105510983,0.002779198931753215,-0.0004889762590327286,0.006229570162360957,-0.03676127291291475,0.13179171755849248,0.29943183584492955,0.23470697991142078,0.05145763117646415,0.22197684443828092,-0.0896100996594793,0.16845546199671443,0.1384673964891269,0.13445563450409379,-0.016999913746310324,0.14712616432997838,-0.0894879309558511
BNCI2014_004,2,3test,-0.0020597966985615216,0.07903594554922806,-0.032843234184662576,-0.015391718743050526,0.014710971555334657,-0.06266853656024772,0.007764068187835189,-0.023248289685158657,-0.02018167061712054,-0.013972869402477866,-0.01188863070481467,-0.0052412929945760516,0.10540469487272024,0.44293163555695286,0.2892881117452004,0.09194170843624008,0.27920814739162453,-0.13865677974376603,0.2253125972732927,0.36234701783943796,0.21602514269676643,-0.004643727288263136,0.2678949192698324,0.02117796288516796,-0.02283967675516079,-0.049971876409312076,-0.06379926885684686,-0.020479796050843036,-0.04553694067377325,-0.013429862083709533,0.014832535123657212,0.0015452392068207883,0.017563463089232657,0.0013654639827877227,0.011313745806570219,-0.006157567734432825,0.30769902773248986,0.4048895176002571,0.40986792409864176,0.05108444818307595,0.37415215647712957,0.07344110206208966,0.3182475079180305,0.24160725153723217,0.25165202240334505,-0.033297742757342735,0.2705022606195359,0.03666329600743678
BNCI2014_004,2,4test,0.030989575508681467,0.021220042302272597,0.013181190715252155,-0.008904192396714656,0.021796936175402074,0.052457014631593295,0.0060268988102928096,0.009588926261718877,0.007444787320671998,0.0007089442551895943,0.007686870797561228,0.012985789353961144,0.27495585355353924,0.1720138246200605,0.14314039002588072,-0.06590773176382926,0.1967033560664935,0.05718468908855434,0.19374961195803128,0.1425194656936276,0.14134311507944688,-0.0262032484392922,0.15920406424370193,-0.03900505060476313,-0.011686838324227091,0.03644854019631438,-0.019726469981753113,-0.00401981582876301,0.001678410630111393,0.011183603553178842,-0.001985841138627628,0.0287945394248779,-0.007149860287186104,-0.0025820095742792384,0.006552945999688056,0.08048886339665057,0.16614238279816096,0.33493760484548946,0.15358892813928252,-0.006276727329439221,0.2182229719276443,0.023527426312026308,0.12947407800955682,0.28288311059535404,0.13271521632342947,0.0016205691569363273,0.18169080164278015,-0.04347345165186553
BNCI2014_004,3,0train,0.001410737378075433,0.01705767849887593,0.042384784230625486,0.020487023426275026,0.02028440003585895,-0.2920550163145523,0.008014712797343832,-0.03129182913089957,-0.02012016927786969,-0.01406744103760676,-0.014465761870475144,-0.029893295218505006,0.16400528929421074,0.24839505782939758,0.2806049713732586,0.05829984103952394,0.23100177283228898,-0.36115382135179935,0.33921960417194363,0.30163374303899765,0.2484370721958609,-0.04539126598804137,0.29643013980226735,0.0697060421373278,0.04453004965309101,0.06206701634570049,-0.02166380711240545,-0.033096928382748234,0.028311086295462015,0.06044913890574364,0.009456534234785678,0.04324426026243907,0.039197561965260926,0.014870513865237625,0.030632785487495224,0.003585976095978098,0.30735799697067295,0.32542557588959126,0.17514372962123048,-0.06610713367472124,0.2693091008271649,-0.06592429406393586,0.19363385773027864,0.32593484274024204,0.3542319830438198,0.08029906265677059,0.2912668945047802,0.01158126129510458
BNCI2014_004,3,1train,0.0009716635951141269,0.0510884818790949,0.10790424923421252,0.053466292819549184,0.05332146490280718,0.04209213466423162,-0.002421649234252713,0.001525220058836774,-0.012770193901323884,-0.005174272333535585,-0.004555541025579942,0.025056619564143057,0.2656498288121,0.32637153863671947,0.5154913093266162,0.12492074025725813,0.3691708922584786,0.11873055525157121,0.4494773748245281,0.28119523166508065,0.25429833205417646,-0.09758952138517582,0.32832364618126175,-0.01007321648855323,0.09548141257436087,0.10022990469883929,0.09210701884328996,-0.0016871968655354508,0.09593944537216337,-0.018453775963682317,0.019159880044963988,0.032230227792731984,0.027327796185513023,0.0040839580702745175,0.026239301341069665,-0.030080383679398862,0.48011912396336137,0.5053440244043153,0.4065575330456715,-0.03678079545884494,0.4640068938044493,0.1491232053392007,0.29255862894062384,0.4066336304589638,0.3251333340036201,0.016287352531498128,0.3414418644677359,-0.10133324767861057
BNCI2014_004,3,2train,0.11214824274322863,0.058707717016030676,0.0718439508933285,-0.020152145924950064,0.08089997021752926,0.04307594415928337,0.022444683890877618,0.01645341546058481,-0.009740446496828847,-0.016092565193853235,0.009719217618211193,0.04084504733252795,0.7096715553239442,0.3400348597517289,0.3770337637414138,-0.16631889579126521,0.47558005960569566,0.20625359500359455,0.38459842977278125,0.29182418066081456,0.2644651719147107,-0.060066628929035276,0.3136292607827688,-0.02904792652880317,0.07289663209904355,0.04263922062872225,0.06998736542457627,-0.0014546333372336406,0.061841072717447355,0.0667251131378686,0.01669854435715198,0.0041929185123063895,0.024892991900802918,0.004097223771825469,0.01526148492342043,-0.016462855079756988,0.3549349334229854,0.22523969333208477,0.39296220209402255,0.019013634335518587,0.32437894294969755,0.09634685902008878,0.11163801149019101,0.13596832487504082,0.32869683066086325,0.10852940958533612,0.19210105567536503,-0.050392026749427866
BNCI2014_004,3,3test,0.08137938829238658,-0.018411325515818477,0.12135020314661846,0.019985407427115937,0.061439421974395524,-0.02928505470586561,-0.007405607064861557,-0.0059162070407872535,-0.01881479519327265,-0.005704594064205547,-0.010712203099640487,0.000586560071596622,0.4735717742609017,0.12469105444931751,0.6140334018413517,0.070230813790225,0.40409874351719033,0.1240432135300986,0.3340008606115097,0.15788780536994731,0.3385094764777774,0.002254307933133859,0.2767993808197448,0.009880632407936426,0.05126159284999023,0.057944754839889395,0.09031194212729649,0.019525174638653126,0.06650609660572537,0.058142129284516376,0.017462665405636933,0.015931974314336964,0.013846967348216974,-0.001807849028709979,0.015747202356063625,0.0025667115125671777,0.3108866196998142,0.3773994356388353,0.42050967341604234,0.05481152685811407,0.36959857625156395,0.21505417234113544,0.286115258940673,0.2011972820459972,0.1967325306929301,-0.044691364123871466,0.22801502389320008,0.031440094234950366
BNCI2014_004,3,4test,-0.026353534203327603,-0.01418197101835118,0.05595093855289557,0.041152236378111585,0.0051384777770722605,-0.06476753852746389,0.034920531496903044,0.009885156482464666,0.01437592043843073,-0.010272305529236157,0.019727202805932813,-0.016618954747327764,0.24957676112256474,0.18788675423067866,0.2892663640804369,0.019844801478936067,0.24224329314456008,-0.021614378401413743,0.30654897735573167,0.16805204923047212,0.14048844188190707,-0.0830302677369123,0.20502982282270363,-0.05265102584080835,0.028062549368696947,0.04105866761929626,-0.010062181859918787,-0.019062365614307866,0.019686345042691473,-0.1210695885266928,0.009167514626824792,0.01661657198324318,0.0180384419083706,0.004435463640772904,0.01460750950614619,0.031080095959977263,0.18918332802783047,0.20199249231939317,0.1939014863384537,0.002359079155311611,0.1950257688952258,-0.12709996129666093,0.47672271935122695,0.1561287996849599,0.24636654899400345,-0.11517808517861175,0.29307268934339675,-0.11526581096986765
BNCI2014_004,4,0train,0.09775120390427437,-0.07571530311736333,0.044679550890311476,-0.026535826506981445,0.02223848389240751,0.052778393079354856,0.02698496623093909,0.015907997286606416,0.024362699868839703,-0.0013111331810496934,0.022418554462128402,0.023398710645025186,0.5652504555238991,0.3933423345602945,0.2471723993470792,-0.15903902808840992,0.40192172981042423,0.10641246264000458,0.2200453714201666,0.27151815266733986,0.16507028252367467,-0.02748754444824597,0.2188779355370604,-0.026064795790215072,0.06982761870047323,0.07225982592921402,0.044149526243897265,-0.012839046228287982,0.06207899029119484,0.06784531680310708,-0.01078338766532645,0.012727305436100192,0.011527481085978376,0.011155434375652414,0.004490466285584039,-0.009780143654636786,0.3080516192614473,0.33541571793470454,0.28485406248227163,-0.011598778389587838,0.3094404665594745,0.1630555244656607,0.23887692439605493,0.2276233022179438,0.16636377657033552,-0.036256573912859705,0.21095466772811142,0.03774283346853432
BNCI2014_004,4,1train,0.07413952603052555,0.0827567872813303,0.09294296253432885,0.009401718251901649,0.0832797586153949,0.04799176452075941,0.0004379217504615346,0.014091934478624215,-0.01267301616714394,-0.006555468958802737,0.0006189466873139366,-0.05066712732294121,0.4271247576095991,0.441768926037531,0.4123432320863793,-0.007390762761609909,0.42707897191116984,0.21293740013724172,0.2290768622467436,0.2322452800446107,0.137609379498978,-0.045733741373882794,0.19964384059677742,-0.022755772521949557,0.014225265842495153,0.028270400350931053,0.09468287098061824,0.04022880256906154,0.045726179058014814,0.008327347838418186,-0.024407274889341496,0.02642515487977356,0.015993664250001472,0.020200469569671482,0.006003848080144512,-0.008130306344998362,0.09887140568518547,0.1475053095865522,0.456858657045464,0.17899362568013927,0.23441179077240057,0.04621325221545904,0.21946044544534857,0.31171579577815683,0.20651155581217925,-0.006474444816584657,0.24589593234522822,-0.051950507949107126
BNCI2014_004,4,2train,0.04999329286891518,0.005971542411746578,0.033458490460263834,-0.008267401204325672,0.0298077752469752,-0.07109746892529807,-0.05108596645670995,-0.0053916254093334,-0.031218100613259674,0.009933932921725138,-0.029231897493101008,-0.033406642062088675,0.2814232661497157,0.2209274343031044,0.16239105300261006,-0.05951610657355281,0.22158058448514337,-0.01679481625665789,0.3577762109146224,0.24065631208116486,0.27797517268331906,-0.03990051911565168,0.2921358985597021,0.05332335300110033,0.09548442363673756,0.07018636180078852,0.09314019229576194,-0.0011721156704878125,0.08627032591109601,-0.06897141877518712,-0.006791913266863814,0.0050581914192028045,0.016094462424899435,0.011443187845881626,0.004786913525746142,-0.05032438677930584,0.46591025930721863,0.3824774822693451,0.4023900626814463,-0.031760098312886176,0.41692593475267,0.09551592611981048,0.2774680943227579,0.155203062885337,0.14407513424572202,-0.06669648003851793,0.19224876381793898,-0.006366041797724552
BNCI2014_004,4,3test,-0.0016525050706479314,0.1733286147157276,0.05779928409312765,0.02972589458188779,0.07649179791273578,-0.060850473161706754,-0.002002937658827618,-0.01907841157717426,-0.019373896311815887,-0.008685479326494133,-0.013485081849272587,-0.006631944425219048,0.14804035878327582,0.8474009684435202,0.32579740686826847,0.08887852404249633,0.4404129113650215,0.018095541073790244,0.18330858448308657,0.20296008402654694,0.16637766325953599,-0.008465460611775291,0.18421544392305647,-0.005810349575662649,0.08705507284172494,0.0995678563713077,0.13309402426756106,0.023019475712918062,0.10657231782686456,-0.031134964207753264,-0.020365383718749235,-0.03985657877724991,0.0014602991925522723,0.010912841455650753,-0.019587221101148956,0.05376780402051542,0.49631456846949246,0.5545438468707123,0.5910538574566935,0.04736964449360051,0.5473040909322994,0.11525423935379377,0.20325820771839542,0.2840225666964647,0.21745871596038774,0.007100254120996158,0.23491316345841595,-0.027052335622368306
BNCI2014_004,4,4test,0.023358535201366493,0.08073597119804977,0.07733774110798879,0.026989602953311147,0.060477415835801684,-0.05869751775220266,0.012032058749309503,0.02000980135647066,-0.01913666234576204,-0.01558436054753577,0.004301732586672707,-0.040999013895896684,0.16752255614897546,0.440081925937439,0.38067945120308894,0.10657844752705674,0.32942797776316785,-0.004323084416237605,0.1565198513674764,0.264205866422871,0.22594804191864168,0.03471409527558264,0.21555791990299636,0.0053551908431044015,-0.008822152189434974,0.0920557111217203,0.0361536452203068,0.022487898704870887,0.03979573471753071,-0.09619681957994818,-0.00517518194373619,-0.013331853605896454,0.0044478781316096665,0.004811530037672928,-0.0046863858060076586,-0.03479208835182818,0.06318112389568774,0.432552335786089,0.2633096553114751,0.10006426570789366,0.25301437166441726,0.0021910689242143253,0.2685600103472889,0.17324666765929056,0.18336138517301884,-0.04259931258713502,0.20838935439319942,-0.0066815018437778595
BNCI2014_004,5,0train,-0.13163668547078508,-0.09149632410902785,-0.12253540028617062,0.004550642592307232,-0.11522280328866118,-0.13189680110979715,-0.03719723025076011,0.0036891493365439998,-0.056647243828770746,-0.009725006789005317,-0.030051774914328953,-0.050712075297191996,0.8456591873475184,0.6417869221048667,0.6799305199508487,-0.08286433369833485,0.7224588764677446,0.4966404238761782,0.27637891946691795,0.22952068701542383,0.3566739322306983,0.040147506381890186,0.2875245129043467,-0.021714062038239335,0.028971102165870143,0.07022421701882058,-0.01990671979915015,-0.024438910982510144,0.02642953312851352,0.14239927760173549,0.0003573477011617218,0.018778622938577575,0.016241254891781746,0.007941953595310011,0.011792408510507016,0.06767469725105121,0.23681307388950884,0.4405877344835292,0.15080848964846366,-0.04300229212052259,0.2760697660071672,-0.041565000892689975,0.22629775541814426,0.24437751292479185,0.14322621771891692,-0.04153576884961367,0.20463382868728433,-0.0312111147452452
BNCI2014_004,5,1train,-0.0708113963825422,-0.11190534172842394,-0.14909178964678643,-0.039140196632122114,-0.11060284258591753,0.013050519040461242,-0.007550051725944531,-0.041762868722040804,-0.00014195161147653536,0.003704050057233999,-0.016484957353153955,-0.07074037495644603,0.4074650405902774,0.6898557304835033,0.7560107837152253,0.17427287156247398,0.6177771849296687,0.1899623143902364,0.11679495380861138,0.339666284392804,0.28713088322134117,0.0851679647063649,0.24786404047425217,0.03590537289225581,-0.026293352366177875,-0.029772941036545358,-0.008161617885388096,0.00906586724039489,-0.021409303762703776,0.08171872836790568,0.003232325710382831,-0.005589427254493753,0.03281462415627377,0.01479114922294547,0.010152507537387617,0.04335469997656937,0.2840110839924793,0.22774440140955426,0.1358613163056979,-0.07407488384339071,0.2158722672359105,-0.031188116327425342,0.23682070985916803,0.20553930256561526,0.27940288505613403,0.021291087598483,0.24058763249363913,-0.08089066428613899
BNCI2014_004,5,2train,-0.011827197344726655,-0.03691245270584216,-0.05435481645086323,-0.021263809553068287,-0.03436482216714402,-0.009873427957617384,-0.02219469141306627,0.04337868439711125,-0.017654741536382215,0.0022699749383420283,0.0011764171492209205,0.0062337157215499595,0.13251220570712283,0.2662517466765555,0.3728389788606981,0.12016338657678764,0.2572009770814588,-0.16618038240594588,0.19258802570263928,0.29209789529220265,0.13836196816841603,-0.027113028767111618,0.20768262972108598,-0.11102502991977471,0.0023839108164500564,-0.012491250211992627,-0.09478033786306052,-0.048582124339755284,-0.03496255908620103,0.1431903586719845,-0.004400227609134592,0.05359138979903227,0.032895635164992165,0.01864793138706338,0.027362265784963282,0.011592036556484478,0.12343442435103716,0.10788297481150103,0.5527651517857158,0.21466536371733935,0.2613608503160847,-0.09496993835692202,0.2046156991298598,0.350978360639498,0.3862121403137519,0.09079822059194605,0.31393540002770326,0.11094006340315461
BNCI2014_004,5,3test,0.0009958717165364107,-0.018587124892217352,-0.04056104978708586,-0.020778460751811133,-0.019384100987588932,0.030431830306913543,-0.018934063814532224,0.02992268448197291,-0.023060995121065176,-0.002063465653266476,-0.00402412481787483,0.004837412934880811,0.12579296043049085,0.19282125053188243,0.3105783707879723,0.09239270517874072,0.20973086058344856,0.013696920688678818,0.14218903805620492,0.28276761780253007,0.19901987523135636,0.028415418587575722,0.20799217703003045,-0.06375837866010996,-0.07116799021280691,-0.048703801587048345,-0.09039819339629879,-0.009615101591745938,-0.07008999506538467,0.035445823636489515,0.012005938796021015,0.033924683084905975,0.05212443460660065,0.020059247905289818,0.03268501882917588,-0.01934261682134676,0.4559089475648101,0.304325033142082,0.5420359466835154,0.04306349955935265,0.4340899757968025,0.12806009958014256,0.19215656157710054,0.23878317472916405,0.32572574693223955,0.0667845926775695,0.252221827746168,0.010453834103554752
BNCI2014_004,5,4test,-0.040432896801183976,-0.06664965751746452,-0.009220690130707032,0.01560610333523847,-0.038767748149785175,0.013368158545453946,-0.0006370802532572135,0.019430394342354815,-0.030739428437376815,-0.015051174092059801,-0.00398203811609307,-0.04280062737535864,0.31689202238840924,0.38690385199631316,0.4316862128197856,0.05739709521568817,0.3784940290681693,0.10490378064451461,0.2151297664867125,0.18328534998202006,0.22567865896458397,0.005274446238935734,0.20803125847777218,-0.07747885059453999,0.007904280297904508,0.029432380184553616,-0.014626042148058915,-0.01126516122298171,0.007570206111466402,-0.020434747822066047,0.00411863203302426,0.004876598708234225,0.02003828698544625,0.007959827476210995,0.009677839242234912,0.028368718098336854,0.1901342285088593,0.3597204458025589,0.18548376161787714,-0.0023252334454910845,0.24511281197643178,0.08686056290955767,0.1900802287688789,0.20155746629954158,0.211317685626752,0.010618728428936547,0.20098512689839085,0.0454923915362904
BNCI2014_004,6,0train,-0.020247307198866107,-0.005324058726663459,0.016018973225617482,0.018133140212241793,-0.003184130899970694,0.07492704959909655,-0.006357232746985884,-0.03934879871611502,-0.02241034085803468,-0.008026554055524398,-0.022705457440378524,-0.1157214535189323,0.2650210978913754,0.22506308327461333,0.2840514928891661,0.009515197498895345,0.2580452246850516,-0.0736806665826512,0.358142062247743,0.47661245234717464,0.31984540183276594,-0.019148330207488518,0.38486663880922783,-0.009616488005855775,0.021374336856330237,0.0071059838480002895,0.050661052609926774,0.014643357876798269,0.0263804577714191,0.013606192248128321,0.033138621098536374,-0.019284626676894758,0.006310236983379718,-0.013414192057578328,0.006721410468340444,-0.015148841174370584,0.1773927845626529,0.40900599773583496,0.43202507700594933,0.12731614622164822,0.33947461976814575,0.13547519384205037,0.42950951388572,0.2648077597889714,0.2225896469793757,-0.10345993345317216,0.30563564021802236,-0.0076830775683319474
BNCI2014_004,6,1train,0.02363337232556811,0.008111110683149977,-0.025069877445700196,-0.02435162488563415,0.0022248685210059633,0.11690538982589171,-0.037605587909392064,0.010729894722168017,-0.006400237362914294,0.015602675273238886,-0.011091976850046113,0.04572050360931663,0.34417562823029546,0.1713598066184031,0.23441933482767605,-0.0548781467013097,0.2499849232254582,-0.02878664730056647,0.2868860603373518,0.25249203776743356,0.20563666044266404,-0.040624699947343884,0.2483382528491498,-0.03162944514280686,0.07793606124006794,0.0507789677552329,0.012606698678130551,-0.032664681280968694,0.047107242557810465,0.03793121856637079,0.07876057300350695,0.005953357018467881,0.09580434725415712,0.00852188712532509,0.06017275909204398,-0.025731065076849673,0.5446682178993542,0.42247517566537157,0.20467507348099057,-0.1699965722091818,0.39060615568190543,0.16973781027577425,0.37560715318100024,0.19325931843998234,0.4871911566372569,0.05579200172812831,0.35201920941941317,-0.009838365108308184
BNCI2014_004,6,2train,-0.003724431491606703,0.03359789895391939,0.01757301290811798,0.010648722199862341,0.01581549345681022,0.1411094373548706,0.03616653974309349,-0.0009474538297925674,-0.0052192379073194165,-0.02069288882520645,0.009999949335327168,0.009901083148605943,0.10764112895941932,0.24845293193639587,0.16545665913966845,0.02890776509012456,0.1738502400118279,-0.09862338495414864,0.3197976482180669,0.11572089009780635,0.16264814987087284,-0.07857474917359702,0.19938889606224866,-0.11167432497501613,0.029197325851071425,0.015596589540259649,0.020637849158450773,-0.004279738346310326,0.021810588183260617,-0.0190204454791517,-0.0001608336552752091,0.030796440480098396,-0.07141016944399843,-0.03562466789436161,-0.013591520873058413,-0.0065918730405821885,0.21993544068335166,0.13898951678133295,0.26811680078809985,0.024090680052374094,0.20901391941759484,0.03840414664459333,0.3211813958646267,0.23986591333885698,0.35443976354408946,0.016629183839731387,0.30516235758252436,0.016970586364968333
BNCI2014_004,6,3test,0.020402401733043855,0.02611366162451455,-0.011937283104927334,-0.016169842418985593,0.011526260084210357,0.18088440866097774,-0.02159566483168954,0.0019519583859838212,-0.014986333202465783,0.0033046658146118784,-0.011543346549390501,0.040181053630927464,0.24892735957719225,0.25799276389702425,0.2255820661688174,-0.011672646704187425,0.24416739654767794,-0.2705385171371138,0.19491976550710838,0.1280853476150898,0.2500136670546942,0.027546950773792902,0.19100626005896412,-0.13310997618905274,0.0038368620464155853,0.02117872306312422,0.027687711956021478,0.011925424954802944,0.01756776568852043,-0.04910192333324192,0.00883021622731108,0.018699187705566143,0.004607790602175318,-0.002111212812567881,0.010712398178350846,0.02330695108890402,0.21967386403679381,0.2129684163123728,0.2240299812746252,0.002178058618915693,0.2188907538745973,0.021017952601884826,0.23184309404499343,0.3971945294770987,0.23827612348571045,0.0032165147203585126,0.2891045823359342,0.09823317805081509
BNCI2014_004,6,4test,0.0525548217240426,0.028549135263815077,-0.03450556987264719,-0.0435301957983449,0.015532795705070162,0.047064254114819314,-0.025843563982404012,-0.016518125568179692,-0.028651364801735198,-0.0014039004096655927,-0.023671018117439633,0.05937614813793573,0.44216642563639913,0.29726742110658777,0.29247279731638015,-0.07484681416000949,0.3439688813531223,0.029402025225324285,0.1888420637523064,0.2783872282519171,0.24416771109275445,0.027662823670224032,0.2371323343656593,-0.015444198643276619,0.023151381111748123,0.007274789604558079,-0.01899683452281075,-0.021074107817279437,0.003809778731165151,-0.08977964559577639,0.01875200420025648,0.014972296579072652,0.042138095738249504,0.011693045768996511,0.025287465505859547,0.0258066952809493,0.19848682354115207,0.1393028207927865,0.20436619184629687,0.002939684152572397,0.18071861206007847,-0.08779354009716862,0.16357965920939718,0.2454366250154605,0.29902277767400104,0.06772155923230193,0.23601302063295293,-0.02887836330170455
BNCI2014_004,7,0train,-0.03529644886091628,-0.04106841307481564,-0.043311726994556404,-0.004007639066820064,-0.039892196310096106,0.10986199147280079,-0.02393861103638341,-0.01685231851465118,-0.0008359582905282329,0.011551326372927589,-0.01387562928052094,-0.050439302277584315,0.25815062842167696,0.297934265538016,0.2877788118370765,0.014814091707699761,0.2812879019322565,-0.044405278757988505,0.24750563858267244,0.2569157182510817,0.12318487337304697,-0.062160382604812735,0.20920207673560035,-0.010421081427365577,-0.021738851034289245,-0.07453353682241386,-0.03940933606228398,-0.008835242513997367,-0.045227241306329026,0.0056668193370155535,0.03351598770649604,-0.006719975272816294,0.008565518951032462,-0.012475234377731789,0.011787177128237403,0.031311288828435986,0.36691736866677815,0.4312612634770406,0.3134045758409607,-0.026756396412908723,0.37052773599492644,0.03838616535088188,0.42903298455732336,0.22439599959249357,0.23960111495447842,-0.09471593480142247,0.2976766997014318,0.030357739273165235
BNCI2014_004,7,1train,-0.014782704439371889,0.013843548119674167,0.012024740108132302,0.013403722273752094,0.00369519459614486,-0.02342283352520454,-0.005641336399329546,-0.024755209308655463,-0.014572738048748384,-0.004465700824709418,-0.014989761252244464,-0.05888448690531675,0.2530231986600968,0.3186448690742589,0.13706244566058465,-0.05798037649975608,0.23624350446498013,-0.18824917915992914,0.21580012344571778,0.2198799759249708,0.31689951642853886,0.05054969649141054,0.25085987193307585,-0.012675918898327579,0.00871129091438872,-0.038525346970435734,-0.07397889906684504,-0.04134509499061688,-0.03459765170763068,-0.010197220014404151,0.03060860201769719,-0.006459765423383946,-0.0004123133662138438,-0.015510457691955516,0.007912174409366467,-0.04392389832864402,0.08824442306430082,0.19706462383445653,0.41086948398177514,0.16131253045873717,0.23205951029351082,-0.07104048417930012,0.22354128771645132,0.23077674239542623,0.1259079365453934,-0.04881667558552896,0.19340865555242362,-0.0898823135034426
BNCI2014_004,7,2train,-0.18090982825460902,-0.0674433698313018,-0.0587056787116239,0.06110207477149256,-0.10235295893251158,0.05012273045217384,-0.03619933213513333,-0.039834443939059244,-0.022668020287121813,0.006765655924005758,-0.032900598787104794,0.015761580554755013,0.7813004759529263,0.4108963747624394,0.3042931290387674,-0.23850367345707946,0.4988299932513777,0.0795262995359992,0.2739700278197365,0.29154160628397363,0.2548149480862078,-0.00957753986676435,0.273442194063306,0.046942515203512024,0.026660385545686244,0.046455629850626914,0.039016907277307625,0.006178260865810689,0.037377640891206924,0.08270322989148492,0.023980447569158393,0.052085511445930224,0.006259647428566451,-0.008860400070295971,0.027441868814551688,0.024943716451403215,0.27060106504620224,0.30040772402372234,0.23894664375421745,-0.015827210645992393,0.26998514427471404,0.16342200179822186,0.2869544536100661,0.2991488776722788,0.19084415882030664,-0.048055147394879726,0.25898249670088386,0.07241870536907491
BNCI2014_004,7,3test,-0.10437852815445062,-0.09194447264422881,-0.06037181295331178,0.02200335760056942,-0.0855649379173304,0.06622851910409551,-0.03595727943291888,0.0035004517724443107,-0.0015254187599794548,0.017215930336469714,-0.011327415473484675,0.08320815807901032,0.5373241614778468,0.4649677281712187,0.3196561972562871,-0.10883398211077985,0.4406493623017842,-0.05789561635348014,0.23817155870285292,0.2967380965081371,0.23631245382923702,-0.000929552436807951,0.25707403634674236,0.009822591759667884,0.0041656224049924145,-0.05468058488958079,-0.029290475358455123,-0.01672804888172377,-0.026601812614347835,0.0493433144554433,-0.003652844158636838,0.014522721467551812,-0.030467195542315768,-0.013407175691839465,-0.006532439411133598,-0.024894472411627493,0.25463676174147104,0.32903577067459394,0.22024079605360303,-0.017197982843934007,0.26797110948988934,0.0496403262870467,0.17950068008463865,0.1883613414548554,0.26699399692019976,0.043746658417780554,0.21161867281989796,-0.003862434611570912
BNCI2014_004,7,4test,-0.054562320490035,-0.10310728427729282,-0.01601015965832496,0.01927608041585502,-0.05789325480855093,-0.0994401092512085,-0.0007717386324319308,-0.012656612467023848,-0.025488570126690056,-0.012358415747129063,-0.012972307075381944,-0.024751763834258447,0.3293833743984088,0.4972220837902164,0.26476882977666255,-0.03230727231087313,0.36379142932176256,0.14874581304406176,0.21854036640685479,0.14238098562550322,0.25216544027673843,0.01681253693494182,0.20436226410303213,0.027383885537592013,-0.023067591433057293,0.0047441103091151295,0.03879309819509973,0.030930344814078508,0.006823205690385856,0.021889434015464542,0.026586696233370528,0.03526403096762378,0.0047928266922871955,-0.010896934770541666,0.02221451796442717,-0.0025738922009999657,0.20316125490471623,0.27132017518551393,0.22164859466668002,0.009243669880981895,0.23204334158563675,0.18796608187780595,0.2591771647028155,0.31439847878837085,0.29836411429353776,0.019593474795361138,0.2906465859282414,0.03357344239870106
BNCI2014_004,8,0train,-0.07539411057970438,0.0035672491787746593,0.05581207731030273,0.06560309394500355,-0.005338261363542332,-0.03519957953476758,0.018521771007287306,-0.004488024435398296,0.010401265934591683,-0.004060252536347811,0.008145004168826898,-0.023865847869370096,0.3312579648545654,0.13023534269711595,0.24650212777254232,-0.04237791854101153,0.2359984784414079,0.025209757518869187,0.33487308326748894,0.20124217833124006,0.15025980018528245,-0.09230664154110324,0.22879168726133714,-0.019585814826078917,0.08020421509401696,0.019750733010265382,0.10237202958432698,0.011083907245155011,0.0674423258962031,0.06809531896534649,0.07726068681046407,0.024702349471690494,-0.005812719643709734,-0.0415367032270869,0.032050105546148275,0.011137935299536049,0.3672697345318994,0.16283889648038025,0.4323523242621052,0.03254129486510288,0.3208203184247949,0.2193477274116702,0.38966401154824787,0.21539204680759166,0.13905671030133582,-0.12530365062345603,0.24803758955239177,-0.01047617887231328
BNCI2014_004,8,1train,-0.06037542052561181,-0.02806722559361636,-0.06384375146748715,-0.00173416547093767,-0.0507621325289051,-0.08091204251716279,-0.03685813294444906,-0.01102153821039094,-0.0015377317266526,0.01766020060889823,-0.0164724676271642,-0.04414384718998544,0.1925452833598112,0.10771319168560431,0.24063833355794728,0.024046525099068045,0.18029893620112092,0.0679631345617918,0.34398770861197836,0.1759624308195775,0.3805692360378736,0.018290763712947633,0.3001731251564765,0.11642306970416372,0.06966565794764401,-0.06540960395931476,0.18705880235607675,0.05869657220421637,0.06377161878146866,-0.09538520350777775,0.0070682051368685965,-0.0022519479469618525,0.04722485361527921,0.020078324239205303,0.017347036935061982,0.017512256390053927,0.3030718059602798,0.2898714816967531,0.7699700322919026,0.2334491131658114,0.45430443998297854,0.1157557756003161,0.15027610483633433,0.3189124199855827,0.30850012590080883,0.07911201053223725,0.2592295502409086,-0.14340420449100802
BNCI2014_004,8,2train,-0.017823851599028936,-0.00398375815171762,-0.005642337383215133,0.006090757107906901,-0.00914998237798723,-0.06600898723661032,0.02033890247755761,0.004301043358091182,-0.003329194149876777,-0.011834048313717194,0.007103583895257338,0.06899619789290552,0.19845227169532548,0.12664052404584905,0.283365546252138,0.04245663727840626,0.20281944733110416,0.012766143691628354,0.24116303014216262,0.2548979047094243,0.32990362597742734,0.04437029791763236,0.2753215202763381,-0.012025003809571286,0.07173818410385226,-0.02794731533129239,0.06110373280398731,-0.005317225649932474,0.03496486719218239,-0.09974685442628477,-0.021392299443030616,-0.01545689818449443,-0.027488503262163833,-0.0030481019095666083,-0.02144590029656296,-0.017157986501272055,0.43122285301466623,0.15753857837766713,0.4521754796062995,0.010476313295816636,0.3469789703328776,-0.046841704350081385,0.28879924463230033,0.26426965388841966,0.4621791875076472,0.08668997143767343,0.3384160286761224,0.14491296354025185
BNCI2014_004,8,3test,-0.09971963175723407,-0.036831457706271706,-0.06227735713316564,0.018721137312034217,-0.06627614886555715,0.027375204692159854,0.01969128425216861,-0.007207195410136249,-0.015042988156774375,-0.017367136204471494,-0.0008529664382473384,-0.020947978957269214,0.4017629936131365,0.23821742610308919,0.3303292140560253,-0.03571688977855561,0.32343654459075033,0.12681626522875258,0.18128152390753474,0.13253729056136127,0.149474525588205,-0.015903499159664866,0.154431113352367,-0.07532732782130937,-0.052560818775530205,0.06677431447806591,-0.04624422440248187,0.003158297186524168,-0.010676909566648721,0.026780958047183268,-0.00527960314075098,-0.03184680363655473,-0.05583944548366929,-0.025279921171459153,-0.030988617420325004,0.037866420015020386,0.27008920517897655,0.40820413427736674,0.20664910172667963,-0.03172005172614846,0.2949808137276743,-0.020019915938146143,0.25654047285794174,0.4356209736088356,0.3522249578924502,0.04784224251725422,0.34812880145307584,0.08132789242230144
BNCI2014_004,8,4test,-0.03803972914678789,-0.09307228644231057,-0.011137510755426322,0.013451109195680783,-0.047416508781508264,-0.20491758701618235,-0.00822508215780128,-0.007628707288443932,0.0009223783447815908,0.004573730251291435,-0.004977137033821208,-0.07146378656501383,0.3881419903106018,0.5901149806456496,0.1667092143748415,-0.11071638796788015,0.3816553951103643,0.09441555377217244,0.21860114053020643,0.11363127624624277,0.2778108051895562,0.029604832329674882,0.20334774065533515,-0.06443221011496539,0.0690700462297759,0.053583909849811345,0.04557096393117733,-0.011749541149299285,0.056074973336921526,0.17883637921079024,0.011316381482888459,-0.028075069185042486,0.00936362665349671,-0.0009763774146958745,-0.002465020349552439,0.05438293407726443,0.4559779729137544,0.29802916221954173,0.28927585561819635,-0.08335105864777903,0.34776099691716417,0.1510279801361657,0.24348439347070425,0.2467641970528903,0.21023636445736593,-0.016624014506669157,0.23349498499365348,-0.027011861415949207
BNCI2014_004,9,0train,-0.07757807572503227,-0.08949842067392315,-0.07449292137399645,0.001542577175517909,-0.08052313925765063,0.0011948881588229692,0.017109653689802096,0.03307932204866214,0.027274874623710192,0.005082610466954048,0.025821283454058142,0.055986501504295315,0.48823543017555304,0.5269144529514905,0.44765655034264346,-0.020289439916454793,0.4876021444898957,0.06545600539302854,0.18458309874099008,0.2597672593446824,0.29656533867709883,0.05599111996805437,0.24697189892092375,0.05037729482250076,-0.138455227819393,-0.1811579554983835,-0.031918131921450245,0.05326854794897139,-0.11717710507974227,-0.05983469448993301,-0.020415913501877925,-0.026099171800986816,0.03188630296903733,0.026151108235457625,-0.004876260777942472,0.004522959000889777,0.6018405355196966,0.7577100539299939,0.25281412656488866,-0.17451320447740398,0.5374549053381931,0.12043016317055531,0.17069633702342776,0.395046328080098,0.33582829748576076,0.0825659802311665,0.30052365419642885,-0.06711079153425133
BNCI2014_004,9,1train,-0.06533477065581686,0.035885276429650184,0.11496745002975238,0.09015111034278461,0.0285059852678619,-0.15497145515471675,-0.04933247011697914,-0.015213759921238523,0.019451644251448602,0.03439205718421387,-0.015031528595589686,0.0023804003414396586,0.37401669094158796,0.17044316094525275,0.5448369448411626,0.08541012694978733,0.3630989322426677,-0.1538139745393356,0.2976508410430813,0.30162711284286897,0.35634349297610235,0.029346325966510517,0.3185404822873509,-0.03781444937210046,-0.09656636324293275,-0.09063780990580653,-0.00791608132329864,0.04432514095981705,-0.06504008482401263,-0.12942865634170642,0.008917647831177239,0.012421613597141246,0.04143352164473203,0.016257936906777397,0.02092426102435017,-0.025331426526557444,0.5676137621444247,0.57504203675713,0.22293707926767922,-0.17233834143837273,0.4551976260564113,0.2861075380844032,0.20018987431107407,0.22050283620870897,0.24500368435704775,0.02240690502298684,0.22189879829227696,-0.08327831377441358
BNCI2014_004,9,2train,0.08403330613613846,0.050370339065000165,0.05621021415205128,-0.013911545992043589,0.06353795311772997,-0.07071879411895764,0.02552599307771484,0.018152900850779818,0.006242336612906363,-0.009641828232404238,0.016640410180467007,0.06031554953654881,0.4755030350308712,0.31423440788791107,0.44598180218344463,-0.014760616423713289,0.41190641503407566,0.08207963078787923,0.24451530454612525,0.2974779923624777,0.3039348557258744,0.029709775589874587,0.28197605087815913,0.013837522606520972,0.0456003323124411,-0.033861132799860624,0.034072609055568116,-0.005763861628436492,0.015270602856049531,0.0011820523082596013,-0.0015991967983086984,-0.0007434371056102455,-0.007309175613101037,-0.0028549894073961694,-0.0032172698390066606,-0.04860114712514443,0.2646552128034823,0.23511333710966337,0.27234056739477375,0.0038426772956457185,0.25736970576930646,-0.031849281212707505,0.21975976189590285,0.16892236162242444,0.20275854237701166,-0.008500609759445596,0.19714688863177965,-0.12759683380798312
BNCI2014_004,9,3test,0.060224662859882656,0.06101138031447214,-0.02136511300724318,-0.040794887933562916,0.03329031005570387,0.049043409072561876,0.0010390024021382075,-0.008726579583130684,0.03512030741946601,0.0170406525086639,0.009144243412824509,0.044605260139538534,0.47144730731360884,0.4759000155530892,0.37340268676205585,-0.0490223102757765,0.44025000320958463,0.11060382594329916,0.22603739431095432,0.2767087570216021,0.3191270281597945,0.046544816924420085,0.27395772649745026,0.03314852641239554,0.026198470214934363,0.02673346950290262,0.04275497735886,0.008278253571962817,0.03189563902556566,-0.18158691637353788,-0.03396474389233868,0.0017093914536063036,-0.030319240943600077,0.0018227514743693015,-0.020858197794110817,0.027462748089666852,0.16173113302977393,0.18403146630580167,0.2455352759925353,0.041902071481380684,0.197099291776037,-0.26121852452856703,0.22964510884528758,0.17756785242293477,0.2829638324150758,0.0266593617848941,0.23005893122776602,-0.022569208926990648
BNCI2014_004,9,4test,0.10509356712383824,0.046151366203583635,0.11026791887266771,0.002587175874414732,0.08717095073336319,-0.1308642401128386,-0.03298527741985796,0.027776107699951393,-0.0014437779816449938,0.015770749719106483,-0.0022176492338505205,-0.022032634267841827,0.5588802384543834,0.35979234709675867,0.5454826268288164,-0.0066988058127834815,0.48805173745998615,-0.01897917103902246,0.3423579325639852,0.2879267469350537,0.1451717626261349,-0.09859308496892516,0.2584854807083912,-0.09231754036451262,0.03559791281627799,0.040246022276596724,-0.08438416040266004,-0.05999103660946902,-0.002846741769928445,-0.0014683183860204018,0.018995772212771097,0.005621698911429704,-0.019838716587914647,-0.01941724440034287,0.0015929181787620514,-0.0163581147128448,0.19138299305419895,0.2305055691374959,0.4563552519889523,0.1324861294673767,0.29274793806021576,0.018661881183007194,0.19055856795023296,0.29614005155617384,0.16405030629159337,-0.013254130829319795,0.2169163085993334,-0.008292377968488982
Cho2017,1,0,0.038611060294520376,0.002179998447802993,0.027348183416806657,-0.00563143843885686,0.02271308071971001,-0.12827359368336597,-0.002196858591363582,0.014730463303292574,0.007124581839802645,0.004660720215583113,0.006552728850577213,-0.012699956488083109,0.28209869605565613,0.10541449965976696,0.24403057158539798,-0.019034062235129073,0.21051458910027368,-0.10614489261400244,0.25847098971775667,0.2757642860286844,0.1719106432761136,-0.04328017322082153,0.2353819730075182,0.06844957980832375,0.19674471477125574,0.1100313697806953,0.15866747070551984,-0.01903862203286795,0.1551478517524903,-0.03216867594770712,0.042430646159869724,0.03223693875487314,0.023810951203062772,-0.009309847478403476,0.03282617870593522,-0.024435423471594938,0.843349824695937,0.6749889914077669,0.7969847996843679,-0.02318251250578457,0.771774538596024,0.15973799253734486,0.28054403108267595,0.20759193626995226,0.1912087793219417,-0.04466762588036713,0.2264482488915233,0.021681931208162763
Cho2017,2,0,-0.022876926340804536,9.226332858157035e-06,0.016471163055330213,0.019674044698067376,-0.002132178984205388,-0.04920872281918837,-0.004160105484475512,-0.025087712467831588,-0.0051301558824039355,-0.00048502519896421184,-0.011459324611570345,0.01944867330477593,0.1858786532196266,0.1669183655956516,0.24232503438044947,0.028223190580411436,0.1983740177319092,-0.11416987957240432,0.16321320756188923,0.1872895852971127,0.2845645876442788,0.06067569004119477,0.2116891268344269,-0.054155624948981206,0.009329842191248492,-0.005911027743758279,-0.003572510626837058,-0.006451176409042774,-5.123205978228157e-05,-0.028365316028438132,-0.011669475201759528,-0.03339833955713997,-0.007209544320070765,0.0022299654408443814,-0.017425786359656754,0.042596921597451286,0.10862847448353036,0.18738209538798772,0.13437822593722593,0.012874875726847784,0.143462931936248,-0.008131091372304783,0.18846455664611528,0.36293359677844406,0.1523031334619208,-0.018080711592097246,0.23456709562882672,-0.022706344948533814
Cho2017,3,0,0.03010812698135408,0.07312187775976361,0.0337605119989491,0.0018261925087975084,0.045663505580022266,0.17434816353071558,-0.02181468134514519,-0.019862123889956413,0.001112855561632884,0.011463768453389037,-0.013521316557822906,0.030250213051474396,0.19317812586182795,0.3713944163303467,0.24331412369050565,0.02506799891433885,0.2692955552942268,0.20412718228385338,0.2711461943587278,0.18887998474331325,0.17001050619721367,-0.050567844080757055,0.2100122284330849,0.06281378791752201,-0.014216975735151172,-0.007105582211191692,-0.07756768241839002,-0.031675353341619424,-0.03296341345491096,0.01092675345028917,-0.037118530597805205,-0.03279568547016869,-0.012819292198144594,0.012149619199830305,-0.027577836088706162,-0.05823003931463827,0.35794264548335886,0.2120138477792428,0.5104927217107319,0.07627503811368652,0.3601497383244445,0.17752867884372106,0.29613674648328586,0.18913973873854523,0.19656777638018333,-0.04978448505155126,0.2272814205340048,0.024291272870607866
Cho2017,4,0,-0.009105730274992346,-0.030215178544411532,-0.09168946625139035,-0.041291867988199005,-0.04367012502359807,-0.10911746975315216,0.03504277019657025,0.030834951554320502,0.03492028424218425,-6.124297719299968e-05,0.033599335331025,-0.03611986142239506,0.17659019588648558,0.30442199804153924,0.5482400306678408,0.18582491739067758,0.3430840748652885,0.2051435910722692,0.3123411142300728,0.42372062104419866,0.5271887796621925,0.10742383271605982,0.4210835049788213,0.1627135590179169,-0.04206745158163052,-0.035401608309600444,-0.031958646881205796,0.005054402350212362,-0.03647590225747892,-0.1322091218932316,-0.008730426672389718,0.005478307004169346,-0.0026697288297413105,0.0030303489213242035,-0.001973949499320561,-0.030630210408101016,0.2566031498336513,0.2774273807415946,0.3192241074579454,0.03131047881214705,0.28441821267773043,0.0963172836753533,0.16323293380230172,0.25016986315685685,0.25401766645809964,0.04539236632789896,0.22247348780575274,0.07298340576364935
Cho2017,5,0,-0.039638105179827916,-0.08814600300936701,-0.03900619257795909,0.000315956300934412,-0.05559676692238467,0.13156687464300795,-0.03598631839648974,-0.029557893214934478,-0.010280197423226087,0.012853060486631826,-0.025274803011550103,0.04782297902479693,0.34110867787813076,0.4662410371348453,0.35825444893663183,0.008572885529250535,0.38853472131653594,-0.2594931118805573,0.2697177714610548,0.1812209156639179,0.2372542748204903,-0.01623174832028225,0.229397653981821,-0.01187007483278483,-0.10005791681519205,-0.09489755736975097,-0.0956787904552304,0.0021895631799808274,-0.09687808821339113,0.03824111541424564,-0.03433162596226406,-0.014543994679718609,-0.025563303810257836,0.004384161076003111,-0.024812974817413503,-0.011865467078273772,0.4839372401195548,0.5711819898945927,0.47280753419972565,-0.0055648529599145735,0.5093089214046244,-0.03432884520448846,0.2615001630754591,0.17584414821801647,0.16885471876619892,-0.04632272215463008,0.20206634335322482,0.019337532990682565
Cho2017,6,0,-0.03506254666020755,-0.06667094255602579,0.026028758456287684,0.03054565255824761,-0.02523491025331522,-0.006904806839958459,0.01105072143596981,-0.012172645404357132,-0.019347736812689656,-0.015199229124329734,-0.006823220260358993,0.05345626682692436,0.38218349421021924,0.41854734275957206,0.16257856454392228,-0.10980246483314848,0.3211031338379045,-0.10503396659959226,0.22250064441122047,0.2685794473016847,0.15622261271648727,-0.0331390158473666,0.2157675681431308,-0.014619789166759397,0.04451891540629653,0.02296866357361755,-0.0649658218807202,-0.05474236864350836,0.0008405856997312963,0.06251070807880005,-0.021862723402027752,-0.05173114292916234,-0.04007012196386041,-0.009103699280916328,-0.03788799609835016,0.03693363877865056,0.26344312725682895,0.3206664880377048,0.5365060016406538,0.1365314371919124,0.37353853897839584,-0.11349195001541297,0.20504099595397168,0.3178730307809578,0.25767472665025826,0.026316865348143283,0.2601962511283959,-0.005166134491314052
Cho2017,7,0,-0.0015313641084805265,0.022268071494952007,0.02854805710440453,0.015039710606442528,0.016428254830292,-0.0930512685671228,-0.024205577929063526,-0.0036222664338774243,-0.01829838375789831,0.0029535970855826075,-0.015375409373613086,-0.029181459374930174,0.07175255181788473,0.1632612008224143,0.2296420146969073,0.07894473143951128,0.15488525577906878,-0.15605197953834585,0.1816391285245268,0.1515798265257105,0.23055017886384122,0.02445552516965721,0.18792304463802614,0.014950066430452871,0.024316559227214922,0.033113497173565175,0.04109660675046953,0.008390023761627303,0.032842221050416544,-0.07503866234502689,-0.005942848371002032,0.000708306692210024,0.008802620555939228,0.00737273446347063,0.00118935962571574,0.014251796706246577,0.26891903706365944,0.24649605357075385,0.3312224404440641,0.031151701690202344,0.28221251035949246,-0.09846596381733878,0.31216507268466853,0.11092613624534192,0.15116747264506297,-0.08049880001980278,0.19141956052502448,-0.043731859354770995
Cho2017,8,0,0.026989476733932004,0.004736894867018157,-0.026869391447090583,-0.026929434090511295,0.0016189933846198594,-0.019147451282581465,0.00875923527539902,0.022350210671243393,0.0369731200141337,0.01410694236936734,0.022694188653592035,-0.007026908868533438,0.24603106687648874,0.35048641111372814,0.30084892886204767,0.027408930992779468,0.29912213561742157,0.16351807895184414,0.16525060760115348,0.17990582605417194,0.30131339232030585,0.06803139235957618,0.2154899419918771,0.08536103138525108,0.008777931165186197,0.010201636263010228,-0.007842722814598954,-0.008310326989892576,0.003712281537865824,0.03599993531082979,-0.012055588079100047,0.012411667233619975,0.007189119423304608,0.009622353751202328,0.002515066192608179,0.030544419531640905,0.10494522094175646,0.3831067359618813,0.14070236252837887,0.017878570793311205,0.20958477314400556,0.10203136155153132,0.2527161619827967,0.2559793231409188,0.2108884597091001,-0.020913851136848308,0.23986131494427188,0.05904639707161088
Cho2017,9,0,0.09148060253826629,0.0643007635658992,0.023058939630658744,-0.03421083145380377,0.059613435244941414,-0.01447352188137941,-0.014886109234896309,-0.0004373385212704947,-0.0002550462928559263,0.007315531471020192,-0.005192831349674244,-0.03503283683626579,0.4720797706251242,0.33045182052533684,0.13626070834832793,-0.16790953113839813,0.31293076649959634,0.06882490573341209,0.1684663251949403,0.17781582170428534,0.242425826871933,0.03697975083849636,0.1962359912570529,-0.020028721267526573,-0.0860466154782504,-0.045581139764966555,-0.05149109601433351,0.01727775973195845,-0.06103961708585015,-0.0007960311465567785,0.0015885772723169393,0.017735470213420708,-0.023711840184988488,-0.012650208728652712,-0.0014625975664169465,0.037702605671450166,0.42736036246569875,0.21955959737255076,0.39229586465310906,-0.017532248906294845,0.3464052748304529,0.11586222443421422,0.1733283392305669,0.21171037072882118,0.22657615989940388,0.026623910334418494,0.203871623286264,-0.02298132811695695
Cho2017,10,0,0.041844413348722076,-0.005396409020284442,-0.01594540403384909,-0.028894908691285578,0.00683420009819618,0.025646509929066152,0.029475361722010558,-0.0016003335868691828,0.010844569509241026,-0.009315396106384766,0.012906532548127467,-0.008506346805197696,0.4083286194264131,0.07959960463277982,0.20059202027256645,-0.1038682995769233,0.22950674811058644,0.06718058155597631,0.2278029346837353,0.3048454522576536,0.12105260135987984,-0.05337516666192773,0.21790032943375626,0.017171247283737607,-0.02079736798505883,0.007872324576540956,8.004795645031454e-06,0.01040268639035193,-0.004305679537624281,-0.035918280748162446,-0.01110581924377273,-0.01847437730704796,0.006792314666877268,0.008949066955324998,-0.007595960627981141,0.04034075900955241,0.2146468750698171,0.317077373924737,0.1620512189460333,-0.026297828061891904,0.23125848931352913,-0.0007444300624149525,0.264181809747108,0.26280950997959934,0.17070536374835366,-0.04673822299937716,0.23256556115835367,0.004283476090321693
Cho2017,11,0,-0.021815354081696478,-0.04354396515759411,-0.007344145799027793,0.007235604141334343,-0.02423448834610613,0.06600797370970803,0.010707320532504854,0.011122047052651537,0.007143639931014647,-0.0017818403007451033,0.009657669172057013,-0.02775055839038516,0.19456719533862302,0.27123682731006415,0.11162838898202762,-0.0414694031782977,0.1924774705435716,-0.05038672905786005,0.24830013988458383,0.19247517210636778,0.16837336388390448,-0.039963388000339675,0.20304955862495203,-0.07121378532090458,0.05485342855547104,0.023223282009840265,0.06804217751999972,0.00659437448226434,0.04870629602843701,0.02607090635992543,0.007148674210781835,0.0004576327305150215,0.010051637854966452,0.0014514818220923084,0.005885981598754436,-0.04112971867062856,0.34640616926687223,0.22722653895380246,0.48458648181980835,0.06909015627646806,0.3527397300134944,0.15519326071352707,0.12137001945885911,0.1600634450172502,0.18373740149667073,0.031183691018905807,0.15505695532426,-0.06367718437090564
Cho2017,12,0,0.0151739663290824,-0.009686741046852387,0.026552993003535533,0.005689513337226567,0.010680072761921849,0.061380812832742444,-0.006174667711182267,0.00825863893252689,0.006308015489477377,0.006241341600329822,0.002797328903607333,-0.007242397576262456,0.10971928197267292,0.24099899624142512,0.31630258962197194,0.10329165382464951,0.22234028927869,-0.06332258511944507,0.20442494204991318,0.23947177534945602,0.24690867048105034,0.021241864215568576,0.23026846262680653,-0.025314989054220288,0.0924709485282875,0.05726086394292452,0.06453035664056461,-0.013970295943861441,0.07142072303725887,0.14914648176067277,0.02002385563015448,0.012716771470994676,0.014464938297274459,-0.002779458666440011,0.015735188466141203,-0.0011587591663655983,0.6590022859462457,0.4912988662574882,0.4303636053109148,-0.11431934031766544,0.5268882525048829,0.46298042540487233,0.148913424291491,0.1282629336806885,0.1755623725440824,0.013324474126295713,0.1509129101720873,-0.029459706042888223
Cho2017,13,0,-0.0128944054747007,-0.009684319081901918,-0.002106239922804701,0.005394082775948,-0.008228321493135774,0.0020495591485675695,-0.02819651028666128,-0.006821314499909635,-0.006040142784334523,0.011078183751163378,-0.013685989190301812,0.02166896628341079,0.1493694334161972,0.1818947680114009,0.09466209776415684,-0.027353667826020188,0.14197543306391833,0.02779761533865414,0.2446300411277042,0.2616506639043529,0.14516984900043448,-0.04973009606363486,0.21715018467749717,-0.016719349533235377,-0.04067000194602004,-0.01818210309187957,-0.05922225000325749,-0.009276124028618726,-0.039358118347052364,-0.07436435402572729,-0.023198671313554114,-0.003457088845904147,0.011556252291440203,0.01737746180249716,-0.0050331692893393525,0.037860783334147795,0.33215084079042423,0.17096256557312026,0.5658335831159638,0.11684137116276976,0.3563156631598361,0.2567184695641119,0.15627905072294904,0.08478227321611859,0.22064083587151273,0.03218089257428185,0.15390071993686014,-0.051765821548236744
Cho2017,14,0,0.030274675138312224,-0.006135277694638485,-0.02614287153600363,-0.028208773337157926,-0.0006678246974432973,-0.06552949508320359,-0.06854707035456083,-0.04161564446232134,0.008344123690595055,0.03844559702257794,-0.03393953037542904,-0.01760678740832416,0.1734803993742714,0.11024350636437048,0.14877775696711104,-0.012351321203580179,0.14416722090191764,0.022689639695693375,0.39836985890129284,0.3337645466807816,0.17826667528605472,-0.11005159180761905,0.30346702695604305,0.07619706307427163,-0.0837427170647466,0.025551850064814544,-0.04481877133603322,0.01946197286435669,-0.03433654611198843,0.10016094661766713,-0.014080455308611187,-0.015516079732446297,0.010465819795873061,0.012273137552242125,-0.00637690508172814,0.08162178585472744,0.41522422423936145,0.15985953577464185,0.21462206936043013,-0.10030107743946566,0.2632352764581445,-0.10418815459296549,0.1661958313422738,0.22175275928262378,0.2915371321028573,0.06267065038029175,0.22649524090925163,-0.01962310295526659
Cho2017,15,0,0.011189915472008812,0.055871847798777546,0.045702449358499236,0.01725626694324521,0.037588070876428535,0.036247490544012904,-0.02014423510192078,-0.011579725763192272,-0.0027009542526262214,0.00872164042464728,-0.011474971705913092,-0.0396333186418946,0.21018908010922538,0.3924915750184132,0.3361200725549639,0.06296549622286926,0.31293357589420084,0.0957548077231065,0.24264115270650913,0.23611339845760224,0.2785521065678613,0.017955476930676076,0.25243555257732425,0.06839688736347728,0.02838904858385721,-0.026522109307033304,0.00789584815709254,-0.010246600213382334,0.003254262477972149,0.06031331568642004,0.027402342721903436,0.006628564173374802,-0.007186751290269944,-0.01729454700608669,0.008948051868336098,0.011476942868749415,0.2693740179723267,0.291593565922761,0.10604070755131519,-0.08166665521050576,0.22233609714880095,0.04690662612212646,0.29385172941328,0.19649515952182922,0.1985698320259554,-0.04764094869366231,0.22963890698702158,0.01028903854717996
Cho2017,16,0,-0.04618517737728932,-0.07369931631170853,-0.1159790510981826,-0.03489693686044664,-0.07862118159572683,-0.04682778206914712,-0.01966218148669068,-0.04659475587235084,0.014740113149541009,0.017201147318115846,-0.01717227473650017,0.07612812113228089,0.4184469078677411,0.6045453896306938,0.7291394035693861,0.15534624785082252,0.5840439003559403,0.38457584672089906,0.26464711848733924,0.34395993170693173,0.43526170719456825,0.0853072943536145,0.3479562524629464,0.12723832579794536,-0.031677783735267306,-0.057573730107457685,-0.027422912727240796,0.002127435504013255,-0.03889147552332193,0.05193776430763033,0.0017272753360592337,-0.004801745233048925,-0.019350416860113493,-0.010538846098086363,-0.007474962252367728,0.05903405189681915,0.2612916377775445,0.5081418577101632,0.30048670480162787,0.019597533512041687,0.35664006676311183,0.04936074227148491,0.14741174209754646,0.14841429132322334,0.19689162757328044,0.02473994273786699,0.16423922033135008,-0.07718344872548064
Cho2017,17,0,0.04461273359331247,0.02681143583087855,0.03176472636085648,-0.006424003616227997,0.034396298595015834,-0.04462342383611937,0.0011361667048754348,-0.008295753405758798,-0.008066918196034285,-0.00460154245045486,-0.005075501632305883,-0.06278537943135774,0.4044244436035087,0.24548081153366075,0.2782197045333855,-0.0631023695350616,0.30937498655685164,0.01484015259216335,0.11155823131257953,0.16835857265756393,0.20299192466607863,0.04571684667674955,0.16096957621207403,-0.06623120147886968,-0.004358660430161421,-0.007471499703948986,-0.02872121581564578,-0.012181277692742179,-0.013517125316585396,-0.017413978468815042,0.004213178438693851,-0.01520372203094239,0.01003111026299617,0.0029089659121511588,-0.00031981110975079036,0.0005064738080845718,0.0733355810234897,0.12319290368126215,0.3107551976762827,0.1187098083263965,0.16909456079367816,-0.027348665561506114,0.17711227238541882,0.18754820522500504,0.15661541483705546,-0.010248428774181681,0.17375863081582643,-0.09548933656310239
Cho2017,18,0,-0.13992016209624727,-0.21051164225113222,-0.24475019377381377,-0.05241501583878325,-0.19839399937373112,-0.16672185411735907,-0.036893840867692124,-0.01902799786241648,-0.06275392659449505,-0.012930042863401462,-0.03955858844153455,-0.025905791782611754,0.7795575870612259,0.7517648357330577,0.8798385475190377,0.05014048022890588,0.8037203234377738,0.5824394634168478,0.243772942496084,0.26015758734425715,0.37276024216507747,0.06449364983449674,0.2922302573351396,0.12037203690255804,-0.15497148070040256,-0.12108089953691922,-0.1784460901531537,-0.011737304726375575,-0.1514994901301585,0.058121980546730706,-0.007580409104241439,-0.01868953606665234,-0.03185488948251379,-0.012137240189136176,-0.019374944884469187,0.025830106988932875,0.6448295742270875,0.578825418852609,0.7360805221259601,0.04562547394943628,0.6532451717352189,0.10563837367998676,0.20836123245863128,0.2040940949657755,0.24067304914674592,0.01615590834405732,0.21770945885705087,-0.012242796756073546
Cho2017,19,0,0.07275816295276896,0.131404555103453,0.07852328271228885,0.0028825598797599453,0.09422866692283693,-0.1050384517343892,0.012260961195769913,-0.013205344515005499,0.01980479382933005,0.003771916316780068,0.006286803503364822,0.0014419697811968353,0.4199025961411852,0.5622744349502682,0.36666236740782965,-0.026620114366677772,0.44961313283309434,0.022910047421240032,0.27946079761363257,0.21319076017573138,0.16160388786823218,-0.058928454872700195,0.21808514855253205,-0.03303855898272413,0.02634671961218884,0.061722556394615394,0.016161388140778787,-0.005092665735705026,0.034743554715861005,-0.1583221494947977,0.01830972667729652,0.04355821669727115,0.007602250253682606,-0.005353738211806957,0.023156731209416758,0.07079523196378333,0.26242518653591845,0.31769427531905103,0.11047658286149364,-0.0759743018372124,0.23019868157215437,-0.21084742453620162,0.22698098051874013,0.30461802833567575,0.2208558041106231,-0.003062588204058511,0.25081827098834636,0.05283200782851485
Cho2017,20,0,-0.1316903790427182,-0.13701586364309812,-0.15189696958049123,-0.010103295268886522,-0.14020107075543586,-0.05698124052525042,-0.018173485524677454,-0.03382515387694296,-0.021738822107527398,-0.001782668291424972,-0.024579153836382605,-0.026237133236694313,0.8545078974695066,0.8149755627579169,0.8758567489476968,0.010674425739095106,0.8484467363917068,0.5358430463730063,0.14694687947096524,0.26920188467706063,0.2506572872863788,0.05185520390770679,0.22226868381146825,0.012698566191929115,-0.05980823301582872,-0.005860742940556886,-0.0364971147698188,0.01165555912300496,-0.034055363575401475,0.02122708031016227,-0.0075540647554113065,0.022947501937065788,-0.007687070791233431,-6.650301791106226e-05,0.0025687887968070173,-0.004677929955760719,0.527974800944778,0.14564565572478988,0.35704178430759675,-0.08546650831859062,0.34355408032572154,-0.0053477697403325475,0.1641610377219921,0.25393033256545505,0.4058062976641815,0.12082262997109472,0.2746325559838762,0.09233483810523287
Cho2017,21,0,0.11130827138439363,0.11363957361669338,0.06498989304770283,-0.023159189168345397,0.09664591268292995,0.0984371375525852,0.04080971905753061,0.007992267941585574,0.02278706724735447,-0.009011325905088071,0.02386301808215689,0.00742185437773298,0.7410316727994231,0.7191076801330787,0.47673638631883397,-0.13214764324029454,0.6456252464171119,0.47031425403956373,0.32936932872231783,0.19124407338739516,0.2665472550344703,-0.03141103684392377,0.26238688571472774,0.08967967780537123,0.17554562610189084,0.1783032399628322,0.12132587376974678,-0.02710987616607203,0.15839157994482328,0.11064490973983827,0.019359032265054643,0.024130619755661345,0.019099047737541373,-0.00012999226375663524,0.020862899919419118,-0.048763720668214126,0.844943257200151,0.8923985386829506,0.7861878367198795,-0.029377710240135746,0.8411765442009936,0.5542563868211751,0.23047563921130704,0.18856018627621296,0.17595968421595312,-0.027257977497676954,0.19833183656782438,-0.04648731244714837
Cho2017,22,0,0.0031992339209232336,-0.03192845778526945,-0.0883693927569732,-0.04578431333894822,-0.039032872207106474,0.14049164869504116,-0.014089617163524255,0.02614097278003482,-0.019604975320465103,-0.0027576790784704227,-0.0025178732346515125,0.013854636613286767,0.07331317454070257,0.293184364385748,0.5835696460264216,0.2551282357428595,0.3166890616509574,-0.07603311381270571,0.16786634814704943,0.2610400926840156,0.16346196598849788,-0.0022021910792757726,0.19745613560652098,-0.11453717340644524,-0.006423618719088637,-0.02309273093098415,0.05185245266890767,0.029138035693998154,0.007445367672944962,0.06384462790818075,-0.03114460896518339,-0.0008130695879326077,-0.026146972566194263,0.002498818199494563,-0.019368217039770087,0.03784553450877515,0.049251557888658246,0.18307141999758914,0.366475014965975,0.1586117285386584,0.1995993309507408,-0.006276232939825423,0.23590591473596784,0.10422995101747215,0.2231542464230922,-0.006375834156437817,0.18776337072551075,-0.025802826709834647
Cho2017,23,0,0.030018664812233965,-0.06789143401266962,-0.04700732678126067,-0.038512995796747315,-0.028293365327232107,-0.10438328589937168,0.027783216302187837,-0.004570268233542118,0.027434324965425506,-0.00017444566838116515,0.016882424344690408,-0.021039082547607096,0.22410807325968385,0.5552603466733481,0.42514535597985537,0.10051864136008576,0.4015045919709624,0.2436488259538486,0.250794073509332,0.3600045024981595,0.30825405298965386,0.028729989740160916,0.30635087633238184,0.08442935056795363,-0.020790816553751895,-0.018918940375295706,-0.003831481521366457,0.00847966751619272,-0.01451374615013802,0.042740816108720305,0.016465410731654827,-0.0005070146158046042,-0.005942890947068892,-0.01120415083936186,0.00333850172292711,-0.06558205295979386,0.18830042403943667,0.21243141155929934,0.05102634370521604,-0.06863704016711031,0.15058605976798403,-0.1604449368050286,0.14095648100189678,0.16238275921539355,0.17213003002499902,0.015586774511551117,0.1584897567474298,-0.032537880620864414
Cho2017,24,0,0.010497987382914133,-0.07461701245417834,-0.05452889561904542,-0.032513441500979776,-0.03954930689676988,0.03857278644192449,0.029651946824737565,0.008950626694076182,0.05728165214609908,0.013814852660680757,0.03196140855497094,-0.002319008469636282,0.3538045005303191,0.43272129807621773,0.48460649885889,0.06540099916428546,0.42371076582180894,0.12026862367254341,0.20713392653323043,0.11323144817981443,0.3179483355087306,0.05540720448775008,0.2127712367405918,-0.014779370394159164,0.009484767009397058,-0.04136985546502865,-0.04336857892993777,-0.026426672969667414,-0.025084555795189787,-0.008380847555833201,0.03711407969065998,-0.007643762461136399,0.06870842593516695,0.015797173122253483,0.03272624772156351,0.01879978680289704,0.3011841349847283,0.29086250813436487,0.29745016109344324,-0.0018669869456425237,0.29649893473751215,0.14580772096359837,0.2905573850753326,0.20205841952110493,0.3950983473825221,0.052270481153594756,0.29590471732631984,0.06418485094404251
Cho2017,25,0,0.018431806120344067,-0.01963880454764068,0.0400516220617277,0.01080990797069182,0.012948207878143695,-0.03765480334027202,0.012667893387461715,0.012648975437590823,0.021079665916129108,0.004205886264333696,0.015465511580393882,-0.027347283292236943,0.22759143135022564,0.3019231077370761,0.30461512076781827,0.03851184470879632,0.27804321995170667,0.03892730740545245,0.14954025000995413,0.2222311163534481,0.16002912079804535,0.005244435394045607,0.17726682905381586,0.012459036731039633,-0.06615586897553069,-0.0016908418923678502,-0.02301648332749477,0.02156969282401796,-0.030287731398464437,-0.040215255238279284,-0.008547956591894064,-0.028532455149353368,-0.015989523100945962,-0.003720783254525949,-0.01768997828073113,0.014499625070595707,0.4902960927829391,0.08752429710413746,0.18679020637654348,-0.15175294320319782,0.25487019875454003,0.011049155430694124,0.17971971274879564,0.2344580116802773,0.16835013358269738,-0.005684789583049132,0.1941759526705901,-0.029673305529051203
Cho2017,26,0,0.06462224094203277,0.08331734479787088,0.08769264095292544,0.011535200005446333,0.07854407556427635,0.057314985724530663,-0.025974306639809534,0.004983453736509177,0.01865825402193772,0.022316280330873628,-0.0007775329604542113,0.0035011942992093023,0.4161791577916392,0.5617793720668631,0.5626547850089261,0.07323781360864343,0.5135377716224762,0.4416602978588138,0.24123253894672456,0.23693235205279167,0.25614171043943823,0.007454585746356836,0.24476886714631815,0.052455861752530246,0.013224970637977135,0.0694418280490883,0.05610629425013016,0.02144066180607651,0.046257697645731864,0.04187452195554942,-0.04466763932302164,-0.007498233850336188,-0.011457805050181307,0.016604917136420167,-0.02120789274117971,0.06655458520275362,0.11305386785391484,0.5238928516753164,0.4775725946793838,0.18225936341273447,0.3715064380695383,0.13583492934509087,0.29814512210458355,0.15590730735911876,0.18778455767890603,-0.05518028221283876,0.21394566238086943,-0.09661845483898239
Cho2017,27,0,-0.08177162798664914,-0.04556442798014512,-0.04471724252834837,0.018527192729150384,-0.057351099498380874,-0.007861998628868655,-0.07120683740776029,-0.05684069604400433,-0.04465166111294334,0.013277588147408478,-0.05756639818823598,-0.07929003616324612,0.5563836496779254,0.29232729183716566,0.3521092213897647,-0.10213721414408035,0.40027338763495196,0.1223553012337193,0.4099180511294428,0.341022397530597,0.271597580439694,-0.0691602353448744,0.34084600969991125,0.1501007462390388,-0.04491749536353716,-0.016962236765207573,0.023563252838007073,0.03424037410077212,-0.012772159763579219,-0.029171315686637927,-0.037970015282460835,-0.06483830721146457,-0.032839555306488015,0.00256522998798641,-0.045215959266804474,-0.005562069156389962,0.28323554570984844,0.13975775454019934,0.22760483607699206,-0.02781535481642819,0.21686604544234664,0.1311567050187988,0.24201711095403355,0.3518891603418896,0.17766819877801168,-0.032174456088010936,0.2571914900246449,0.029760513394112214
Cho2017,28,0,0.019469734941421214,0.007854582707394295,0.01046690704274419,-0.004501413949338512,0.012597074897186566,0.05366296478619875,0.027679454870777408,0.004677189870392191,-0.00891896906745945,-0.018299211969118427,0.007812558557903384,0.0574338180297698,0.21062331312404337,0.09167207435544993,0.09120518029945102,-0.059709066412296175,0.13116685592631477,-0.03175659872433715,0.20012456901916706,0.1387930060717952,0.20441846035384265,0.0021469456673377935,0.18111201181493497,-0.01878924322905771,0.0022916197710061885,-0.0040637717302042554,0.027855471059279442,0.012781925644136626,0.008694439700027125,0.013507045131542425,0.02187626492094417,0.005852004107772595,0.022810801259850907,0.00046726816945336785,0.016846356762855893,0.023990754044788065,0.1823294503959641,0.13993430005841434,0.2950947877350665,0.05638266866955118,0.2057861793964816,0.08886887038455371,0.17330317899308884,0.2896761668289569,0.1931895914597693,0.009943206233340232,0.21872297909393834,0.02432648872919033
Cho2017,29,0,-0.04958838675067527,-0.02758422040126421,0.002168081451105708,0.02587823410089049,-0.02500150856694459,-0.05073742840314102,-0.021206045724432226,-0.025514069776077716,-0.01698706642683938,0.0021094896487964237,-0.02123572730911644,-0.0251859235320538,0.32150312549536664,0.20157701628287852,0.1825842235262254,-0.06945945098457063,0.23522145510149017,0.07162996306568357,0.1904919216020668,0.2354831160039976,0.1582355907292758,-0.016128165436395503,0.19473687611178003,0.002695033230620749,0.028704164143775614,0.040534686255328134,0.004836539049717918,-0.011933812547028846,0.024691796482940554,-0.0814946002031094,0.0020014465492015146,-0.001236710765367346,-0.03485067343381218,-0.018426059991506847,-0.011361979216659338,-0.047996470122156916,0.2058714933522861,0.2609322724112334,0.13716462946195782,-0.034353431945164145,0.20132279840849243,-0.0607558530082577,0.1764934444346666,0.1826441289629563,0.2797861200405615,0.05164633780294746,0.21297456447939478,0.041974737762748356
Cho2017,30,0,-0.01804933837103631,-0.042885882592899854,-0.03910319452842323,-0.01052692807869346,-0.03334613849745313,0.044687167068584915,0.00592926523902257,-0.03756420298400153,0.0015926569267649025,-0.002168304156128834,-0.010014093606071353,0.02765337046755446,0.12051310334561212,0.27607719462141855,0.2211181092747787,0.050302502964583294,0.20590280241393644,0.021042721301220466,0.20626839541080066,0.295118314153867,0.11718020876763872,-0.04454409332158097,0.20618897277743545,-0.03992657378901781,-0.05390513366879843,-0.01870861441634694,-0.015344650718443166,0.01928024147517763,-0.029319466267862845,-0.020359984079893062,-0.04218187423001134,-0.059480304972431286,-0.014281250648523543,0.013950311790743897,-0.038647809950322055,-0.05822728043153339,0.39056829229209217,0.20698533856901669,0.19507727338088782,-0.09774550945560218,0.2642103014139989,0.125742529140509,0.2481078513143942,0.37681617936670747,0.18827331810335782,-0.02991726660551819,0.27106578292815314,0.14289109506314743
Cho2017,31,0,0.005092292269454417,-0.015015828454142205,0.01679210166542735,0.005849904697986466,0.002289521826913187,-0.00289495140870207,-0.009376387248916422,-0.022555115273390183,-0.02396481012782861,-0.007294211439456093,-0.01863210421671174,-0.02061698712453493,0.0963296865588401,0.13920260008220425,0.1982993637937099,0.050984838617434906,0.14461055014491808,-0.10653609973216238,0.16895319927109684,0.16641553414118898,0.20177026574093293,0.016408533234918046,0.1790463330510729,-0.040536731597063634,-0.017435450306447393,0.05296774419179204,0.05049169564236694,0.033963572974407163,0.028674663175903864,0.043024416578848236,0.0009602576992924045,0.02697889659886945,-0.009567781192651496,-0.00526401944597195,0.006123791035170119,-0.007477595153656973,0.15619548795978966,0.4453360136868869,0.33017110204814004,0.08698780704417519,0.31056753456493885,0.16158787359317459,0.12694534982445826,0.2299250716994704,0.18755388013005964,0.030304265152800686,0.18147476721799607,-0.03229076460631116
Cho2017,32,0,-0.0012571684870481305,-0.0025013740820495805,0.042219603514781476,0.021738386000914805,0.012820353648561255,0.03272972180137044,0.010762710696128263,0.01304601916747555,-0.00021703605988890619,-0.005489873378008585,0.007863897934571635,0.05183245358708279,0.10770270208939886,0.1052813869932564,0.5236289573815316,0.20796312764606636,0.24553768215472896,0.032136416767034846,0.20173182299218487,0.1608204253104083,0.17730839159419443,-0.01221171569899522,0.1799535466322625,-0.043458863956635375,0.03153856691174612,0.04150726088565142,0.048812995669371397,0.008637214378812638,0.040619607822256314,0.06640622753069844,-0.0096136614022702,0.01779785975052234,0.002205551804010449,0.0059096066031403246,0.0034632500507541966,-0.010551401998967813,0.2958507091103103,0.4236257860279967,0.4693763826293307,0.08676283675951019,0.39628429258921255,0.17178770900405493,0.19420174790863023,0.18145023689786122,0.09254070259132331,-0.050830522658653454,0.1560642291326049,-0.02714977063603959
Cho2017,33,0,-0.01850483837818552,0.021086688907256294,0.05082394783032275,0.034664393104254135,0.017801932786464508,0.0267948661567213,-0.04584772379242283,-0.019743425627577433,-0.0403742393663807,0.002736742213021063,-0.03532179626212698,-0.0031860728467779805,0.18716799397269523,0.2334863787070193,0.37945908417489976,0.09614554510110225,0.26670448561820476,0.23096119026973982,0.33097879586565104,0.2398330152467333,0.3228448464136734,-0.004066974725988826,0.2978855525086859,0.06053372870732146,0.025334928109259816,-0.0033686202250861,0.0667331675390616,0.02069911971490089,0.029566491807745104,0.030980754098591006,-0.010925158427854628,-0.03581787664233524,0.01240129750344348,0.011663227965649052,-0.01144724585558213,0.06513214667972848,0.24349678929470792,0.136389361403532,0.42875753936714844,0.09263037503622026,0.2695478966884628,0.03340268108525505,0.23869123174278256,0.30683576399267365,0.16317714539045935,-0.0377570431761616,0.23623471370863855,-0.11094364027726622
Cho2017,34,0,-0.0019963466518407346,-0.06986839119258142,-0.02807889587164221,-0.013041274609900736,-0.03331454457202145,-0.006448849230278515,-0.01724914201219756,0.011963924694630033,0.003896700827696937,0.01057292141994725,-0.00046283882995686363,-0.017534068687756532,0.29438634691366095,0.5634738249039403,0.25282842923632864,-0.02077895883866615,0.3702295336846433,0.11055248464308699,0.14782059320005012,0.26356229461358605,0.1762303944774586,0.014204900638704249,0.1958710940970316,-0.05200120411900174,-0.003357609716183806,0.028597598732822777,-0.03104012347521539,-0.013841256879515793,-0.001933378152858806,-0.009410264229085039,-0.010019049700464086,-0.012007821275940567,-0.011480830812448356,-0.0007308905559921348,-0.01116923392961767,0.02012407044706346,0.14565287427277085,0.21150331893124857,0.29296798175810457,0.07365755374266686,0.21670805832070802,-0.04938199397914702,0.15588204677778922,0.22583885531821654,0.10759890813967508,-0.024141569319057067,0.16310660341189362,-0.13459552941802838
Cho2017,35,0,-0.020192722158692264,-0.011036211939604022,-0.030660526494218982,-0.005233902167763359,-0.02062982019750509,0.11950903918650942,-0.03567901187447345,0.008719758054093167,-0.02267567300733977,0.0065016694335668385,-0.01654497560924002,-0.012364800831226206,0.2417725298328811,0.21406732895007052,0.1950326178594068,-0.023369955986737162,0.21695749221411945,-0.09450012446995587,0.26752521182503697,0.18531158824650812,0.19920230187407356,-0.0341614549754817,0.2173463673152062,-0.01630226998190301,0.010954574613059787,0.010745402503176297,0.048826799557283806,0.01893611247211201,0.023508925557839965,-0.0001980987590902289,-0.033366354166038545,-0.05780640733773913,-0.001885401152372668,0.01574047650683294,-0.031019387552050113,0.006209904809940565,0.21354885709202118,0.3517102703296998,0.321857312687446,0.05415422779771241,0.295705480036389,0.09040292127610365,0.24561749375424036,0.3223409813788422,0.11093824557180738,-0.0673396240912165,0.22629890690163001,0.0033791285961461367
Cho2017,36,0,0.05106096364537564,0.021762654258924343,-0.03392392181085021,-0.04249244272811292,0.01296656536448326,0.1753634010402175,-0.01002812738646581,0.023508245171125382,0.03421202694597627,0.02212007716622104,0.015897381576878613,-0.009616980212366686,0.41668734536224095,0.33153704536118744,0.41889091402357126,0.0011017843306651565,0.38903843491566653,0.06931058394146804,0.25398343672095675,0.23106638827880388,0.5381643135662382,0.1420904384226407,0.34107137952199956,-0.06648116485985353,0.0028406658756479717,-0.0133566634145733,-0.05252360225552863,-0.0276821340655883,-0.021013199931484653,-0.13802913183555074,-0.05956508514844956,0.003485208096087112,0.010863683765367433,0.0352143844569085,-0.015072064428998338,-0.004831102576025437,0.19374224177043348,0.14288904436636757,0.32037863341698647,0.0633181958232765,0.21900330651792918,0.08301013660213746,0.4530299649306071,0.24268858304416369,0.25338319968494727,-0.09982338262282991,0.316367249219906,-0.15540876550790406
Cho2017,37,0,-0.005594858565676124,0.021871429917188358,0.021448519645355282,0.013521689105515704,0.012575030332289171,-0.06457649884711199,-0.00595997264975175,0.03701695961697135,0.00727511015268388,0.006617541401217815,0.012777365706634493,0.001084318117954404,0.1376433414411087,0.1581358102833566,0.14651908116548443,0.00443786986218786,0.1474327442966499,-0.23494682830636185,0.24641433584074465,0.2570288009118988,0.16100182810241304,-0.04270625386916581,0.22148165495168548,0.004610822859907562,0.029989686269577966,0.02895501575992046,0.028169961209497777,-0.0009098625300400942,0.029038221079665402,-0.06787557051966858,0.027929935060952222,-0.004032902334035026,-8.598941354992253e-05,-0.01400796223725107,0.00793701443778909,0.03313904216603356,0.3106187884588054,0.24801498483094722,0.23047007006868714,-0.04007435919505914,0.26303461445281323,-0.0496575158810184,0.2432729964011967,0.285589311280058,0.17074026057315905,-0.03626636791401883,0.23320085608480456,0.07747226217793575
Cho2017,38,0,-0.0003913089941194785,-0.0048134236733103925,0.005518386012964693,0.0029548475035420857,0.00010455111517827392,-0.03425751189890054,-0.0036920768856715924,-0.00541848723697801,-0.003153306597211861,0.0002693851442298657,-0.004087956906620488,0.014350262958816381,0.26055361685220485,0.13303300693991515,0.08963090310506672,-0.08546135687356907,0.16107250896572892,0.022288442883630567,0.17506866538802318,0.1412571641335682,0.17589161909533255,0.00041147685365468256,0.164072482872308,0.00740293443282596,-0.020106714024367707,-0.0036873960666725333,-0.014006421424814966,0.00305014629977637,-0.012600177171951735,-0.06546002642400638,0.019183894664020505,0.016003400504076636,-0.006183509267364316,-0.01268370196569241,0.009667928633577608,-0.01857974167909159,0.19940301431927848,0.20825316159147308,0.19948166501562958,3.932534817555067e-05,0.2023792803087937,0.046366526266785224,0.22366172626836714,0.2436964450815345,0.2593262383096958,0.017832256020664336,0.24222813655319916,0.02175510847552961
Cho2017,39,0,-0.004819243131243931,-0.05899461318943557,-0.04716947527745256,-0.021175116073104315,-0.03699444386604402,-0.05321663987874107,-0.0004098635674542472,0.006145835612736596,0.003595788601826867,0.002002826084640557,0.0031105868823697383,-0.01248558357017152,0.15485961011881408,0.7263512135431099,0.6311502768667112,0.23814533337394855,0.5041203668428784,0.2513299985752513,0.19718365358104487,0.15275343195416224,0.253710582576675,0.02826346449781507,0.20121588937062737,0.03983479577453057,-0.09096028254334503,-0.05832191550315355,-0.0631130981634615,0.013923592189941762,-0.07079843206998669,-0.06273477005654098,-0.008818388204063216,0.027262317326561092,0.03147505982280852,0.02014672401343587,0.0166396629817688,0.036758269266961956,0.6975960096347786,0.594906724594469,0.5825921823656773,-0.05750191363455065,0.625031638864975,0.5249070618904078,0.12301189739933215,0.2235343727706997,0.30087676521376405,0.08893243390721595,0.21580767846126533,-0.005112272039686602
Cho2017,40,0,-0.0034160424216901526,-0.012048944121070547,-0.01829810237060045,-0.007441029974455148,-0.011254362971120382,-0.001383488490576223,0.011917092139183334,0.0016159141764921481,-0.00796348831891663,-0.009940290229049981,0.0018565059989196174,-0.02797061097562754,0.15946619606489265,0.16396416820965404,0.2513763678869837,0.04595508591104552,0.1916022440538435,-0.06554340245876893,0.2098729907208483,0.13417514289626445,0.2967455712912264,0.043436290285189055,0.21359790163611306,0.033307965506522604,0.03432705624268424,0.0009536509311569583,-0.016413858448805104,-0.025370457345744675,0.006288949575012032,0.011974591343626493,-0.02426078779626412,-0.016272031954787405,-0.026289832242628194,-0.0010145222231820374,-0.022274217331226573,-0.04722438600609779,0.39393425126336645,0.0981818461225678,0.2548929895706721,-0.06952063084634719,0.24900302898553547,0.05026245542274433,0.23620834944803096,0.22361152993167308,0.23807911513290864,0.0009353828424388394,0.23263299817087088,0.09589823224786757
Cho2017,41,0,-0.018667155286740567,-0.0004912337660713337,0.000272794373454173,0.00946997483009737,-0.006295198226452575,-0.03886249714364493,0.011639423902269342,0.00655670572511098,-0.0139041597498804,-0.012771791826074871,0.0014306566258333077,-0.018337833966692443,0.16323288838420463,0.20648684005714305,0.081906949046154,-0.040662969669025315,0.15054222582916724,0.05839531192071692,0.18348340538974117,0.16938053628481228,0.16219331445988117,-0.010645045464930003,0.17168575204481154,-0.06675694808057674,-0.05250187487001201,-0.017111516318075365,-0.05969911761921565,-0.003598621374601818,-0.04310416960243434,-0.10484437188394617,0.011454244905567547,0.007386915966760652,-0.013192822068681602,-0.012323533487124573,0.0018827796012155322,-0.039267403868290446,0.39670023636595797,0.1963827856940924,0.36750265306381324,-0.014598791651072363,0.3201952250412879,0.20222863931255355,0.19789368889091005,0.16098534417500954,0.13470453437670657,-0.03159457725710174,0.16452785581420873,-0.009699457179887466
Cho2017,42,0,-0.030248276886044836,0.03517826560811066,-0.03279685574529743,-0.0012742894296262942,-0.009288955674410534,-0.04246658840144548,-0.04594260104244921,-0.06652787606699295,-0.04398789360487222,0.0009773537187884943,-0.0521527902381048,-0.013268614737344142,0.24137498705587992,0.27142009010952417,0.2565443650801351,0.007584689012127596,0.25644648074851306,-0.06014181065279723,0.3301916591920892,0.4494366034824978,0.44160920763854167,0.05570877422322623,0.40707915677104284,0.18384892979539616,-0.010123941591318264,-0.04715425102983133,-0.044667686676593016,-0.017271872542637377,-0.033981959765914206,0.04453212312259316,-0.04115472773573981,-0.06959140356072413,-0.020070847332075255,0.010541940201832278,-0.0436056595428464,-0.05151513437970228,0.11657442693311396,0.4311902695698694,0.30539282685127056,0.0944091999590783,0.2843858411180846,-0.16548975758833573,0.3357149723542945,0.5142676536812183,0.2994654740102027,-0.0181247491720459,0.3831493666819052,0.17131055879663
Cho2017,43,0,0.047599256472162184,0.1108437952881594,0.16143271572592857,0.05691672962688319,0.10662525582875004,0.06040143228587208,0.002508733567344323,0.03849036818265232,0.04806822050559633,0.022779743469126004,0.02968910741853099,0.03210245761424257,0.29950689021382987,0.607039695026997,0.7882638931890338,0.24437850148760193,0.5649368261432869,0.4473146887091623,0.20854254212203244,0.2362691027130611,0.34431045054864434,0.06788395421330595,0.26304069846124595,0.050883577970862355,-0.03186786649600716,-0.05824196986506911,-0.05672904308805348,-0.012430588296023158,-0.04894629314970992,-0.08167706579387242,-0.01993327077891027,-0.0060897629523645755,-0.035249164491460525,-0.007657946856275128,-0.020424066074245125,-0.023385652542894292,0.2380546030945988,0.44728360234691944,0.3838161248209311,0.07288076086316614,0.35638477675414976,0.18441958059183391,0.14092302278322513,0.17359437142677872,0.2926009553660088,0.07583896629139182,0.20237278319200422,0.035852446522766236
Cho2017,44,0,-0.08066888269095265,0.03005303633770338,-0.0029574495485008186,0.03885571657122592,-0.01785776530058336,0.01971032463802045,-0.04152885864517182,0.00751826764764047,0.0058378956745105065,0.02368337715984116,-0.009390898441006948,0.0061140216860260735,0.6663024839823889,0.26323669535506006,0.07154578330165791,-0.2973783503403655,0.333694987546369,0.1131649825925065,0.3131281041279725,0.19339300794906772,0.1570055528306439,-0.07806127564866429,0.22117555496922803,-0.044845860698991595,-0.030443554658683827,0.00045534008254689753,0.050398252369212276,0.04042090351394805,0.006803345931025116,-0.07523525219023314,-0.04556134568502124,-0.023436360211142888,-0.017031305974053345,0.014265019855483946,-0.02867633729007249,-0.051789336174046685,0.20942825143268393,0.15270485859155256,0.35600613279095217,0.07328894067913412,0.2393797476050629,0.08513867141716391,0.33472153358972767,0.24307432655108469,0.194218618893383,-0.07025145734817234,0.2573381596780651,0.0740143762111534
Cho2017,45,0,-0.03138512190470465,0.03282271114289945,0.028208389574246127,0.029796755739475392,0.009881992937480306,-0.10412806314787126,0.010071948542634742,0.002877446596749845,0.017695694434536658,0.003811872945950958,0.010215029857973748,-0.02232936224508957,0.2107329516414302,0.2914624028223757,0.28525814595257226,0.03726259715557104,0.2624845001387927,-0.05469653994322512,0.28891155247924083,0.29727222728491093,0.2339722937503694,-0.02746962936443571,0.27338535783817375,0.036886661256268376,0.0663808298148968,-0.006375847599412272,0.04327979698489323,-0.011550516415001787,0.034428259733459254,-0.06296125027369488,0.08886928742726165,0.09453878155786041,0.00677402626509084,-0.041047630581085404,0.06339403175007097,-0.08296781824954763,0.470267592456429,0.06947599418700696,0.28099332861112736,-0.09463713192265083,0.2735789717515211,-0.08467944187213122,0.43318286162369424,0.43487155274759165,0.20111779438291813,-0.11603253362038805,0.35639073625140133,-0.03462116886000449
Cho2017,46,0,-0.05550935219214809,-0.04871103098635236,-0.06518263384621056,-0.004836640827031238,-0.05646767234157033,-0.04987976465074186,-0.03916345950786357,0.0013800581713398308,-0.03453883811643385,0.0023123106957148587,-0.024107413150985867,-0.00044459012830669217,0.6663668700920822,0.6817513175836666,0.7244932101580075,0.02906317003296266,0.6908704659445855,0.5478268505314272,0.30751768525021184,0.11979992500056338,0.28683879309813115,-0.010339446076040343,0.23805213444963544,0.0004423379939547667,-0.05479341892259995,-0.028207967648058517,-0.04459046038786547,0.005101479267367242,-0.04253061565284131,-0.05889147893410488,-0.04116459553337911,-0.004945614878450218,-0.006807037599343248,0.01717877896701793,-0.017639082670390858,0.061107554788429254,0.6046604164797574,0.568549185521507,0.6385220280414591,0.01693080578085082,0.6039105433475744,0.4445930923486017,0.3035046767395689,0.253752325660848,0.2712353326356929,-0.016134672051937998,0.27616411167870325,0.024832982207021282
Cho2017,47,0,-0.02662169949091836,-0.01805845328343853,-0.010330182343882291,0.008145758573518035,-0.018336778372746394,-0.0032568668542596415,-0.07315866477961143,-0.011131459401900051,-0.02913766794793982,0.022010498415835807,-0.03780926404315043,0.03213294479997839,0.2824417316894212,0.2811766421242963,0.16234947727031718,-0.06004612720955202,0.2419892836946782,0.03336484589271782,0.30786324385447056,0.17732926539942212,0.2612851587936253,-0.023289042530422632,0.24882588934917269,-0.047151633476077454,-0.0459822178997359,-0.015534531003349868,-0.026161487942330485,0.009910364978702709,-0.029226078948472085,0.039150861759539336,-0.015278834126885712,-0.03579508903255389,-0.00893401234106417,0.003172410892910771,-0.02000264516683459,-0.006460124983884131,0.392173433944226,0.13077737444022136,0.27243342585976227,-0.059870004042231854,0.2651280780814032,-0.05136595956078375,0.22344773406740973,0.24957736411913845,0.2428993275324049,0.009725796732497585,0.23864147523965099,-0.03151321088787084
Cho2017,48,0,0.010727292380315206,-0.002215530368585423,0.05358969189092003,0.021431199755302412,0.020700484634216604,0.11061325757552964,0.011554217793423884,0.019707516386513975,0.0030859266358317238,-0.00423414557879608,0.011449220271923194,0.019623178782097624,0.3298031947381008,0.24659516079693272,0.6795813013653782,0.1748890533136387,0.4186598856334706,0.11997959518466583,0.27219901263680646,0.23880014228657306,0.24555149005356708,-0.013323761291619688,0.2521835483256489,-0.005575024440457062,0.017433284384088147,0.025728256818115296,0.04713735220683981,0.01485203391137583,0.030099631136347754,0.10491799421170574,0.011398208737827539,-0.01729066165952912,-0.005533346735856925,-0.008465777736842232,-0.003808599885852836,-0.04164061158679556,0.6098720284500456,0.4829298283918111,0.583040049169639,-0.013415989640203296,0.5586139686704986,0.2556025185364788,0.23728442958786988,0.2736623144561979,0.21049345580641216,-0.013395486890728864,0.24048006661682667,0.0892057953571559
Cho2017,49,0,-0.044777324524847784,-0.03161789943740406,-0.04813781408047195,-0.001680244777812083,-0.041511012680907934,-0.043983535090873806,-0.019173789418981686,-0.02409344371251511,-0.01877584425274613,0.00019897258311777838,-0.02068102579474764,-0.018043024864026633,0.4825110716945559,0.41853396254955944,0.4386096319468231,-0.021950719873866403,0.4465515553969795,0.3612195182960056,0.16716715113748343,0.24006428859074358,0.17293035582471916,0.0028816023436178673,0.19338726518431537,0.03193307850192762,-0.06172669228322317,0.006557005837069837,0.014465143361152965,0.03809591782218807,-0.013568181028333454,-0.014255706296522416,-0.024300328445987292,0.015120698232373476,-0.003675318890509859,0.010312504777738716,-0.004284983034707891,-0.03497976370349629,0.5297081015124052,0.08191792874357023,0.24871538034140012,-0.14049636058550255,0.2867804701991252,0.1198745360244009,0.2311426873310913,0.13193864805751668,0.19453068228417866,-0.01830600252345632,0.18587067255759557,-0.04094008970455519
Cho2017,50,0,-0.0015696654653304162,-0.0024015523362675337,0.04718685945607606,0.024378262460703237,0.014405213884826037,0.10959402033754251,-0.007790726823489445,-0.01925830071506682,0.009205217057867275,0.00849797194067836,-0.00594793682689633,0.05051500374957598,0.23303591591837544,0.07881377843951459,0.2999148874623818,0.03343948577200319,0.20392152727342394,0.1638974017029064,0.19649556213552827,0.241999527458354,0.20512805600922912,0.004316246936850426,0.21454104853437048,-0.09702361196110014,0.02851010142596902,-0.015149570071293653,0.02722810915348058,-0.0006409961362442203,0.013529546836051981,0.13329799968001957,-0.005839718041522858,-0.013906295339738925,-0.014037996704182324,-0.004099139331329733,-0.011261336695148035,0.05901102267924361,0.2974006938790754,0.33906632990350205,0.22129874163917101,-0.0380509761199522,0.2859219218072495,0.184625835529003,0.15662486338760745,0.16744337322512776,0.17060781384636534,0.006991475229378943,0.1648920168197002,-0.023816882453521388
Cho2017,51,0,-0.024114142890197206,-0.05085272401733611,-0.07241074984844606,-0.024148303479124427,-0.04912587225199313,0.04945320490190036,-0.01544500322876773,0.010836886763555983,-0.01970377329438304,-0.002129385032807655,-0.008103963253198261,-0.006911239095428868,0.21400173955639262,0.36897151351015967,0.43180598772737666,0.10890212408549202,0.3382597469313097,-0.045908486476562864,0.15446844027528403,0.2601144721213424,0.2940537105418576,0.06979263513328678,0.23621220764616135,-0.010540800187148378,-0.0013911433422163343,-0.01918224475334495,0.0349945014090584,0.01819282237563737,0.004807037771165705,0.12074294910814247,0.001468819041188969,0.003917222779392587,-0.015243888527192865,-0.008356353784190917,-0.00328594890220377,0.04064839478399349,0.24537084554668598,0.13002261237249074,0.24280366439495404,-0.0012835905758659671,0.20606570743804356,-0.14326329765330734,0.12131608702063411,0.22477195919417037,0.19420097363016206,0.036442443304763976,0.1800963399483222,-0.023136907197009043
Cho2017,52,0,-0.018203195144546835,0.024466065379162107,0.04832272172500131,0.03326295843477407,0.018195197319872194,0.14318905965843529,-0.03192934667296335,0.010677091981175028,-0.02139264037364744,0.005268353149657955,-0.014214965021811918,0.0005467437981681681,0.18302103010004322,0.21390005858466302,0.3456493474265969,0.08131415866327685,0.2475234787037677,0.0469619019501016,0.25118359567303866,0.128691871345802,0.1491072281370113,-0.05103818376801368,0.17632756505195066,-0.07278749385566897,0.036116883025439916,0.06835396088009482,0.03133376318134769,-0.0023915599220461145,0.04526820236229414,0.060758046844070816,0.014853479065525643,0.013548060094680516,-0.0014315646310899997,-0.008142521848307821,0.008989991509705387,-0.04218813111015115,0.34209878398315297,0.4937643696787274,0.2548655286554675,-0.04361662766384272,0.36357622743911594,0.13810010602704328,0.19360540116360864,0.09956714386205044,0.18829300635149104,-0.0026561974060587967,0.1604885171257167,-0.024950800647251904
Liu2024,1,0,-0.08565676372362707,-0.046104939364046235,-0.0074943312657192555,0.03908121622895391,-0.04641867811779752,0.17953578251654764,-0.04027039726088396,-0.008549980519165615,0.018075023776651062,0.02917271051876751,-0.010248451334466172,-0.10128031021131452,0.6085467895738617,0.29392719774131326,0.2968861177241058,-0.15583033592487794,0.39978670167976027,-0.17530819576781279,0.5493336793184074,0.29324125080738583,0.4274290696973748,-0.06095230481051628,0.4233346666077227,-0.10257198719133305,-0.0795602809133191,-0.07683487898641908,0.14276576485024126,0.11116302288178016,-0.004543131683165641,0.020583896932978008,-0.05040810298894885,-0.10107940790746874,-0.035262790503875346,0.007572656242536752,-0.06225010046676432,0.0282401100539821,0.6361176304111853,0.3813412815159791,0.7575387847694193,0.06071057717911698,0.5916658988988612,0.20536825447387716,0.5412768709158132,0.62040896070875,0.41894145564544255,-0.06116770763518534,0.5268757624233352,-0.05950742244804358
Liu2024,2,0,0.08324835165162534,-0.019997962130432576,-0.028772596542938768,-0.05601047409728205,0.011492597659417998,0.02496897636396821,0.08736992552420506,-0.07302224099298665,-0.13478689580496184,-0.11107841066458343,-0.04014640375791448,0.021347226354500964,0.5648597728537981,0.4392460821032886,0.3053888701849105,-0.12973545133444378,0.4364982417139991,0.01802799625970684,0.4642396211605586,0.5104866338573857,0.6517122246553588,0.09373630174740011,0.542146159891101,0.11774870452363785,-0.07575414285723664,-0.10168573241110705,-0.06362342322141015,0.0060653598179132425,-0.08035443282991796,0.19820730536785822,-0.01094656037892161,-0.035838979602945846,0.055143646079441916,0.03304510322918176,0.0027860353658581533,0.07161505788233834,0.3984828556476264,0.6455383768103278,0.4776508432557129,0.03958399380404323,0.507224025237889,-0.17871396288230823,0.3503532402380403,0.36045375571276383,0.4377200921832849,0.043683425972622286,0.382842362711363,-0.18012518806123357
Liu2024,3,0,-0.047405943342781906,-0.11947614708414889,-0.028071216564438034,0.009667363389171936,-0.06498443566378961,0.012224660286787536,-0.038184270968231404,-0.03266749084669212,-0.05140415762504191,-0.0066099433284052544,-0.04075197314665515,0.0486087256962045,0.45614996796731216,0.5066140206921081,0.27693273549622954,-0.08960861623554131,0.4132322413852167,-0.0589433846915583,0.381999329068724,0.28383353180050164,0.42071301089703755,0.019356840914156764,0.36218195725542107,-0.1264870728159962,-0.06644970294325411,-0.029591540773178236,-0.08484626931239397,-0.00919828318456993,-0.06029583767627544,-0.19419384168571527,-0.0751005962740948,-0.043015280243905635,-0.11526631195996033,-0.020082857842932768,-0.07779406282598693,-0.06278391480021485,0.4158901138999447,0.1776963393206057,0.539213949023952,0.061661917562003676,0.3776001340815008,0.074821475168818,0.4230155826472532,0.36384038191569845,0.6696753959245089,0.12332990663862783,0.4855104534958201,0.0018316024354273857
Liu2024,4,0,-0.07411335945734804,-0.17187486971184324,-0.08013490949197391,-0.003010775017312936,-0.10870771288705505,-0.0726972364180319,-0.004224417678700337,0.03891527699227955,0.1152167391162716,0.05972057839748597,0.04996919947661693,0.029598251487389024,0.5084559840725444,0.7655915394118671,0.6401008365061887,0.0658224262168221,0.6380494533302,-0.0009134163320480929,0.4655252683005238,0.3563064492488406,0.6374914538086343,0.08598309275405522,0.4864410571193329,0.04819286514005298,-0.14637629453186757,-0.15072605458202548,-0.13536312202532236,0.005506586253272605,-0.14415515704640514,-0.276556615759277,-0.02584362290373454,-0.00728903190126698,0.06997930693190546,0.04791146491782,0.012282217375634646,-0.06404553732442216,0.5810565881542895,0.7406751855022182,0.6362040728420925,0.027573742343901475,0.6526452821662,0.4521569656374167,0.2579933571724832,0.49256678086488903,0.46098643860592603,0.10149654071672143,0.4038488588810994,-0.173695120761315
Liu2024,5,0,-0.07411335945734804,-0.17187486971184324,-0.08013490949197391,-0.003010775017312936,-0.10870771288705505,-0.0726972364180319,-0.004224417678700337,0.03891527699227955,0.1152167391162716,0.05972057839748597,0.04996919947661693,0.029598251487389024,0.5084559840725444,0.7655915394118671,0.6401008365061887,0.0658224262168221,0.6380494533302,-0.0009134163320480929,0.4655252683005238,0.3563064492488406,0.6374914538086343,0.08598309275405522,0.4864410571193329,0.04819286514005298,-0.14637629453186757,-0.15072605458202548,-0.13536312202532236,0.005506586253272605,-0.14415515704640514,-0.276556615759277,-0.02584362290373454,-0.00728903190126698,0.06997930693190546,0.04791146491782,0.012282217375634646,-0.06404553732442216,0.5810565881542895,0.7406751855022182,0.6362040728420925,0.027573742343901475,0.6526452821662,0.4521569656374167,0.2579933571724832,0.49256678086488903,0.46098643860592603,0.10149654071672143,0.4038488588810994,-0.173695120761315
Liu2024,6,0,0.05930108048937607,-0.0693194605318615,0.12451035409534901,0.03260463680298646,0.03816399135095453,0.08184744336480311,-0.07146917265547309,-0.07688399322341848,0.003526256996077992,0.03749771482577554,-0.048275636294271194,0.013596573547321487,0.4016193682696747,0.40243379903313103,0.6957137162423289,0.1470471739863271,0.49992229451504483,0.010974185999319782,0.5287335451146287,0.5431649118409624,0.31156821097706927,-0.10858266706877968,0.4611555559775535,0.10013351300836892,0.06210999864510889,0.03151480181957518,0.07837563168969212,0.008132816522291617,0.057333477384792074,-0.052139350188167476,-0.07803660776662011,-0.0215927404384794,-0.029731755338273054,0.024152426214173527,-0.04312036784779086,-0.04927107903996945,0.45508515130484295,0.3097091843093306,0.49873706577300686,0.021825957234081955,0.4211771337957268,-0.03094451659456719,0.4698418789101196,0.5115613171318402,0.25841051848238383,-0.10571568021386787,0.4132712381747812,0.13371409045246993
Liu2024,7,0,-0.11424161440366667,-0.03933721062901621,-0.12357381192161107,-0.004666098758972198,-0.09238421231809797,0.21271379522292802,-0.0628809082244975,-0.05952147015672489,-0.03683548736312679,0.013022710430685355,-0.053079288581449724,0.1640532583367521,0.3855093812174037,0.2549738601525644,0.6094953431873302,0.11199298098496326,0.4166595281857661,-0.09905866216080737,0.5499761691375032,0.458383998438622,0.5188904101889676,-0.015542879474267801,0.5090835259216976,-0.12011846757439498,0.15523782321745855,-0.04479499927596193,-0.03527441446034063,-0.09525611883889959,0.025056136493718666,0.046256241850638403,0.021456352542786033,-0.07419741823791128,0.026020005239574765,0.002281826348394366,-0.008907020151850157,0.041079298464836066,0.6289790838745202,0.26114172203965946,0.222308628704197,-0.2033352275851616,0.37080981153945886,0.042375355011096204,0.48541130899886303,0.48197518767642866,0.3558857937843828,-0.06476275760724012,0.4410907634865581,0.005989858941251795
Liu2024,8,0,0.05555718268181881,0.12619312067290803,0.004566308570905049,-0.025495437055456878,0.06210553730854396,-0.021777210913195788,0.04113285587747433,0.04456848066839025,-0.00014568819053271958,-0.020639272034003526,0.02851854945177729,-0.001890050943789796,0.37284479175150853,0.7282094947692779,0.29298552674493167,-0.03992963250328843,0.46467993775523936,0.003066318442360124,0.3642634440107394,0.3450739569255399,0.36886256613730367,0.002299561063282135,0.35939998902452763,-0.12184622649486432,0.031137445715391725,0.06985138946938757,-0.056317769860214736,-0.04372760778780323,0.014890355108188189,-0.05331908711970649,0.0460838720823494,0.011469467570427182,0.02276112996600602,-0.011661371058171692,0.026771489872927535,-0.03228007637487499,0.32249562992944425,0.28946709040034774,0.4333441622131563,0.05542426614185603,0.34843562751431606,0.006801866602196366,0.4082633040584618,0.39001348478923875,0.4052799972295787,-0.001491653414441546,0.40118559535909304,0.041216220919860914
Liu2024,9,0,-0.024958602323725553,-0.11354286694613139,0.10068195397026754,0.06282027814699655,-0.01260650509986313,-0.19619238771543923,0.02793869303164271,0.02685509276020947,0.022496745518482728,-0.002720973756579991,0.0257635104367783,-0.06068786539223462,0.33396162485561987,0.5440652213287746,0.4566511214611129,0.06134474830274652,0.4448926558818358,-0.17384573403802603,0.38973153500739005,0.35101335984735127,0.5263041887357329,0.06828632686417144,0.4223496945301581,-0.029716601245814656,0.11235489918417396,0.051615056300397845,0.1813143006118056,0.034479700713815814,0.11509475203212578,0.13900335299978092,0.07269654499874487,0.012967342322404565,-0.038606970418591416,-0.05565175770866814,0.01568563896751934,-0.012738516924084675,0.531796150141624,0.29069144346013853,0.7583678730133474,0.11328586143586172,0.5269518222050366,0.2095508951400916,0.47999634035326993,0.2909430868171854,0.5205247286749597,0.02026419416084488,0.4304880519484717,-0.008947888567846748
Liu2024,10,0,-0.051439407896631165,-0.019801929973802892,-0.053615490407732606,-0.0010880412555507209,-0.041618942759388884,0.051534658101284325,0.01087409600522531,0.01896885824787036,-0.02994318297820435,-0.02040863949171483,-3.340957503622626e-05,-0.09860188419647005,0.5047071124829874,0.1634682215478645,0.39566720696080426,-0.05451995276109156,0.35461418033055203,0.07944471759667528,0.4515370380242827,0.33500244199150736,0.2939724915737737,-0.0787822732252545,0.3601706571965213,-0.06415880005017759,-0.10556729935336404,-0.0670363555035339,-0.2994331061294066,-0.09693290338802127,-0.15734558699543486,0.02412805866899501,-0.008245785980047087,0.08930412825961528,-0.06199680244454731,-0.026875508232250114,0.006353846611673627,0.03253049421803412,0.5906432084214007,0.3538675462201827,0.8870966937742769,0.1482267426764381,0.6105358161386202,-0.017250938257115805,0.4326081898716542,0.5014919474920139,0.3638364668450246,-0.034385861513314825,0.43264553473623096,-0.04084512264752518
Liu2024,11,0,0.10654002537443377,-0.4179680472491983,-0.05160345095363243,-0.0790717381640331,-0.12101049094279898,-0.07695374277414228,-0.020480503370020903,-0.10754364880294263,-0.0067725774323429706,0.006853962968838966,-0.044932243201768834,0.15126593518735712,0.583757712393949,0.8967281417208413,0.44969634861838914,-0.06703068188777994,0.6433940675777264,0.15882842991827184,0.382169185046214,0.9156265431415661,0.3353542637447059,-0.023407460650754053,0.544383330644162,-0.11771004211588197,-0.005316476022804941,0.07036651843941528,-0.03549657586685644,-0.015090049922025752,0.009851155516584635,0.07255125135452338,-0.034487397373824356,-0.03520917746417711,-0.03457746671970325,-4.5034672939446574e-05,-0.034758013852568236,-0.06479827641451992,0.2850071333441147,0.35604376404704285,0.2071524923546953,-0.038927320494709705,0.28273446324861756,-0.20692601448520506,0.45960640026822197,0.3270192726735947,0.37349849354165676,-0.043053953363282604,0.3867080554944911,-0.037933796404487775
Liu2024,12,0,-0.07329868488994724,-0.018766684088837016,0.055301681543957,0.06430018321695213,-0.01225456247827575,-0.04679089090094487,-0.003918169066663351,-0.15088781950537508,0.007881308758917816,0.005899738912790581,-0.0489748932710402,-0.03687562582858973,0.4900985124488685,0.37959413030889855,0.5890661365460771,0.049483812048604296,0.4862529264346147,0.02038893493063737,0.4144788030901865,0.6975751775548227,0.4068011075238641,-0.0038388477831611807,0.5062850293896245,0.10388146263012282,-0.08617039531486453,0.07362856551246752,-0.02875304209679456,0.028708676609034985,-0.013764957299730526,0.07561244060676493,0.05473697828720213,0.002794040816521584,-0.030221213270788264,-0.042479095778995196,0.009103268610978483,-0.01364061312952187,0.5353731709300017,0.39460174650834773,0.4061314180437168,-0.06462087644314246,0.44536877849402207,0.08112556047875481,0.4997631551438528,0.19589164088775374,0.5211530269804994,0.010694935918323295,0.40560260767070194,0.019325215736747985
Liu2024,13,0,-0.11590221799270346,-0.030585237858320825,-0.054543311277802965,0.03067945335745025,-0.06701025570960908,-0.11035846001550344,-0.0811366909367311,-0.04579626473422542,0.04395364946960075,0.06254517020316594,-0.027659768733785256,0.12032741180839834,0.528966702172986,0.19231924934971723,0.3944536638176227,-0.06725651917768166,0.37191320511344195,-0.01585455733310448,0.5366517378652003,0.506154612828716,0.6268556961337871,0.045101979134293424,0.5565540156092345,-0.048241361420974536,-0.001034959439862025,0.09048746912251567,-0.020877974733204966,-0.009921507646671471,0.022858178316482892,-0.0536256006485907,0.0004569455770982065,-0.028576589746132478,-0.00877609317021085,-0.004616519373654528,-0.012298579113081708,-0.03280960786831615,0.9641809231320511,0.46274881559966574,0.2635210014344525,-0.3503299608487993,0.5634835800553898,0.13555106661398753,0.9820309138450837,0.5090449172110284,0.4386883664464367,-0.2716712736993235,0.6432547325008496,0.2509661578072116
Liu2024,14,0,-0.12834356616582115,-0.04849637072274359,-0.02929294438595352,0.04952531088993382,-0.06871096042483943,-0.022539906396323733,-0.012089560895637232,-0.031776958694035864,-0.004078742631081612,0.00400540913227781,-0.015981754073584903,-0.07130601074741928,0.6459664342772737,0.28179031115022335,0.21647213938761423,-0.21474714744482976,0.3814096282717038,-0.147254504580765,0.4037673935520144,0.36636280980345187,0.39140175237371405,-0.006182820589150179,0.3871773185763934,0.030520099263961487,0.03602561741518973,-0.0118359181851072,-0.11309656764150194,-0.07456109252834583,-0.02963562280380647,-0.05939143595980198,0.038897265160229434,0.006938738125713875,-0.05819256830454975,-0.04854491673238958,-0.004118855006202145,-0.005390988474401737,0.2717651653788969,0.2138889170582869,0.451732833065394,0.08998383384324857,0.31246230516752593,0.11814758042724409,0.4921683314803723,0.29957558460624273,0.45788472338032266,-0.017141804050024828,0.4165428798223126,0.07337989204654288
Liu2024,15,0,0.1065853358083298,-0.41795369603590266,-0.051586447025998614,-0.07908589141716421,-0.1209849357511905,-0.07700820782703134,-0.020511076038346756,-0.10754671827347141,-0.006780227805151328,0.0068654241165977134,-0.04494600737232316,0.1512956007185248,0.5838697107183835,0.896703930438341,0.4497047404643384,-0.06708248512702253,0.6434261272070209,0.15882921220652998,0.38213322631685026,0.9156237291857914,0.33537103529419887,-0.023381095511325695,0.5443759969322802,-0.11775037934520353,-0.005283189088872715,0.0703468674322279,-0.035498003251263906,-0.015107407081195593,0.009855225030697095,0.07261902132730357,-0.034452124411064926,-0.03522970362470243,-0.034568414772713996,-5.8145180824534924e-05,-0.03475008093616045,-0.0647442076323564,0.2850959018211995,0.3559490580106206,0.2071810867376018,-0.03895740754179884,0.28274201552314066,-0.2070671122348048,0.4594451160748398,0.3270620763978442,0.3734198172180229,-0.043012649428408434,0.38664233656356894,-0.03797863257097343
Liu2024,16,0,0.05890551720691478,-0.051056569266516284,0.1213967933719828,0.031245638082534007,0.04308191377079376,0.29105366242439734,-0.013116900921053963,-0.050651064323841026,0.08651851041202326,0.049817705666538606,0.007583515055709422,0.0977350792739282,0.49918011291564623,0.40273381557396365,0.5606630701065836,0.03074147859546866,0.4875256661987311,-0.056595503007056625,0.4189945667445786,0.42667464527214444,0.6405313294039487,0.11076838132968508,0.4954001804735573,0.08625082979145832,0.03659298735709246,0.07136179246612723,-0.11506353136553868,-0.07582825936131557,-0.0023695838474396638,-0.028112292503111248,0.02372307925495284,0.01667120651024095,-0.024028019704319187,-0.023875549479636014,0.005455422020291535,0.00319094096630936,0.4959484358428249,0.39217560433372733,0.4917508932996563,-0.002098771271584282,0.4599583111587362,-0.2167959925809332,0.4302390265127628,0.5780973973744079,0.454449826206376,0.012105399846806586,0.4875954166978489,-0.001059261344411459
Liu2024,17,0,-0.0026903082177669032,4.263951175471903e-05,0.038455273822064595,0.02057279101991575,0.01193586837201747,-0.06875209080145525,0.0009152662680969253,-0.0002679295278961213,0.023033899152064753,0.011059316441983914,0.007893745297421853,-0.05380235128930252,0.15592778214211495,0.46817605524434186,0.43127637214400055,0.1376742950009428,0.3517934031768191,-0.014485978188432336,0.2506855939297257,0.4095466185980936,0.36015245990135253,0.054733432985813395,0.34012822414305727,-0.05364574955802278,-0.030032770237599624,0.06681690838179578,0.04294560750895113,0.036489188873275374,0.02657658188438243,0.19340188577098805,-0.0011860047842638468,0.045053989102705416,-0.03410423842211845,-0.016459116818927304,0.003254581965441039,-0.04218802228713486,0.3127434072854315,0.3774621382743873,0.30107864501321213,-0.005832381136109677,0.3304280635243437,-0.3026601072132432,0.3208353411174255,0.44461469060422715,0.43661797943043673,0.057891319156505604,0.4006893370506965,-0.18378592718377
Liu2024,18,0,-0.04379993303696984,-0.05782870864464986,-0.029145603891716228,0.007327164572626808,-0.043591415191111975,0.21286354715996114,-0.06783492643096839,-0.0368456695647292,-0.13414755979570273,-0.03315631668236717,-0.07960938526380011,0.02887536290220431,0.5272846883560962,0.6711442798858365,0.3021966268143617,-0.11254403077086723,0.5002085316854314,-0.20723155680812422,0.4978534270408324,0.5137716246970784,0.6385585287661086,0.07035255086263811,0.5500611935013399,0.07102848327264442,-0.031922911408170225,0.026308131639468907,-0.10197649296565583,-0.03502679077874281,-0.03586375757811905,0.1528450638493286,-0.06005972372544673,-0.04817497457830476,-0.013464241386296554,0.02329774116957509,-0.04056631323001601,0.005383088083377757,0.3303644492587738,0.32876876741784294,0.6371302672873815,0.15338290901430388,0.43208782798799944,-0.0025891054188543947,0.4336255326304589,0.3393435699530825,0.49126128403250746,0.028817875701024284,0.4214101288720163,-0.03651384613968121
Liu2024,19,0,-0.20867671574626828,-0.10559204329217228,-0.14563964480354813,0.031518535471360076,-0.1533028012806629,0.04297555129459688,-0.07480676375988536,-0.042032297271299084,-0.04022384880451571,0.017291457477684825,-0.052354303278566716,0.029673578898020858,0.8803120552320383,0.5894042406289994,0.7613833728707433,-0.05946434118064747,0.7436998895772603,0.2956898073459394,0.38729375553679696,0.4336098758155963,0.31789088010065325,-0.034701437718071854,0.3795981704843488,-0.13467363391698264,-0.013060568966659365,-0.13488874691979547,-0.1914284770140158,-0.08918395402367822,-0.11312593096682355,0.10827329745403642,-0.046569157487681485,-0.06061806515377804,-0.055692606161223505,-0.00456172433677101,-0.05429327626756101,0.06614268264861375,0.18405311102522875,0.7250625259559298,0.7165176963916388,0.26623229268320503,0.5418777777909325,0.01572456681386497,0.4698582791262631,0.39509009486349905,0.4393926091050047,-0.015232835010629192,0.4347803276982556,-0.044753286961286366
Liu2024,20,0,-0.06020855181396643,-0.01840109213740125,0.0853846612011005,0.07279660650753346,0.0022583390832442707,-0.024228739840471285,0.028453325153603846,0.019747218280346816,0.03470571983541389,0.00312619734090502,0.027635421089788184,0.04036970162857117,0.2802577043948699,0.26948387072366875,0.6466872329130827,0.1832147642591064,0.39880960267720705,0.18829753291386975,0.33558567136364614,0.4794769877085821,0.3177495100993041,-0.008918080632171033,0.37760405639051076,-0.08016365942514907,-0.011062602958740944,-0.01487096622834351,0.07975893423429692,0.045410768596518936,0.01794178834907082,-0.0372960008181896,0.053413754863158185,-0.020745823481030008,0.04494724894091941,-0.004233252961119389,0.025871726774349194,0.012957846726290884,0.29884838971993377,0.27260089274638644,0.6504853926517846,0.17581850146592543,0.4073115583727016,0.04546705259213879,0.38019978931005355,0.361223427194504,0.354070476545635,-0.013064656382209272,0.3651645643500642,0.02349151357242102
Liu2024,21,0,-0.04364358903488688,-0.13215012890699812,-0.0498047343977878,-0.0030805726814504587,-0.07519948411322426,0.03221839043148261,0.02415632974261598,0.017342047537894,-0.012152333741832696,-0.018154331742224337,0.009782014512892429,0.05091846143737627,0.33866543792620357,0.664228846831747,0.3225650797463141,-0.008050179089944737,0.44181978816808815,-0.17801498833369664,0.5394470456809253,0.2986292846790345,0.5047678174163293,-0.01733961413229801,0.4476147159254296,0.11380930176521865,0.10995859340526962,-0.03568656977342896,0.0789567069929156,-0.01550094320617701,0.051076243541585416,-0.2512924336812565,-0.030116930335513915,0.0031283322963657693,-0.012915657920387687,0.008600636207563114,-0.01330141865317861,-0.027704252275330698,0.5927439918208242,0.48909904877559546,0.47017973209009023,-0.061282129865366956,0.5173409242288366,-0.03214416822788896,0.3613447064433769,0.31333360898794343,0.2103103425937142,-0.07551718192483135,0.29499621934167813,0.03945257318663792
Liu2024,22,0,-0.10216997222220181,-0.01973800213853071,-0.06549705482063983,0.01833645870078099,-0.062468343060457454,0.008132561439971405,0.02667555892220713,-0.031212319010826176,-0.0744091143811042,-0.05054233665165567,-0.026315291489907747,-0.02993367240163089,0.5364864219126443,0.24810221700930674,0.4572372397994964,-0.039624591056573955,0.4139419595738158,0.07909191717857732,0.445532771418758,0.29726156960272443,0.540789934777721,0.047628581679481474,0.4278614252664011,0.043726996391519224,0.07579345332690209,-0.046502990674459094,-0.05885113904516294,-0.06732229618603251,-0.009853558797573317,0.2704494238072339,0.05607636637113496,0.0013128576647705205,-0.05123921384249615,-0.05365779010681555,0.0020500033978031094,-0.0025771087123424804,0.6270715918690368,0.3790594309625036,0.44540770187951917,-0.09083194499475883,0.4838462415703533,-0.17238750929517402,0.43745598941326325,0.4872794198526557,0.4277304854462339,-0.004862751983514685,0.45082196490405096,-0.03426649924072086
Liu2024,23,0,0.08353306547931524,-0.024913143098090375,0.03083489454045473,-0.02634908546943026,0.029818272307226532,-0.05913748042902131,-0.009189106948357796,0.01365059106549642,-0.035767995907556985,-0.013289444479599594,-0.010435503930139456,0.02471493124221663,0.5962016241279087,0.3391546867132424,0.29815452783421426,-0.1490235481468472,0.41117027955845514,0.034722256580600935,0.41417884214276757,0.5075466984956601,0.5576941118487759,0.07175763485300418,0.49313988416240123,-0.2371652425926858,-0.06484670867454254,0.15953769795449801,0.19095545610834108,0.12790108239144182,0.09521548179609884,0.014799130612278574,0.026836381166225925,0.08270553589340858,0.11174060706318233,0.0424521129484782,0.07376084137427229,0.03507787088352796,0.4389558213537137,0.7415772967073752,0.8195335012678351,0.19028883995706067,0.6666888731096413,0.27328347771126116,0.45490613104192895,0.6300655624794049,0.606014989849307,0.07555442940368903,0.5636622277902136,0.045098004059931716
Liu2024,24,0,0.09028366478028184,-0.003058183342389803,0.05603150985155225,-0.017126077464364793,0.04775233042981477,0.164403547210632,-0.0006784082450709601,0.03933764885891386,0.012277334629864915,0.0064778714374679365,0.01697885841456927,-0.08693745615108296,0.5459508614337434,0.43305601396872584,0.31116989101423315,-0.11739048520975512,0.4300589221389008,0.10060414078927644,0.497426808799798,0.5353418333494678,0.33603433230846325,-0.08069623824566738,0.4562676581525764,-0.030077230342267686,-0.005026305636005977,0.1297422165089709,0.07016079425116292,0.03759354994358445,0.06495890170804261,0.01006334695335411,-0.05854194617213619,-0.0022144454369577163,-0.04528880638315053,0.006626569894492829,-0.03534839933074815,-0.039016188528997985,0.24470518611148184,0.6016353307336141,0.4349397855273863,0.09511729970795223,0.4270934341241608,-0.013611773295957327,0.7741883894229774,0.3806288851399805,0.5857079910181958,-0.0942401992023908,0.5801750885270512,0.14500163803396993
Liu2024,25,0,0.33728034860703576,0.27410623156985553,0.36077242109776547,0.011746036245364855,0.3240530004248856,-0.058584189293920515,-0.03799446912424614,-0.06181110879770973,-0.023331632181917347,0.007331418471164395,-0.04104573670129107,-0.05573399652631708,0.8696977951880571,0.8816869680211843,0.9217935375202989,0.026047871166120895,0.8910594335765135,0.1402610157001921,0.3935184883164913,0.41207583763884414,0.37665291910434406,-0.008432784606073607,0.39408241501989316,-0.011125362333503789,0.285970393500992,0.2520335883298015,0.2807331414704266,-0.0026186260152827046,0.27291237443374006,0.144369163758252,-0.07138584612788525,0.04948215307143858,0.17838488969107436,0.1248853679094798,0.052160398878209224,-0.0998678980828312,0.7710532018488938,0.7796225816437694,0.901349469593953,0.0651481338725296,0.8173417510288722,0.271484471987985,0.5386053693484947,0.48737664479893666,0.6702408324479212,0.06581773154971327,0.5654076155317842,-0.20322925371913061
Liu2024,26,0,-0.016149793667908047,0.04968854534936538,0.029937320563862967,0.023043557115885505,0.021158690748440095,-0.2655033906326999,0.02779066746403177,-0.1090526618860629,-0.03866329646600964,-0.033226981965020705,-0.03997509696268026,0.005880059473487183,0.2735043076993474,0.6320609161178845,0.538967348156172,0.13273152022841228,0.48151085732446797,-0.23988110765956897,0.5092103331925409,0.6110690370202603,0.36446894592525386,-0.07237069363364354,0.49491610537935177,0.016094044246430534,0.043622578851717844,-0.08158554540086585,-0.09799594342594305,-0.07080926113883045,-0.045319636658363686,-0.08274963700289743,-0.1079712913813565,-0.09783310172289555,-0.13875871896084319,-0.015393713789743343,-0.11485437068836508,-0.08621977984206018,0.5197792052228596,0.5246941769013289,0.639875941193297,0.06004836798521873,0.5614497744391619,0.2795593869553997,0.6428568037584497,0.627897419410811,0.7011786246163998,0.029160910428975062,0.6573109492618868,0.26014353965939946
Liu2024,27,0,0.17889954069012926,0.02813541452237972,-0.018712881636134097,-0.09880621116313168,0.06277402452545829,-0.0498330673656264,0.024817592058577257,-0.04945213762701531,0.00162776909350217,-0.011594911482537544,-0.007668925491645294,0.00959878291706917,0.774421464780221,0.42520795901947284,0.2146292205302454,-0.2798961221249878,0.4714195481099797,0.2801868901663627,0.370606761978402,0.5004533705856284,0.34190311103456683,-0.014351825471917571,0.40432108119953236,-0.03845533049674238,0.24371432749246355,0.05231773809202558,-0.10138756718830469,-0.17255094734038412,0.06488149946539482,0.023502340376405213,0.03132977353837226,0.05131783246236329,-0.016976884326746607,-0.024153328932559434,0.02189024055799631,0.04543618034361998,0.8661775601096761,0.3446883060043169,0.4687168535906294,-0.19873035325952332,0.5598609065682075,0.3283268213510332,0.3013675596882029,0.4142342250523666,0.46136396325563866,0.07999820178371789,0.39232191599873606,-0.09699082527895547
Liu2024,28,0,0.000791713629588249,-0.1299301261551072,0.09304168689563205,0.046124986633021905,-0.012032241876628972,-0.06823352808157679,-0.04104810441102422,-0.10759023762033894,-0.0815482464065981,-0.02025007099778694,-0.07672886281265374,0.017011458992794062,0.2857954385606484,0.5799903734912503,0.5631944348634276,0.1386994981513896,0.47632674897177535,0.03542328933119315,0.44332611495473223,0.581822685179837,0.4898726704466627,0.023273277745965243,0.5050071568604106,0.05746769178721106,-0.021631028177266406,0.15023316034114617,-0.04919336852682937,-0.013781170174781483,0.026469587879016803,0.06109162016278761,-0.07292236101740944,0.0180630882766841,-0.0658131573164306,0.0035546018504894195,-0.04022414335238531,-0.09434242652232593,0.49702317650753053,0.5113373454528252,0.4315689426767964,-0.03272711691536706,0.47997648821238403,-0.03737642890689289,0.4403572803544803,0.3080840407495345,0.4753253983798079,0.01748405901266381,0.4079222398279409,-0.12957361287345595
Liu2024,29,0,-0.12665327834990198,0.11433172661632901,-0.040999419022073186,0.042826929663914395,-0.01777365691854872,0.19351908214834776,0.014707718487122629,-0.04865705386546882,0.003834846225485424,-0.0054364361308186036,-0.01003816305095359,0.00909193430390437,0.7793289161728674,0.5073854416266798,0.47104589288324705,-0.15414151164481016,0.5859200835609314,0.13272132842790926,0.5113789947406601,0.45997027070667984,0.45721080684078613,-0.027084093949936966,0.47618669076270864,0.08303499224669852,-0.03550830606382905,-0.11962214120098759,-0.04445864342256905,-0.004475168679369999,-0.06652969689579523,-0.21790686399359852,-0.007277253962064991,-0.09741578878390686,-0.04020766164537816,-0.016465203841656586,-0.04830023479711667,-0.031180132269290093,0.3013487763131522,0.6085934115110357,0.34173432582873353,0.02019277475779066,0.41722550455097385,0.09550954353829927,0.4976661667383301,0.5010230154115975,0.36853331279483503,-0.06456642697174753,0.45574083164825424,-0.05012327307739384
Liu2024,30,0,-0.05598233722069501,-0.002513470143508535,0.04354826220540679,0.0497652997130509,-0.004982515052932251,-0.24069227621252653,0.032953914130183025,-0.03840558451046652,0.0206121611893284,-0.006170876470427311,0.005053496936348301,0.04196927219213331,0.4359360931137718,0.30953737573963225,0.65414187656832,0.10910289172727411,0.46653844847390796,-0.115272738038732,0.37996391866324825,0.3347385574549563,0.2937978283588365,-0.04308304515220587,0.3361667681590137,-0.09268600451823421,-0.0970172453144256,-0.1457848617167921,-0.053029119149240876,0.02199406308259236,-0.09861040872681953,-0.1448977200851609,0.0237056673874394,-0.06389373277041693,0.009883514138983088,-0.006911076624228154,-0.010101517081331482,-0.15534717539390633,0.6428041004122125,0.5862687029322887,0.4816191511319187,-0.08059247464014688,0.5702306514921399,0.13487597100638068,0.3065821870375732,0.38125528850969537,0.20016494174448712,-0.05320862264654302,0.2960008057639185,-0.09061893538034611
Liu2024,31,0,-0.19897799260348747,-0.1445126550111525,-0.18733694557551797,0.005820523513984752,-0.17694253106338598,-0.2639702314502939,-0.037123987292830396,-0.034350777109723216,-0.06769656952104146,-0.015286291114105531,-0.046390444641198354,-0.05531694575096224,0.8612574513395408,0.746913315665849,0.8934520571079743,0.016097302884216735,0.8338742747044546,0.38367789149322085,0.39211891497332274,0.3521171359158854,0.5637586670214626,0.08581987602406993,0.4359982393035569,0.026625277080614112,-0.2855053440138016,-0.17853235728536013,-0.16004527811177877,0.06273003295101143,-0.20802765980364687,-0.0426074029764795,-0.07009783220578568,-0.08620655279434453,-0.02496214930807333,0.022567841448856176,-0.060422178102734515,-0.08045658204196982,0.9534545675544963,0.756152315735465,0.9271182755647446,-0.013168145994875867,0.878908386284902,0.47018929312235125,0.5679639993356228,0.4419437706009266,0.40515822647505845,-0.08140288643028218,0.4716886654705359,0.09574748685988844
Liu2024,32,0,-0.031730836798659325,0.14524483889916553,0.08753419975071781,0.05963251827468857,0.06701606728374133,0.15169268083843518,-0.050281776277202615,0.0010564591968937433,-0.034497170924934796,0.00789230267613391,-0.027907496001747894,0.1113243424014585,0.34390363053463546,0.6684831618007065,0.5333052283241496,0.09470079889475708,0.5152306735531639,0.06075561796814305,0.3693721456249148,0.46202947056314564,0.30320999732539966,-0.03308107414975758,0.37820387117115334,-0.194374562159066,-0.07215893457876554,0.03287041691021794,-0.07133952763713278,0.00040970347081638325,-0.03687601510189346,0.24305954392099557,-0.037332342483093445,0.006369608980210979,-0.031300962519979686,0.0030156899815568794,-0.02075456534095405,-0.07988844950006697,0.6078727864613305,0.187277309539715,0.38539127435005743,-0.11124075605563652,0.3935137901170343,-0.37446645174632326,0.4333678402318583,0.3250319339356039,0.5760133890712621,0.07132277441970189,0.4448043877462415,-0.09876227716145743
Liu2024,33,0,0.0612495087724559,-0.028332392084433982,-0.1215756425156306,-0.09141257564404326,-0.02955284194253623,0.24442378058284175,-0.019954975580863933,0.004375964218316953,0.03995099735389188,0.029952986467377908,0.0081239953304483,0.17531084870870783,0.4409224871366515,0.20999119776451974,0.7174150068476561,0.13824625985550232,0.4561095639162758,0.05932598723122923,0.3255640917294314,0.3640403107655565,0.5526699007654104,0.11355290451798952,0.41409143442013274,0.05739958826440169,0.009321473557865289,0.005773868145064521,-0.09711263794230837,-0.053217055750086825,-0.027339098746459522,0.007164086198967527,0.007754390780236591,0.025029412501474477,0.010258524902526784,0.0012520670611450963,0.014347442728079285,-0.01617953781042522,0.2226512395407726,0.4601853508669852,0.49260925537790645,0.13497900791856693,0.39181528192855475,-0.2157291430484428,0.36882560760681093,0.2506294935431686,0.4464690716092766,0.038821732001232845,0.3553080575864187,-0.22857662275696897
Liu2024,34,0,0.015853526720975612,-0.20253820815671816,-0.08721639960472358,-0.0515349631628496,-0.09130036034682204,0.07682856879940476,0.05717865902342707,-0.07133771207934193,-0.07266695766589468,-0.06492280834466088,-0.028942003573936514,-0.08112033406400937,0.20600300936624297,0.8416538871320962,0.40049387680790477,0.09724543372083087,0.48271692443541464,-0.11591730277189694,0.5747268450114591,0.4219205399680112,0.5153891552957572,-0.02966884485785093,0.5040121800917425,0.06453971793500542,-0.21112948288317482,-0.13659754660929094,-0.02079681930975247,0.09516633178671118,-0.12284128293407275,0.1758304220851834,-0.08009356370556261,-0.0796895031353157,-0.04143569590776638,0.01932893389889812,-0.0670729209162149,-0.09701524253115246,0.8655157814348133,0.706358562305999,0.2230491554044067,-0.3212333130152033,0.5983078330484064,0.019191839880851658,0.5340265665259418,0.5424067078461697,0.3861419353300898,-0.07394231559792602,0.4875250699007337,-0.013207733461954122
Liu2024,35,0,-0.23750381884245023,-0.04719626762759039,0.07426700284800805,0.15588541084522914,-0.0701443612073442,0.09839907901008926,-0.008250949307859903,0.018647392226332903,0.05354030787423166,0.030895628591045783,0.02131225026423489,0.015482664583019709,0.9380007737405625,0.29991547985374456,0.5343154397783032,-0.20184266698112963,0.5907438977908701,-0.13666680971175302,0.4174814393312755,0.5167936787798729,0.5415407768711847,0.06202966876995461,0.49193863166077767,0.015645378161204964,-0.0950057728451337,-0.02144962102947193,0.03806629895451233,0.06653603589982302,-0.026129698306697768,-0.1764600759584308,-0.06027335513718125,-0.004540243617709541,0.05650524001793545,0.05838929757755835,-0.0027694529123184464,0.04530730260337045,0.49392416681991896,0.21708233326200424,0.6982697990845492,0.10217281613231513,0.46975876638882413,-0.011545881014997447,0.45694699191692856,0.506085705798461,0.5854010308306736,0.06422701945687254,0.516144576182021,0.03491083342794179
Liu2024,36,0,-0.01760287031982505,-0.009282251407070554,-0.006203813241869254,0.005699528538977899,-0.011029644989588286,-0.14908476744679708,-0.03489812774792515,-0.009484363545710596,-0.02551003122926341,0.004694048259330872,-0.023297507507633052,0.11784569128470768,0.4410767071519317,0.3726067561329421,0.41669385320178587,-0.012191426975072917,0.41012577216221985,-0.04307354252465121,0.5755639846882741,0.3096560564717604,0.4564734906009255,-0.059545247043674275,0.4472311772536533,-0.11276558309756225,0.07634835784468114,0.022596459739290593,-0.04094283895259571,-0.058645598398638414,0.019333992877125335,0.0747798618039568,-0.0035572066986844808,-0.03161498621471241,-0.0412306021470944,-0.01883669772420496,-0.025467598353497097,-0.054409449314373574,0.6211319131947655,0.43154350943815223,0.4175664600019272,-0.10178272659641913,0.4900806275449483,0.1988844708864108,0.43681523906854874,0.4798140205501819,0.5215008553777676,0.04234280815460942,0.4793767049988327,0.06328703271636925
Liu2024,37,0,-0.015181241026855332,0.055882688052298825,0.061344654316959346,0.03826294767190734,0.03401536711413428,-0.06325261550299073,0.05139013910355937,-0.024377137511757574,0.027358224458872697,-0.012015957322343335,0.018123742016891497,0.04994106677050467,0.7880229284679948,0.4633781773463871,0.3548182358078332,-0.21660234633008077,0.535406447207405,0.08059580195737726,0.580861363934339,0.26341897196569675,0.4633141638342971,-0.058773600050020934,0.4358648332447776,-0.06374444177490111,-0.047286441315958,-0.030504993687270006,-0.05128345526661822,-0.001998506975330109,-0.043024963423282075,-0.05055088336123608,-0.004024189489334194,0.01000939333292478,0.0022997414519858542,0.0031619654706600236,0.0027616484318588133,-0.01986497030582285,0.44935433587989726,0.6173744114129844,0.6533164212162592,0.10198104266818096,0.573348389503047,0.10347579509773268,0.3019315587475186,0.4607247864628811,0.36689782164442303,0.03248313144845222,0.3765180556182743,-0.06976104073410165
Liu2024,38,0,0.027619034118251853,-0.0780504681234713,-0.027778057979028582,-0.02769854604864021,-0.02606983066141601,-0.08187212359649221,0.0039134046067746415,-0.03519209078439131,-0.016950144742793327,-0.010431774674783983,-0.01607627697347,0.012038388986417623,0.3460764189827986,0.5517042452080616,0.3354175988504422,-0.0053294100661782084,0.4110660876804341,0.09575685680272694,0.5225093776510314,0.44130655133815133,0.2688400178880391,-0.1268346798814962,0.4108853156257406,-0.06681300250961221,-0.166924455906665,-0.05447179476049092,-0.10105632573815904,0.03293406508425298,-0.10748419213510498,-0.1533747294064168,-0.0015662946240389425,0.031137355317949107,-0.03467561645027809,-0.016554660913119575,-0.0017015185854559755,0.021548848742986727,0.6796836383289158,0.3968132344866658,0.7012772801582103,0.010796820914647287,0.5925913843245972,0.31454823042235136,0.4873565981115091,0.3598007158012092,0.3985676799370771,-0.04439445908721601,0.41524166461659845,0.0679013797121581
Liu2024,39,0,0.11122442505410252,0.05672309469734091,0.205286251649187,0.04703091329754225,0.12441125713354347,-0.046657947579691994,-0.02838302760092061,-0.01315723086608046,-0.024054282774456655,0.0021643724132319776,-0.021864847080485906,-0.14814972494073028,0.696051558345173,0.32556751340627876,0.5282591859977754,-0.08389618617369876,0.516626085916409,0.14025453478193894,0.49042741084514574,0.339849609607158,0.3421605723349041,-0.07413341925512082,0.3908125309290693,-0.11031628390760599,-0.006332351102032082,0.06920913593408706,0.13421829241661198,0.07027532175932202,0.065698359082889,0.22118833017830938,-0.027215444072368374,0.05537323509835889,0.059890614674542555,0.04355302937345547,0.029349468566844356,-0.090560973284733,0.21362176282314843,0.6190583191142249,0.7024113869565649,0.24439481206670824,0.5116971562979794,0.08960147433575903,0.33822075701034726,0.5654477823010626,0.5613181115007717,0.11154867724521221,0.4883288836040605,-0.13995700039243295
Liu2024,40,0,-0.013022700838480214,0.01731402169178256,0.002018206434856702,0.007520453636668458,0.002103175762719683,0.13686724546982657,0.029603499122124028,-0.10299197975521196,0.03901910500850186,0.004707802943188913,-0.011456458541528693,-0.021744293028260937,0.2167132729987969,0.3435087022554424,0.23524357142029223,0.00926514921074767,0.26515518222484386,-0.15973394807157446,0.33362314134531446,0.6481600791284342,0.3809564668377833,0.02366666274623441,0.45424656243717737,-0.10591477301223452,0.0009649353919299643,0.09800339863366297,0.022078735310382815,0.010556899959226424,0.04034902311199192,0.03161455062314016,-0.029147253515175102,-0.1002982114357046,-0.02530865002690042,0.0019193017441373403,-0.05158470499259337,-0.03823567293036001,0.6250350210058098,0.5915140462923864,0.2043349804316602,-0.21035002028707475,0.473628015909952,0.11077538126581321,0.46665801508899823,0.5423090239709196,0.4860430790565517,0.009692531983776731,0.49833670603882324,0.05743835680074381
Liu2024,41,0,0.12579876323242536,0.0008580557286862311,0.035026731043415034,-0.04538601609450516,0.05389451666817554,-0.21528088412521382,0.09937406675554282,0.07470539488728128,-0.03795341040654215,-0.06866373858104248,0.045375350412093986,0.046661748140524796,0.8009877690996823,0.3751628330635859,0.26708319399354463,-0.2669522875530688,0.4810779320522709,-0.140830775815962,0.5827371660345938,0.519446469530976,0.32099997774947175,-0.13086859414256102,0.47439453777168045,-0.21031327108328743,0.15690771438267398,0.013922386780965877,0.0794553548420667,-0.03872617977030364,0.08342848533523552,-0.2190188823598688,0.07103589153402376,0.09200929377152979,0.02013793790566746,-0.025448976814178147,0.061061041070407,-0.05309392866642387,0.6973069627274624,0.5443961805254229,0.3185096786773287,-0.18939864202506684,0.5200709406434046,-0.013312961660991959,0.3885343231069745,0.5179616756701885,0.48813866458068567,0.04980217073685558,0.46487822111928284,0.03518105021114128
Liu2024,42,0,0.030587925552727855,-0.04732901663796056,0.009952693865171953,-0.010317615843777952,-0.0022627990733535843,-0.11748623127709938,-0.04047782485325968,0.003464682487201761,-0.032916809025504055,0.0037805079138778126,-0.023309983797187322,0.13718115768912997,0.2168544095210576,0.20489012963099545,0.38268566791763065,0.08291562919828652,0.26814340235656126,-0.1565293105750362,0.3320504762774848,0.3171979162404297,0.48309123992526853,0.07552038182389187,0.37744654414772766,-0.09297685301420171,-0.01373379927180549,-0.1276369058217438,0.038646267679131166,0.026190033475468326,-0.03424147913813937,-0.036094030404795356,0.06776359759715932,0.02338413512416003,0.01061476054487067,-0.028574418526144323,0.03392083108873001,-0.11213219020268485,0.29441907242795107,0.8436457126716104,0.26374641303409013,-0.015336329696930466,0.4672703993778838,0.10523305401318388,0.45948604684338584,0.40003915771547527,0.3240361548832062,-0.06772494598008982,0.3945204531473558,-0.04697902605964569
Liu2024,43,0,-0.019711983675799214,0.05019749911151479,-0.08228906647018558,-0.031288541397193184,-0.017267850344823334,0.18769216477121875,-0.045557240289982384,-0.032244898149169615,-0.059453547180929184,-0.006948153445473399,-0.045751895206693725,-0.03692947256673318,0.19420917854420872,0.4762728577802693,0.4524736383063973,0.1291322298810943,0.37431855821029175,-0.06890450798974658,0.40339684163201955,0.3912289174227656,0.45510470558232047,0.025853931975150457,0.4165768215457019,0.0020446145190540777,-0.129662997485473,0.038184086169376553,0.06488985262915253,0.09727642505731277,-0.008863019562314639,0.09622440958176448,-0.08405489199597374,-0.060066462770094496,-0.09794267609205545,-0.006943892048040856,-0.08068801028604124,0.002253453004068683,0.7318890281719093,0.3733946242724764,0.31503185851900295,-0.20842858482645313,0.47343850365446283,-0.02297233690370845,0.5954858202852047,0.47481127137549184,0.5954923489917806,3.2643532879572663e-06,0.555263146884159,0.056208906190126605
Liu2024,44,0,-0.04850129102696778,-0.03313334033683987,0.027504474395572524,0.03800288271127015,-0.018043385656078378,0.06642346574189033,-0.07511898071666888,-0.09225441650399892,-0.07863926377693685,-0.0017601415301339851,-0.08200422033253489,-0.0030560635193240837,0.31430199925500013,0.5429668627243706,0.3423477426684078,0.014022871706703827,0.3998722015492595,0.025782371084995998,0.5096233730716931,0.522653626456006,0.42003600125145535,-0.0447936859101189,0.48410433359305155,-0.051922473063429286,-0.045412049830864665,0.0654991454804427,-0.015951117207691573,0.014730466311586546,0.0013786594806288188,0.20779621522161892,0.009411591019230146,0.0068803841955912305,0.012259566429140892,0.0014239877049553734,0.009517180547987423,0.1356702415234495,0.5310245165589345,0.370134358709161,0.3355770281211131,-0.09772374421891065,0.41224530112973623,0.10606285084768152,0.4373138892615922,0.4597506996303454,0.4121439767813381,-0.012584956240127064,0.43640285522442523,-0.019064304365369284
Liu2024,45,0,-0.0008046147258932148,-0.05421916481793283,-0.04272903634098092,-0.020962210807543853,-0.032584271961602324,-0.17994475344344948,0.04614072237177068,0.030671529652364558,0.03577036068751387,-0.005185180842128403,0.0375275375705497,-0.10188552654206441,0.1667973926860266,0.5306444770521523,0.573004499612148,0.20310355346306072,0.42348212311677563,-0.35453782757999264,0.3806316238885825,0.5681965257805587,0.43761118513803515,0.028489780624726315,0.4621464449357255,-0.11472071065015073,0.05201182999753205,0.02528254930259297,-0.04240385714851714,-0.0472078435730246,0.01163017405053596,-0.20712633063176641,0.05106851097285671,0.003764152857749319,-0.014026184747174772,-0.03254734786001574,0.013602159694477084,0.06655096478254674,0.38075738989717806,0.14470560842689312,0.35522526175284713,-0.012766064072165462,0.2935627533589728,-0.13598424929911315,0.5436531505703204,0.26460230054611855,0.28806012067009024,-0.12779651495011507,0.3654385239288431,-0.0013332407736431628
Liu2024,46,0,-0.10981503514712618,-0.03293596913212762,0.013752976417636637,0.0617840057823814,-0.042999342620539054,-0.20698497514815287,-0.1112203546631074,0.025698185468148036,-0.053110708762736054,0.029054822950185667,-0.046210959319231804,0.03894221184707795,0.6055085762751151,0.5998187862358128,0.19580237814593698,-0.20485309906458904,0.46704324688562165,0.19746667744061772,0.5625828262224666,0.39613620189754345,0.5257091992676723,-0.018436813477397118,0.49480940912922744,0.03513698267076402,-0.006089529925788397,0.0770364491869153,0.0143338591013858,0.010211694513587099,0.028426926120837564,0.20892682374714178,-0.05307903161691937,-0.03135656443032132,-0.012904466001799344,0.020087282807560013,-0.03244668734968001,0.004954678345386126,0.7097805006977305,0.5754329648516795,0.2563001391848075,-0.2267401807564615,0.5138378682447391,0.16023727002260116,0.5444965238881957,0.2863821821450875,0.35855561451969425,-0.09297045468425072,0.39647810685099244,-0.014920741203459745
Liu2024,47,0,-0.04265129428858151,-0.08948856186264154,-0.03384798611247015,0.004401654088055682,-0.05532928075456439,-0.27069685203486077,-0.048602540969743986,-0.005811665830157051,-0.08194381892988843,-0.016670638980072223,-0.04545267524326316,-0.06082396545199237,0.405911695933304,0.30415516322278113,0.21750167381422555,-0.09420501105953923,0.30918951099010356,-0.1680500906110852,0.42792960096331534,0.5187374476635569,0.6189687282121412,0.09551956362441294,0.5218785922796711,-0.014800081032306697,0.09422976767337149,0.05768630389401508,-0.07205275516019499,-0.08314126141678324,0.02662110546906386,-0.07118112831768834,-0.007775428984146119,0.00027195207049132643,-0.04350516082876172,-0.0178648659223078,-0.01700287924747217,-0.061261869812272905,0.5163436886077177,0.5368689361465795,0.45859570957896034,-0.02887398951437869,0.5039361114444192,0.12643635553176552,0.28915639905347523,0.3335515373627565,0.5879784248482912,0.149411012897408,0.4035621204215077,-0.08438840102505422
Liu2024,48,0,0.07868715918220096,0.040336952124937965,0.06182019861508045,-0.008433480283560252,0.06028143664073979,-0.1097391923854462,-0.025511785179974957,-0.04558104329346656,0.027620304217032113,0.026566044698503533,-0.014490841418803135,-0.04777115502649842,0.5415718537569483,0.2833362032595063,0.36646251746513825,-0.08755466814590501,0.39712352482719765,-0.10798237187697828,0.39759846533066856,0.33133240621870347,0.3004137767766285,-0.04859234427702002,0.3431148827753335,0.013249506349774528,-0.034532128890886866,0.03602619293256321,0.037671826874576625,0.03610197788273174,0.013055296972084324,-0.1967308594329579,0.05191420803608538,-0.0492478950796157,0.02129191952972922,-0.015311144253178081,0.007986077495399634,0.024439285454103454,0.41495683917603604,0.51354858255031,0.6505583186300732,0.11780073972701857,0.5263545801188064,-0.059302748736286236,0.5385428035294246,0.3066564434635681,0.3997383411964504,-0.06940223116648711,0.4149791960631477,0.014276789048853619
Liu2024,49,0,-0.04265422482985673,-0.08948774040698443,-0.0338499253518718,0.0044021497389924655,-0.05533063019623765,-0.27070110196157676,-0.04859244148085144,-0.005809659040250036,-0.08194372843861797,-0.016675643478883263,-0.04544860965323982,-0.06081927295636541,0.40592033165217234,0.3041562667921251,0.21750798985770747,-0.09420617089723243,0.30919486276733493,-0.1680367095282301,0.4279104004336949,0.5187357176780163,0.6189709030847202,0.09553025132551268,0.5218723403988105,-0.014798822953441223,0.0942295468628796,0.05768540263301418,-0.07205281398526872,-0.08314118042407416,0.026620711836875022,-0.07117867705232105,-0.00776967399257671,0.0002718264302317505,-0.0435051933862783,-0.017867759696850796,-0.017001013649541086,-0.061258870394144155,0.516335270059628,0.5368682915939418,0.45859586441274913,-0.028869702823439425,0.5039331420221064,0.12643368728431098,0.28916607088151575,0.3335521459257158,0.5879784968425844,0.14940621298053433,0.40356557121660536,-0.08438601926452845
Liu2024,50,0,0.0006939018250185971,-0.15913631331569345,-0.11289881114586293,-0.05679635648544076,-0.09044707421217925,-0.30705458886771114,0.011922690554461502,-0.06171136703918883,0.014371916301172226,0.001224612873355362,-0.0118055867278517,-0.07026914428674919,0.2352872012301995,0.6984912747194925,0.6763634618266796,0.22053813029824004,0.5367139792587906,0.08031076439018452,0.4539153248922172,0.5936742230093502,0.2661102612685891,-0.09390253181181404,0.4378999363900522,0.014345027471516206,0.13082884912811896,0.132312691120331,0.022747577097833135,-0.054040636015142904,0.09529637244876103,-0.015624513146962804,0.02622975767922526,0.08016571987757766,-0.003252302771509959,-0.014741030225367609,0.03438105826176432,0.02403845450132824,0.5482652147137193,0.7304502742664425,0.44348472224957136,-0.052390246232073945,0.5740667370765777,0.1217875800270715,0.44985795853691624,0.41526441337619296,0.377099212107331,-0.03637937321479262,0.41407386134014673,-0.0999468865437475
PhysionetMI,1,0,-0.12177385831016492,-0.0800665632513844,0.008109765789136381,0.06494181204965066,-0.06457688525747098,0.2682288970400299,0.0015789965892363434,-0.07708803748429835,0.006850289381169549,0.0026356463959666034,-0.02288625050463082,-0.0018986609517591842,0.6827377555041646,0.5680086027244504,0.28543109754821006,-0.19865332897797727,0.5120591519256084,-0.4098500427508662,0.40339805482704105,0.5651513796869776,0.3154218317375948,-0.043988111544723124,0.4279904220838711,-0.06214538741030573,0.04509164122329989,0.019367835890904694,0.04022677568448377,-0.00243243276940806,0.03489541759956278,0.011656197995327092,-0.027110654856108748,-0.049789844769546864,-0.015957383126735822,0.005576635864686463,-0.030952627584130477,-0.08086175964712297,0.3618328278061668,0.2843393483151781,0.4605554298016996,0.049361300997766394,0.3689092019743481,0.033669278525988444,0.360885106993469,0.38828350286906754,0.276353685085635,-0.042265710953916985,0.3418407649827238,-0.056657582252339155
PhysionetMI,2,0,0.029243457148089937,0.03686540251290594,0.03756073770364413,0.004158640277777098,0.03455653245488,-0.1855095300613159,0.008220032250594957,-0.005909509414595175,0.04388272909913437,0.017831348424269707,0.015397750645044716,0.09275375733170695,0.45491960013567007,0.4402276512075929,0.4570039799176151,0.001042189890972517,0.45071707708695935,-0.017661028933121214,0.2794577497441689,0.31797768497892964,0.45309261558316954,0.08681743291950031,0.35017601676875604,-0.02442562898608508,-0.055748083596786735,-0.14176556492558617,0.01820281587468894,0.03697544973573784,-0.059770277549227986,-0.08281925403980252,0.08225440976980906,0.1289612077636731,0.07517828143680023,-0.003538064166504415,0.09546463299009413,-0.062100023446976495,0.37791806601212063,0.7997985383784896,0.39103885975104713,0.0065603968694632475,0.5229184880472192,0.3699294761377352,0.5329154695188284,0.6124915085116354,0.5514645293854374,0.00927452993330452,0.5656238358053004,-0.010188042680394749
PhysionetMI,3,0,-0.050706986475895714,-0.09649371791824403,0.0668202633943426,0.05876362493511916,-0.02679348033326571,0.08500763495274205,-0.043516502102332044,-0.00856468962255916,-0.05272244480926861,-0.004602971353468283,-0.034934545511386604,-0.07278725143913238,0.5074902480531147,0.785138639373,0.6966634039592096,0.09458657795304741,0.6630974304617747,0.22442866267811604,0.5131099670146635,0.36433772381893936,0.6036633679120562,0.04527670044869636,0.49370368624855304,0.14940593510299402,-0.022622514374495695,-0.008340364576358488,0.06833694073784351,0.0454797275561696,0.012458020595663108,-0.0177648144307205,-0.06017736077519911,-0.08488023862686779,-0.031114194936580786,0.014531582919309163,-0.058723931446215905,0.020695997677073058,0.2625221658010503,0.20440581691279,0.6427274031953478,0.19010261869714876,0.36988512863639605,-0.02884810988806506,0.6911471049005012,0.582644266906558,0.4429439943367885,-0.12410155528185637,0.5722451220479493,0.04912384622527562
PhysionetMI,4,0,-0.07397990417424326,0.004094989093845007,0.007873466631276685,0.04092668540275997,-0.020670482816373854,0.03680965435916391,0.0014908790864298694,-0.008817619407964498,-0.04394050479927123,-0.02271569194285055,-0.017089081706935287,-0.03021367084529712,0.593863442775631,0.2015599125512768,0.22699914155367285,-0.18343215061097906,0.3408074989601935,-0.1134743025019731,0.2943624440909374,0.30839525840649373,0.44269830546932637,0.07416793068919447,0.3484853359889191,-0.17166973137304922,0.004570138625245681,-0.05537306077886599,0.12680743098124506,0.06111864617799968,0.025334836275874916,0.12726788263768443,-0.01991667573357236,-0.04335128324746329,0.00832799130835085,0.014122333520961606,-0.0183133225575616,0.024598549940936132,0.25896078720480886,0.5648343882149347,0.7607109953298725,0.25087510406253183,0.5281687235832053,0.024122324457518367,0.4930451198330411,0.3544126456270059,0.41858733269954423,-0.03722889356674844,0.42201503271986374,0.06281818228975909
PhysionetMI,5,0,0.0805171953833889,0.016409954634823375,0.03131564416411136,-0.024600775609638772,0.04274759806077455,0.14848422451073165,-0.031273036463052205,-0.04204578835740056,0.03938248753354243,0.03532776199829732,-0.01131211242897011,0.04319195909838136,0.5839941099135452,0.14623568670990936,0.5775003910034526,-0.0032468594550462693,0.4359100625423024,0.10948052828600056,0.33585014833936655,0.5053317010933187,0.5123451834097831,0.08824751753520826,0.45117567761415617,0.005821016555087766,0.05130149867367949,-0.015068906120162717,-0.004276330390037827,-0.027788914531858656,0.010652087387826312,-0.13134681463306203,-0.01747317981042086,-0.03745491748007827,0.0321225869298631,0.024797883370141976,-0.007601836786878678,-0.01970328552953967,0.6608609588296176,0.15545516692984687,0.3263333971091795,-0.16726378086021904,0.380883174289548,-0.1862524867030392,0.37050951913499797,0.4424407006374409,0.27030285586487224,-0.050103331635062864,0.36108435854577037,-0.04024832661532692
PhysionetMI,6,0,-0.07932149871674501,-0.012604843875989513,-0.10911293678681616,-0.014895719035035572,-0.06701309312651689,-0.07186324419866119,-0.03986005903672581,-0.02156162880877116,0.004004179857831748,0.021932119447278783,-0.01913916932922174,-0.025766828045626373,0.5011336013404513,0.19906417520392788,0.6065447491167435,0.05270557388814612,0.4355808418870409,0.18526035306808977,0.4981062656561527,0.5742294703283297,0.523176216310857,0.01253497532735215,0.5318373174317799,0.021207390276187028,-0.033510570687363746,0.09525016035952233,0.024904213405530454,0.0292073920464471,0.028881267692563013,0.1837981513432796,0.008948849829483267,-0.027659005614143202,-0.03405542139331522,-0.021502135611399246,-0.01758852572599172,0.06426128783177798,0.4777823115317313,0.7415427150220332,0.35853968820132104,-0.059621311665205116,0.5259549049183618,0.008596264552285626,0.28085091861977085,0.4345154450768854,0.3356286428420978,0.027388862111163478,0.3503316688462514,0.010481651321107344
PhysionetMI,7,0,0.09845154508930412,0.00835783749168901,0.06987142360657894,-0.01429006074136259,0.05889360206252403,-0.05015514690201575,-0.02116204413844306,-0.019835355525209843,0.03506280179016464,0.02811242296430385,-0.0019781992911627536,0.024785544825942776,0.6076313631901016,0.20830493146236145,0.5848811572436411,-0.011375102973230244,0.46693915063203467,-0.031335535238606084,0.3906478007979515,0.4556633316847457,0.4727931460186678,0.04107267261035813,0.4397014261671217,-0.021506296604983672,-0.06550862599699397,-0.005104271321063939,0.014048702040446682,0.03977866401872033,-0.01885473175920374,-0.05757789980854586,-0.0019021284500132824,-0.03325911948405833,-0.06740866500129027,-0.03275326827563849,-0.034189970978453964,0.006519799126266874,0.45630340541093317,0.3001394771074132,0.2932041614480702,-0.08154962198143148,0.3498823479888055,-0.12338981322244585,0.25313587787690894,0.3382671410612963,0.5099239868218702,0.12839405447248065,0.36710900192002516,-0.08777546303228069
PhysionetMI,8,0,-0.055007719247199424,-0.001457701738485452,-0.039983918219035935,0.007511900514081744,-0.03214977973490694,-0.03201362912496741,0.04374522893745727,0.03672785354417561,-0.007037639387420851,-0.025391434162439056,0.024478481031404004,0.05468623124836507,0.5657128464396386,0.23182750026480742,0.4112092016383187,-0.07725182240065995,0.4029165161142549,0.16108461074190608,0.427332618280855,0.381049999729211,0.3899142636187019,-0.01870917733107655,0.39943229387625595,0.023862337141842493,0.039654463104689265,0.07730862539003244,0.0799101347601968,0.02012783582775377,0.06562440775163951,-0.08896817018029678,0.05246820289571617,0.09135851331437596,-0.016666213024146993,-0.03456720795993158,0.04238683439531504,-0.033020139598651195,0.42398497058257045,0.5954412756033869,0.5621564856542605,0.069085757535845,0.5271942439467393,0.15798720713571773,0.639298289314916,0.7067642381823703,0.328880159526461,-0.15520906489422748,0.5583142290079157,0.09927358576027395
PhysionetMI,9,0,0.022398005735558876,-0.025245334758014607,-0.013934558027486185,-0.01816628188152253,-0.005593962349980638,0.11864483956521722,-0.013752553676590236,-0.009845730302694356,0.00027156195931544774,0.00701205781795284,-0.0077755740066563815,0.02539558038704467,0.3671179600504996,0.2931188497762527,0.29175589540420466,-0.037681032323147484,0.31733090174365236,-0.2537167291851732,0.22562327567751403,0.34940707967073537,0.23401911097831207,0.004197917650399022,0.2696831554421872,-0.10307858139213714,0.056480644920273944,0.04924308715993359,0.053351862868767246,-0.001564391025753349,0.05302519831632493,-0.21338684533871607,0.02067076172891401,-0.026550832222977442,0.006909333731683634,-0.006880713998615186,0.0003430877458734001,-0.06937833955979629,0.6117095689165588,0.7996234698982134,0.7065160178512667,0.047403224467353955,0.7059496855553463,-0.2434746039875905,0.46419812730759047,0.41459912400571935,0.26394294915617744,-0.1001275890757065,0.3809134001564957,-0.045266586099188044
PhysionetMI,10,0,-0.03836789925252386,0.027587606014241296,0.004063907600875311,0.021215903426699587,-0.0022387952124690844,-0.026733389996342536,0.02022070225417607,0.010678482488041641,-0.014748016808760096,-0.017484359531468083,0.005383722644485871,-0.03134497263562894,0.47052904092561704,0.3888251722204787,0.33797482361993786,-0.06627710865283959,0.3991096789220112,0.19413449023836374,0.26242284074861805,0.5233505200991492,0.37317008844232813,0.05537362384685504,0.38631448309669847,0.06269609491269301,0.04083068157411384,0.24801546007242206,0.011088786196720126,-0.014870947688696855,0.09997830928108532,-0.05173602124805876,0.011397062833767775,0.04942610022295396,0.006626249084134579,-0.002385406874816598,0.02248313738028544,0.028977869388716524,0.37078910047847286,0.9395010949458614,0.2655827563572592,-0.05260317206060682,0.5252909839271979,-0.02736884993050177,0.3435711199564002,0.5285644523631482,0.2583678711388559,-0.04260162440877216,0.37683448115280144,-0.017030998769905215
PhysionetMI,11,0,-0.008063321037441075,-0.02588907836964508,-0.07911072195436335,-0.035523700458461135,-0.037687707120483166,0.044820488657804046,-0.008764144174256555,0.01697858283330236,-0.04054090579335158,-0.015888380809547513,-0.01077548904476859,-0.03862112618486487,0.3199963197696631,0.46932840060672143,0.5445254611862668,0.11226457070830183,0.44461672718755035,-0.0919485863462353,0.34103317221501595,0.1967093529039655,0.4507725349212512,0.05486968135311762,0.32950502001341087,0.04434139816943385,0.009201173553472625,-0.05296629011836004,-0.038870006814242256,-0.02403559018385744,-0.027545041126376558,-0.16716663697276343,0.014725267222586174,-0.0725983380257931,-0.030547690285399255,-0.022636478753992714,-0.029473587029535397,-0.01747829015540741,0.15076672551648895,0.34445317673019826,0.3634771323550496,0.10635520341928031,0.28623234486724564,-0.09281506882011774,0.2851033890709928,0.6537413337313286,0.6143396370374375,0.16461812398322237,0.5177281199465863,0.2400521009734312
PhysionetMI,12,0,0.00521904531103173,0.06033398025483942,-0.004721571144977551,-0.004970308228004641,0.0202771514736312,0.04229435314938123,-0.07345606679349388,-0.05747893383575017,-0.039595920633689684,0.0169300730799021,-0.05684364042097792,0.0024540612197724437,0.2407341684653868,0.6159982654364689,0.3552180051903056,0.0572419183624594,0.40398347969738707,0.11935474717121647,0.5344909253034034,0.46039032042689215,0.6257276333525614,0.04561835402457903,0.5402029596942857,0.14688684914199715,-0.02264703806837334,-0.08979914369250495,0.027530881272882397,0.025088959670627863,-0.028305100162665298,0.0971793910233955,-0.04190589384471212,-0.038470475622224394,-0.06826490858169378,-0.013179507368490828,-0.04954709268287677,-0.10730724279056551,0.41308757828512543,0.7465406751872695,0.33099176896544796,-0.041047904659838735,0.4968733408126143,-0.11459424080647822,0.4408119956607928,0.37561536631947207,0.4324102113577839,-0.0042008921515044595,0.4162791911126829,0.06322342102638828
PhysionetMI,13,0,0.06399290815550675,0.05378186765616652,0.009131291088560442,-0.027430808533473152,0.0423020223000779,-0.0860105274319295,0.02290646233172705,-0.02987661631325917,-0.0892449406247539,-0.056075701478240474,-0.03207169820209534,-0.041089611064411405,0.46976559761288067,0.5160432696836714,0.09729439836436839,-0.18623559962425615,0.3610344218869735,-0.07427354274321767,0.4219424555064417,0.5036785219937783,0.5765743241108904,0.07731593430222433,0.5007317672037034,-0.07083559348567714,0.08253295494954348,-0.014817528685730299,0.05814943568830337,-0.012191759630620053,0.04195495398403885,-0.03700350442832545,0.014051235942299956,-0.0705144016876415,-0.0306418215981007,-0.02234652877020033,-0.029034995781147415,-0.004249339321493101,0.8338979659462092,0.4352658558013768,0.43367727406511586,-0.2001103459405467,0.5676136986042339,0.021607493655655896,0.5356733329025686,0.48763471648508866,0.3331579125605712,-0.10125771017099869,0.4521553206494095,0.16551008981085302
PhysionetMI,14,0,0.05174300928241664,0.055840943209265505,-0.07094104576326891,-0.06134202752284277,0.012214302242804412,-0.12695719207758357,-0.01790986836132441,0.02226517550307038,-0.04651691017444962,-0.014303520906562606,-0.014053867677567883,0.012995589614503374,0.4742553360301045,0.5721990525874934,0.6758176414316693,0.10078115270078242,0.5740906766830891,-0.2580606172681115,0.4540503890812358,0.28347480055938284,0.5224963719565763,0.03422299143767024,0.420007187199065,0.05539641222527727,-0.020178937480545993,0.05027104896533345,-0.08714771770807204,-0.03348439011376302,-0.01901853540776153,-0.04704489081127161,-0.053662154935690876,-0.039494686814813856,-0.014948837974753205,0.019356658480468837,-0.036035226575085975,-0.03143920196410969,0.4050051430252133,0.4630187387089474,0.624876972231492,0.10993591460313934,0.4976336179885508,-0.09308043766422745,0.46124278997194806,0.3624755545399436,0.29854788952656003,-0.08134745022269402,0.3740887446794839,0.11142045313629913
PhysionetMI,15,0,-0.05361046367002763,-0.08150147601559979,-0.173684487894705,-0.06003701211233869,-0.10293214252677747,0.00560136930351444,-0.06695231429888167,-0.009999411186017793,-0.043544017232305346,0.011704148533288161,-0.040165247572401606,-0.0023528020216086487,0.3929092856366299,0.5572650784371813,0.7293747645652756,0.16823273946432285,0.5598497095463623,0.1482953356209902,0.5231322456284275,0.38429926683584353,0.4226132446528184,-0.05025950048780456,0.44334825237236314,0.07858517084170759,0.06886913113715112,0.05814588179351186,-0.0008681934816491738,-0.03486866230940015,0.04204893981633793,-0.054679886146181265,-0.061224137787298454,-0.042355727911388974,-0.01650393667673167,0.02236010055528339,-0.0400279341251397,0.07745658078970905,0.4779139475057258,0.33838341194913124,0.19977461622476725,-0.1390696656404793,0.3386906585598748,-0.04148101783990411,0.6318730768626181,0.4004972407514624,0.33385946070512046,-0.1490068080787488,0.45540992610640035,-0.10674230049539117
PhysionetMI,16,0,-0.04620274866054638,0.03237751495574182,-0.0410791603622221,0.00256179414916214,-0.018301464689008888,0.0996081636578159,-0.07222531017739994,-0.01666187763226188,-0.04222126167738735,0.015002024250006296,-0.043702816495683056,0.05993776581686965,0.4684359043904236,0.5292397863263241,0.4682611234496543,-8.739047038464065e-05,0.488645604722134,-0.012200882524744753,0.5538116745936712,0.5131094863245166,0.387703733778602,-0.0830539704075346,0.48487496489892995,-0.0563346853394901,0.011458256496389544,0.03780287896240646,0.03735399937742658,0.012947871440518519,0.02887171161207419,-0.03912258511772581,-0.018140680503361935,-0.04635203837573824,0.013261215393788633,0.015700947948575284,-0.01707716782843718,0.02506369216196767,0.3547638034443986,0.3600800903851382,0.40825482205105146,0.026745509303326417,0.37436623862686275,0.016157558865352528,0.4637017600699476,0.41585328644413044,0.39626412192297383,-0.033718819073486894,0.42527305614568395,-0.029321703382546582
PhysionetMI,17,0,-0.10149651962537375,-0.07779431373876822,-0.11280917681827374,-0.005656328596449996,-0.09736667006080524,-0.17811456140357249,-0.004332555100602518,-0.03804288165586304,0.005279528792763534,0.004806041946683025,-0.012365302654567341,-0.12262543147515831,0.5642259077941714,0.6475887790627558,0.6637834338263452,0.04977876301608691,0.6251993735610908,0.252202914416751,0.3113809108452093,0.3320912681886831,0.41209224761817886,0.05035566838648478,0.3518548088840238,0.0257206283024556,-0.12377965438103831,-0.1670294282254142,-0.16066388177262034,-0.01844211369579101,-0.1504909881263576,-0.009518736304756303,0.03228034446009926,-0.05025483729356106,-0.0037582460920165812,-0.01801929527605792,-0.007244246308492794,-0.026357678699103982,0.8377297895635951,0.8323181188148656,0.9221016594257253,0.042185934931065094,0.8640498559347286,0.35972900365084576,0.4494176406444531,0.48180550968286295,0.29346651556769476,-0.07797556253837917,0.40822988863167026,-0.11087059482014133
PhysionetMI,18,0,-0.02679578739140934,-0.005471827941683964,-0.012461372590579804,0.007167207400414768,-0.01490966264122437,0.14043653145504584,-0.014334331146519089,-0.04863050163162388,-0.006634865151339679,0.0038497329975897042,-0.02319989930982755,0.08789556993441953,0.36421675419591387,0.20759685473229936,0.23296767851426942,-0.06562453784082223,0.2682604291474942,-0.37862409523097096,0.35562140721374047,0.4661900920067391,0.3726340762653805,0.008506334525820003,0.39814852516195337,-0.1466757934686758,-0.09791894604141695,-0.00913500462435035,0.010342354319177975,0.05413065018029746,-0.03223719878219644,0.031257920414507416,-0.0169382763497678,-0.046420745273266055,-0.05154365159351049,-0.017302687621871343,-0.03830089107218145,0.013949865451662153,0.8179703581412053,0.1788034815080054,0.27581570478500583,-0.27107732667809975,0.4241965148114055,0.15698319603945596,0.4046015652153435,0.4432699534772023,0.4739244473256972,0.03466144105517685,0.44059865533941434,0.0022084716480671638
PhysionetMI,19,0,0.09506932472113307,0.007134906124717083,-0.00021958643216097074,-0.04764445557664702,0.033994881471229726,0.10249402008254584,-0.038146050065251826,-0.041295642212627326,-0.051352317022845484,-0.006603133478796829,-0.04359800310024154,0.0031735554770009286,0.6825676088467302,0.25182364117991624,0.20234193982816706,-0.24011283450928156,0.3789110632849379,0.14733769661068175,0.5677762602438318,0.3775735721777796,0.46204653762439046,-0.05286486130972065,0.46913212334866733,-0.04530813323301214,0.0532380911727066,-0.03557958248229588,0.05058872174895801,-0.0013246847118742952,0.02274907681312291,-0.1944306224971956,0.006434026621326328,-0.036357794801242356,0.014513144406993132,0.004039558892833403,-0.0051368745909742995,-0.04738942429658047,0.3984859082230638,0.22466546946911325,0.8020523113309498,0.201783201553943,0.47506789634104224,-0.09061561547698994,0.2710881776214618,0.34629716932063576,0.3846535257088976,0.056782674043717896,0.3340129575503317,-0.06933508478960186
PhysionetMI,20,0,0.06528161690218796,-0.10891418290801093,0.017623219859378387,-0.023829198521404787,-0.00866978204881486,-0.16395918614085495,-0.037862597256065944,-0.040233099226044906,0.025521128399512653,0.0316918628277893,-0.01752485602753273,-0.023519034091314048,0.47922514812806194,0.8223197330627475,0.2891681701338561,-0.09502848899710292,0.5302376837748884,0.17849997642417106,0.46916840047326863,0.5739974151051201,0.236256460821605,-0.1164559698258318,0.42647409213333126,-0.04005690281771387,-0.0010997242230031698,-0.008541930419145662,0.03882305633255753,0.01996139027778035,0.0097271338968029,-0.019734697651271876,-0.03656392576370177,-0.05986347799663591,0.02200237551573023,0.029283150639716,-0.024808342748202483,0.03601643909183218,0.21402655544943078,0.5066587844725746,0.4636714798647044,0.12482246220763682,0.39478560659556994,0.10654041168249499,0.4471042666508609,0.4842862886334544,0.2637772861680158,-0.09166349024142253,0.39838928048411043,-0.13132822429026364
PhysionetMI,21,0,-0.057553076552092505,0.01692708644379894,0.004461668996974303,0.031007372774533404,-0.012054773703773088,-0.06285411113865208,-0.04687766925442228,-0.04331670655474976,-0.04870282341718404,-0.000912577081380879,-0.04629906640878536,-0.00813588196698,0.652723825310858,0.18108389030646996,0.17627943315371997,-0.23822219607856904,0.33669571625701594,-0.16872748642981558,0.5040602197424793,0.533707844861258,0.4188336083012008,-0.04261330572063923,0.4855338909683127,0.025806200450721278,-0.003607167113233804,0.014232106201241261,-0.0522268732869484,-0.0243098530868573,-0.013867311399646982,-0.002968419135192496,-0.058344727885802146,-0.04679843309789767,-0.03456934229293483,0.011887692796433657,-0.04657083442554488,-0.010561199936881283,0.1633889581264347,0.36528502562065757,0.6760274166008283,0.2563192292371968,0.4015671334493069,-0.014356954428105898,0.5771488702856524,0.37973012794304334,0.34892125735739743,-0.1141138064641275,0.43526675186203106,0.009432555548534801
PhysionetMI,22,0,-0.04894506352893539,-0.015009120817449288,-0.013921852599476186,0.0175116054647296,-0.025958678981953625,-0.014208626778740496,-0.03405406843572887,-0.033695989043551075,-0.03314630908745673,0.00045387967413607067,-0.03363212218891223,0.04878466477716167,0.3152091630945284,0.18812698617697265,0.1858272034771598,-0.0646909798086843,0.22972111758288696,-0.2379072400421097,0.35148104498470334,0.4456344502408861,0.32319044125946145,-0.014145301862620946,0.37343531216168363,-0.032514383238097744,-0.03497040370286326,-0.0860510645581051,-0.05657329463933434,-0.01080144546823554,-0.059198254300100894,-0.07673435298565187,0.01273271505164889,-0.01858395516690024,0.02860597306702396,0.007936629007687535,0.007584910983924204,0.011770828358075483,0.4352401180973528,0.5672967097696279,0.41862141030717037,-0.008309353895091215,0.473719412724717,-0.06356936394262495,0.4346130347957975,0.39702450489271346,0.35918899033783463,-0.03771202222898143,0.39694217667544857,0.022420144703255485
PhysionetMI,23,0,-0.012395242474544281,-0.015500831528333566,-0.08693577521022128,-0.0372702663678385,-0.03827728307103304,0.10527836849689416,-0.038900536758218175,-0.06273958424096451,8.751368726449836e-05,0.019494025222741337,-0.03385086910397273,-0.07557425376784475,0.25718931877232515,0.2745402577705095,0.685478035004787,0.2141443581162309,0.40573587051587384,-0.19947250990832677,0.5017012861896194,0.4584882574051968,0.35743297785133843,-0.07213415416914049,0.43920750714871826,0.06917113865061865,-0.013538390286482304,-0.005199073367977832,-0.09487356453419121,-0.04066758712385445,-0.03787034272955045,-0.08052767909106986,0.03758133813218181,0.005725033659422922,-0.03836205519052698,-0.0379716966613544,0.0016481055336925847,0.011756667639528741,0.2909044903298702,0.2695797729156076,0.7960279129524165,0.25256171131127314,0.45217072539929815,0.104024085625868,0.37860699716795937,0.39566352295097784,0.5215324821976467,0.07146274251484366,0.431934334105528,-0.03993284135833205
PhysionetMI,24,0,-0.04003046781712634,0.0240871145773312,0.01718204561245844,0.02860625671479239,0.0004128974575544342,-0.012054735019766151,0.014116206999926328,0.038399224381674896,0.017284832706833075,0.001584312853453373,0.023266754696144767,0.003617300564180153,0.6161634850724245,0.23864533616154826,0.37216309090380967,-0.12200019708430739,0.40899063737926084,-0.0757631149912694,0.33962412869077113,0.3531379790587559,0.4840865605825219,0.0722312159458754,0.3922828894440163,0.12309104950485118,-0.1081171408396568,0.011811110305733319,0.11487484011429544,0.11149599047697611,0.006189603193457317,0.07470855550639686,-0.04610970432322066,0.026640171076612304,-0.0465149249434227,-0.00020261031010102015,-0.02199481939667702,0.03735883021341908,0.5582678185538921,0.2889986604902836,0.6430733289985622,0.04240275522233505,0.49677993601424597,-0.013474300255354676,0.3673256167851589,0.348173686785821,0.40238414748583895,0.017529265350340023,0.37262781701893966,-0.017088691778607352
PhysionetMI,25,0,0.05280902285974929,-0.039936453343340436,0.015333973182836655,-0.018737524838456317,0.009402180899748503,0.04372464337685586,0.0260028523929625,0.0026953197330027196,-0.025850526692961666,-0.02592668954296208,0.0009492151443345175,0.06356129443755493,0.4402800615467839,0.7025178358244916,0.4118906526115713,-0.014194704467606288,0.5182295166609489,-0.19834369779870387,0.35294605076183844,0.3602912018275017,0.5191456937362113,0.08309982148718645,0.4107943154418505,-0.05766485719924689,-0.008017981936215585,0.05819039472480678,0.056383154594435464,0.032200568265325524,0.03551852246100889,0.04161802759507768,0.05905413883084299,0.06574298697542148,0.053112714267968944,-0.0029707122814370233,0.05930328002474448,0.1179389043049115,0.3345305959417749,0.6618812103860635,0.5636091468155165,0.11453927543687081,0.5200069843811184,0.2166484530937841,0.42648787958765744,0.457188049633829,0.5254851046560892,0.049498612534215884,0.4697203446258585,0.12852447375753426
PhysionetMI,26,0,0.01389182191492965,-0.042064815368142966,0.003014749026409589,-0.0054385364442600306,-0.00838608147560124,-0.0397757203765946,-0.0325609877843174,-0.03822607711497352,0.005994747152214775,0.01927786746826609,-0.021597439249025383,-0.05727653592143946,0.24677907476340172,0.45782597928468766,0.33755150615462814,0.04538621569561321,0.34738552006757245,0.016375963288871403,0.42665280906629016,0.4760983380761044,0.3809470886175147,-0.022852860224387733,0.4278994119199697,-0.07181424832635647,-0.026612723096978708,0.04281065685563245,0.001291771687263313,0.013952247392121008,0.005829901815305685,0.13436034787979953,-0.06631052979403118,-0.009975273949527073,0.003027820609644781,0.03466917520183798,-0.024419327711304492,-0.011886875679943473,0.23990504598569462,0.35905101134516165,0.27716846016621816,0.018631707090261768,0.29204150583235816,-0.1538495895744987,0.42262876168347013,0.40371225265174643,0.5154931204856775,0.046432179401103696,0.447278044940298,-0.025081125308966796
PhysionetMI,27,0,-0.012062006102153201,0.05012825711850198,-0.03330277408473746,-0.010620383991292129,0.0015878256438704396,0.05946600860510271,-0.08856666948607565,-0.06543231193181204,-0.022950562042749627,0.03280805372166301,-0.058983181153545776,-0.02021061151178552,0.35288636290461667,0.4321667259713545,0.451096935686169,0.04910528639077615,0.4120500081873801,0.1499142959355699,0.5947870374479669,0.48491596075090204,0.38577911274015636,-0.10450396235390526,0.48849403697967514,0.09555804127932514,0.04938614978029335,-0.03093305867958614,0.0053501154800242,-0.022018017150134576,0.007934402193577135,-0.0691696874972503,0.01130263580033481,-0.05780995749375709,-0.054785330468090455,-0.03304398313421263,-0.03376421738717091,0.03573406801752915,0.48586940025494935,0.29373949097148977,0.26661536176590767,-0.10962701924452084,0.34874141766411565,-0.49981325717722597,0.49182310648653643,0.5260538710310824,0.3986091907045424,-0.046606957890997,0.47216205607405376,-0.010578372397524682
PhysionetMI,28,0,0.012161703881638867,0.03938365078201143,-0.053040096582192664,-0.032600900231915766,-0.0004982473061807893,0.02093203205715156,0.000723743623781276,-0.08935803653628008,0.0476065775401492,0.02344141695818396,-0.013675905124116533,0.027488704935486278,0.23667661584798694,0.2969036442705727,0.27181689939557574,0.0175701417737944,0.2684657198380451,0.06954710849083984,0.3262814672611965,0.5657994681726134,0.4943722324428465,0.084045382590825,0.4621510559588855,-0.06135917937045358,-0.07911215402696288,0.08072166440971545,0.10353293879581957,0.09132254641139123,0.03504748305952405,-0.21970064016434496,-0.004648725569820738,-0.04777971269687645,-0.07255413842980868,-0.03395270642999397,-0.041660858898835286,-0.06462533988412766,0.4622759337798359,0.4537613545317804,0.513723541937675,0.02572380407891955,0.4765869434164305,0.0143500458183999,0.4398173899100421,0.47979324494005887,0.5323970161467715,0.04628981311836469,0.48400255033229084,0.004260129290834728
PhysionetMI,29,0,0.009154113717654334,-0.04370013065935395,0.131722554348697,0.06128422031552133,0.0323921791356658,0.020367129178495185,-0.020219538789867972,-0.0707840935269456,-0.03595543398925778,-0.007867947599694905,-0.042319688768690446,-0.041269702117049896,0.21310006687889924,0.30179535323433465,0.805790019801012,0.29634497646105634,0.4402284799714153,0.10828089625648252,0.4186026894878857,0.4890102260965359,0.40551805968031984,-0.00654231490378293,0.4377103250882472,0.10253672974854561,-0.1795657581827288,-0.14955850520878974,-0.10765930071380447,0.03595322873446216,-0.145594521368441,-0.08427887930052332,-0.018489164853154057,0.0295052338883151,-0.04326354636926769,-0.012387190758056816,-0.010749159111368882,0.026156712537085125,0.8824968428009529,0.9202990720067873,0.4820207741233977,-0.20023803433877757,0.7616055629770461,0.3904054033477095,0.34898867663589145,0.5715343827793063,0.534691234357193,0.09285127886065078,0.4850714312574636,-0.017061138825195166
PhysionetMI,30,0,-0.02593614111904891,-0.02062951346737463,0.09170985665925517,0.058822998889152045,0.015048067357610544,0.16930723205351852,-0.024403408401175494,-0.0743173815761779,-0.03311398305933794,-0.004355287329081222,-0.043944924345563775,-0.014483977975096476,0.2894001176401381,0.31601775314449004,0.6211125910106016,0.16585623668523172,0.4088434872650766,-0.054624382580625276,0.33768579709908797,0.5561296730817759,0.38322491333088593,0.02276955811589898,0.42568012783724996,-0.17819736276153061,-0.007329025433227145,-0.002183350090572374,0.0038507514656611107,0.005589888449444128,-0.0018872080193794696,0.023086016552378418,-0.00268620951463961,-0.01949326493494301,0.016315611937067407,0.009500910725853509,-0.0019546208375050716,-2.273804394582052e-05,0.18162759530815004,0.22102575633328886,0.16886189427600948,-0.006382850516070278,0.1905050819724828,-0.12193533279864593,0.4751655573920883,0.4623281311237248,0.6701042565107951,0.09746934955935338,0.5358659816755361,-0.055233871934226374
PhysionetMI,31,0,0.054501610515344745,0.02394718555454343,0.09767387061719136,0.02158613005092331,0.05870755556235985,0.08914930527743552,-0.03979516969691848,-0.020664905599617932,0.006654664162828489,0.023224916929873482,-0.017935137044569307,-0.03099894038838415,0.6269766471586654,0.4487668625182118,0.6594305662743984,0.016226959557866516,0.5783913586504252,0.18088725617040477,0.4802823980326499,0.32815489390260333,0.3220894560229022,-0.07909647100487385,0.3768422493193851,-0.04998632903316804,0.02200168697594905,-0.014732882489701811,0.029288861827165547,0.0036435874256082494,0.012185888771137595,-0.11634784145683381,0.003230140067212359,0.034178225185264983,-0.028026133801722763,-0.01562813693446756,0.0031274104835848603,0.09196424450288997,0.3215080271919645,0.5301252499478456,0.33894745800040926,0.008719715404222395,0.3968602450467398,-0.07200625676009687,0.5900257857092189,0.4986443691859398,0.35842348078188324,-0.11580115246366784,0.4823645452256806,0.02679428076874968
PhysionetMI,32,0,0.0005520879803641733,0.0459964450139235,0.05988654934652395,0.02966723068307989,0.035478360780270536,0.07630727646668604,-0.017524840508788612,0.046332997945517714,-0.061231320411460156,-0.021853239951335774,-0.010807720991577017,0.06735434117798848,0.6215505456396465,0.4366058563696179,0.46505691751865535,-0.07824681406049558,0.5077377731759732,0.2313637749909946,0.33932459293687756,0.3920011376289521,0.3894056628815119,0.02504053497231717,0.37357713114911384,-0.05521210890149195,-0.020574288880270148,-0.018917239696857355,0.03639196091923748,0.02848312489975381,-0.001033189219296675,-0.11794481260375948,-0.005271376406966882,0.06261360667222403,0.03035075797148342,0.017811067189225153,0.029230996078913524,-0.02213816838766354,0.16737050498584116,0.40094048377068375,0.4434799974516145,0.13805474623288666,0.33726366206937985,0.1549349785099193,0.23956642531170605,0.4126306882477964,0.3211767844443922,0.04080517956634307,0.3244579660012982,-0.058093526956701134
PhysionetMI,33,0,0.15148278796297232,-0.00919043635292021,0.041332564633075136,-0.05507511166494859,0.06120830541437575,0.11770060291133382,0.01953775688997363,-0.04862227107434972,0.02081302237323876,0.0006376327416325652,-0.0027571639370457778,0.03694518182033081,0.7401756237231418,0.13523322214874137,0.352000247321431,-0.19408768820085542,0.4091363643977714,-0.07506650739598911,0.48744782812144016,0.33258349587490826,0.3807042106473221,-0.05337180873705902,0.40024517821455685,0.07122264808147255,-0.013192470443933376,0.03898946311692543,0.1164194404625054,0.06480595545321938,0.04740547771183248,-0.17371708842780345,0.0208828718725487,0.007244774052787942,0.018129718963171625,-0.0013765764546885377,0.015419121629502756,-0.01563076853894514,0.2798499863024037,0.3116280983883005,0.6483629556742047,0.18425648468590047,0.413280346788303,0.01603051956690456,0.3823892027004764,0.3382134649794833,0.27384315434809947,-0.054273024176188456,0.3314819406760197,-0.129905056704514
PhysionetMI,34,0,-0.07395301560524122,0.11952354305045455,0.06077116806360151,0.06736209183442136,0.03544723183627162,0.1316678977986319,-0.047515817164332876,-0.04194558772326422,0.02331301959770039,0.03541441838101664,-0.022049461763298903,-0.06350528051794059,0.3763986085186513,0.8182626241534815,0.4298424768607392,0.026721934171043932,0.5415012365109574,0.06955052434598989,0.483181927045181,0.4139979963442359,0.5365307242835667,0.026674398619192876,0.47790354922432793,0.0604875110930195,-0.029256319725585494,0.026746373425492753,-0.013837989135076294,0.0077091652952546,-0.005449311811723011,0.06429846654482482,-0.03628029581438873,-0.024260157026469772,0.007205564077830202,0.021742929946109463,-0.017778296254342768,0.08464955525213531,0.20351106481755546,0.3626465455697491,0.24526988407322367,0.020879409627834106,0.2704758314868428,0.022810359701602834,0.295119434321869,0.36365258692698077,0.3731625898633171,0.03902157777072404,0.3439782037040556,0.046995932690889586
PhysionetMI,35,0,0.09661480107089195,0.07992443937929924,-0.027927388665989948,-0.06227109486844095,0.04953728392806708,0.1545032233304141,0.02919723285755703,0.017381379036839128,-0.017603463241944707,-0.023400348049750868,0.009658382884150484,-0.007387984820202573,0.6970683973341228,0.5402380652444462,0.27065943382346797,-0.21320448175532744,0.502655298800679,0.32089574420713296,0.46439200114699464,0.34231632693183417,0.3829904023228998,-0.040700799412047406,0.39656624346724284,-0.021108390517611042,-0.12615991323304632,-0.040805545852908603,0.00023415293530727003,0.06319703308417679,-0.05557710205021588,0.23756414980341903,-0.05554035927248763,-0.014760403914816464,-0.00976873782779031,0.02288581072234866,-0.026689833671698134,-0.01870630854597302,0.8068800493191595,0.34381974309745544,0.3049315359068679,-0.2509742567061458,0.48521044277449427,-0.29450615893123344,0.4853203841559354,0.48535897201842887,0.4351711856242682,-0.025074599265833605,0.46861684726621083,0.030031762174591525
PhysionetMI,36,0,0.05386793957989615,0.08452115247281507,0.06018813014081263,0.0031600952804582416,0.06619240739784128,0.12393401736572035,0.018392203871491136,0.009014984910484107,-0.020761379686391395,-0.019576791778941265,0.0022152696985279483,0.030738169556389586,0.47950865724079184,0.5376657866587549,0.516697171739014,0.018594257249111068,0.5112905385461869,0.22773304829166818,0.499964393053431,0.32832879813988125,0.4025016371627848,-0.04873137794532309,0.4102649427853657,0.0568585426463016,0.07413210510496712,0.03290781473861358,0.08055886907684436,0.0032133819859386167,0.06253292964014169,-0.0546644520004598,0.011300480279237598,0.007056784210433812,-0.0034415362982537856,-0.007371008288745692,0.004971909397139208,-0.025575684252050108,0.689624944997775,0.4701350560560856,0.7191292581554741,0.01475215657884954,0.626296419736445,-0.15601366818953835,0.4924946975217205,0.482398678512982,0.37566362258061164,-0.05841553747055441,0.4501856662051047,0.05146768898122417
PhysionetMI,37,0,0.014013689946181665,-0.03676463485537763,-0.07401331232212632,-0.04401350113415399,-0.03225475241044076,-0.042923065310252695,-0.05793222225555973,-0.07192372640670935,-0.0768571968982566,-0.009462487321348433,-0.06890438185350856,-0.004086895329762523,0.3410856745159005,0.6596826883853583,0.8106374630957028,0.23477589428990117,0.6038019419989872,-0.04863482859018392,0.5851753857808933,0.7744158217757405,0.6235557119709731,0.019190163095039903,0.661048973175869,0.0950200314435376,-0.06646550605369658,0.0017493090176065869,-0.03156734337522926,0.01744908133923366,-0.032094513470439755,0.01658770844004503,-0.07286513887542966,-0.050955529760295167,-0.04726666283521981,0.012799238020104922,-0.05702911049031487,-0.07513421531820658,0.6676520773296717,0.31199214218048427,0.5205721646058771,-0.07353995636189731,0.5000721280386777,0.22836636478506603,0.6550374857028094,0.6344733646074201,0.5599377239305765,-0.04754988088611644,0.6164828580802687,0.20152146548494412
PhysionetMI,38,0,-0.05358954883156088,0.046979674482095016,0.02810056799940965,0.04084505841548527,0.00716356454998126,0.019087665764397996,-0.01606758452176359,0.011236689603872143,-0.012299777976135939,0.001883903272813826,-0.0057102242980091285,-0.024294947520308464,0.5308182388625793,0.415341504763992,0.35071557165408523,-0.09005133360424702,0.4322917717602188,-0.16150794170077415,0.27427945593687125,0.29488199868570564,0.2559393600361238,-0.009170047950373739,0.2750336048862336,-0.10873689578224315,0.06106908786481829,0.06047733929572222,0.06875760087393097,0.003844256504556342,0.0634346760114905,0.07695442126781614,-0.0020904818118689613,-0.008361791856290327,0.02753096082202789,0.014810721316948423,0.0056928957179562005,-0.1778687019249904,0.4764996396047885,0.3835409550566565,0.5006535085109607,0.012076934453086078,0.4535647010574686,0.2478364134147756,0.2561885786903925,0.5020817712390978,0.2822428063983802,0.013027113853993827,0.3468377187759568,-0.05297377246810956
PhysionetMI,39,0,-0.07204368607332905,-0.02800482173061689,-0.12847211841968756,-0.028214216173179256,-0.0761735420745445,-0.015216666612851046,-0.10696165347570351,-0.019844828389028797,-0.04949488268539237,0.028733385395155565,-0.05876712151670823,-0.014424134657170842,0.4538960071106619,0.3029203863099757,0.7858635567883007,0.16598377483881938,0.5142266500696461,0.09546708298013762,0.6725505986584759,0.30030366842680106,0.37677163005945496,-0.14788948429951046,0.44987529904824397,-0.07500062262393214,0.04932734643484074,-0.030252657192572294,0.011523361966908655,-0.018901992233966044,0.010199350403059033,-0.14691261008471668,-0.035286724088494176,-0.009229971617360751,0.05376149813349996,0.044524111110997064,0.0030816008092150113,0.02980842157651603,0.3621038259509083,0.2991241128151783,0.26925868281988696,-0.04642257156551066,0.31016220719532456,-0.15064714420827197,0.3872342139323059,0.4140675288210913,0.49532767067404726,0.054046728370870684,0.43220980447581486,-0.016843966268889232
PhysionetMI,40,0,0.033304233658547254,0.029963884280700813,0.0006020843075069499,-0.016351074675520154,0.021290067415585007,-0.04126362161635592,-0.058123642736670166,-0.04472170788205302,-0.04607957549409372,0.006022033621288222,-0.049641642037605634,-0.07564628814126867,0.2504603147124209,0.30778354144102205,0.2237412565613114,-0.013359529075554752,0.26066170423825147,-0.2790153866692851,0.5205619510479029,0.49750356907664595,0.39462941721287503,-0.06296626691751395,0.47089831244580793,0.01679762454592058,-0.07445631961113991,-0.031067537829601543,-0.033520918126848966,0.020467700742145472,-0.04634825852253014,-0.06625181088011275,0.02533409393240108,-0.04929213316562134,0.0015516462201751763,-0.01189122385611295,-0.0074687976710150275,0.09203369722628875,0.411275219100341,0.262399094015391,0.3252959924761253,-0.04298961331210785,0.33299010186395245,0.08578038113133597,0.37710705882109546,0.4026179375424023,0.39419643869791415,0.008544689938409344,0.39130714502047065,-0.021174827090808552
PhysionetMI,41,0,-0.06127443931356454,-0.074887138486806,-0.06266320856449434,-0.0006943846254648979,-0.06627492878828829,0.009270045138147873,-0.015454976551378645,-0.0698398375660433,-0.049297490726331966,-0.01692125708747666,-0.04486410161458463,0.01041031492772713,0.4411438461982925,0.561656374624513,0.513583446737043,0.03621980026937527,0.5054612225199495,0.11353846992914464,0.38280065927407736,0.5732726592303324,0.42607649046816326,0.02163791559704295,0.46071660299085765,-0.010690356345924338,-0.03230961647691675,0.0070282431329475,0.005490915273375167,0.01890026587514596,-0.006596819356864694,0.027764312063358467,-0.030919200590542553,-0.058279591340706545,0.002765634288279231,0.016842417439410895,-0.02881105254765662,-0.03393136898326581,0.310571140823479,0.4141670123247302,0.2834270533225311,-0.013572043750473937,0.3360550688235801,-0.04269556652964967,0.4508966123906312,0.4138301873330266,0.38763842632408396,-0.03162909303327363,0.41745507534924725,-0.026686819856346394
PhysionetMI,42,0,-0.02796634168183749,0.011692667710558534,0.025700139649507778,0.026833240665672636,0.0031421552260762742,0.0002478257012181184,0.04591707527091556,0.0008336580918369612,-0.010649581241240024,-0.02828332825607779,0.0120337173738375,0.09535188998322401,0.2622069014916872,0.4366005937985954,0.42933041216762863,0.08356175533797072,0.37604596915263705,0.10982928711450653,0.4860972995846108,0.5076244909891477,0.2259062116035996,-0.1300955439905056,0.40654266739245276,-0.07255875905211055,-0.12146151777529926,-0.03018993567795009,-0.11920566047915712,0.0011279286480710693,-0.09028570464413549,0.026546386050966764,0.0317097454482109,0.06942632358388653,-0.008899834209270057,-0.020304789828740483,0.030745411607609126,-0.05025014256582553,0.6468963877153769,0.38449737650068816,0.7534907776145673,0.05329719494959517,0.5949615139435441,0.09221760712372729,0.48710127543429527,0.5733833444067671,0.3980381597860493,-0.04453155782412299,0.4861742598757039,0.06903766595495035
PhysionetMI,43,0,-0.04308277671221678,-0.02182663974636634,0.11803929335669575,0.08056103503445627,0.017709958966037543,0.04403833902454157,-0.03431241949936001,-0.012716775648577105,-0.04326183846547427,-0.004474709483057129,-0.03009701120447046,-0.02545412565859309,0.47890723724897566,0.2929749489025823,0.6224470930455552,0.07176992789828979,0.4647764263990377,0.11010979573907793,0.44156738384670335,0.5098910192559473,0.4980275634089781,0.028230089781137363,0.48316198883720957,-0.040535434926281144,-0.017496905407832615,0.07621475326978004,-0.08210637180675348,-0.032304733199460436,-0.007796174648268685,0.07118668488877654,-0.01449864699817613,0.04638323921730603,-0.01824354286714493,-0.0018724479344843989,0.004547016450661656,0.014283377339220494,0.3489025461011283,0.5099172482908997,0.5158650758435394,0.08348126487120552,0.45822829007852245,0.13103974639626212,0.4027814240562948,0.3384488252519701,0.35286117920092336,-0.02496012242768572,0.3646971428363961,-0.017638660431825676
PhysionetMI,44,0,0.16601931095924533,0.10505244652829464,0.10280251841675819,-0.031608396271243566,0.12462475863476606,0.08844669767981905,-0.06807874473094644,-0.026327199666584773,-0.02678474710920833,0.020646998810869052,-0.04039689716891318,0.039758459945192164,0.9488475110539935,0.7382226854359358,0.5943413466198757,-0.17725308221705888,0.760470514369935,0.3007961403922864,0.47675046797222465,0.27001583037953675,0.4716564106831997,-0.002547028644512478,0.4061409030116537,-0.04429161931683983,0.1495133449885879,0.1544453764157768,0.0955303645258291,-0.0269914902313794,0.13316302864339793,-0.06704614506179919,-0.006052044804238266,0.053771506353206176,0.03986992141065537,0.02296098310744682,0.029196460986541096,-0.07543462982579094,0.8297190613129509,0.8375867469292355,0.642330664573246,-0.09369419836985249,0.7698788242718108,0.19886540428220467,0.42765700946186824,0.4790269551113418,0.3839901133376945,-0.02183344806208687,0.43022469263696816,0.08891553124192081
PhysionetMI,45,0,0.0028090670313088966,0.06119857092279616,0.040871418329628435,0.01903117564915977,0.03495968542791116,-0.10841976002638892,-0.07421896375498471,-0.0203913494455447,-0.012317109869428012,0.030950926942778352,-0.03564247435665247,0.0370783578637124,0.195679763045078,0.5605508869136233,0.37975688736604646,0.09203856216048423,0.37866251244158255,-0.14601681634501093,0.48829919296888713,0.47502365325468243,0.5401761319016719,0.02593846946639239,0.5011663260417472,0.0077894212142522274,-0.013179645737863498,0.038202339107979946,0.0427394903899081,0.027959568063885797,0.022587394586674848,-0.05333475243466005,-0.03961725365797106,0.0024087074299239683,0.038831538179567957,0.03922439591876951,0.0005409973171736221,0.0728519894675582,0.34579506245715097,0.36326419413778643,0.5306648561955638,0.09243489686920642,0.41324137093016705,-0.02839925174823384,0.354413521324588,0.342367169162212,0.3545156823176363,5.108049652416402e-05,0.3504321242681454,-0.04138107595154187
PhysionetMI,46,0,-0.06614474364798167,-0.06995775978278726,-0.024067741595313056,0.02103850102633431,-0.05339008167536066,0.07453528405989554,-0.05404849880113215,-0.027819731552924585,-0.05266929680540039,0.0006896009978658788,-0.0448458423864857,0.013459432579660438,0.6051048617656146,0.6574353405640194,0.39828493414908195,-0.10340996380826634,0.5536083788262386,0.050538628031744935,0.5435576146225832,0.36264644953216124,0.4382468613021962,-0.052655376660193515,0.44815030848564685,0.12262710071780974,-0.022043639566993747,-0.025901966571760107,0.03783590948982408,0.02993977452840891,-0.003369898882976593,0.0571712046702065,0.000309339696473432,0.02335133681245439,-0.027745222486852728,-0.014027281091663079,-0.0013615153259749688,-0.012234051015071148,0.37713405713201026,0.3396191788242143,0.47012618890468283,0.046496065886336285,0.3956264749536358,0.04917392013492892,0.5726438398077989,0.5338752268955245,0.3991944817331395,-0.0867246790373297,0.5019045161454876,0.010956215027187799
PhysionetMI,47,0,-0.04395260368061393,0.06847534698955599,0.0611853971532666,0.052569000416940265,0.02856938015406955,0.044852589216523325,0.0005128522324327533,-0.008113273884577473,0.004036015850445289,0.0017615818090062677,-0.0011881352672331435,0.008682597942742246,0.6473926370146896,0.7222913237743224,0.5768233556759537,-0.035284640669367984,0.6488357721549886,0.13699375024394161,0.31223752913039843,0.2583500030014163,0.42776952845938643,0.057765999664494,0.3327856868637337,-0.04182621664314438,0.020302267872142767,0.05482322617828512,0.08414110964899382,0.03191942088842553,0.053088867899807234,0.12099436975720805,-0.024509756615172913,-0.04414770011328358,-0.0043474121223471395,0.010081172246412888,-0.024334956283601213,-0.037657708007687994,0.23009643506092933,0.6950546269201671,0.6629992364888982,0.21645140071398444,0.5293834328233316,0.03645645465313622,0.3690957875615733,0.4776072731924657,0.3089332211673157,-0.0300812831971288,0.38521209397378486,-0.016441741985527152
PhysionetMI,48,0,0.06464941927092231,-0.01052718953307655,0.004148554630651129,-0.030250432320135585,0.019423594789498965,0.13330907515588444,-0.09731101037424587,-0.035582967561378735,-0.026091487200798378,0.03560976158672375,-0.05299515504547433,-0.08196438147537657,0.48262066066420634,0.14314436095268623,0.19116011990791779,-0.1457302703781443,0.27230838050827016,0.0031772010849373533,0.6767868233797107,0.37054773100870914,0.32764106894077244,-0.17457287721946915,0.45832520777639746,0.09709891476580072,-0.05268262129247769,-0.04075742014180191,-0.06584336744535584,-0.006580373076439073,-0.05309446962654515,0.07945583892856832,-0.025433243983762902,-0.0035352527411737843,-0.03548405236192757,-0.0050254041890823355,-0.021484183028954756,0.03225293167890264,0.44604134135342416,0.3529638640048718,0.3767636378975069,-0.034638851727958636,0.3919229477519342,-0.3971269153305885,0.4610891325834724,0.31369011072110664,0.34066058992502646,-0.06021427132922297,0.3718132777432019,0.03227712495409953
PhysionetMI,49,0,0.000200679809914119,0.024067732122096213,-0.05905268477825186,-0.02962668229408299,-0.011594757615413842,0.05133745295535896,-0.02878048509652814,0.02317646239344786,-0.009419455433938613,0.009680514831294763,-0.0050078260456729645,-0.006009731378941071,0.16637582717306346,0.2560896682981894,0.5473752160017653,0.19049969441435094,0.32328023715767273,0.08096145904676716,0.49275867469617096,0.5088228303957952,0.4323385847583757,-0.03021004496889762,0.4779733632834473,0.09280059169087133,-0.05385379412154268,-0.002918571122611274,-0.04032405627415204,0.006764868923695322,-0.03236547383943533,0.037898778921492564,-0.008618497170742421,0.009898170326348859,0.028391585409816792,0.018505041290279606,0.009890419521807742,-0.07074396840281033,0.5932028670866438,0.3348300142211365,0.33165140907546503,-0.1307757290055894,0.41989476346108173,0.005299748379181309,0.4690434603191762,0.26804614025643925,0.5239609679365586,0.027458753808691172,0.420350189504058,0.0028348193921685083
PhysionetMI,50,0,-0.049043850552201146,-0.03881420199035093,-0.024696675655037983,0.01217358744858158,-0.03751824273253002,-0.017324830276743013,-0.05273936861260321,-0.027262686330204202,-0.02668214416928262,0.013028612221660294,-0.035561399704030015,-0.0016928925004196238,0.5262934101282231,0.4034822663510266,0.4085305124338514,-0.058881448847185824,0.44610206297103366,-0.16898849695023013,0.5389660081379709,0.4492965584712511,0.5269575123328581,-0.006004247902556381,0.5050733596473601,0.01701810625639531,-0.024677186874326115,0.01855589212242673,-0.004747583885730706,0.009964801494297706,-0.003622959545876698,0.1252389829012642,-0.02265823975624429,-0.0011641943386377419,-0.03315948274018642,-0.005250621491971067,-0.018993972278356152,0.04573412478896913,0.5515203894779767,0.46690992753134386,0.36033677019579513,-0.09559180964109075,0.4595890290683719,-0.13206302980503032,0.344279261387542,0.479683235937952,0.535819163152653,0.0957699508825555,0.45326055349271566,-0.013007688872749576
PhysionetMI,51,0,0.07649513743840965,0.09881089010792872,-0.06880420036608727,-0.07264966890224846,0.0355006090600837,-0.20345474727488413,-0.018701083223978572,0.0031952495907137156,-0.012553313607897574,0.003073884808040499,-0.009353049080387477,0.02938904453719564,0.5067180944756708,0.6839804118960334,0.38712288052430427,-0.05979760697568329,0.5259404622986695,-0.19843946812079372,0.4557249169989644,0.3999857834541805,0.29131281574097767,-0.08220605062899336,0.38234117206470747,-0.04720023694482417,0.011463059231952594,-0.01026990613220039,0.08283813464029291,0.03568753770417016,0.028010429246681706,-0.011903267072449548,-0.00775853357606224,-0.007028960485668419,0.004965886409399364,0.006362209992730803,-0.003273869217443765,0.04943626710247818,0.34512139120316127,0.23054086094792478,0.5336890861690077,0.09428384748292319,0.3697837794400312,0.023691269938078564,0.26763172474314884,0.4635777642778466,0.2095949911096026,-0.02901836681677311,0.31360149337686605,-0.16769094903148932
PhysionetMI,52,0,0.16980428249721705,-0.01041508058711769,0.015557850605619681,-0.07712321594579868,0.05831568417190635,0.12892653549294075,-0.001551012851950032,0.019771690376031742,0.01496046496814778,0.008255738910048906,0.011060380830743163,-0.03705218836455815,0.7839793404015052,0.33309458476917214,0.234568735063041,-0.2747053026692321,0.4505475534112395,0.014486234933505723,0.3317758391547765,0.2707307977646268,0.3502976995459909,0.009260930195607198,0.3176014454884647,-0.11516613681566197,0.0307434829402922,-0.06720851637499073,-0.01462523180078997,-0.022684357370541086,-0.0170300884118295,-0.17685066967679738,0.04448594085560327,0.039235249120533895,0.06518012499414493,0.010347092069270827,0.049633771656760695,0.05567599147462376,0.4180826947303738,0.30384811400389883,0.4609965389414228,0.021456922105524495,0.3943091158918985,0.03453724720097634,0.39367376696767137,0.42133485006424876,0.6081704403752037,0.10724833670376618,0.47439301913570797,0.12727104156317462
PhysionetMI,53,0,-0.0266379280381808,-0.01786557428216243,-0.11506404172146537,-0.044213056841642284,-0.05318918134726953,0.022175432299448943,-0.01963120985842397,0.00861718200048198,-0.0025034285891356142,0.008563890634644179,-0.004505818815692535,-0.01778628240994883,0.37219921574008996,0.2507305597582693,0.6884655097347537,0.15813314699733189,0.437131761744371,-0.12186445585756973,0.5172402488074913,0.38221009184833304,0.30990999393540464,-0.10366512743604334,0.40312011153040966,-0.05128059625621895,0.02403525570686575,-0.010981227685020738,0.0822808388686804,0.029122791580907324,0.03177828896350847,0.019994985315970982,-0.0034800474150874735,-0.05794016350990157,-0.029696032188564873,-0.013107992386738699,-0.030372081037851304,0.03175402468051405,0.29978958374834114,0.6201964824751004,0.7736215431267935,0.2369159796892262,0.5645358697834117,-0.12279834347688579,0.21754379215692754,0.47823158569585883,0.5111492416897263,0.14680272476639938,0.40230820651417093,-0.12875903227340293
PhysionetMI,54,0,-0.11475399530135819,0.03242186641236414,0.05490586832762339,0.08482993181449078,-0.00914208685379022,-0.18241677902024722,-0.04619382296344599,0.02866457331866865,0.08066926256185046,0.06343154276264823,0.021046670972357708,0.09274315693333916,0.4560542556458394,0.2292185298208291,0.30177591842493773,-0.07713916861045084,0.3290162346305354,0.11104174745700862,0.4746407114950975,0.3103659233824624,0.5333617538500613,0.02936052117748192,0.4394561295758737,0.03563768477576523,-0.2238670322614447,-0.040151179395459126,-0.1060997553404319,0.0588836384605064,-0.12337265566577856,-0.1550227749562024,-0.043640071847315325,0.0038358486405079464,-0.011916028582208716,0.015862021632553305,-0.01724008392967203,0.04875345727893706,0.8341617754228686,0.32542282101648096,0.6425769032172597,-0.09579243610280447,0.6007204998855364,0.1883710407656248,0.4415063311345341,0.49178570011732936,0.28672958678811894,-0.07738837217320757,0.4066738726799941,-0.005234357473763347
PhysionetMI,55,0,-0.06566676061817153,-0.015361558785834053,-0.1315854103900614,-0.03295932488594494,-0.07087124326468901,0.15495297624756274,-0.0545295328440623,-0.04521174509663398,-0.05169841236597202,0.0014155602390451376,-0.05047989676888944,-0.02092377306807844,0.6969197431227624,0.27595270707536995,0.7688467260079636,0.03596349144260058,0.5805730587353652,-0.1553087253325077,0.5211640027179752,0.445968273043026,0.463510767211599,-0.02882661775318812,0.4768810143242001,0.026771861079142627,-0.03621643934894233,-0.09603742918678133,-0.0026155960033554565,0.016800421672793435,-0.044956488179693034,-0.012082713472538753,-0.03445306945579184,-0.07399892643823935,-0.03862930866949715,-0.002088119606852658,-0.04902710152117612,-0.000563095948169029,0.41169789010882013,0.6144395841287765,0.16929703558072495,-0.12120042726404757,0.39847816993944046,-0.05258852966535715,0.4271487391423352,0.58298266861748,0.40873383609776015,-0.009207451522287524,0.47295508128585845,0.12648407145120347
PhysionetMI,56,0,0.07022050514715879,-0.03759188571511355,-0.00951183034297742,-0.039866167745068105,0.007705596363022606,-0.12839884849070118,-0.01992993754702202,-0.03380305809121283,-0.02458730230856441,-0.0023286823807711944,-0.02610676598226642,-0.017277386223477947,0.5556072361462748,0.3850985199344776,0.18520533529699212,-0.18520095042464135,0.37530369712591477,-0.005867998387007171,0.377173861848026,0.40296927454489545,0.34363328206049876,-0.016770289893763612,0.3745921394844734,0.12348230179327102,0.09078840925137932,-0.02759021299521682,0.048666509065237215,-0.021060950093071053,0.037288235107133236,0.04193491189322381,-0.06971150612733248,-0.0609963187940258,-0.07533840302534053,-0.0028134484490040246,-0.06868207598223294,0.013358821730796213,0.7118045345745079,0.32628063045019856,0.39037177095987285,-0.1607163818073175,0.4761523119948598,0.267523631375249,0.5437164741572863,0.6055671952650635,0.5903538412582094,0.023318683550461572,0.5798791702268531,0.131829148700046
PhysionetMI,57,0,0.02379226051114217,0.029432010822308827,-0.06832656055422845,-0.04605941053268531,-0.005034096406925819,0.01399152401669429,-0.0719442589610529,-0.04026542526339261,0.006107691866213904,0.0390259754136334,-0.0353673307860772,-0.01637644243758545,0.30831057110601584,0.6357845432146767,0.38585933823491586,0.03877438356445001,0.4433181508518695,-0.08260771492272687,0.5107520902592287,0.4757108467017482,0.25463942836221265,-0.12805633094850805,0.4137007884410632,0.0024337830872182553,0.10858509037018639,0.0710947218575522,-0.021797444749206033,-0.06519126755969622,0.052627455826177526,0.16499956729941848,-0.030797681400615968,-0.008782438612245275,0.019056949263304493,0.02492731533196023,-0.006841056916518917,0.11315677861164375,0.65233427370384,0.43766101563775645,0.20521993888638806,-0.22355716740872597,0.43173840940932817,0.012061986859339457,0.47080795408683307,0.3182517219867992,0.33283084637555793,-0.06898855385563757,0.3739635074830634,-0.10154388141553942
PhysionetMI,58,0,-0.07046568834802551,0.004606089487563112,0.03969497985117767,0.055080334099601586,-0.008721539669761578,0.006072595434678897,-0.12094877355443925,-0.019513906572792703,-0.06010394167232611,0.03042241594105657,-0.06685554059985269,0.08992084061016485,0.5662420483130316,0.2223165902832033,0.6561080764606626,0.0449330140738155,0.4815555716856325,0.25646651468316123,0.832863911827782,0.4311780171289624,0.471140684504729,-0.18086161366152648,0.5783942044871578,0.0597916200278378,-0.0481797536624323,-0.008730580736214444,-0.004464049357334859,0.02185785215254872,-0.020458127918660536,-0.08183633019270276,-0.0672310874796292,-0.09612438330106987,0.009398176124403555,0.038314631802016386,-0.05131909821876517,0.016449587200997203,0.674094822885731,0.30971417131397805,0.14654627626067349,-0.26377427331252873,0.37678509015346084,0.04492423468127127,0.47725930377476483,0.7506272626480288,0.2992248513441281,-0.08901722621531838,0.5090371392556405,-0.07264995771655387
PhysionetMI,59,0,0.05857797533225988,0.030533924212817583,0.04066497582008398,-0.008956499756087949,0.043258958455053814,0.08045595395042161,0.003918345759556992,-0.031377273627050124,-0.03844374415404907,-0.02118104495680303,-0.02196755734051407,0.012474422333656093,0.5734520584567537,0.5093826803518059,0.43221774565075355,-0.07061715640300009,0.5050174948197711,0.164020595630393,0.3640429611837943,0.3528508984004678,0.32193147466136407,-0.02105574326121512,0.3462751114152087,-0.09341623325257443,-0.10009593941412148,-0.09143132238899324,0.08490195090092983,0.09249894515752566,-0.0355417703007283,0.022179692076160884,-0.10550479739682987,-0.08868407543832195,-0.07892879504388721,0.013288001176471331,-0.09103922262634634,0.11289730964479527,0.6244498161696631,0.6132476278231932,0.6066902491945554,-0.00887978348755386,0.6147958977291372,0.22206176372171907,0.6749336302947267,0.5760590844555784,0.5109036806149769,-0.08201497483987491,0.587298798455094,-0.024782766239909937
PhysionetMI,60,0,0.09188457278947813,-0.0016464358887440392,0.15648990299059756,0.032302665100559715,0.08224267996377722,0.0007022481713845526,-0.008911497204815088,0.006913322578607157,0.014403679125774244,0.011657588165294667,0.004135168166522104,0.041812322890837285,0.535184597591064,0.12451246562709253,0.7759637951457511,0.12038959877734356,0.4785536194546358,0.06056831456741001,0.38499140398986215,0.3293092311612643,0.2983436999938528,-0.043323851998004675,0.33754811171499305,-0.17626695401663028,0.10437964102503441,0.028403689551699855,0.07009828249508243,-0.01714067926497599,0.06762720435727224,0.08821981849343752,0.024881544592061936,0.01813429933528015,0.007872073293494547,-0.008504735649283696,0.01696263907361221,-0.00046448676317994525,0.7038624017973718,0.353158174011423,0.45276247851595136,-0.12554996164071022,0.5032610181082487,0.023671357536957444,0.6084239922480621,0.2901153477355587,0.3184797733486127,-0.1449721094497247,0.40567303777741115,-0.06946618597871039
PhysionetMI,61,0,-0.0012993483717881709,0.0253088418948667,0.061771746057841866,0.031535547214815024,0.028593746526973465,0.0006675786463297232,-0.008633634620019856,-0.022491660605649586,0.03335420489332987,0.02099391975667486,0.0007429698892201415,-0.06409684274113081,0.26994678112296017,0.3614558325694091,0.6652560009929955,0.19765460993501768,0.4322195382284549,0.12703597169609263,0.3241254999754486,0.33714122854230294,0.3568909194873811,0.016382709755966257,0.33938588266837755,-0.1656526709343614,-0.015757718687101494,0.025935183649148322,-0.00880449128231307,0.003476613702394212,0.00045765789324458614,0.14731276615357114,0.037621287843698274,-0.04632473566124554,-0.03332697996456245,-0.03547413390413036,-0.014010142594036573,0.0016896983928085148,0.2235737164381154,0.3666863667188843,0.4160290441920425,0.09622766387696353,0.3354297091163474,-0.018397111559869173,0.39196472773560176,0.3708326494320508,0.45654254012721573,0.03228890619580699,0.40644663909828943,-0.06250810326831824
PhysionetMI,62,0,0.18299976116136177,0.028554578419250257,0.030308166177870202,-0.07634579749174578,0.08062083525282741,-0.14269146582517744,-0.030443489895228524,0.003470630972150949,-0.041976154998597665,-0.00576633255168457,-0.022983004640558413,-0.024667443028754638,0.8221781487394929,0.4453794815488622,0.3237779197401029,-0.249200114499695,0.5304451833428193,-0.0435334515629516,0.42736352987031845,0.43330497853804845,0.41967631501867275,-0.0038436074258228477,0.42678160780901325,0.005437395677725887,-0.054191099346646815,-0.10105609181708818,-0.06683483249213026,-0.0063218665727417245,-0.07402734121862174,-0.1058343044038494,-0.01831970169429067,-0.04292025807882672,-0.05899063694039199,-0.020335467623050663,-0.040076865571169795,-0.053914942117498484,0.5518905077298139,0.6099238169714751,0.5611148422803157,0.0046121672752509335,0.5743097223272016,0.21213842453841844,0.410799590410704,0.4023995707555204,0.5112718859126972,0.05023614775099661,0.4414903490263072,0.030440454879742857
PhysionetMI,63,0,-0.012015284519627918,-0.09578320350247228,0.005102835967328602,0.008559060243478259,-0.0342318840182572,0.13114710609423663,-0.022000781127754034,-0.036691517145251394,-0.007154873043621379,0.007422954042066326,-0.021949057105542267,0.037312062862719514,0.5511841106045376,0.6503566862278986,0.18700783205836125,-0.1820881392730882,0.4628495429635991,-0.02948099574861263,0.34507897462759546,0.4534531008629325,0.3840350727156876,0.01947804904404607,0.39418904940207183,-0.19012319737418873,-0.00984588343510137,0.029742620113943914,0.0071079150975308265,0.008476899266316097,0.009001550592124456,-0.09612835672167712,0.0005113678180873979,-0.03722696662681528,-0.03681510091202735,-0.018663234365057374,-0.024510233240251745,-0.10158205211798321,0.3226815310716505,0.3617131254137281,0.2429432523732694,-0.039869139349190535,0.309112636286216,0.06955641522780959,0.21058759122056203,0.3451225074921592,0.33949792156408415,0.06445516517176106,0.2984026734256018,0.0013751688817710828
PhysionetMI,64,0,0.058678178540762,-0.023562541670536553,-0.06960182933175231,-0.06414000393625716,-0.011495397487175619,0.11639372936945162,-0.05521350293590783,-0.03884523679908731,-0.0072603162699980735,0.023976593332954876,-0.033773018668331066,0.004226419433513979,0.592756285002837,0.5699390954992416,0.6070600648905983,0.007151889943880662,0.589918481797559,-0.005656625060139679,0.4943624001873809,0.3408362494392838,0.44512520547406453,-0.024618597356658195,0.42677461836690983,-0.031537402862956976,0.005005199768445505,0.05642518502275088,-0.03994050943213425,-0.02247285460028988,0.007163291786354044,-0.033340915739651804,-0.035768473166802206,0.003601325200056927,-0.047230592783999124,-0.005731059808598459,-0.02646591358358147,-0.02505339050122223,0.2630328840920998,0.4722306356584859,0.3840525134331291,0.06050981467051464,0.3731053443945716,-0.1179369210209389,0.3044072372529403,0.5225739689778112,0.5234304517118811,0.10951160722947038,0.45013721931421086,0.07098430580370384
PhysionetMI,65,0,-0.05839468329105714,-0.007359395852670301,0.006355118431220955,0.03237490086113905,-0.019799653570835494,-0.07802692712537072,-0.04663850139954354,-0.04492961921833635,-0.06028533970682256,-0.006823419153639507,-0.05061782010823415,0.06323385597988335,0.6800835675414617,0.3943181472813689,0.6061931864411959,-0.0369451905501329,0.5601983004213422,0.18890047712736227,0.40046564637489834,0.3736400971282096,0.432932562843297,0.016233458234199333,0.40234610211546834,-0.10848642597851708,0.02969302700480269,-0.06922439836879729,-0.05843574867604227,-0.04406438784042248,-0.032655706680012296,0.033160756439566653,0.014139264657889282,0.004342421587478711,-0.02080684117829874,-0.01747305291809401,-0.0007750516443102486,-0.06231779821815713,0.3508815878589052,0.5285670204852361,0.6499532704836193,0.14953584131235703,0.5098006262759202,0.06891928830351035,0.5241209873679299,0.33455430696593896,0.5734235613999664,0.02465128701601826,0.4773662852446117,0.05556131830033408
PhysionetMI,66,0,0.00795715358645642,0.14507344058264895,0.05697539375723234,0.02450912008538796,0.0700019959754459,0.05999370409863797,-0.026664319843696587,0.03044726186430956,-0.02145707510459122,0.0026036223695526835,-0.005891377694659416,0.04456374555891313,0.4613873389078032,0.7413888367156503,0.5161007606575824,0.02735671087488958,0.5729589787603452,0.08105841478285865,0.3068075626454724,0.6135944698836655,0.5895893469312078,0.1413908921428677,0.5033304598201153,-0.06555896184930915,-0.00388700245910284,0.2099140849202947,0.1046104807650265,0.054248741612064666,0.10354585440873947,0.1739453433420811,-0.04775804194092502,-0.04704204981062141,-0.013498354671002239,0.01712984363496139,-0.03609948214084956,-0.08729168201579379,0.352214844406635,0.8278304374398442,0.687574852091377,0.16768000384237103,0.6225400446459521,0.17269931067162356,0.27579120573975446,0.4253707436257232,0.4701473432826637,0.09717806877145461,0.3904364308827138,-0.012811351142960078
PhysionetMI,67,0,-0.017415805065938848,-0.06810596065173895,-0.06413553332183244,-0.023359864127946797,-0.049885766346503414,0.18566364097758822,0.014305220784292243,-0.09260346083989897,0.01350658446440824,-0.0003993181599419998,-0.0215972185303995,-0.015824232750560843,0.2543317202645732,0.3532963693444734,0.5280076985864097,0.13683798916091827,0.3785452627318187,-0.1559318193597066,0.3568765774305054,0.5324672678522171,0.3461147162032064,-0.005380930613649498,0.4118195204953096,0.03444663802866876,0.07328565787233904,-0.019154356474210987,0.0725482227004224,-0.0003687175859583211,0.04222650803285014,-0.1546575608350173,-0.045558149814443186,-0.07900181561457544,0.00627581667910232,0.02591698324677275,-0.03942804958330543,0.018810902703360916,0.38113348683301157,0.3052345918700539,0.49659326739518117,0.0577298902810848,0.39432044869941557,-0.15780358030572403,0.32977579789484873,0.4250482489742085,0.24266462080086584,-0.043555588546991444,0.332496222556641,-0.08349664958099867
PhysionetMI,68,0,0.01978150144692018,-0.007670064885679626,-0.00730757375842734,-0.013544537602673759,0.0016012876009377384,-0.08674146071822005,-0.027809893608595655,-0.022640689110264976,-0.05384788593341806,-0.013018996162411202,-0.03476615621742623,-0.12373133990499925,0.2499388949284884,0.19342007875776773,0.5447669998873238,0.1474140524794177,0.3293753245245266,0.02622097938601778,0.5002857568148121,0.37568104020246396,0.47115048020973554,-0.014567638302538292,0.4490390924090039,-0.07184815756083056,0.015975482010757984,-0.06567429118512039,0.012438616437190835,-0.0017684327867835761,-0.012420064245723858,-0.06240826852358119,0.023492045946351167,-0.017791280668569127,0.017798947263282527,-0.0028465493415343202,0.007833237513688189,-0.05706037343720308,0.22587249513643115,0.46563866111416946,0.1993871458516187,-0.01324267464240622,0.2969661007007398,0.04274213944110278,0.3802428087561333,0.3794781387064816,0.3252938564742795,-0.027474476140926903,0.3616716013122982,-0.027195888213882313
PhysionetMI,69,0,0.06524617379110675,-0.0010523762750147025,0.21384236136850404,0.07429809378869864,0.0926787196281987,-0.013053590623473305,-0.008022542163298086,-0.027811103891271706,-0.03591560473323972,-0.01394653128497082,-0.023916416929269838,0.052722880425737556,0.46379834135531495,0.180113836433604,0.93086806535814,0.23353486200141252,0.5249267477156864,0.26565936079929503,0.2096474982634251,0.3033330775576546,0.46386693231715515,0.12710971702686502,0.3256158360460783,-0.11427190998086297,0.06495046472033401,0.04064996749276569,0.040053581285027104,-0.012448441717653453,0.04855133783270893,0.0762559556103276,0.03453941984228819,-0.051270180713227274,0.10414012797096432,0.03480035406433806,0.029136455700008414,0.0012703574784456207,0.493251175783788,0.5509618980034728,0.42580264373960025,-0.033724266022093885,0.4900052391756204,0.10891853755052182,0.5468934442692577,0.5172905687663849,0.6698144794407679,0.0614605175857551,0.5779994974921369,0.0039762502975629515
PhysionetMI,70,0,0.019615205202732307,0.048154095666928375,-0.0065403207708579335,-0.01307776298679512,0.02040966003293425,-0.04893300722155214,-0.01177983453412106,0.02233321811070301,-0.00901887480897866,0.0013804798625711998,0.0005115029225344307,-0.026447038778117386,0.4061841357577223,0.4629602988179125,0.16880055501548588,-0.1186917903711182,0.3459816631970402,-0.11214624238924902,0.49101435141083877,0.3821044682700601,0.19381500572415997,-0.14859967284333941,0.35564460846835294,-0.06356642541270063,0.011450448066736887,0.01964685786957545,-0.02094958276477291,-0.016200015415754897,0.0033825743905131433,-0.02680137645145947,-0.025292744926743275,0.01260745899159886,-0.026639617335008258,-0.0006734362041324916,-0.013108301090050891,0.06334693584677534,0.27072317860730855,0.2819822995769114,0.19070659717522956,-0.040008290716039493,0.2478040251198165,-0.011760057390603873,0.4524064099211228,0.3504805764496241,0.33063752288018233,-0.06088444352047023,0.37784150308364306,0.004776995081034001
PhysionetMI,71,0,-0.00037089992220863606,0.06479449697829545,-0.007494234275287749,-0.0035616671765395565,0.018976454260266357,-0.03682540425674171,-0.03961714625455062,-0.02089191484796261,-0.021308654612400474,0.009154245821075074,-0.027272571904971236,-0.023359534427121086,0.22173279242876626,0.37626010078532784,0.24367100171147318,0.010969104641353464,0.28055463164185573,-0.21904508612355458,0.4445458940748331,0.5115421608584809,0.21838968944399617,-0.11307810231541846,0.3914925814591033,0.06559071555589169,-0.03631312750724227,-0.028065527348512472,0.007551692740477593,0.02193241012385993,-0.018942320705092382,0.07715045859466962,-0.02685347462272386,-0.06057045674884618,-0.015908971820023134,0.0054722514013503636,-0.03444430106386439,0.08112517685155858,0.5483617882027723,0.261407956711601,0.34051168503023016,-0.10392505158627105,0.38342714331486777,0.09396080491534449,0.4554959003677319,0.6075749817447286,0.39551372093943143,-0.029991089714150237,0.486194867683964,-0.06345554603412007
PhysionetMI,72,0,0.07451631611081815,0.06689291314647237,-0.061003317780992244,-0.06775981694590519,0.026801970492099425,0.0994110602187201,-0.00897511779544483,-0.004448314271603151,-0.01160641640311908,-0.001315649303837125,-0.008343282823389019,0.0351501208013966,0.4805911272775284,0.49191546875950143,0.3322011654621306,-0.07419498090769891,0.4349025871663868,0.3380466777397995,0.37130011106590094,0.4848010449842114,0.46966057004501827,0.049180229489558656,0.44192057536504353,0.0043056167399772955,-0.30086308976100895,-0.18631896826627503,-0.24008818070368956,0.030387454528659694,-0.24242341291032452,-0.03560735980160997,-0.015331121622226366,-0.07466862939666126,-0.08809148437094944,-0.03638018137436154,-0.05936374512994569,0.06318674658725892,0.81038687794298,0.7984595881372852,0.9214167927777323,0.05551495741737611,0.8434210862859991,0.21583275517954137,0.32184030942181613,0.5257602571547187,0.5762858030426963,0.12722274681044007,0.47462878987307705,0.0068932963361811135
PhysionetMI,73,0,-0.05331032652929768,-0.07288769247339727,-0.08587601434211677,-0.016282843906409543,-0.07069134444827058,-0.087498318252297,-0.09172291505334329,-0.005852245927389016,-0.03967884483024264,0.026022035111550323,-0.04575133527032499,0.008229121508406758,0.5039709234471635,0.7114919765093758,0.7277661401881494,0.11189760837049294,0.6477430133815629,0.49314148185931633,0.7052042251300528,0.271609043894554,0.41802981473179507,-0.14358720519912885,0.4649476945854673,0.002890758870043142,-0.039289782256410576,-0.011889940027799077,-0.041062750111544824,-0.0008864839275671241,-0.030747490798584826,-0.04719902732054138,-0.03588925833760613,-0.04513647975555604,-0.034440027471189585,0.0007246154332082727,-0.03848858852145059,-0.047778197892280466,0.5698011839153724,0.32224504925200187,0.5479484546106828,-0.010926364652344811,0.4799982292593523,-0.029630342371745628,0.42716387236810094,0.37507616956691997,0.32408805274216457,-0.051537909812968186,0.37544269822572846,0.0198026596283503
PhysionetMI,74,0,0.05033795809750881,0.003379220626501579,0.028678583499605347,-0.01082968729895173,0.027465254074538578,0.024051785332913408,0.07200574202409063,0.02708006018709154,0.03250605920403137,-0.01974984141002963,0.04386395380507118,0.07332278973251799,0.5057869885504743,0.1879515222550345,0.24854450835029057,-0.12862124010009188,0.3140943397185998,0.039947370421242044,0.4851012727762668,0.3615586365454368,0.38956823182532857,-0.047766520475469115,0.41207604704901074,-0.0005547407451773623,0.010773411827697808,0.004258834660057711,0.06277390515824775,0.02600024666527497,0.02593538388200109,0.04702355771722339,0.08664823301321975,0.034098109866882234,-0.004471467830698765,-0.04555985042195926,0.038758291683134403,-0.0037024322122867167,0.17215049069135008,0.12273860060322424,0.505272927648544,0.16656121847859698,0.26672067298103946,-0.18441431750553647,0.5951706432959044,0.4449137267510785,0.2845171090541991,-0.15532676712085267,0.4415338263670607,0.1253146395265722
PhysionetMI,75,0,-0.05234621606896792,0.10787003399098546,0.1287908566260515,0.0905685363475097,0.06143822484935635,0.1634689630602407,-0.015852153429332317,-0.0877158697506448,-0.06435802226048033,-0.02425293441557401,-0.05597534848015248,-0.04489042011174101,0.47051714068903905,0.5397515662930221,0.6055827932191769,0.0675328262650689,0.538617166733746,0.38331838855403566,0.32045101888993704,0.6427277741350843,0.5659589675532178,0.12275397433164038,0.509712586859413,0.07620727271357199,-0.054640637917608106,-0.002159142684402271,0.060275645402137014,0.05745814165987256,0.0011586216000422113,0.10249996253383474,0.016311149641519602,-0.010355250782276613,0.01905219848915687,0.0013705244238186344,0.008336032449466619,0.019859546501934496,0.4714990973481274,0.5541076422587252,0.3364218378684015,-0.06753862973986294,0.45400952582508475,0.2371548397881845,0.3980085647519747,0.47616280175058634,0.3721948570670895,-0.01290685384244261,0.41545540785655016,0.1641747326886138
PhysionetMI,76,0,-0.04559846221453975,-0.05194805255259576,0.012316478886539214,0.028957470550539478,-0.02841001196019877,-0.020283433702072463,-0.012154077329764767,-0.035735607539990014,-0.049504223139806104,-0.01867507290502067,-0.03246463600318696,0.025323622559848578,0.5875151998057405,0.629086932044064,0.2816940405984972,-0.15291057960362167,0.49943205748276714,0.05231477771641476,0.36277224442988887,0.3448032179276459,0.28761695001789683,-0.03757764720599602,0.3317308041251439,-0.0181904531181666,-0.08536049192959923,0.001773283302468687,-0.06948068386712684,0.007939904031236192,-0.051022630831419134,0.04483146631734578,-0.07305224830358953,-0.05920937375092775,-0.05804946899424247,0.007501389654673528,-0.06343703034958659,-0.04583129672739685,0.8793655189071538,0.3871347387251201,0.8589884786604991,-0.010188520123327327,0.7084962454309244,0.1053815935847139,0.5547476934669475,0.6344684906052382,0.5291156296286309,-0.01281603191915831,0.5727772712336056,0.11754743986788097
PhysionetMI,77,0,0.06297273570350236,0.05236054900214055,-0.02324129291025961,-0.043107014306880985,0.0306973305984611,0.10636687539057016,0.034270574131536925,0.002488808010269335,-0.026747207795558562,-0.030508890963547745,0.003337391448749233,-0.05350674412567138,0.5752570766960134,0.416902836368747,0.4319909340199175,-0.07163307133804797,0.474716949028226,0.11744882159566468,0.5150419549304324,0.3658225743496266,0.46629444717443014,-0.02437375387800111,0.44905299215149636,0.0596234014759963,-0.026649949343611576,0.04607416081122275,0.052860588481717576,0.03975526891266457,0.024094933316442916,0.024520627487029722,0.012442926394827754,0.036339392825362006,-0.011352259404084153,-0.011897592899455951,0.012476686605368536,-0.05095637254056801,0.27998766547122744,0.4339229709702335,0.5915953968242934,0.15580386567653298,0.4351686777552515,0.042868867226068086,0.35432940308638305,0.4291149163241961,0.31202688875422274,-0.021151257166080156,0.3651570693882673,-0.06425312573570234
PhysionetMI,78,0,-0.04909545282681234,-0.07307899831029886,-0.012103098962754992,0.018496176932028673,-0.04475918336662207,-0.08113068880513881,0.0026737919688635692,-0.016056767037012785,0.013443923657374878,0.005385065844255655,2.031619640855432e-05,-0.06205572453270747,0.6029842516676317,0.6367589810571107,0.6826535273050659,0.0398346378187171,0.6407989200099361,0.18741078412775067,0.48878691365486615,0.41061015690188396,0.2213613996763418,-0.13371275698926216,0.37358615674436396,-0.06972481610610269,-0.06164741881912598,-0.04618374208618438,-0.06191447514372718,-0.00013352816230060086,-0.05658187868301251,0.011342203155485045,-0.01465199263873064,-0.02363742181115022,-0.02885589732893494,-0.007101952345102149,-0.0223817705929386,0.028136982375141274,0.6936836352759997,0.365422142072582,0.6217789686906872,-0.03595233329265629,0.560294915346423,0.10608202897100595,0.42384044234802654,0.36014770030485144,0.37540891373306423,-0.024215764307481152,0.38646568546198073,-0.05008517975984946
PhysionetMI,79,0,0.004373707613289785,-0.05996154737415871,0.10877008377637658,0.05219818808154339,0.017727414671835886,-0.04496805974384902,-0.10686466358071206,-0.04095273588605258,-0.05220777381317047,0.027328444883770793,-0.06667505775997837,0.044971924801045816,0.20337511088527496,0.5222976621527823,0.749405097521667,0.273014993318196,0.491692623519908,0.14038910423278744,0.5923007416779239,0.35718115194013034,0.5543339078319907,-0.018983416922966623,0.5012719338166817,0.014708370964963765,-0.044786292612134446,-0.005224754028435206,-0.07010356747045848,-0.012658637429162017,-0.04003820470367605,0.07793553055221124,-0.0488074806824886,-0.05581277532162489,-0.04089937287580666,0.0039540539033409705,-0.048506542959973385,0.04258377643957578,0.34232518621376723,0.1398478932241732,0.5131262607285938,0.08540053725741328,0.3317664467221781,-0.08663012872765452,0.4713076133928336,0.46792985995458874,0.4509973961186321,-0.010155108637100757,0.4634116231553515,0.11154961666337343
PhysionetMI,80,0,0.025410185534847012,0.028881239736487003,0.026279259126961284,0.00043453679605713613,0.026856894799431767,0.04436384539507293,-0.017316436185326682,-0.006670251305852582,-0.02619674006504939,-0.0044401519398613535,-0.01672780918540955,0.052358575776310014,0.3324329926735111,0.24518635821719673,0.26321088055084363,-0.034611056061333745,0.2802767438138505,0.1341004054670437,0.5337331930306404,0.3872113785006701,0.327043835376668,-0.10334467882698618,0.41599613563599286,-0.08236641714582678,-0.01817651387999199,0.06867893535807805,0.056032655039141274,0.03710458445956663,0.03551169217240911,0.01006694829826489,-0.03373135035816313,0.022331103158144155,-0.051702280262024794,-0.008985464951930831,-0.021034175820681258,0.046491370522194375,0.3026067947788124,0.6828608596876472,0.4696253567972903,0.08350928100923893,0.4850310037545833,-0.05918425493518814,0.45448068510670825,0.38948380632028645,0.4746750775072188,0.010097196200255287,0.43954652297807123,-0.0012097058905507403
PhysionetMI,81,0,-0.07029277055595953,-0.09168278079799777,-0.05679668143364038,0.0067480445611595745,-0.0729240775958659,-0.07474216763075901,-0.07278558116337853,-0.09511234648155806,-0.0482698035839885,0.012257888789695016,-0.0720559104096417,-0.01294382961539838,0.6845394275414745,0.9013212091587545,0.7288547851108397,0.02215767878468261,0.7715718072703561,0.5181992470272461,0.5964060849938154,0.6592350250393414,0.4913661698533282,-0.05251995757024361,0.5823357599621617,0.13442371737308825,-0.01992168637991547,-0.07294397053359332,-0.0561139498236199,-0.01809613172185221,-0.049659868912376226,0.10635547513181877,0.012347328369986867,-0.02297732456329394,-0.06888982309525885,-0.040618575732622855,-0.026506606429521972,0.008869866999848512,0.4707432796462168,0.6774370782146113,0.6285387239706821,0.07889772216223265,0.5922396939438367,-0.022444317234725286,0.41678508584310164,0.4050388893742842,0.49585126257739065,0.0395330883671445,0.4392250792649255,-0.02675720982642908
PhysionetMI,82,0,0.03910133314887952,0.005481602306615891,0.07889491565090309,0.019896791251011785,0.041159283702132836,-0.07738712456455056,0.046984532469125644,-0.017796495034834044,-0.017342225560025803,-0.03216337901457572,0.003948603958088599,-0.047089399589964324,0.25510678698054634,0.31445378027614174,0.5494838133787954,0.14718851319912452,0.37301479354516115,-0.1884170968691022,0.46356232075306986,0.41492137587746464,0.3767469679630356,-0.043407676395017136,0.41841022153119,-0.1760204150219714,0.04620821371226591,0.007895752078364661,0.0036857105634706916,-0.021261251574397608,0.019263225451367088,0.04635882469800137,-0.02346242714709711,-0.06017573017292885,-0.02023309977162468,0.001614663687736214,-0.03462375236388355,-0.02724502122887996,0.32534593229360875,0.4198992825336763,0.3824458470948934,0.028549957400642312,0.37589702064072616,-0.09445150296588405,0.3778377189168088,0.545141474604046,0.4046257441074282,0.013394012595309701,0.4425349792094277,0.00416984380410144
PhysionetMI,83,0,-0.02735638235263119,0.042421282061578185,0.013697370777604372,0.02052687656511778,0.009587423495517123,0.003354374202055264,-0.0011143191013930093,0.004025697463006998,-0.06981400177668354,-0.034349841337645265,-0.02230087447168985,-0.09489986462347949,0.3009679032266164,0.48617565642920724,0.2994144853083228,-0.0007767089591467768,0.36218601498804875,-0.004964614780243996,0.36887851144506784,0.44188584024556715,0.4393762684355317,0.03524887849523192,0.4167135400420556,-0.01847328625936079,-0.000720115511892816,0.020803829452757827,0.03494108722260674,0.01783060136724978,0.018341600387823915,-0.07867326048883143,0.07545831802708836,0.0010440754916422907,0.022862563251799552,-0.026297877387644397,0.0331216522568434,-0.013536069264659908,0.39937892712772805,0.1643098385407793,0.3823464858627585,-0.008516220632484778,0.31534508384375526,-0.3159320035459136,0.6339510542730097,0.3538028498055372,0.39797433310246233,-0.11798836058527366,0.4619094123936698,0.07713421295075067
PhysionetMI,84,0,0.14879195978085566,0.061408166943253586,0.0824042255957519,-0.03319386709255188,0.09753478410662038,-0.21891296743977273,0.03470941477421306,-0.004517729159987751,-0.03934218498183648,-0.037025799878024776,-0.00305016645587039,-0.1057623483157164,0.9011978827518566,0.31648423534608816,0.5427835326217898,-0.17920717506503342,0.5868218835732448,-0.24284504982138752,0.3377217184816588,0.17977989330044028,0.3651449658317255,0.013711623675033369,0.29421552587127486,-0.14786583245628385,-0.17563218388419807,-0.1807880982605562,-0.043781898633488095,0.06592514262535498,-0.1334007269260808,0.06199641917075031,0.0071651029735590385,-0.010564042194150388,0.013483720150871731,0.003159308588656346,0.003361593643426794,-0.037945203311677445,0.7866355469529395,0.7188393021840607,0.4124080755052058,-0.18711373572386683,0.6392943082140686,0.13387836271865997,0.3607680279137682,0.4829872516827314,0.4502074308075801,0.04471970144690593,0.43132090346802654,0.0856079943274161
PhysionetMI,85,0,0.09074451236532054,-0.015392757964226272,0.03976570766683101,-0.02548940234924476,0.03837248735597509,-0.17994722893271975,0.02423330184169049,0.002230393135217457,0.002401161084188098,-0.010916070378751197,0.009621618687032015,-0.025440035431414904,0.6059133256786026,0.21010883900652016,0.5005974058645632,-0.05265795990701965,0.4388731901832286,0.11634692855086275,0.5689430037011008,0.3192308057769791,0.37804813058945497,-0.09544743655582293,0.4220739800225117,-0.005953456934573276,0.146396815630894,0.1485183546830352,0.1763578349239264,0.014980509646516205,0.1570910017459519,0.021845152077552554,0.13612756305765664,0.0791582274047015,0.15829350014647234,0.01108296854440785,0.12452643020294347,0.09097914049600646,0.7006280021291578,0.6292497986222951,0.7165759319634086,0.007973964917125431,0.6821512442382872,0.1881466815077271,0.5835991996710469,0.48196822854355603,0.5746348755760999,-0.004482162047473481,0.5467341012635677,0.0512889568730156
PhysionetMI,86,0,0.15507518169454232,-0.014514363459805132,-0.005150892444245968,-0.08011303706939416,0.045136641930163736,0.21930822355747648,-0.028604210665775422,-0.0030178577347768783,0.018110562030245563,0.023357386348010493,-0.004503835456768913,-0.0727637283734515,0.8057699583184538,0.3376732096053651,0.1537883330590953,-0.3259908126296792,0.432410500327638,0.1290635310461655,0.7442176603894834,0.4692406947000347,0.33681594769100914,-0.20370085634923715,0.5167581009268424,0.08053832013046859,-0.025026548636574986,-0.041318321074173776,0.004533071354104942,0.014779809995339965,-0.02060393278554794,-0.088723373210992,-0.005382295390286237,-0.01458264348371149,-0.002139097426683112,0.0016215989818015623,-0.007368012100226946,0.07134281136356944,0.3252750656375814,0.4304565688654937,0.19427411476273296,-0.06550047543742422,0.3166685830886027,0.023629703129771935,0.4381205334946848,0.3698989841243521,0.24955776696927742,-0.09428138326270369,0.35252576152943815,0.15219647790558227
PhysionetMI,87,0,0.043429515183936514,-0.002330397085100968,0.2024236484759919,0.0794970666460277,0.08117425552494248,0.1196749218163843,-0.008455759130923238,0.017048887365186647,-0.009008258058291006,-0.00027624946368388394,-0.0001383766080091988,0.02360792559953011,0.497201442495437,0.2934299684812928,0.8627921893308431,0.18279537341770305,0.5511412001025243,0.21031141456936964,0.44890881302537194,0.4365940483926583,0.24127176990884514,-0.1038185215582634,0.37559154377562515,-0.012496235662498745,0.05196968902933033,0.11490582040194554,0.09143902998433869,0.019734670477504178,0.08610484647187151,0.034341463314808196,0.021251773086016397,0.00886323443002715,-0.004908602296948454,-0.013080187691482427,0.008402135073031699,0.05554401854985932,0.35435048818693043,0.6540137338295585,0.6140125648844852,0.12983103834877738,0.5407922623003247,0.023641627727874148,0.3088262568209325,0.36414000941046426,0.28622585696060315,-0.011300199930164678,0.31973070773066664,-0.14280288573506397
PhysionetMI,89,0,0.008428217833219892,0.03663272159916363,-0.00011019220098443852,-0.004269205017102165,0.01498358241046636,0.040728341268407416,-0.013845475204648305,-0.025878288542726634,-0.05207701034198263,-0.01911576756866716,-0.030600258029785856,-0.050930454742221,0.16183037750530835,0.35534363573757627,0.1944719985423447,0.016320810518518178,0.23721533726174307,-0.06168324236673436,0.42234196485811526,0.32934400840232997,0.5235694043471518,0.05061371974451828,0.42508512586919905,0.10210518068797293,0.01467387207262199,-0.010270712200674766,-0.025002113062962503,-0.019837992567792246,-0.006866317730338426,-0.07723599536047862,0.012740477720947383,0.06408057645211175,0.06122306394285102,0.024241293110951818,0.04601470603863672,0.03857246367589023,0.19474583830658534,0.3861967906215197,0.35761684124546683,0.08143550146944074,0.3128531567245239,-0.07120188744314739,0.38762154496568607,0.5349427997232826,0.4764702210875522,0.04442433806093307,0.4663448552588403,0.13540142734312807
PhysionetMI,90,0,-0.024576684873359657,0.04581988940569681,0.16636302286872262,0.09546985387104114,0.06253540913368659,0.2033718695627996,-0.01745636635351469,-0.06343210326822639,-0.016507122545109797,0.00047462190420244696,-0.03246519738895029,0.0422124071209248,0.34892029889720916,0.5368170866119681,0.8993905756277922,0.27523513836529157,0.5950426537123231,0.23523887420570308,0.33062737394039565,0.4279651770841143,0.3972935779722376,0.03333310201592096,0.38529537633224914,-0.11877253492807233,0.09322263985423945,0.08796816804981417,0.08682679580281058,-0.0031979220257144364,0.0893392012356214,0.042628407234372244,-0.010855120193707277,-0.005101938543014817,-0.001572049570546961,0.004641535311580158,-0.005843036102423017,0.0021477385916457425,0.7366476154268646,0.8708130935445587,0.7208881006849785,-0.007879757370943041,0.7761162698854673,0.3897621970886694,0.34299002704921006,0.35944613613653614,0.29586840193444663,-0.02356081255738171,0.3327681883733976,-0.03515093217054688
PhysionetMI,91,0,-0.029622592047307973,0.005049101580180282,-0.04698761449108516,-0.008682511221888595,-0.02385370165273762,0.2235855515091112,-0.05898340169641557,-0.024205998689721894,-0.005592657194854455,0.026695372250780558,-0.029594019193663973,0.061378351019991194,0.3128800494034939,0.5927150739787901,0.5935213712885486,0.14032066094252738,0.4997054982236109,-0.30057480730375263,0.6037789914664983,0.37583812962579255,0.411100913684831,-0.09633903889083364,0.4635726782590406,-0.006309037625577163,-0.008525635947371261,0.08626415946823865,0.01086660955364169,0.009696122750506478,0.029535044358169688,0.023709396650093306,-0.01938361903081177,-0.003573115156130831,-0.010867326460144247,0.004258146285333762,-0.011274686882362285,0.015581649506732895,0.1689324957965393,0.5529337269151562,0.3469736810803026,0.08902059264188164,0.356279967930666,-0.2245328868346235,0.3682527200820732,0.3356545380042874,0.3625438387745484,-0.002854440653762419,0.3554836989536363,-0.1052101307149872
PhysionetMI,92,0,-0.051713163471107326,0.0009491410378269833,-0.03819228977974442,0.006760436845681453,-0.029652104071008253,0.058143352821244026,-0.058401737461972296,-0.07371274564026278,-0.0598120272791765,-0.0007051449086021011,-0.06397550346047053,0.007651277571678441,0.4252156903601933,0.12378719761505895,0.4056197108093811,-0.009797989775406107,0.3182075329282111,-0.10068328916355483,0.4892210404188293,0.6536454928859877,0.5341538410625932,0.022466400321881963,0.5590067914558033,0.0622315822006105,-0.04403477142499142,0.07423198672942405,0.013536730886944476,0.028785751155967945,0.014577982063792369,-0.10834155781492529,-0.05007330857433226,-0.002437379329255332,-0.05917940363655639,-0.004553047531112065,-0.03723003051338133,-0.029101736650079396,0.4285986084504325,0.44044519899614076,0.16719291315173004,-0.13070284764935125,0.34541224019943445,0.13609238486807912,0.534614626064254,0.2372097012637883,0.48076775195727633,-0.026923437053488847,0.4175306930951062,0.14054042598553815
PhysionetMI,93,0,0.04338505590827635,-0.07959188719863827,0.14749157079830166,0.05205325744501266,0.037094913169313244,0.05724832778051902,-0.026770740572216453,-0.0751405386595299,-0.08368092167716988,-0.028455090552476716,-0.06186406696963875,0.08714966787140684,0.23659401733974839,0.6447932129765789,0.6897436900570514,0.22657483635865147,0.5237103067911262,0.12317222604968629,0.35001464525525455,0.5679643765965326,0.583837775001347,0.11691156487304624,0.5006055989510447,-0.029001987443623423,-0.011970327290732352,0.004924691708655211,-0.00781034051393316,0.0020799933883995964,-0.0049519920320034334,0.2812267053596334,-0.04629478990622031,-0.07594504592173922,-0.0483948377127378,-0.0010500239032587462,-0.05687822451356578,-0.008043577312363806,0.16893916261334915,0.16402893141853966,0.49024623771593556,0.1606535375512932,0.2744047772492748,-0.1216993841888903,0.3798270884353857,0.5814761998493042,0.5058792072134637,0.06302605938903899,0.48906083183271787,0.0046349385850684155
PhysionetMI,94,0,-0.17170931479937684,-0.06200345796797495,-0.07702826306821835,0.04734052586557925,-0.10358034527852339,-0.05763491633935421,0.008902693046133177,-0.00755258672518441,0.0028813160718597587,-0.0030106884871367087,0.0014104741309361752,-0.04292419876127468,0.8414198810530447,0.5201786703217097,0.4321261222139189,-0.2046468794195629,0.5979082245295578,0.33464034051693387,0.41867376135834233,0.3729932184992945,0.306302558638236,-0.05618560136005315,0.3659898461652909,0.024581254724501123,-0.07564081765379989,-0.05064985930006216,0.04467018738206598,0.06015550251793294,-0.027206829857265347,0.15560806823762702,0.034008782022558456,-0.009833137030480351,-0.056096032136825374,-0.045052407079691915,-0.01064012904824909,0.1061067943667751,0.5488083187074106,0.31854112423686665,0.5637834832173944,0.007487582254991854,0.4770443087205572,0.05202737736622546,0.3069452881045494,0.33142330247498736,0.6692326537023711,0.18114368279891083,0.4358670814273026,0.07519774317172034
PhysionetMI,95,0,-0.057361658477741176,-0.024662749304284193,0.02403553000109955,0.04069859423942036,-0.019329625926975274,-0.014282776827019483,0.002995001255008648,-0.02204386518882398,-0.040054615958601394,-0.021524808606805022,-0.019701159964138907,-0.03956981028371407,0.7050133952470365,0.42232115093494776,0.364813117307465,-0.17010013896978576,0.4973825544964831,-0.019946602602467518,0.423442944419802,0.33125543444633315,0.4342225336979895,0.0053897946390937534,0.39630697085470823,-0.013405933352406474,0.04311099616029324,0.01604815219881581,0.04709059980703823,0.0019898018233724946,0.035416582722049096,-0.03467980173849434,-0.03475348343213275,-0.04821659344722052,-0.0463486915341154,-0.005797604050991327,-0.043106256137822895,-0.05563098404553012,0.39864701581273637,0.2987784433669417,0.4921239036945976,0.0467384439409306,0.3965164542914252,-0.12319407047159246,0.3137169911525152,0.6291981980716316,0.3813084182800626,0.0337957135637737,0.4414078691680698,-0.05348230899991918
PhysionetMI,96,0,0.07128957380015517,0.03210196198316136,0.007073685775829046,-0.03210794401216306,0.03682174051971519,-0.03886492971069414,-0.06783254164211405,0.03541038904732075,-0.10270061682604192,-0.017434037591963936,-0.04504092314027841,0.05233304823828483,0.480033638313495,0.29266589232638585,0.24232971768737782,-0.11885196031305857,0.3383430827757529,-0.07674168493103718,0.6305631078831007,0.4550525637290657,0.6151323466728824,-0.007715380605109123,0.5669160060950162,-0.027959572076944328,-0.014222524341617537,0.04702809878343857,0.04081642661704931,0.02751947547933342,0.024540667019623447,-0.07378755088560553,-0.018193988377928162,-0.07579112983308954,-0.030188685513704606,-0.005997348567888222,-0.04139126790824077,0.04569882313037959,0.22257985006005648,0.3943734551126475,0.2917420623202129,0.0345811061300782,0.30289845583097225,0.029254245575057125,0.3583199019978235,0.530550494072463,0.38757893996188897,0.01462951898203274,0.42548311201072514,0.011453536744101453
PhysionetMI,97,0,-0.07216085808185618,0.07131923011798866,-0.06829259483073007,0.0019341316255630583,-0.02304474093153253,-0.0499657525843925,-0.019146062327715402,0.003173399628820448,-0.025656514617033794,-0.0032552261446591956,-0.013876392438642915,-0.0031656823602713388,0.7307045104046835,0.49373386089251564,0.5853131825216298,-0.07269566394152688,0.6032505179396096,-0.016616519771802046,0.29561615508000166,0.4555500301040635,0.5868893398436112,0.1456365923818048,0.4460185083425588,-0.017572029931157918,0.030612749189994858,-0.0037648522835321734,-0.018252398347939503,-0.024432573768967177,0.002865166186174394,-0.09183005737213139,-0.02985656294259485,0.018555317121367113,0.04051307612409117,0.035184819533343015,0.009737276767621145,0.07608228405594591,0.3343370462572015,0.18033051629006833,0.28702113108201127,-0.02365795758759512,0.2672295645430937,-0.03366774308096412,0.4490870931371307,0.46661098432020337,0.3314505499294574,-0.058818271603836646,0.4157162091289304,-0.06878303592234376
PhysionetMI,98,0,-0.09639795174551348,-0.07459761760440545,-0.059696601749111386,0.018350674998201047,-0.07689739036634345,0.16271052448070714,0.0014614171648526459,-0.10437773351241585,-0.07624093796340098,-0.038851177564126815,-0.059719084770321396,-0.010370889963657462,0.6117854303436998,0.48314897606956575,0.5163352778948208,-0.0477250762244395,0.5370898947693621,-0.13789505267742072,0.5175312329800354,0.7031444723011648,0.5570137137464688,0.019741240383216674,0.5925631396758897,0.11179736806091951,-0.004771318032641378,-0.10731323927053796,0.04466186547461152,0.02471659175362645,-0.0224742306095226,-0.11153545069589914,-0.028855912620102727,-0.024922150650916214,-0.07153266775352994,-0.021338377566713605,-0.041770243674849626,-0.04367221248330532,0.3057094491914255,0.5624892777103165,0.32013422481229425,0.007212387810434372,0.3961109839046788,-0.22482420092551272,0.4918715964924362,0.38016738894653,0.40925202501825814,-0.041309785737089044,0.4270970034857415,-0.04875962797916441
PhysionetMI,99,0,-0.031264780762082466,0.009538059225918844,-0.00321796383694761,0.014023408462567426,-0.00831489512437041,0.11978101145851892,0.027908699054394914,0.012141076429912256,0.011586717201159466,-0.008160990926617723,0.01721216422848888,-0.015737948498447285,0.34805779857868224,0.2912695394211415,0.3105024834410949,-0.018777657568793682,0.31660994048030616,-0.13021034973828086,0.36260169831479555,0.26570874244501913,0.26566475824135755,-0.048468470036718996,0.2979917330003907,-0.10838948504060625,-0.0016305601226419672,0.08065712264488774,0.055343381281130026,0.028486970701885998,0.044789981267791934,0.012823510949901426,-0.020879721710479925,0.036007106595492784,-0.013135914270618696,0.0038719037199306146,0.0006638235381313876,-6.76908218963888e-05,0.37617598892142895,0.7065125912586575,0.38176367508342574,0.0027938430809983927,0.48815075175450406,0.3266542251361774,0.4120726802960774,0.3200414248360152,0.3458188881043888,-0.033126896095844294,0.3593109977454938,-0.14750044224797035
PhysionetMI,100,0,0.16952273782765334,-0.04851628429546082,0.025919187095749023,-0.07180177536595216,0.04897521354264719,0.03756637454705907,-0.05032867193001195,0.005943106158107157,0.026536069621795763,0.038432370775903855,-0.005949832050036343,-0.021999701286509448,0.6533419790475715,0.5292283417444376,0.21881430286826348,-0.21726383808965402,0.4671282078867575,0.03870511835608148,0.43995215070098964,0.45441502979184706,0.47957695580556686,0.01981240255228861,0.4579813787661345,-0.0650986937804214,0.0908761415189538,0.2015139262798113,0.08184947910935066,-0.004513331204801574,0.12474651563603857,-0.02697903968121787,0.06977039691302796,-0.053294941950274226,-0.035641036710653266,-0.05270571681184061,-0.006388527249299845,0.0482342967991741,0.654830106468616,0.9446845231025219,0.4751533087258634,-0.08983839887137626,0.6915559794323337,0.003334516856249562,0.5711103717704326,0.5214394216513972,0.43020592830499116,-0.0704522217327207,0.507585240575607,-0.06700254147226221
PhysionetMI,101,0,-0.0003366286462821148,-0.08395645884263554,-0.02506093326295029,-0.012362152308334085,-0.03645134025062265,0.21124779518519451,-0.0257169623944573,-0.0005104672768433148,-0.028272858969713155,-0.0012779482876279277,-0.018166762880337924,0.05581915356021933,0.2412668335735045,0.6325578275703575,0.26132950999064547,0.010031338208570481,0.3783847237115025,-0.3311365016772189,0.33143567721910094,0.25160862035915255,0.38689597975013656,0.027730151265517807,0.32331342577613004,-0.2064617306212567,0.07570320809842314,-0.019622127401936685,-0.03549606048122857,-0.05559963428982585,0.0068616734050859635,-0.07404171655350314,-0.037105859780317836,-0.06697732164960778,-0.02221865020427657,0.007443604788020632,-0.04210061054473407,0.030732182011694458,0.46995388724430764,0.22301276793030542,0.4298473957010521,-0.02005324577162776,0.3742713502918884,0.0342173388338633,0.5918700836278018,0.4237355605174293,0.37748645849132156,-0.10719181256824012,0.4643640342121842,0.003845505918113871
PhysionetMI,102,0,-0.06483568090682115,-0.03715033235301677,0.016810880512242204,0.04082328070953168,-0.028391710915865235,0.10855677708675328,-0.057859855904618736,-0.008273387279112398,-0.02940673578424072,0.014226560060189006,-0.031846659655990615,0.038677773653940234,0.6189174843485762,0.7168586215603979,0.23009887079119767,-0.19440930677868926,0.521958325566724,0.06757744353933819,0.5016208547596785,0.4754172024473809,0.32735857374846555,-0.0871311405056065,0.43479887698517494,-0.06896364768536993,0.03849466731126262,0.013158407788939298,-0.015106785096064508,-0.026800726203663562,0.012182096668045804,0.05744121085867257,-0.004058572045969054,-0.035858379050814966,-0.0067703693472740455,-0.0013558986506524966,-0.015562440148019356,-0.05749245064755127,0.47222561144260566,0.21006897237039432,0.1809009462110553,-0.1456623326157752,0.28773184334135177,0.019734904955509076,0.484238427021949,0.31071695183570835,0.37765631989850107,-0.05329105356172398,0.3908705662520528,-0.09098758338272588
PhysionetMI,103,0,0.053053110321912705,0.10528869203850325,0.01672532480935898,-0.018163892756276865,0.05835570905659165,-0.009040077228674115,-0.029176946703947708,-0.08815164503576113,-0.05173893497158458,-0.011280994133818435,-0.0563558422370978,-0.020869322969059464,0.47550218889321455,0.6786667599241587,0.40887555193247394,-0.03331331848037031,0.5210148335832824,0.08918462085269319,0.40553333411913645,0.5887827496996847,0.5642798321930143,0.0793732490369389,0.5195319720039452,0.0547892879385303,-0.0028650015972403625,0.047265134821148344,0.048333991426890724,0.025599496512065542,0.03091137488359957,0.07331200039185952,-0.01927689126624148,-0.018375400460135784,-0.03586973345322322,-0.008296421093490868,-0.0245073417265335,0.0685622498783524,0.3208072784617984,0.32370866115468977,0.3901957292308172,0.03469422538450939,0.3449038896157684,-0.2253013911666327,0.41410719349348346,0.46813257586917184,0.41091601972735164,-0.001595586883065908,0.431051929696669,-0.0030638061010015796
PhysionetMI,104,0,0.026201865705510006,0.0709707263506464,0.106074531197682,0.039936332746086,0.0677490410846128,0.10355202544102797,-0.02368025880820639,0.010558441896470181,-0.016986160821560153,0.0033470489933231182,-0.010035992577765454,-0.0017279695478812224,0.35508000839835663,0.43776839316178595,0.6220557853827278,0.13348788849218557,0.4716347289809568,0.16000158534752468,0.3781164149068985,0.41134972334455994,0.311041607047002,-0.03353740392994825,0.3668359150994869,-0.05877293581673922,0.05594810585233045,0.08250930146035981,0.10327599470326385,0.0236639444254667,0.08057780067198471,-0.03508106220265916,-0.03818207322410056,-0.016482200178054712,-0.00915512076420811,0.014513476229946224,-0.021273131388787794,-0.11073398342024017,0.6438327422931317,0.664114325953329,0.8154686308731551,0.08581794429001172,0.707805233039872,0.2839974184165221,0.32461410957510894,0.3371149195249632,0.2986206708164018,-0.012996719379353566,0.32011656663882465,-0.005127449793063177
PhysionetMI,105,0,0.032731370449283675,0.06435584991460463,0.048088262774642926,0.007678446162679625,0.04839182771284375,0.05345596526677787,-0.002705446079982346,0.0010891158896165964,-0.017731006895303922,-0.007512780407660788,-0.00644911236188989,-0.009013412820353289,0.5608111620193583,0.4243525383171541,0.4256849586790556,-0.06756310167015137,0.47028288633852267,0.20201826776728712,0.18183915565669784,0.31495275252116955,0.39453851406798013,0.10634967920564115,0.29711014074861586,-0.1159701007832158,0.059369181262839375,0.11083616136353164,-0.017439262863035876,-0.03840422206293763,0.050922026587778384,-0.15738127681681255,-0.04458817491595421,0.03506231097215822,0.0026526356566391896,0.0236204052862967,-0.0022910760957189327,0.03993355843233851,0.4368832396606252,0.8481237063663927,0.2568077616314984,-0.09003773901456341,0.513938235886172,0.08598577209079138,0.4862194210083949,0.39195355896325007,0.3516525633626351,-0.06728342882287988,0.40994184777809334,-0.1142448586028635
PhysionetMI,106,0,-0.007142813848656763,0.04604401129690562,-0.13124197655772957,-0.0620495813545364,-0.03078025970316024,-0.027403183593613375,-0.03186411611607566,-0.035359368826669145,-0.015783596827039264,0.008040259644518198,-0.02766902725659469,0.05277237593368822,0.12168998741631903,0.513455293956124,0.8767077347932599,0.3775088736884704,0.5039510053885676,0.010553530390369806,0.3101842917496416,0.3359663751479213,0.34828219910328173,0.019048953676820052,0.3314776220002816,-0.094439327206697,0.029738106018266666,-0.03481320309052735,-0.07375395367548086,-0.051746029846873765,-0.026276350249247182,-0.07229407141650926,-0.05107161067316619,-0.04532856330838081,-0.0020706314402251153,0.024500489616470538,-0.03282360180725737,-0.04655223471212275,0.3982996842016569,0.23437613475969207,0.45984753246387766,0.03077392413111038,0.3641744504750755,0.019491931838815386,0.40858667271313465,0.41871534407432187,0.459010114334919,0.02521172081089218,0.4287707103741252,0.020041830833127754
PhysionetMI,107,0,0.01133136831107969,0.06184570122280285,-0.010255467152376293,-0.01079341773172799,0.020973867460502078,0.0931324552549569,-0.038001583826778755,-0.05034468877148337,-0.038663193442908396,-0.00033080480806482043,-0.04233648868039017,0.0005721085799419967,0.3903207733323865,0.4966471418953683,0.35645201544967103,-0.01693437894135774,0.41447331022580863,-0.22419679874357076,0.49271979020510487,0.4911689282247993,0.45373470459546017,-0.01949254280482235,0.47920780767512144,0.04000783643700021,0.008097067068173723,0.0049810542140535045,0.05984655248253361,0.02587474270717994,0.024308224588253612,0.10179353570390594,-0.0783279344614498,-0.06942467362928258,-0.039509282529299895,0.01940932596607495,-0.06242063020667742,0.007753544792938691,0.3196137948511039,0.34109019836425075,0.5550778108305473,0.11773200798972168,0.405260601348634,0.1034943252708988,0.724934725935509,0.7705653938103243,0.5710771593921722,-0.07692878327166841,0.6888590930460019,0.10331715593159801
PhysionetMI,108,0,0.04936042543769924,-0.07401566341840399,0.09942976376803549,0.02503466916516812,0.024924841929110247,-0.14852261530586294,0.0643760223602452,0.034912752221420595,0.0604826012344982,-0.0019467105628734984,0.053257125272054666,-0.039155851202416984,0.49448683121583614,0.29348564751283546,0.3466800476907829,-0.07390339176252661,0.3782175088064848,-0.00796876480612276,0.4654318586678114,0.3256948243354171,0.4341488351934442,-0.01564151173718359,0.4084251727322242,-0.14360743638188458,-0.0017190091805683475,-0.06524784722562631,-0.07787494038358642,-0.038077965601509035,-0.048280598929927025,-0.059724768219137296,-0.03734680371486296,-0.06965370492908139,-0.036125398953535316,0.0006107023806638211,-0.047708635865826556,-0.1300204700924948,0.18406520639841065,0.4175978552638739,0.497151398938345,0.15654309626996715,0.36627148686687655,-0.13469110160468545,0.3641597795221147,0.4874951992169337,0.32526493423993186,-0.019447422641091422,0.39230663765966006,-2.4342397703103202e-06
PhysionetMI,109,0,-0.019665392836149563,0.14694729958499078,0.10489885930317593,0.06228212606966274,0.07739358868400571,0.26128697052568456,-0.1287495653287217,-0.04669417743300755,-0.06939837990016898,0.029675592714276357,-0.08161404088729941,0.024825382942709074,0.35261190612416693,0.7678168077093093,0.4557019627574891,0.05154502831666107,0.5253768921969885,0.08758416199918322,0.6981243903902147,0.40647873513372906,0.3995658428431317,-0.1492792737735415,0.5013896561223584,0.05013369981684238,0.007493933107885553,0.05870091417317007,0.1186426074568637,0.055574337174489064,0.06161248491263977,-0.07036390683589439,-0.10100421365484742,-0.11113574500826072,-0.04142744727539337,0.029788383189727027,-0.08452246864616718,0.049664407474743495,0.35015445893611136,0.5490496919060978,0.5064198758772258,0.07813270847055723,0.46854134223981164,0.19816460684909046,0.4718351847552215,0.6074617093950805,0.39183046632846386,-0.04000235921337883,0.4903757868262553,0.05145492400930372
