dataset,subject,session,task,stage,n_trials,imcoh_mu,imcoh_beta,wpli_mu,wpli_beta,imcoh_mu_baseline,imcoh_mu_MI,imcoh_mu_delta,imcoh_beta_baseline,imcoh_beta_MI,imcoh_beta_delta,wpli_mu_baseline,wpli_mu_MI,wpli_mu_delta,wpli_beta_baseline,wpli_beta_MI,wpli_beta_delta
PhysionetMI,1,0,left_hand,early,7,-0.12177385831016492,0.0015789965892363434,0.6827377555041646,0.40339805482704105,-0.393226598882061,-0.07863354327077463,0.31459305561128637,0.12632754474678998,-0.013240713857080911,-0.1395682586038709,0.9334353602900421,0.4981378097923263,-0.43529755049771585,0.4338479002570217,0.39342310311721007,-0.04042479713981162
PhysionetMI,1,0,left_hand,mid,8,-0.0800665632513844,-0.07708803748429835,0.5680086027244504,0.5651513796869776,-0.29216756454996917,-0.036743831202324544,0.2554237333476446,-0.15133600647817247,-0.06568536597333621,0.08565064050483626,0.6527569680553932,0.2918260461046026,-0.3609309219507906,0.4516296590043046,0.47324259589357104,0.021612936889266465
PhysionetMI,1,0,left_hand,late,8,0.008109765789136381,0.006850289381169549,0.28543109754821006,0.3154218317375948,-0.20651505296590295,0.028154849195255835,0.2346699021611588,-0.025482409757854242,0.022739225485902848,0.04822163524375709,0.6654978200338059,0.23217616422971396,-0.4333216558040919,0.4341986258403272,0.26657432385995516,-0.16762430198037204
PhysionetMI,1,0,right_hand,early,7,0.04509164122329989,-0.027110654856108748,0.3618328278061668,0.360885106993469,0.04231563695494059,0.04222125203341931,-9.438492152127886e-05,0.10331472377763899,-0.04146071651052964,-0.14477544028816863,0.7261476197059207,0.35063792127349225,-0.37550969843242843,0.3926325846751586,0.4019746996126988,0.009342114937540225
PhysionetMI,1,0,right_hand,mid,7,0.019367835890904694,-0.049789844769546864,0.2843393483151781,0.38828350286906754,0.03276089357539801,0.029101212132348103,-0.0036596814430499107,-0.02198714004895969,-0.06827855664678237,-0.04629141659782268,0.15547024920158148,0.369622261667864,0.21415201246628252,0.49948057815011754,0.43755084513838294,-0.0619297330117346
PhysionetMI,1,0,right_hand,late,8,0.04022677568448377,-0.015957383126735822,0.4605554298016996,0.276353685085635,0.012434696045374706,0.051157356395927174,0.03872266035055247,0.03691958493986685,-0.014598837115510757,-0.051518422055377606,0.2710614067606551,0.5334269283047663,0.26236552154411125,0.40160753204484695,0.28422240336202387,-0.11738512868282308
PhysionetMI,2,0,left_hand,early,7,0.029243457148089937,0.008220032250594957,0.45491960013567007,0.2794577497441689,0.32532281432183185,-0.056543175913740765,-0.3818659902355726,0.001974984837264752,0.014612038154783036,0.012637053317518285,0.6280610969911846,0.40289713832152935,-0.22516395866965527,0.560928773488685,0.32044565905149097,-0.240483114437194
PhysionetMI,2,0,left_hand,mid,8,0.03686540251290594,-0.005909509414595175,0.4402276512075929,0.31797768497892964,0.03732601647658607,0.046506374642219066,0.009180358165632993,-0.11414796868059938,0.02429824240630796,0.13844621108690736,0.12808095417335222,0.4190832518391291,0.2910022976657769,0.33272471355000266,0.3785541224049012,0.04582940885489856
PhysionetMI,2,0,left_hand,late,8,0.03756073770364413,0.04388272909913437,0.4570039799176151,0.45309261558316954,0.19386804886981526,0.010025090755807143,-0.1838429581140081,-0.06867334912168176,0.05850465846901343,0.1271780075906952,0.5605436210035009,0.4417221952080156,-0.11882142579548527,0.31012560616752843,0.43150242479156864,0.1213768186240402
PhysionetMI,2,0,right_hand,early,7,-0.055748083596786735,0.08225440976980906,0.37791806601212063,0.5329154695188284,0.016342083102159934,-0.06080473984159851,-0.07714682294375844,0.1143606176672002,0.06650634944288139,-0.047854268224318805,0.16295626853736933,0.38366495736803247,0.22070868883066314,0.5344802792879584,0.4608889194444936,-0.07359135984346477
PhysionetMI,2,0,right_hand,mid,7,-0.14176556492558617,0.1289612077636731,0.7997985383784896,0.6124915085116354,-0.015114803194286722,-0.14468322559073651,-0.12956842239644978,0.1595318523242468,0.13613844474871512,-0.023393407575531683,0.1813953569518228,0.7703693598106979,0.588974002858875,0.540576825471236,0.6118541107918171,0.07127728532058109
PhysionetMI,2,0,right_hand,late,8,0.01820281587468894,0.07517828143680023,0.39103885975104713,0.5514645293854374,0.05583330709034207,0.014090790311142753,-0.04174251677919932,0.1696509295303341,0.05459853498925509,-0.11505239454107899,0.15951033968182526,0.4596160764054927,0.3001057367236674,0.40981789066279267,0.3815678371444921,-0.028250053518300566
PhysionetMI,3,0,left_hand,early,7,-0.050706986475895714,-0.043516502102332044,0.5074902480531147,0.5131099670146635,-0.17309094905016165,-0.048242330471950805,0.12484861857821083,0.09883784003415196,-0.05578069030808266,-0.1546185303422346,0.44289194036200236,0.5407065698326465,0.09781462947064418,0.40330212476514715,0.6248374207302594,0.22153529596511223
PhysionetMI,3,0,left_hand,mid,8,-0.09649371791824403,-0.00856468962255916,0.785138639373,0.36433772381893936,-0.08683768001335823,-0.08116692030837289,0.005670759704985345,0.008111113572709624,-0.011534439991251276,-0.019645553563960902,0.2657924455883952,0.6885837041147737,0.42279125852637844,0.30071281232053904,0.3365273418874345,0.03581452956689546
PhysionetMI,3,0,left_hand,late,8,0.0668202633943426,-0.05272244480926861,0.6966634039592096,0.6036633679120562,-0.03031498118531616,0.0941885453897138,0.12450352657502996,-0.01221708105845413,-0.05631475146965574,-0.04409767041120161,0.5449862300354724,0.697666330072798,0.15268010003732557,0.4307454087631711,0.6216133885401455,0.1908679797769744
PhysionetMI,3,0,right_hand,early,7,-0.022622514374495695,-0.06017736077519911,0.2625221658010503,0.6911471049005012,-0.07535468485712121,-0.01437244488934929,0.060982239967771926,-0.052513015490876364,-0.05913114085077782,-0.006618125359901458,0.27666335248596197,0.29270904703567935,0.016045694549717382,0.44561323289309446,0.6782839927380562,0.23267075984496172
PhysionetMI,3,0,right_hand,mid,7,-0.008340364576358488,-0.08488023862686779,0.20440581691279,0.582644266906558,0.020656697071606892,-0.012041111241646859,-0.03269780831325375,-0.11375330179792408,-0.07291825166556985,0.04083505013235422,0.08846604617145297,0.2334675805854642,0.14500153441401126,0.5679550167421946,0.4953348679930579,-0.07262014874913669
PhysionetMI,3,0,right_hand,late,8,0.06833694073784351,-0.031114194936580786,0.6427274031953478,0.4429439943367885,0.14341503531385474,0.06183616036717506,-0.08157887494667967,-0.05926593772793439,-0.03139486946916798,0.02787106825876641,0.7966498324909697,0.5490582738630458,-0.2475915586279238,0.49294598469458656,0.4802669122745884,-0.01267907241999816
PhysionetMI,4,0,left_hand,early,7,-0.07397990417424326,0.0014908790864298694,0.593863442775631,0.2943624440909374,0.025558451080752144,-0.0902164268546455,-0.11577487793539765,0.0049597860394329785,-0.0021832925393139584,-0.007143078578746936,0.5247510887947775,0.6157401165388856,0.09098902774410811,0.5575671547483348,0.28030157620960605,-0.2772655785387288
PhysionetMI,4,0,left_hand,mid,8,0.004094989093845007,-0.008817619407964498,0.2015599125512768,0.30839525840649373,-0.21580408488613037,0.014732519649289736,0.2305366045354201,0.13771262292482128,-0.01547337389750896,-0.15318599682233025,0.6042623876404015,0.24829724331960032,-0.3559651443208012,0.5450705663910592,0.2869548629308715,-0.2581157034601877
PhysionetMI,4,0,left_hand,late,8,0.007873466631276685,-0.04394050479927123,0.22699914155367285,0.44269830546932637,0.02380946813109733,0.019476704608566618,-0.004332763522530713,-0.09856513337582541,-0.02887707051063958,0.06968806286518583,0.26243131425791827,0.18698452332869203,-0.07544679092922624,0.42265270932098065,0.4430247972007495,0.020372087879768852
PhysionetMI,4,0,right_hand,early,7,0.004570138625245681,-0.01991667573357236,0.25896078720480886,0.4930451198330411,-0.10999800162345816,0.022370843355800175,0.13236884497925833,0.04224066465099398,-0.015153264079441103,-0.057393928730435084,0.36294264718820535,0.265323117595046,-0.09761952959315934,0.3938750851565327,0.49097728153915127,0.09710219638261858
PhysionetMI,4,0,right_hand,mid,7,-0.05537306077886599,-0.04335128324746329,0.5648343882149347,0.3544126456270059,-0.2660542871342774,-0.025294918425568098,0.24075936870870931,-0.034797677480175454,-0.036910670910922004,-0.00211299343074655,0.6329221456357019,0.46155911654143644,-0.17136302909426548,0.36440858101073453,0.35133093732018716,-0.01307764369054737
PhysionetMI,4,0,right_hand,late,8,0.12680743098124506,0.00832799130835085,0.7607109953298725,0.41858733269954423,0.1092240161989092,0.11789945042399483,0.008675434225085626,-0.10219938119166286,0.031103190792327193,0.13330257198399004,0.3961127653555839,0.7374622974155638,0.3413495320599799,0.3077228742627496,0.41215286843995563,0.10442999417720605
PhysionetMI,5,0,left_hand,early,7,0.0805171953833889,-0.031273036463052205,0.5839941099135452,0.33585014833936655,-0.011283388286828056,0.1164776835941063,0.12776107188093436,-0.029802011486693245,-0.03184612402608686,-0.002044112539393614,0.06373744669980592,0.6410564256885414,0.5773189789887354,0.42319313925731505,0.298743528878588,-0.12444961037872704
PhysionetMI,5,0,left_hand,mid,7,0.016409954634823375,-0.04204578835740056,0.14623568670990936,0.5053317010933187,-0.18737220601613852,0.0615359997103446,0.24890820572648312,-0.07936705248958828,-0.03920672719546825,0.04016032529412003,0.5701734596002181,0.5292590417556698,-0.0409144178445483,0.45136439224022307,0.4054265848749025,-0.04593780736532055
PhysionetMI,5,0,left_hand,late,7,0.03131564416411136,0.03938248753354243,0.5775003910034526,0.5123451834097831,-0.0389232340179031,0.02986016190687441,0.0687833959247775,-0.03305033696957876,0.05840932757083891,0.09145966454041767,0.694685383109589,0.4867224068234036,-0.20796297628618543,0.40412367012461614,0.591974137533927,0.18785046740931088
PhysionetMI,5,0,right_hand,early,8,0.05130149867367949,-0.01747317981042086,0.6608609588296176,0.37050951913499797,0.3652079316077819,-0.0014145346465851544,-0.36662246625436706,0.10966300932305567,-0.05568336658787855,-0.1653463759109342,0.8827157533374037,0.25644550577988023,-0.6262702475575235,0.411047508723195,0.417636933278228,0.006589424555032974
PhysionetMI,5,0,right_hand,mid,8,-0.015068906120162717,-0.03745491748007827,0.15545516692984687,0.4424407006374409,0.055380651414274965,-0.02280469879877796,-0.07818535021305292,-0.1647629451078532,-0.030312205759530367,0.13445073934832283,0.22772645558589172,0.1428811549985768,-0.08484530058731493,0.5183302959072773,0.4771538276572317,-0.04117646825004562
PhysionetMI,5,0,right_hand,late,8,-0.004276330390037827,0.0321225869298631,0.3263333971091795,0.27030285586487224,-0.05335807692496438,-0.0025907043567304864,0.050767372568233896,0.05842399636430335,0.03020977633829572,-0.028214220026007632,0.13022345581105682,0.28258154384677747,0.15235808803572065,0.33769390441449487,0.25153596826352675,-0.08615793615096812
PhysionetMI,6,0,left_hand,early,8,-0.07932149871674501,-0.03986005903672581,0.5011336013404513,0.4981062656561527,-0.0729918474716297,-0.08342892497460591,-0.010437077502976205,0.07644483681044244,-0.053802327924482085,-0.13024716473492454,0.12918720434303355,0.47235504931946337,0.3431678449764298,0.5606244206561447,0.4953802091331154,-0.06524421152302928
PhysionetMI,6,0,left_hand,mid,8,-0.012604843875989513,-0.02156162880877116,0.19906417520392788,0.5742294703283297,0.022912446800468254,-0.023962275139713288,-0.04687472194018154,0.014834422638236557,-0.025640614246950667,-0.04047503688518722,0.15692630868014024,0.23133979704549562,0.07441348836535538,0.4061723525188393,0.4920922240029348,0.08591987148409547
PhysionetMI,6,0,left_hand,late,8,-0.10911293678681616,0.004004179857831748,0.6065447491167435,0.523176216310857,0.04110369511465851,-0.11717423803816732,-0.15827793315282582,-0.08282841291175615,0.010593304571476496,0.09342171748323264,0.40119745866678935,0.5393971845292735,0.1381997258624842,0.45757075042392104,0.5005172612914159,0.0429465108674949
PhysionetMI,6,0,right_hand,early,7,-0.033510570687363746,0.008948849829483267,0.4777823115317313,0.28085091861977085,-0.2855437508048516,0.02708941502189431,0.31263316582674594,-0.12416866682033485,0.0240555063906906,0.14822417321102546,0.781235265056829,0.37131236119928446,-0.4099229038575446,0.4119929906637452,0.34848015388359965,-0.06351283678014552
PhysionetMI,6,0,right_hand,mid,7,0.09525016035952233,-0.027659005614143202,0.7415427150220332,0.4345154450768854,0.017363348196994238,0.11987350042746746,0.10251015223047322,0.0007811972758546312,-0.02446368087704916,-0.025244878152903792,0.0460267125977184,0.8003645263945525,0.7543378137968341,0.3712308485568333,0.501662545129285,0.13043169657245168
PhysionetMI,6,0,right_hand,late,7,0.024904213405530454,-0.03405542139331522,0.35853968820132104,0.3356286428420978,-0.10045295157818365,0.03579818439443599,0.13625113597261965,-0.10315693375634656,-0.03335236531913427,0.06980456843721229,0.5978091531624348,0.2791830368800022,-0.3186261162824326,0.3483817990134767,0.3129078931844926,-0.03547390582898413
PhysionetMI,7,0,left_hand,early,7,0.09845154508930412,-0.02116204413844306,0.6076313631901016,0.3906478007979515,0.293368620644525,0.0762331116847981,-0.21713550895972691,0.06393235515786776,-0.024847626942291947,-0.08877998210015971,0.5941572400037504,0.47640741359103056,-0.1177498264127198,0.4321282558122215,0.35724680192345487,-0.0748814538887666
PhysionetMI,7,0,left_hand,mid,8,0.00835783749168901,-0.019835355525209843,0.20830493146236145,0.4556633316847457,-0.07466424744110597,0.01850206072701107,0.09316630816811705,-0.08441577177784163,-0.023059750389401824,0.061356021388439805,0.5249816599035897,0.2160483826685699,-0.3089332772350198,0.39854386406219383,0.3942953270376416,-0.004248537024552246
PhysionetMI,7,0,left_hand,late,8,0.06987142360657894,0.03506280179016464,0.5848811572436411,0.4727931460186678,0.10335993174123592,0.07686369182679853,-0.02649623991443739,-0.05568034366314239,0.04610025152640584,0.10178059518954823,0.2810848267411682,0.6137613246730895,0.33267649793192133,0.47402083727001226,0.4886319383683801,0.014611101098367829
PhysionetMI,7,0,right_hand,early,7,-0.06550862599699397,-0.0019021284500132824,0.45630340541093317,0.25313587787690894,-0.19071998594075912,-0.06991597354062387,0.12080401240013525,0.0476120114765029,-0.004744468406279846,-0.05235647988278275,0.5962608734554186,0.45223703222664946,-0.1440238412287691,0.4277217939698152,0.26681732436349764,-0.16090446960631755
PhysionetMI,7,0,right_hand,mid,7,-0.005104271321063939,-0.03325911948405833,0.3001394771074132,0.3382671410612963,0.17746309916668107,-0.023762631818720167,-0.20122573098540125,0.024366181897864984,-0.03857415036461339,-0.06294033226247837,0.606691154867282,0.38110870128539354,-0.22558245358188844,0.23859506201269737,0.38445932551194456,0.1458642634992472
PhysionetMI,7,0,right_hand,late,8,0.014048702040446682,-0.06740866500129027,0.2932041614480702,0.5099239868218702,0.09807114737883633,0.005759166538464764,-0.09231198084037157,-0.1698574650429766,-0.035001255518914864,0.13485620952406174,0.2567608309303128,0.2561976860736328,-0.0005631448566800201,0.6262558429211366,0.37796965993136483,-0.24828618298977173
PhysionetMI,8,0,left_hand,early,7,-0.055007719247199424,0.04374522893745727,0.5657128464396386,0.427332618280855,0.05146339838378872,-0.07035860634240249,-0.1218220047261912,0.02053573036799388,0.055240174187832454,0.034704443819838574,0.6287269712807699,0.5644980166517063,-0.06422895462906364,0.32107687934340334,0.5013131718811076,0.18023629253770423
PhysionetMI,8,0,left_hand,mid,7,-0.001457701738485452,0.03672785354417561,0.23182750026480742,0.381049999729211,-0.10978750667493778,0.027590104106874104,0.13737761078181188,-0.07005240206365418,0.05368465374870946,0.12373705581236363,0.1870528531497283,0.42507501970566114,0.23802216655593283,0.38411707021963776,0.420272310303302,0.03615524008366422
PhysionetMI,8,0,left_hand,late,8,-0.039983918219035935,-0.007037639387420851,0.4112092016383187,0.3899142636187019,0.05832492953458441,-0.0532715638959385,-0.11159649343052291,-0.02488885253981532,-0.01927165842692233,0.005617194112892989,0.20817117143506075,0.5176317917339098,0.3094606202988491,0.47268711391684765,0.32788259272100667,-0.14480452119584097
PhysionetMI,8,0,right_hand,early,7,0.039654463104689265,0.05246820289571617,0.42398497058257045,0.639298289314916,0.1266967180484534,0.045965869547879026,-0.08073084850057437,0.1209250072129471,0.0421748847238484,-0.07875012248909871,0.22870751693429395,0.35067954170021953,0.12197202476592559,0.4610555426415723,0.4811089447747149,0.020053402133142606
PhysionetMI,8,0,right_hand,mid,8,0.07730862539003244,0.09135851331437596,0.5954412756033869,0.7067642381823703,0.15130934314418434,0.06882240972434796,-0.08248693341983639,0.08821502488370843,0.09072710734875288,0.002512082465044446,0.38957488016083497,0.5546368163349193,0.16506193617408438,0.32875463604315475,0.6729395937195551,0.3441849576764004
PhysionetMI,8,0,right_hand,late,8,0.0799101347601968,-0.016666213024146993,0.5621564856542605,0.328880159526461,0.17647202337331144,0.07278529475283188,-0.10368672862047956,0.00940181880582542,-0.013420559966073893,-0.022822378771899313,0.34582269717866226,0.5327503576458055,0.1869276604671432,0.381172586495732,0.31475498396701085,-0.06641760252872114
PhysionetMI,9,0,left_hand,early,8,0.022398005735558876,-0.013752553676590236,0.3671179600504996,0.22562327567751403,-0.09098804604432707,0.04192834829020742,0.1329163943345345,-0.04932706569546486,-0.0008929462064796103,0.04843411948898525,0.4843930039860322,0.3939688353710444,-0.09042416861498781,0.26594071023841775,0.24628847914455712,-0.019652231093860634
PhysionetMI,9,0,left_hand,mid,8,-0.025245334758014607,-0.009845730302694356,0.2931188497762527,0.34940707967073537,-0.14363039980848918,-0.0074119752947999175,0.13621842451368926,0.01978042542680983,-0.009930860293647674,-0.029711285720457503,0.5948022130780172,0.17560162294201243,-0.41920059013600475,0.45993004445015157,0.41668704460927536,-0.043242999840876206
PhysionetMI,9,0,left_hand,late,8,-0.013934558027486185,0.00027156195931544774,0.29175589540420466,0.23401911097831207,-0.09142154798661722,-0.004621848139189309,0.08679969984742791,-0.06370942707176598,-0.0062455196791597195,0.05746390739260626,0.5051358142172903,0.2536103854127632,-0.25152542880452705,0.46131571043690733,0.21497519719523278,-0.24634051324167455
PhysionetMI,9,0,right_hand,early,7,0.056480644920273944,0.02067076172891401,0.6117095689165588,0.46419812730759047,0.3183674021039503,-0.00021372108197423648,-0.3185811231859246,0.13068975585269232,0.004602276362796295,-0.12608747948989601,0.8416908174398887,0.18180422321367024,-0.6598865942262184,0.3779879088942829,0.43024065826397734,0.05225274936969443
PhysionetMI,9,0,right_hand,mid,7,0.04924308715993359,-0.026550832222977442,0.7996234698982134,0.41459912400571935,0.1794866017530252,0.03315883420699433,-0.14632776754603086,-0.04667184868137505,-0.0330327704787222,0.013639078202652852,0.5070275706222124,0.45028435722789284,-0.056743213394319536,0.4468625226768162,0.3267392982893021,-0.1201232243875141
PhysionetMI,9,0,right_hand,late,7,0.053351862868767246,0.006909333731683634,0.7065160178512667,0.26394294915617744,0.21254653437870324,0.03729488909451038,-0.17525164528419285,0.08435023789429137,-0.011336379497854357,-0.09568661739214573,0.6360814954588179,0.6222874911165843,-0.013794004342233546,0.3654514396031574,0.29752215632341295,-0.06792928327974446
PhysionetMI,10,0,left_hand,early,8,-0.03836789925252386,0.02022070225417607,0.47052904092561704,0.26242284074861805,0.1659185124045706,-0.06758135828116708,-0.2334998706857377,-0.019507606276080457,0.028636319211250746,0.04814392548733121,0.48622841288149354,0.7600809600641566,0.27385254718266305,0.4087049319975878,0.3284305843146141,-0.0802743476829737
PhysionetMI,10,0,left_hand,mid,8,0.027587606014241296,0.010678482488041641,0.3888251722204787,0.5233505200991492,-0.16014336152919448,0.03161493837593556,0.19175829990513005,0.058899862139104045,-0.008896944593847728,-0.06779680673295177,0.42336890536478144,0.3515398926033655,-0.07182901276141596,0.46013239416060625,0.49524243215123,0.03511003799062373
PhysionetMI,10,0,left_hand,late,8,0.004063907600875311,-0.014748016808760096,0.33797482361993786,0.37317008844232813,0.04713876456265284,0.00868016535423287,-0.03845859920841997,0.04942988404351359,-0.024952152617752667,-0.07438203666126625,0.08500872139090358,0.46538865768474774,0.38037993629384415,0.23643436465830808,0.4696869590887371,0.233252594430429
PhysionetMI,10,0,right_hand,early,7,0.04083068157411384,0.011397062833767775,0.37078910047847286,0.3435711199564002,0.07891154208411127,0.05145467587828246,-0.027456866205828816,0.029459748532154557,0.007833315485388188,-0.02162643304676637,0.5068325412733109,0.4537726055800479,-0.053059935693263005,0.48640642184467026,0.4031695347846806,-0.08323688705998966
PhysionetMI,10,0,right_hand,mid,7,0.24801546007242206,0.04942610022295396,0.9395010949458614,0.5285644523631482,0.41343987985992,0.19257008143530063,-0.22086979842461935,-0.040651758220430434,0.06008135372102311,0.10073311194145354,0.8343871562088788,0.7960264681967639,-0.038360688012114896,0.46771183443344216,0.5777725421347584,0.11006070770131621
PhysionetMI,10,0,right_hand,late,7,0.011088786196720126,0.006626249084134579,0.2655827563572592,0.2583678711388559,-0.08993602702670553,0.003182573859566347,0.09311860088627187,-0.007029352909477242,0.0007975763619851591,0.007826929271462401,0.22808990524670075,0.23740397916057335,0.009314073913872595,0.2690316770668262,0.191114860115784,-0.07791681695104219
PhysionetMI,11,0,left_hand,early,7,-0.008063321037441075,-0.008764144174256555,0.3199963197696631,0.34103317221501595,0.023874173978754267,-0.0026266619563973504,-0.026500835935151616,0.011992031420338535,-0.017479881857696455,-0.02947191327803499,0.3422723990516807,0.3121025220619803,-0.030169876989700417,0.42811944244608535,0.3041946989609918,-0.12392474348509352
PhysionetMI,11,0,left_hand,mid,8,-0.02588907836964508,0.01697858283330236,0.46932840060672143,0.1967093529039655,-0.06798666532629251,-0.019927182546397953,0.04805948277989455,0.06525117174305588,0.008415885502113694,-0.05683528624094218,0.5770806923793022,0.39674805305327127,-0.18033263932603089,0.2724092248595173,0.2709767752473564,-0.0014324496121608798
PhysionetMI,11,0,left_hand,late,8,-0.07911072195436335,-0.04054090579335158,0.5445254611862668,0.4507725349212512,-0.17139005086659187,-0.05848723173792266,0.1129028191286692,-0.015615402241428575,-0.045171581277046034,-0.02955617903561746,0.46467244697078014,0.39932920424780555,-0.06534324272297459,0.2372516021449035,0.4956329897504595,0.25838138760555596
PhysionetMI,11,0,right_hand,early,7,0.009201173553472625,0.014725267222586174,0.15076672551648895,0.2851033890709928,0.27838662110184653,-0.04287762561074749,-0.321264246712594,-0.01477480361929534,0.015742225031473753,0.030517028650769093,0.9165339128972873,0.29924428615108145,-0.6172896267462058,0.2758021937614783,0.3882524346496293,0.11245024088815098
PhysionetMI,11,0,right_hand,mid,7,-0.05296629011836004,-0.0725983380257931,0.34445317673019826,0.6537413337313286,0.022133174043724845,-0.05421524059126893,-0.07634841463499377,-0.0424415502391868,-0.08000102861101595,-0.03755947837182915,0.2238333496775785,0.34429461538853523,0.12046126571095672,0.5360455408850178,0.6020901366431112,0.0660445957580934
PhysionetMI,11,0,right_hand,late,8,-0.038870006814242256,-0.030547690285399255,0.3634771323550496,0.6143396370374375,0.03966552572960959,-0.0642217238410929,-0.10388724957070249,0.016606121135645028,-0.02878629960951714,-0.04539242074516217,0.29561430340883177,0.5139974579837276,0.21838315457489588,0.14506603452818329,0.6867275008022323,0.5416614662740491
PhysionetMI,12,0,left_hand,early,7,0.00521904531103173,-0.07345606679349388,0.2407341684653868,0.5344909253034034,0.05712337709352081,-0.002251694948626401,-0.05937507204214721,-0.05728486011644761,-0.06937984325283261,-0.012094983136385004,0.17583293354914095,0.29276185190737836,0.1169289183582374,0.3531571738225864,0.4118047879296161,0.05864761410702973
PhysionetMI,12,0,left_hand,mid,7,0.06033398025483942,-0.05747893383575017,0.6159982654364689,0.46039032042689215,0.07043703239209723,0.0834754966298373,0.013038464237740077,-0.009380597519876003,-0.0632852672629772,-0.0539046697431012,0.1783255185382639,0.7002628784546686,0.5219373599164048,0.45039412178240695,0.4657982413811724,0.01540411959876542
PhysionetMI,12,0,left_hand,late,7,-0.004721571144977551,-0.039595920633689684,0.3552180051903056,0.6257276333525614,-0.1525947572129508,0.02062491003960001,0.1732196672525508,-0.09714062155009373,-0.023778785011290205,0.07336183653880353,0.6152286591041436,0.33442662234315085,-0.28080203676099275,0.2767155391432946,0.6433243528634909,0.36660881372019627
PhysionetMI,12,0,right_hand,early,8,-0.02264703806837334,-0.04190589384471212,0.41308757828512543,0.4408119956607928,-0.1423714172474795,0.009011918610849146,0.15138333585832867,0.10066490136392749,-0.058970424494532554,-0.15963532585846005,0.45160457614440336,0.32228822800903273,-0.12931634813537063,0.3924235604766235,0.4841392109207156,0.09171565044409208
PhysionetMI,12,0,right_hand,mid,8,-0.08979914369250495,-0.038470475622224394,0.7465406751872695,0.37561536631947207,-0.31616400466406425,-0.0520071349605536,0.26415686970351065,-0.02284951983757723,-0.04097527700295255,-0.018125757165375324,0.616868902593745,0.6187663655613295,0.001897462967584418,0.4762575145129474,0.3884733822751727,-0.0877841322377747
PhysionetMI,12,0,right_hand,late,8,0.027530881272882397,-0.06826490858169378,0.33099176896544796,0.4324102113577839,0.15462198829725088,0.030619955805598006,-0.12400203249165287,0.060786059752166145,-0.08337458559569502,-0.14416064534786116,0.5215312717890264,0.30516743453737794,-0.21636383725164843,0.2922410675751363,0.47797981244798377,0.18573874487284747
PhysionetMI,13,0,left_hand,early,7,0.06399290815550675,0.02290646233172705,0.46976559761288067,0.4219424555064417,0.08202004321893872,0.055653597827080355,-0.02636644539185836,0.07699391526562915,0.002143725854997127,-0.07485018941063203,0.6816316780471295,0.3804401956523803,-0.30119148239474924,0.39124647855877653,0.27278018599007864,-0.1184662925686979
PhysionetMI,13,0,left_hand,mid,8,0.05378186765616652,-0.02987661631325917,0.5160432696836714,0.5036785219937783,0.194713464247604,0.04664369544849141,-0.1480697687991126,0.07560981128975487,-0.04981662077144435,-0.12542643206119922,0.43859439883634577,0.5448845728854746,0.10629017404912888,0.6011222119557854,0.41990338616563927,-0.18121882579014614
PhysionetMI,13,0,left_hand,late,8,0.009131291088560442,-0.0892449406247539,0.09729439836436839,0.5765743241108904,0.07190591773304039,-0.011689450371777101,-0.08359536810481749,-0.14597697707722837,-0.06896918879863136,0.07700778827859701,0.31007136264694757,0.28215204276291495,-0.027919319884032623,0.34741992391670423,0.43459826181851685,0.08717833790181262
PhysionetMI,13,0,right_hand,early,7,0.08253295494954348,0.014051235942299956,0.8338979659462092,0.5356733329025686,0.09346192881502832,0.08571511499123904,-0.007746813823789278,0.054009013245650356,0.02461279644988187,-0.029396216795768485,0.41258854942023493,0.6542173135558791,0.24162876413564416,0.28617113894511115,0.5831562346569088,0.29698509571179765
PhysionetMI,13,0,right_hand,mid,7,-0.014817528685730299,-0.0705144016876415,0.4352658558013768,0.48763471648508866,-0.0034796808901832316,-0.007639704680112847,-0.004160023789929615,-0.12853962352869266,-0.05316986881170753,0.07536975471698514,0.42693439342882245,0.2588872413552929,-0.16804715207352955,0.45035725923335995,0.5141386629339946,0.06378140370063462
PhysionetMI,13,0,right_hand,late,8,0.05814943568830337,-0.0306418215981007,0.43367727406511586,0.3331579125605712,0.16180261705875282,0.06269894138749536,-0.09910367567125745,0.02204024200916025,-0.036681313876535705,-0.058721555885695956,0.42691564839251395,0.418156517297367,-0.008759131095146921,0.255729797521375,0.3914935675415018,0.1357637700201268
PhysionetMI,14,0,left_hand,early,7,0.05174300928241664,-0.01790986836132441,0.4742553360301045,0.4540503890812358,0.0824541873952792,0.026043437235648045,-0.05641075015963115,0.07185477750255635,-0.03480606764883423,-0.10666084515139058,0.3961542452657115,0.23535248755637667,-0.16080175770933486,0.45425799303541364,0.46098906573542153,0.00673107270000789
PhysionetMI,14,0,left_hand,mid,7,0.055840943209265505,0.02226517550307038,0.5721990525874934,0.28347480055938284,0.35193265599309514,0.023896261721045163,-0.32803639427205,-0.08193746276915419,0.03390128302641064,0.11583874579556483,0.7250061209186469,0.26736901555879183,-0.4576371053598551,0.41327403999749446,0.3597358227738571,-0.053538217223637385
PhysionetMI,14,0,left_hand,late,8,-0.07094104576326891,-0.04651691017444962,0.6758176414316693,0.5224963719565763,-0.0656873119585059,-0.06211174375957545,0.0035755681989304497,-0.08077615720430142,-0.05096728900496555,0.029808868199335876,0.7662146342224659,0.6104716454873214,-0.15574298873514458,0.27646934991214817,0.48946573111160946,0.2129963811994613
PhysionetMI,14,0,right_hand,early,7,-0.020178937480545993,-0.053662154935690876,0.4050051430252133,0.46124278997194806,-0.08501727052779481,-0.011516665714061364,0.07350060481373345,-0.11268340587432135,-0.04103054073321807,0.07165286514110328,0.3132451504554109,0.3829668734307353,0.06972172297532442,0.34245457011076874,0.4454889799539885,0.10303440984321977
PhysionetMI,14,0,right_hand,mid,8,0.05027104896533345,-0.039494686814813856,0.4630187387089474,0.3624755545399436,0.2889504085929203,0.027109610809600556,-0.26184079778331976,0.03141125456891971,-0.036555176706126,-0.0679664312750457,0.8780312238760299,0.3853988464944899,-0.49263237738154003,0.356502282733155,0.44405282167638394,0.08755053894322895
PhysionetMI,14,0,right_hand,late,8,-0.08714771770807204,-0.014948837974753205,0.624876972231492,0.29854788952656003,-0.13104188545794593,-0.08383636492217443,0.0472055205357715,0.06592212971741028,-0.03208191004097637,-0.09800403975838665,0.37360210453256515,0.5172714459460984,0.14366934141353327,0.26824526154562456,0.41192167216807324,0.14367641062244868
PhysionetMI,15,0,left_hand,early,7,-0.05361046367002763,-0.06695231429888167,0.3929092856366299,0.5231322456284275,-0.04360070411851353,-0.047010532336521534,-0.003409828218008004,-0.14152862652911807,-0.05607177307893212,0.08545685345018594,0.251146201663742,0.3616251232665304,0.11047892160278838,0.3798607924619526,0.45838050164596766,0.07851970918401507
PhysionetMI,15,0,left_hand,mid,8,-0.08150147601559979,-0.009999411186017793,0.5572650784371813,0.38429926683584353,-0.10137227975592589,-0.08067896919306142,0.02069331056286447,0.11390697017771208,-0.02850235123901863,-0.1424093214167307,0.46981955084778837,0.5504328561464289,0.08061330529864053,0.40298084701340126,0.47020737088532694,0.06722652387192568
PhysionetMI,15,0,left_hand,late,8,-0.173684487894705,-0.043544017232305346,0.7293747645652756,0.4226132446528184,-0.1840212048221338,-0.18450057925644694,-0.00047937443431314564,-0.09525591701305436,-0.04536185511133554,0.04989406190171882,0.45802751393662783,0.7118212938981695,0.2537937799615417,0.3520082522343314,0.44201753170351343,0.09000927946918202
PhysionetMI,15,0,right_hand,early,7,0.06886913113715112,-0.061224137787298454,0.4779139475057258,0.6318730768626181,0.21362469532073503,0.03229127938283414,-0.1813334159379009,-0.10189917698699874,-0.04742988479065798,0.05446929219634076,0.5635926638804265,0.44447164418870055,-0.11912101969172595,0.4521029423506477,0.5366590707836386,0.08455612843299093
PhysionetMI,15,0,right_hand,mid,7,0.05814588179351186,-0.042355727911388974,0.33838341194913124,0.4004972407514624,0.14272880543920177,0.06981331362404108,-0.07291549181516069,-0.11479929636074582,-0.027589260094390045,0.08721003626635578,0.39941587719553157,0.3949449520270388,-0.00447092516849279,0.6679004026033203,0.4013425555940982,-0.2665578470092221
PhysionetMI,15,0,right_hand,late,8,-0.0008681934816491738,-0.01650393667673167,0.19977461622476725,0.33385946070512046,-0.08141709632005434,0.008792152994463455,0.09020924931451779,-0.08599125605070153,0.00469915785572906,0.0906904139064306,0.2019382103488112,0.20108710168931762,-0.0008511086594935879,0.5261497017978197,0.3879245188878774,-0.13822518290994235
PhysionetMI,16,0,left_hand,early,7,-0.04620274866054638,-0.07222531017739994,0.4684359043904236,0.5538116745936712,-0.20833590145741204,-0.023583463798390738,0.1847524376590213,-0.11736205943652478,-0.0712478218396529,0.046114237596871874,0.5866962006983679,0.2754347166327484,-0.31126148406561954,0.5140488317857796,0.5310016052036034,0.016952773417823752
PhysionetMI,16,0,left_hand,mid,7,0.03237751495574182,-0.01666187763226188,0.5292397863263241,0.5131094863245166,-0.07348140086779364,0.03735541023155138,0.11083681109934503,-0.11289999459083495,-0.011513133403410827,0.10138686118742413,0.28198868965065443,0.4506615955799106,0.16867290592925616,0.5580564060064391,0.4801721136780015,-0.07788429232843763
PhysionetMI,16,0,left_hand,late,8,-0.0410791603622221,-0.04222126167738735,0.4682611234496543,0.387703733778602,-0.03441321929268018,-0.03117797707759881,0.003235242215081372,-0.06550218133745626,-0.03318998267114333,0.032312198666312936,0.3122256321577334,0.41821156271986254,0.10598593056212913,0.4688331826335718,0.3607606455257154,-0.10807253710785641
PhysionetMI,16,0,right_hand,early,7,0.011458256496389544,-0.018140680503361935,0.3547638034443986,0.4637017600699476,0.03165697047057227,0.035772420612401,0.004115450141828729,-0.10778429615797837,0.0012656505353467705,0.10904994669332514,0.20139735462508368,0.5403234543194368,0.33892609969435317,0.45396824014229037,0.380619425375628,-0.07334881476666238
PhysionetMI,16,0,right_hand,mid,8,0.03780287896240646,-0.04635203837573824,0.3600800903851382,0.41585328644413044,0.025903961162519785,0.02819484192681169,0.002290880764291906,-0.003035005946238024,-0.05065489743920382,-0.0476198914929658,0.16224636429022057,0.2804223235393209,0.11817595924910032,0.3955715469125173,0.4147582948642739,0.019186747951756622
PhysionetMI,16,0,right_hand,late,8,0.03735399937742658,0.013261215393788633,0.40825482205105146,0.39626412192297383,0.14506897205104244,0.02129488579174438,-0.12377408625929806,-0.0006727504956335278,0.01308827078991013,0.013761021285543656,0.7709204237649988,0.36229104141760293,-0.4086293823473959,0.36875157105930545,0.33494852772657147,-0.033803043332733984
PhysionetMI,17,0,left_hand,early,7,-0.10149651962537375,-0.004332555100602518,0.5642259077941714,0.3113809108452093,0.16941385143506746,-0.11135146923700316,-0.2807653206720706,0.1118192308079469,-0.03407130458883037,-0.14589053539677727,0.4562373406164444,0.6247847090335429,0.1685473684170985,0.39499851190297947,0.33825515683276913,-0.05674335507021033
PhysionetMI,17,0,left_hand,mid,8,-0.07779431373876822,-0.03804288165586304,0.6475887790627558,0.3320912681886831,-0.06343234466594376,-0.07705323875385578,-0.01362089408791202,0.1114525440834446,-0.06386518672123923,-0.17531773080468382,0.5333334287090592,0.6261000692427584,0.09276664053369921,0.37999848854396057,0.44805745641070166,0.0680589678667411
PhysionetMI,17,0,left_hand,late,8,-0.11280917681827374,0.005279528792763534,0.6637834338263452,0.41209224761817886,0.11121768493238487,-0.12873978451834991,-0.2399574694507348,0.04123885985482382,-0.005429168369189997,-0.046668028224013815,0.23763157317444153,0.7329263074738969,0.49529473429945536,0.35128349637922046,0.4171297684900565,0.06584627211083605
PhysionetMI,17,0,right_hand,early,7,-0.12377965438103831,0.03228034446009926,0.8377297895635951,0.4494176406444531,-0.07821334417979692,-0.13668908487246903,-0.05847574069267211,0.14008715270396693,0.019006441716284305,-0.12108071098768262,0.3260117773402718,0.8028300602687894,0.47681828292851763,0.5700628303748295,0.4038647963122812,-0.1661980340625483
PhysionetMI,17,0,right_hand,mid,7,-0.1670294282254142,-0.05025483729356106,0.8323181188148656,0.48180550968286295,-0.010997854616157099,-0.1693355795648877,-0.1583377249487306,0.0141599702629296,-0.05040562507307898,-0.06456559533600859,0.17104615948206592,0.8007125751168892,0.6296664156348233,0.3100472574117925,0.39567769131317354,0.08563043390138103
PhysionetMI,17,0,right_hand,late,8,-0.16066388177262034,-0.0037582460920165812,0.9221016594257253,0.29346651556769476,-0.33592385854154766,-0.14766660181441385,0.1882572567271338,-0.10554104529567733,0.0010322249307019422,0.10657327022637927,0.8635122374738751,0.8362145498630713,-0.027297687610803756,0.4922642212336367,0.24022003693438,-0.25204418429925673
PhysionetMI,18,0,left_hand,early,7,-0.02679578739140934,-0.014334331146519089,0.36421675419591387,0.35562140721374047,-0.1418227715907104,0.009449234328595733,0.15127200591930615,-0.11229190324130806,-0.0021974822435640346,0.11009442099774402,0.5606174908883896,0.21125236057872138,-0.34936513030966826,0.559461059354402,0.27666267537285344,-0.2827983839815486
PhysionetMI,18,0,left_hand,mid,7,-0.005471827941683964,-0.04863050163162388,0.20759685473229936,0.4661900920067391,-0.15460154094555856,0.01701505616996407,0.17161659711552263,-0.11534943182313552,-0.043386512120063045,0.07196291970307248,0.5618762209237571,0.19437743538202673,-0.3674987855417304,0.4530991105434652,0.45033719998955374,-0.002761910553911451
PhysionetMI,18,0,left_hand,late,8,-0.012461372590579804,-0.006634865151339679,0.23296767851426942,0.3726340762653805,-0.08622891306674595,0.012192078263562726,0.09842099133030867,-0.07980849957296822,0.0018208695294738358,0.08162936910244206,0.6170537069561166,0.19804533711460245,-0.41900836984151413,0.4856864135902115,0.3312193277196442,-0.1544670858705673
PhysionetMI,18,0,right_hand,early,7,-0.09791894604141695,-0.0169382763497678,0.8179703581412053,0.4046015652153435,-0.07741651031841729,-0.10635166319030853,-0.028935152871891245,-0.028785441334438278,-0.01990558415648197,0.008879857177956307,0.3455939768710983,0.8340718398875029,0.4884778630164046,0.5744873047388063,0.45322682283050736,-0.12126048190829891
PhysionetMI,18,0,right_hand,mid,8,-0.00913500462435035,-0.046420745273266055,0.1788034815080054,0.4432699534772023,0.01229450584669552,-0.005220110291777204,-0.017514616138472723,-0.07865887859504979,-0.04896736635742223,0.02969151223762756,0.05796372458766652,0.1685695110071666,0.11060578641950009,0.41194920845643934,0.43194629540472484,0.019997086948285503
PhysionetMI,18,0,right_hand,late,8,0.010342354319177975,-0.05154365159351049,0.27581570478500583,0.4739244473256972,-0.12222346810615788,0.018000062147728337,0.1402235302538862,-0.05603261882196772,-0.05275439188256513,0.0032782269394025926,0.3661858193803891,0.23805175806285225,-0.12813406131753682,0.3412467242017404,0.4491355341059553,0.1078888099042149
PhysionetMI,19,0,left_hand,early,7,0.09506932472113307,-0.038146050065251826,0.6825676088467302,0.5677762602438318,0.04815671144185148,0.10056397274344214,0.052407261301590666,0.07908883978305442,-0.07287920583683595,-0.15196804561989036,0.3933281225574703,0.797817944761214,0.40448982220374374,0.4631209252937952,0.6568915494028439,0.19377062410904866
PhysionetMI,19,0,left_hand,mid,8,0.007134906124717083,-0.041295642212627326,0.25182364117991624,0.3775735721777796,-0.13215838172425964,0.033694406634307915,0.16585278835856757,-0.11016335970894664,-0.03647762483376306,0.07368573487518358,0.2914282373832471,0.41860688150279757,0.1271786441195505,0.5139886012700455,0.41286918445855186,-0.10111941681149367
PhysionetMI,19,0,left_hand,late,8,-0.00021958643216097074,-0.051352317022845484,0.20234193982816706,0.46204653762439046,-0.07505375815135916,0.014168252436120151,0.0892220105874793,-0.1283333914213365,-0.04053041424562695,0.08780297717570956,0.46811566063075705,0.37846028413950805,-0.089655376491249,0.5832214771966444,0.354645870200053,-0.2285756069965914
PhysionetMI,19,0,right_hand,early,7,0.0532380911727066,0.006434026621326328,0.3984859082230638,0.2710881776214618,0.18199091657199928,0.037557789824515284,-0.144433126747484,0.021003570132053694,0.013095367788322026,-0.007908202343731668,0.5707231225977994,0.40701453733661896,-0.16370858526118048,0.3909880169963896,0.29881822347796144,-0.09216979351842813
PhysionetMI,19,0,right_hand,mid,7,-0.03557958248229588,-0.036357794801242356,0.22466546946911325,0.34629716932063576,0.10147762360831702,-0.056410230238188724,-0.15788785384650575,0.034902955474461254,-0.055092458328872204,-0.08999541380333345,0.3580311098305394,0.28092096916860054,-0.07711014066193883,0.31319682298627355,0.3688234647924084,0.05562664180613486
PhysionetMI,19,0,right_hand,late,8,0.05058872174895801,0.014513144406993132,0.8020523113309498,0.3846535257088976,0.30530160486153035,0.02433071796393319,-0.28097088689759714,0.057891129284829125,0.013626472542152851,-0.044264656742676274,0.7634911746482569,0.7324630541404064,-0.031028120507850532,0.48194710774037397,0.3104850050838617,-0.1714621026565123
PhysionetMI,20,0,left_hand,early,7,0.06528161690218796,-0.037862597256065944,0.47922514812806194,0.46916840047326863,0.19554716352850532,0.02858967490250164,-0.16695748862600368,-0.14033579407386748,-0.010918316127042728,0.12941747794682476,0.5172152229675412,0.4758086905083033,-0.041406532459237866,0.4274694929129723,0.46689413379133676,0.03942464087836445
PhysionetMI,20,0,left_hand,mid,8,-0.10891418290801093,-0.040233099226044906,0.8223197330627475,0.5739974151051201,0.004646414649315053,-0.1245021720275669,-0.12914858667688195,0.009429015135866827,-0.06211246570453909,-0.07154148084040592,0.07241382553695858,0.8274624135390235,0.755048588002065,0.36703266614705393,0.49028539126576154,0.1232527251187076
PhysionetMI,20,0,left_hand,late,8,0.017623219859378387,0.025521128399512653,0.2891681701338561,0.236256460821605,0.18901125611513594,-0.006760227004543233,-0.19577148311967918,0.12652351411703838,-0.0019095852633226162,-0.128433099380361,0.43016192697451755,0.25201980070420366,-0.1781421262703139,0.43001672962852144,0.14716865517830782,-0.28284807445021365
PhysionetMI,20,0,right_hand,early,7,-0.0010997242230031698,-0.03656392576370177,0.21402655544943078,0.4471042666508609,0.2560234009277134,-0.03168889586988431,-0.28771229679759774,-0.15554898594659916,-0.025507892296951128,0.13004109364964803,0.60123084646961,0.25405613666317484,-0.34717470980643517,0.5013189264699084,0.37627421156882085,-0.12504471490108754
PhysionetMI,20,0,right_hand,mid,7,-0.008541930419145662,-0.05986347799663591,0.5066587844725746,0.4842862886334544,-0.05469225279644891,0.018674748915101222,0.07336700171155014,-0.13738721733401493,-0.05482350946886002,0.0825637078651549,0.1730295881209638,0.4237298542476592,0.2507002661266954,0.44257690960944623,0.43451510400996046,-0.008061805599485772
PhysionetMI,20,0,right_hand,late,8,0.03882305633255753,0.02200237551573023,0.4636714798647044,0.2637772861680158,-0.10548889526557562,0.04965230686665635,0.15514120213223198,0.10700632613721521,0.0024508418979088064,-0.1045554842393064,0.22980863735150248,0.6459043160787272,0.41609567872722475,0.4784922255164194,0.2176140731462018,-0.2608781523702176
PhysionetMI,21,0,left_hand,early,8,-0.057553076552092505,-0.04687766925442228,0.652723825310858,0.5040602197424793,-0.16475615105330105,-0.04726739936908589,0.11748875168421516,-0.03588414478898408,-0.04424314450278325,-0.008358999713799171,0.6877429743793421,0.6075070641469381,-0.08023591023240395,0.5417714588544753,0.49417782317460124,-0.04759363567987407
PhysionetMI,21,0,left_hand,mid,8,0.01692708644379894,-0.04331670655474976,0.18108389030646996,0.533707844861258,0.1467651085987458,-0.014823880416365317,-0.16158898901511112,-0.01997755760737123,-0.045935280594606824,-0.025957722987235594,0.39280424601661507,0.23970641228235368,-0.1530978337342614,0.49417371337196,0.5212039434204724,0.027030230048512405
PhysionetMI,21,0,left_hand,late,8,0.004461668996974303,-0.04870282341718404,0.17627943315371997,0.4188336083012008,0.1439876788406555,-0.000474417244404768,-0.14446209608506028,-0.06221284393682691,-0.05230376713673215,0.009909076800094764,0.5304007936845709,0.25755207836178956,-0.2728487153227814,0.38433978830924875,0.48232179529277425,0.0979820069835255
PhysionetMI,21,0,right_hand,early,7,-0.003607167113233804,-0.058344727885802146,0.1633889581264347,0.5771488702856524,0.1490624748153923,-0.012927369426141061,-0.16198984424153337,-0.03727045506832933,-0.05884821053282554,-0.02157775546449621,0.6921481384577775,0.34938167160723466,-0.3427664668505428,0.4816863414928592,0.5894600034229383,0.10777366193007903
PhysionetMI,21,0,right_hand,mid,7,0.014232106201241261,-0.04679843309789767,0.36528502562065757,0.37973012794304334,-0.01231569041311694,0.022082899076095182,0.03439858948921212,0.02629061730084227,-0.049484313118713215,-0.07577493041955549,0.28565027417919475,0.3515920290259566,0.06594175484676185,0.44074076755119357,0.4157238739089506,-0.025016893642242966
PhysionetMI,21,0,right_hand,late,7,-0.0522268732869484,-0.03456934229293483,0.6760274166008283,0.34892125735739743,-0.1728173652318978,-0.054131367885154054,0.11868599734674376,-0.08743335810763167,-0.021764272034223816,0.06566908607340785,0.4588277602784858,0.6925816089979491,0.23375384871946325,0.3540153514839742,0.29955624984174256,-0.054459101642231666
PhysionetMI,22,0,left_hand,early,7,-0.04894506352893539,-0.03405406843572887,0.3152091630945284,0.35148104498470334,0.05089994609473088,-0.03412698749783301,-0.08502693359256389,-0.07903972378635556,-0.032747766389743305,0.04629195739661225,0.41621847483652785,0.2087983136790206,-0.20742016115750725,0.37322673825566194,0.328721873003212,-0.044504865252449954
PhysionetMI,22,0,left_hand,mid,7,-0.015009120817449288,-0.033695989043551075,0.18812698617697265,0.4456344502408861,-0.13523677575816473,-0.0036634352652299288,0.1315733404929348,-0.04568884091782212,-0.028730345192903316,0.016958495724918803,0.49113121063768,0.18573764962171885,-0.30539356101596116,0.4021612866839468,0.4651782268831069,0.0630169401991601
PhysionetMI,22,0,left_hand,late,8,-0.013921852599476186,-0.03314630908745673,0.1858272034771598,0.32319044125946145,0.06987861912322553,-0.019293668113366857,-0.08917228723659239,-0.10626206820745847,-0.023158526997504505,0.08310354120995396,0.32518252117313234,0.12427452322027174,-0.2009079979528606,0.3859506557040703,0.2698954310430669,-0.11605522466100338
PhysionetMI,22,0,right_hand,early,7,-0.03497040370286326,0.01273271505164889,0.4352401180973528,0.4346130347957975,0.30375349477414565,-0.05898819702654163,-0.36274169180068727,0.07228352473106378,0.00381665693839925,-0.06846686779266453,0.81270747892494,0.5899537701062223,-0.2227537088187177,0.3255205955643581,0.38687371917706165,0.061353123612703564
PhysionetMI,22,0,right_hand,mid,8,-0.0860510645581051,-0.01858395516690024,0.5672967097696279,0.39702450489271346,-0.08115974641148938,-0.07947932763259351,0.0016804187788958674,0.01081467250545904,-0.017300722937809217,-0.028115395443268257,0.24562811250756328,0.5964180207500315,0.3507899082424682,0.4019972430644077,0.3506806139155798,-0.0513166291488279
PhysionetMI,22,0,right_hand,late,8,-0.05657329463933434,0.02860597306702396,0.41862141030717037,0.35918899033783463,-0.16382698739366683,-0.03296877332883102,0.1308582140648358,-0.09108728617502744,0.04080746213513181,0.13189474831015924,0.5780575525231869,0.25931326127156157,-0.31874429125162534,0.30448876837622424,0.361712708022115,0.05722393964589079
PhysionetMI,23,0,left_hand,early,7,-0.012395242474544281,-0.038900536758218175,0.25718931877232515,0.5017012861896194,-0.17302988489311372,-0.0010585864818077274,0.17197129841130598,-0.009106240864763184,-0.04567705960654437,-0.03657081874178118,0.4891535880765823,0.25239645453052506,-0.23675713354605726,0.31326198960783963,0.5645372385224807,0.2512752489146411
PhysionetMI,23,0,left_hand,mid,7,-0.015500831528333566,-0.06273958424096451,0.2745402577705095,0.4584882574051968,-0.03720734297290633,-0.013486851271171147,0.02372049170173518,-0.031023072116582093,-0.06381638665284581,-0.03279331453626372,0.5952859183675364,0.25890211350460335,-0.33638380486293307,0.3326641400768075,0.4301714350653361,0.09750729498852861
PhysionetMI,23,0,left_hand,late,8,-0.08693577521022128,8.751368726449836e-05,0.685478035004787,0.35743297785133843,-0.18113646254403026,-0.06099314716638894,0.12014331537764132,0.1304160645698133,-0.026942563455676024,-0.15735862802548933,0.5255774862894924,0.5003008949735024,-0.025276591315990027,0.6000697954091416,0.4588006674578279,-0.14126912795131374
PhysionetMI,23,0,right_hand,early,7,-0.013538390286482304,0.03758133813218181,0.2909044903298702,0.37860699716795937,0.05256283307133324,-0.008586765951784286,-0.06114959902311753,0.07517261234522384,0.02643857949707137,-0.04873403284815246,0.16743636493087818,0.31490931662941524,0.14747295169853705,0.5733105446856906,0.2633002861017953,-0.31001025858389536
PhysionetMI,23,0,right_hand,mid,8,-0.005199073367977832,0.005725033659422922,0.2695797729156076,0.39566352295097784,0.15359925358185847,-0.03423091762083474,-0.1878301712026932,0.017459097773442497,0.0038400693988196654,-0.013619028374622831,0.380993543117899,0.3024965269487708,-0.07849701616912819,0.37846534292313166,0.4864642749346044,0.10799893201147276
PhysionetMI,23,0,right_hand,late,8,-0.09487356453419121,-0.03836205519052698,0.7960279129524165,0.5215324821976467,-0.11457137417406738,-0.10717464122146622,0.007396732952601154,-0.12870777370977413,-0.031084709568412618,0.09762306414136152,0.5965783797332875,0.8396747010814827,0.24309632134819514,0.4423594098437852,0.5245722123412117,0.08221280249742646
PhysionetMI,24,0,left_hand,early,7,-0.04003046781712634,0.014116206999926328,0.6161634850724245,0.33962412869077113,-0.12391673531647185,-0.04230495821229408,0.08161177710417777,-0.008013306581760542,0.017558217597496515,0.02557152417925706,0.4806819333844227,0.5615148588466901,0.08083292546226734,0.3056063811056461,0.3284585153927745,0.0228521342871284
PhysionetMI,24,0,left_hand,mid,7,0.0240871145773312,0.038399224381674896,0.23864533616154826,0.3531379790587559,0.10954341436966633,0.02647123956330777,-0.08307217480635856,0.10213589618105434,0.0210386877260515,-0.08109720845500284,0.5743070840101863,0.22868684401024358,-0.3456202399999427,0.3236193790137479,0.3564465924858835,0.03282721347213563
PhysionetMI,24,0,left_hand,late,8,0.01718204561245844,0.017284832706833075,0.37216309090380967,0.4840865605825219,0.05435920955149515,0.019655402194377482,-0.034703807357117665,-0.03950283621567518,0.026874749752611067,0.06637758596828625,0.3950678288729192,0.43256579843678633,0.03749796956386714,0.25955272510350536,0.5731465258587949,0.31359380075528953
PhysionetMI,24,0,right_hand,early,7,-0.1081171408396568,-0.04610970432322066,0.5582678185538921,0.3673256167851589,-0.20189311965250364,-0.0949395716806886,0.10695354797181504,-0.041926937300791334,-0.03776587711515951,0.0041610601856318236,0.46649643343354985,0.5113530074481338,0.04485657401458398,0.41220375546947774,0.3201611486851957,-0.09204260678428205
PhysionetMI,24,0,right_hand,mid,8,0.011811110305733319,0.026640171076612304,0.2889986604902836,0.348173686785821,-0.20378041892451168,0.03578535827733843,0.23956577720185013,0.02266989992654287,0.03153257301444301,0.00886267308790014,0.5194359082640863,0.3559640444389469,-0.16347186382513934,0.292719981584483,0.39151896320797186,0.09879898162348888
PhysionetMI,24,0,right_hand,late,8,0.11487484011429544,-0.0465149249434227,0.6430733289985622,0.40238414748583895,0.23041854581747062,0.108024887162996,-0.12239365865447462,-0.13034925238506861,-0.031296495018343334,0.09905275736672528,0.5005800906729592,0.5787724797174505,0.07819238904449133,0.4714994218549627,0.4134769716799338,-0.05802245017502888
PhysionetMI,25,0,left_hand,early,7,0.05280902285974929,0.0260028523929625,0.4402800615467839,0.35294605076183844,0.23124020174548454,0.02265525849118411,-0.20858494325430044,-0.11364418976546815,0.030587895783826223,0.14423208554929437,0.6852729663638226,0.25176493551668117,-0.43350803084714146,0.5181296381842001,0.401096904570675,-0.11703273361352512
PhysionetMI,25,0,left_hand,mid,7,-0.039936453343340436,0.0026953197330027196,0.7025178358244916,0.3602912018275017,-0.2920642160634245,0.04427765378231552,0.33634186984574,-0.053976250845776744,0.018318230324936843,0.07229448117071359,0.6591935521497377,0.5125050098209007,-0.146688542328837,0.43011758433804925,0.3587794386048532,-0.07133814573319608
PhysionetMI,25,0,left_hand,late,8,0.015333973182836655,-0.025850526692961666,0.4118906526115713,0.5191456937362113,0.01814515632580848,0.0215621598649365,0.0034170035391280183,-0.0045096555244377445,-0.030352338931780944,-0.0258426834073432,0.4957014809158726,0.48086696069573936,-0.014834520220133263,0.471272831354795,0.4866491391037755,0.015376307748980522
PhysionetMI,25,0,right_hand,early,7,-0.008017981936215585,0.05905413883084299,0.3345305959417749,0.42648787958765744,-0.11309939212723014,0.003426186077245846,0.11652557820447598,0.003881034741739919,0.06788261118436961,0.06400157644262969,0.3457732296711697,0.23502632216398286,-0.11074690750718683,0.38693219146629093,0.46764469880736337,0.08071250734107244
PhysionetMI,25,0,right_hand,mid,8,0.05819039472480678,0.06574298697542148,0.6618812103860635,0.457188049633829,0.044013594587546105,0.05333862504365558,0.009325030456109475,-0.08031529098434426,0.08427314692724436,0.16458843791158861,0.3139267214955861,0.6301203214967803,0.31619360000119423,0.36117924324353684,0.5008051003007332,0.13962585705719638
PhysionetMI,25,0,right_hand,late,8,0.056383154594435464,0.053112714267968944,0.5636091468155165,0.5254851046560892,0.05519160640339693,0.054195080528044524,-0.0009965258753524067,-0.05619846400963226,0.06902823455088397,0.12522669856051621,0.24340101512130152,0.6878996819086465,0.44449866678734495,0.36932714782292464,0.5345622046972586,0.16523505687433393
PhysionetMI,26,0,left_hand,early,8,0.01389182191492965,-0.0325609877843174,0.24677907476340172,0.42665280906629016,0.07924614509528924,0.011344141773682113,-0.06790200332160712,0.05926645593362702,-0.04265758419208378,-0.1019240401257108,0.28470694012243886,0.3431193355351096,0.05841239541267074,0.41848865632113347,0.4096399958572194,-0.008848660463914082
PhysionetMI,26,0,left_hand,mid,8,-0.042064815368142966,-0.03822607711497352,0.45782597928468766,0.4760983380761044,0.06047941153665335,-0.05221461070957264,-0.11269402224622599,0.028623501319941465,-0.0523954365939406,-0.08101893791388207,0.20600946149049007,0.5404035775588977,0.33439411606840763,0.38633330441143793,0.4684504213788999,0.08211711696746199
PhysionetMI,26,0,left_hand,late,8,0.003014749026409589,0.005994747152214775,0.33755150615462814,0.3809470886175147,-0.0557466249553489,0.0055222394827004065,0.061268864438049304,9.690718030095574e-05,0.011210277455575438,0.011113370275274483,0.5570246576364044,0.21334603602194027,-0.34367862161446416,0.6103388529756111,0.32162765149299377,-0.2887112014826173
PhysionetMI,26,0,right_hand,early,7,-0.026612723096978708,-0.06631052979403118,0.23990504598569462,0.42262876168347013,-0.17492197964544454,-0.019603646800616263,0.15531833284482827,0.01629186717989868,-0.0728786418859146,-0.08917050906581328,0.4207414049968896,0.264256525396307,-0.1564848796005826,0.43296446375677744,0.44548425464609076,0.01251979088931332
PhysionetMI,26,0,right_hand,mid,7,0.04281065685563245,-0.009975273949527073,0.35905101134516165,0.40371225265174643,0.0375457816615326,0.027795455404538396,-0.009750326256994204,0.01661459462193052,-0.009375609713944523,-0.025990204335875046,0.3884262589407736,0.2634564301211515,-0.1249698288196221,0.3525776399813989,0.3025160485181284,-0.050061591463270494
PhysionetMI,26,0,right_hand,late,7,0.001291771687263313,0.003027820609644781,0.27716846016621816,0.5154931204856775,-0.2159907159455505,0.041522321106014,0.2575130370515645,-0.06753364487502846,0.011966441486829444,0.0795000863618579,0.6272808629637471,0.44718680266045563,-0.18009406030329145,0.5099395010040917,0.47223792565114847,-0.03770157535294322
PhysionetMI,27,0,left_hand,early,7,-0.012062006102153201,-0.08856666948607565,0.35288636290461667,0.5947870374479669,0.06806172790807738,-0.010327994114569848,-0.07838972202264723,-0.03925213045654815,-0.10590279750057197,-0.06665066704402381,0.30681435380617295,0.46485847438319267,0.15804412057701972,0.5047985036413493,0.6560225814977283,0.15122407785637904
PhysionetMI,27,0,left_hand,mid,8,0.05012825711850198,-0.06543231193181204,0.4321667259713545,0.48491596075090204,0.027945163339734506,0.053925060287347365,0.02597989694761286,0.040322908624178797,-0.0776452898030359,-0.11796819842721469,0.10162438267681208,0.4294416921704944,0.3278173094936823,0.3027402681413746,0.511952692564871,0.20921242442349636
PhysionetMI,27,0,left_hand,late,8,-0.03330277408473746,-0.022950562042749627,0.451096935686169,0.38577911274015636,-0.25341532365689906,-0.02260747276655656,0.2308078508903425,-0.12842438251501653,-0.004437351579134581,0.12398703093588195,0.6647905575585134,0.628672015294521,-0.03611854226399236,0.4224028536522951,0.3486404752103951,-0.07376237844189998
PhysionetMI,27,0,right_hand,early,7,0.04938614978029335,0.01130263580033481,0.48586940025494935,0.49182310648653643,0.11679005758367703,0.03861756811984637,-0.07817248946383065,-0.030812375671357924,0.010191053761380478,0.0410034294327384,0.7003122432078059,0.37572238990755724,-0.3245898533002487,0.37103155658504394,0.4567445122244443,0.08571295563940035
PhysionetMI,27,0,right_hand,mid,7,-0.03093305867958614,-0.05780995749375709,0.29373949097148977,0.5260538710310824,-0.0746335037668045,0.009081349307431597,0.0837148530742361,-0.0858063371033554,-0.04277044627744694,0.04303589082590847,0.8975446200879278,0.1739308558795953,-0.7236137642083325,0.5519876416708664,0.4815798845480543,-0.07040775712281216
PhysionetMI,27,0,right_hand,late,8,0.0053501154800242,-0.054785330468090455,0.26661536176590767,0.3986091907045424,0.21537913792265118,0.0023277118204948232,-0.21305142610215635,-0.07282899415678329,-0.0496661103628427,0.02316288379394059,0.6941558308619032,0.2429196768388067,-0.4512361540230966,0.42836495807288705,0.3813246423637248,-0.04704031570916223
PhysionetMI,28,0,left_hand,early,7,0.012161703881638867,0.000723743623781276,0.23667661584798694,0.3262814672611965,-0.10934404730514988,0.03912962114355055,0.1484736684487004,-0.0032111477692281835,-0.010826766206436272,-0.0076156184372080885,0.2899617806842815,0.26710901617575233,-0.02285276450852919,0.5157469254841829,0.3197598028713428,-0.19598712261284007
PhysionetMI,28,0,left_hand,mid,7,0.03938365078201143,-0.08935803653628008,0.2969036442705727,0.5657994681726134,-0.023076959310029236,0.04591198690411749,0.06898894621414672,-0.0956446789084164,-0.0821723151152704,0.013472363793145994,0.035761689219529415,0.36728542272643033,0.3315237335069009,0.42889709404262666,0.4751407494822742,0.046243655439647535
PhysionetMI,28,0,left_hand,late,8,-0.053040096582192664,0.0476065775401492,0.27181689939557574,0.4943722324428465,0.09080699200789072,-0.06385952648350172,-0.15466651849139246,-0.026128414543739313,0.05048095490678162,0.07660936945052094,0.37971922693334526,0.27968958340749306,-0.1000296435258522,0.487107628808452,0.4527735578702838,-0.034334070938168204
PhysionetMI,28,0,right_hand,early,7,-0.07911215402696288,-0.004648725569820738,0.4622759337798359,0.4398173899100421,0.03729009646522099,-0.11729914702936411,-0.1545892434945851,0.09227548721002553,-0.022561894534097602,-0.11483738174412313,0.15245980731672457,0.4635635993798613,0.31110379206313676,0.35418844156229984,0.3963930718431962,0.04220463028089638
PhysionetMI,28,0,right_hand,mid,8,0.08072166440971545,-0.04777971269687645,0.4537613545317804,0.47979324494005887,0.22885482332975648,0.06295441562035929,-0.16590040770939718,-0.0949817357147385,-0.047414667107270915,0.04756706860746759,0.35114772189359356,0.559942086985292,0.20879436509169846,0.5823235866253469,0.4645142801881575,-0.1178093064371894
PhysionetMI,28,0,right_hand,late,8,0.10353293879581957,-0.07255413842980868,0.513723541937675,0.5323970161467715,0.4163662466290165,0.077753977339964,-0.3386122692890525,0.0352060835645933,-0.09139962295113414,-0.12660570651572745,0.81576330452177,0.3389152848221345,-0.47684801969963553,0.40714176300989086,0.49552682703868806,0.0883850640287972
PhysionetMI,29,0,left_hand,early,7,0.009154113717654334,-0.020219538789867972,0.21310006687889924,0.4186026894878857,0.12420609714850284,-0.015175778718759851,-0.1393818758672627,0.13243358768717473,-0.06394572683439563,-0.19637931452157037,0.3322365742818046,0.2813000607953783,-0.050936513486426305,0.4435458975917521,0.5010652509682276,0.05751935337647551
PhysionetMI,29,0,left_hand,mid,8,-0.04370013065935395,-0.0707840935269456,0.30179535323433465,0.4890102260965359,-0.11782682178400153,-0.028375488574257958,0.08945133320974358,-0.20408095295905399,-0.06253900352156108,0.1415419494374929,0.18738740367296378,0.2907454334066495,0.10335802973368571,0.4662490375938089,0.5615982559639403,0.09534921837013138
PhysionetMI,29,0,left_hand,late,8,0.131722554348697,-0.03595543398925778,0.805790019801012,0.40551805968031984,0.023416064737911434,0.1344479949309161,0.11103193019300467,0.02513366924533083,-0.043838072021741406,-0.06897174126707223,0.4836597067649253,0.7560808792871134,0.2724211725221881,0.3890043733735504,0.5437459908725804,0.15474161749902993
PhysionetMI,29,0,right_hand,early,7,-0.1795657581827288,-0.018489164853154057,0.8824968428009529,0.34898867663589145,-0.030354350940886395,-0.1951662705912912,-0.16481191965040481,-0.009791079093918515,-0.00976632997752009,2.4749116398424878e-05,0.1189955888265525,0.7955783099472462,0.6765827211206937,0.526953369435857,0.3498336681676294,-0.17711970126822763
PhysionetMI,29,0,right_hand,mid,7,-0.14955850520878974,0.0295052338883151,0.9202990720067873,0.5715343827793063,-0.19895276639570317,-0.09499599423577296,0.10395677215993021,0.08042600313345881,0.025082541917796245,-0.05534346121566257,0.6379089612077107,0.6150524628463072,-0.022856498361403466,0.4740051377575017,0.6111441097828865,0.13713897202538478
PhysionetMI,29,0,right_hand,late,8,-0.10765930071380447,-0.04326354636926769,0.4820207741233977,0.534691234357193,0.0032221504706062692,-0.1887593399404891,-0.19198149041109536,-0.1418889007359375,-0.008100051025417963,0.13378884971051952,0.3158592246541876,0.8333492119380258,0.5174899872838382,0.5384465146913924,0.5272438274586497,-0.011202687232742647
PhysionetMI,30,0,left_hand,early,8,-0.02593614111904891,-0.024403408401175494,0.2894001176401381,0.33768579709908797,-0.11054174725218167,-0.02954946858847492,0.08099227866370676,0.011746527780672943,-0.022208238005436694,-0.033954765786109634,0.3641348268141928,0.22262046480589046,-0.14151436200830234,0.47451305510865044,0.28912498409932214,-0.1853880710093283
PhysionetMI,30,0,left_hand,mid,8,-0.02062951346737463,-0.0743173815761779,0.31601775314449004,0.5561296730817759,-0.26374679278266344,0.016986866102522202,0.28073365888518564,-0.06277128687903827,-0.04552240460837216,0.017248882270666108,0.7320168060394232,0.23921450272991768,-0.49280230330950553,0.8234885333094737,0.48593459246276305,-0.33755394084671064
PhysionetMI,30,0,left_hand,late,8,0.09170985665925517,-0.03311398305933794,0.6211125910106016,0.38322491333088593,-0.019889037362254836,0.12630672124940842,0.14619575861166326,-0.014075939406745222,-0.040821989816591124,-0.0267460504098459,0.22616808600837685,0.6966116035843088,0.470443517575932,0.4003136404572668,0.3886635640287139,-0.011650076428552925
PhysionetMI,30,0,right_hand,early,7,-0.007329025433227145,-0.00268620951463961,0.18162759530815004,0.4751655573920883,-0.22368450626610017,0.011932926326337941,0.23561743259243811,-0.0806565378405842,0.01455138498012625,0.09520792282071044,0.5349421315579977,0.33827771158726594,-0.1966644199707318,0.3917211661214647,0.37163773384374443,-0.020083432277720248
PhysionetMI,30,0,right_hand,mid,7,-0.002183350090572374,-0.01949326493494301,0.22102575633328886,0.4623281311237248,0.10133881632815583,-0.010465608114703463,-0.11180442444285929,0.032971115342410554,-0.0302557478627861,-0.06322686320519666,0.45598288030376855,0.40482301361714323,-0.05115986668662531,0.2630639377794642,0.452869371259835,0.18980543348037082
PhysionetMI,30,0,right_hand,late,7,0.0038507514656611107,0.016315611937067407,0.16886189427600948,0.6701042565107951,0.040768585885193734,-0.01378637260724984,-0.05455495849244357,0.037887424281188506,0.005838150533837259,-0.032049273747351247,0.3986386210475906,0.28065690930900994,-0.11798171173858069,0.7508160854366641,0.4153924684313344,-0.3354236170053297
PhysionetMI,31,0,left_hand,early,7,0.054501610515344745,-0.03979516969691848,0.6269766471586654,0.4802823980326499,-0.03538525671891685,0.0642906219711183,0.09967587869003515,-0.023789822177910275,-0.04716198962021567,-0.023372167442305396,0.3379411055428283,0.6722852953072496,0.33434418976442126,0.37529021361678716,0.40931714327288266,0.034026929656095495
PhysionetMI,31,0,left_hand,mid,7,0.02394718555454343,-0.020664905599617932,0.4487668625182118,0.32815489390260333,-0.0011460439872157668,0.024785404307179074,0.02593144829439484,0.035240573044163385,-0.036423822490730784,-0.07166439553489418,0.24146695713780258,0.3185204460538429,0.0770534889160403,0.4575351929209228,0.38541848637204085,-0.07211670654888197
PhysionetMI,31,0,left_hand,late,8,0.09767387061719136,0.006654664162828489,0.6594305662743984,0.3220894560229022,-0.03278749997184981,0.10905308887602674,0.14184058884787654,0.010630902382201154,0.012670644194248269,0.0020397418120471147,0.5318157245537203,0.663079814384473,0.13126408983075277,0.4126805576242501,0.30081134741753246,-0.11186921020671764
PhysionetMI,31,0,right_hand,early,7,0.02200168697594905,0.003230140067212359,0.3215080271919645,0.5900257857092189,0.0624689972039164,0.009056896174612057,-0.05341210102930435,-0.09672002712636335,0.022364485090311106,0.11908451221667446,0.3249845061397816,0.3333162623455967,0.00833175620581511,0.4542616305522745,0.6209875466681023,0.16672591611582782
PhysionetMI,31,0,right_hand,mid,8,-0.014732882489701811,0.034178225185264983,0.5301252499478456,0.4986443691859398,-0.021894308086199937,-0.02077628604290777,0.0011180220432921682,-0.010778593617466994,0.0483603627984934,0.0591389564159604,0.36267505695639546,0.4780156828929559,0.11534062593656041,0.5291622882355945,0.519458761726081,-0.00970352650951356
PhysionetMI,31,0,right_hand,late,8,0.029288861827165547,-0.028026133801722763,0.33894745800040926,0.35842348078188324,0.3095071264668978,0.012757681082408556,-0.2967494453844893,-0.11586358028948407,-0.018194315413449038,0.09766926487603503,0.6203462043037439,0.28065505188107776,-0.3396911524226661,0.42682514102801844,0.3501855937279532,-0.07663954730006522
PhysionetMI,32,0,left_hand,early,7,0.0005520879803641733,-0.017524840508788612,0.6215505456396465,0.33932459293687756,0.05741745952733959,0.00710091878109697,-0.05031654074624262,-0.11334674430107275,-0.008975757992627734,0.10437098630844502,0.5489207354594248,0.6370563060451755,0.08813557058575072,0.45576385289171256,0.34336157413133317,-0.11240227876037939
PhysionetMI,32,0,left_hand,mid,7,0.0459964450139235,0.046332997945517714,0.4366058563696179,0.3920011376289521,-0.11696441449864162,0.05953202965000638,0.176496444148648,-0.007768982142436893,0.06413558738682036,0.07190456952925725,0.22729929063170481,0.4791391763576928,0.25183988572598803,0.3748364306545594,0.44096765776544683,0.06613122711088743
PhysionetMI,32,0,left_hand,late,7,0.05988654934652395,-0.061231320411460156,0.46505691751865535,0.3894056628815119,-0.027850423382133456,0.0748915026155193,0.10274192599765275,-0.07971958820267004,-0.053932120506406854,0.025787467696263187,0.17906974908539275,0.5331856177466378,0.354115868661245,0.4759587297688312,0.3565934547138473,-0.1193652750549839
PhysionetMI,32,0,right_hand,early,8,-0.020574288880270148,-0.005271376406966882,0.16737050498584116,0.23956642531170605,0.08232237812714391,-0.059560855333490856,-0.14188323346063475,0.08193516507650164,-0.01748047903910012,-0.09941564411560176,0.2298739665939929,0.3955864917585282,0.16571252516453533,0.3832189259569907,0.23990988314866013,-0.14330904280833057
PhysionetMI,32,0,right_hand,mid,8,-0.018917239696857355,0.06261360667222403,0.40094048377068375,0.4126306882477964,0.09528647470483298,-0.015329326416890218,-0.1106158011217232,0.019827963981721812,0.06862449063131529,0.048796526649593476,0.22139594324720566,0.4376832620125517,0.21628731876534604,0.24879549310028443,0.40979143467506657,0.16099594157478214
PhysionetMI,32,0,right_hand,late,8,0.03639196091923748,0.03035075797148342,0.4434799974516145,0.3211767844443922,0.12457772686417962,0.023242323635259167,-0.10133540322892046,0.04805137356472597,0.032255985867743635,-0.015795387696982334,0.36852706947561353,0.45133216107549007,0.08280509159987653,0.4708041935736626,0.2788367139371076,-0.19196747963655497
PhysionetMI,33,0,left_hand,early,7,0.15148278796297232,0.01953775688997363,0.7401756237231418,0.48744782812144016,0.20928948508865694,0.13716788202181862,-0.07212160306683832,-0.02066182403600587,0.016797345265754368,0.03745916930176024,0.5786497626478894,0.6884403409834146,0.10979057833552519,0.36898358278963755,0.5057412600640656,0.13675767727442806
PhysionetMI,33,0,left_hand,mid,8,-0.00919043635292021,-0.04862227107434972,0.13523322214874137,0.33258349587490826,0.14361310870844538,-0.025898146990676142,-0.1695112556991215,-0.08294032974311089,-0.03520451083018952,0.04773581891292136,0.41134331975180227,0.19970290062147558,-0.2116404191303267,0.33789641005973425,0.27494117124833206,-0.06295523881140219
PhysionetMI,33,0,left_hand,late,8,0.041332564633075136,0.02081302237323876,0.352000247321431,0.3807042106473221,-0.4703943488625061,0.12434031863745522,0.5947346674999613,0.0028225219053048425,0.028463079151615674,0.02564055724631083,0.8156756021195035,0.6923259207263377,-0.12334968139316582,0.3031880720263143,0.4430535778077061,0.13986550578139179
PhysionetMI,33,0,right_hand,early,7,-0.013192470443933376,0.0208828718725487,0.2798499863024037,0.3823892027004764,-0.13749079933693537,0.023315818030722964,0.16080661736765833,0.06990854442737628,0.017681047139854467,-0.05222749728752181,0.28917448200511736,0.2669144364340466,-0.022260045571070752,0.5348781538706547,0.32427412202924855,-0.2106040318414062
PhysionetMI,33,0,right_hand,mid,7,0.03898946311692543,0.007244774052787942,0.3116280983883005,0.3382134649794833,0.27290059989252036,-0.13389535665987895,-0.4067959565523993,-0.005999087825094273,0.004001332922537951,0.010000420747632223,0.5031898660584689,0.7062737076479366,0.20308384158946768,0.37830708253430373,0.3256662156087137,-0.05264086692559
PhysionetMI,33,0,right_hand,late,8,0.1164194404625054,0.018129718963171625,0.6483629556742047,0.27384315434809947,0.341110684690726,0.06594875859205655,-0.2751619260986694,0.0035704865521034796,-0.0010947425248423624,-0.004665229076945842,0.5911101335647051,0.45837789624702185,-0.13273223731768324,0.3677850756359804,0.2413148042894346,-0.1264702713465458
PhysionetMI,34,0,left_hand,early,7,-0.07395301560524122,-0.047515817164332876,0.3763986085186513,0.483181927045181,-0.2369958250274833,-0.022143449591372207,0.21485237543611108,2.2669323618614012e-05,-0.03278880484947866,-0.03281147417309727,0.6215653280121919,0.42607558791823974,-0.19548974009395215,0.21042335452397645,0.3907662086653741,0.18034285414139764
PhysionetMI,34,0,left_hand,mid,7,0.11952354305045455,-0.04194558772326422,0.8182626241534815,0.4139979963442359,0.10355721025456727,0.150105941899058,0.04654873164449072,-0.008757945037196228,-0.043090171495041844,-0.034332226457845616,0.29258725692085996,0.7866357623172665,0.49404850539640655,0.3886170090336091,0.4536776600046709,0.06506065097106184
PhysionetMI,34,0,left_hand,late,7,0.06077116806360151,0.02331301959770039,0.4298424768607392,0.5365307242835667,-0.10012671613690459,0.03347587017838928,0.13360258631529387,0.13048523910383983,0.00711309818096095,-0.12337214092287888,0.4802040386251537,0.39029684636066897,-0.08990719226448474,0.5807350985316594,0.5167941266982584,-0.06394097183340097
PhysionetMI,34,0,right_hand,early,8,-0.029256319725585494,-0.03628029581438873,0.20351106481755546,0.295119434321869,-0.1845376635467878,0.10482418859230394,0.2893618521390917,-0.11956365945039743,-0.011693225805040137,0.1078704336453573,0.42621418749532836,0.5336323293985055,0.10741814190317711,0.2862678546063929,0.3343737559388153,0.048105901332422374
PhysionetMI,34,0,right_hand,mid,8,0.026746373425492753,-0.024260157026469772,0.3626465455697491,0.36365258692698077,0.09208258937668715,0.00987109473581191,-0.08221149464087524,-0.03641842911648276,-0.02124523635129444,0.015173192765188324,0.21764968842147175,0.24522963053079472,0.027579942109322964,0.3099084508582635,0.37211477729494746,0.062206326436683945
PhysionetMI,34,0,right_hand,late,8,-0.013837989135076294,0.007205564077830202,0.24526988407322367,0.3731625898633171,-5.13187955983041e-05,-0.014306276659340299,-0.014254957863741995,-0.09039060792917522,0.04051443141668515,0.13090503934586037,0.40222765597232596,0.3356606510646344,-0.06656700490769157,0.31693699944602005,0.3476125697495825,0.03067557030356244
PhysionetMI,35,0,left_hand,early,7,0.09661480107089195,0.02919723285755703,0.6970683973341228,0.46439200114699464,0.024215737774321785,0.16040197129164008,0.1361862335173183,-0.11563359480808459,0.04218870605824383,0.15782230086632842,0.08132509351648787,0.6843840122903179,0.60305891877383,0.4369817853060754,0.45690503480117856,0.019923249495103157
PhysionetMI,35,0,left_hand,mid,7,0.07992443937929924,0.017381379036839128,0.5402380652444462,0.34231632693183417,-0.1353445185092094,0.11311297203222088,0.2484574905414303,0.06744740621316529,0.01096300001058394,-0.056484406202581355,0.282935557838418,0.7220376497928217,0.4391020919544037,0.4965386886121791,0.36147467307704095,-0.13506401553513814
PhysionetMI,35,0,left_hand,late,8,-0.027927388665989948,-0.017603463241944707,0.27065943382346797,0.3829904023228998,-0.08846053928494352,-0.009594593352449766,0.07886594593249376,0.08825045908063907,-0.03525139004371572,-0.12350184912435479,0.37784480477906257,0.2983710266722277,-0.07947377810683487,0.41430934309375517,0.466124937580957,0.051815594487201855
PhysionetMI,35,0,right_hand,early,7,-0.12615991323304632,-0.05554035927248763,0.8068800493191595,0.4853203841559354,-0.3795892070047281,-0.07636037418141361,0.3032288328233145,0.017546389182029054,-0.0676504143492987,-0.08519680353132775,0.7762560647053232,0.605065435352247,-0.17119062935307616,0.3370212992793116,0.4794602047802434,0.1424389055009318
PhysionetMI,35,0,right_hand,mid,8,-0.040805545852908603,-0.014760403914816464,0.34381974309745544,0.48535897201842887,-0.3615399534925938,0.04236058198814248,0.4039005354807363,-0.044937673652098914,-0.009536373412429909,0.035401300239669004,0.7667459841527735,0.3262210330406292,-0.4405249511121443,0.40213365024260533,0.45637231090851776,0.05423866066591243
PhysionetMI,35,0,right_hand,late,8,0.00023415293530727003,-0.00976873782779031,0.3049315359068679,0.4351711856242682,0.0033782051738458357,0.008941286280052205,0.005563081106206369,-0.00035530683766926696,-0.006678729183929588,-0.006323422346260321,0.49794926545823204,0.22614636912975217,-0.27180289632847987,0.5098618429175513,0.40327956327448167,-0.10658227964306966
PhysionetMI,36,0,left_hand,early,7,0.05386793957989615,0.018392203871491136,0.47950865724079184,0.499964393053431,-0.17032529447691103,0.06915749862235189,0.2394827930992629,-0.15196152402710855,0.058948671184705675,0.21091019521181423,0.584701650513362,0.594623167918657,0.00992151740529501,0.4774396254934936,0.47344061086771877,-0.003999014625774844
PhysionetMI,36,0,left_hand,mid,8,0.08452115247281507,0.009014984910484107,0.5376657866587549,0.32832879813988125,-0.020249535362668665,0.09921469589315765,0.11946423125582631,0.06897974730363278,-0.0034441335336182185,-0.072423880837251,0.07945094683660509,0.5890660351872399,0.5096150883506347,0.2528571736189482,0.33253202812157256,0.07967485450262435
PhysionetMI,36,0,left_hand,late,8,0.06018813014081263,-0.020761379686391395,0.516697171739014,0.4025016371627848,0.05079032537271523,0.06364535311478711,0.012855027742071881,0.021834742939460854,-0.024437062765933593,-0.04627180570539445,0.2867714254872521,0.4504339646063269,0.1636625391190748,0.3734632759697961,0.4683630640318514,0.09489978806205529
PhysionetMI,36,0,right_hand,early,7,0.07413210510496712,0.011300480279237598,0.689624944997775,0.4924946975217205,0.21813425354219526,0.06898816437868636,-0.1491460891635089,0.04279005828007383,0.0069388562509059394,-0.03585120202916789,0.716343094609015,0.6583526603764901,-0.05799043423252492,0.5023083836393099,0.5082400253759285,0.0059316417366186425
PhysionetMI,36,0,right_hand,mid,7,0.03290781473861358,0.007056784210433812,0.4701350560560856,0.482398678512982,0.005366218848630186,0.022173019529570896,0.01680680068094071,0.009329197413262358,0.005908975427637574,-0.0034202219856247834,0.7625936815085299,0.3130727221838209,-0.44952095932470904,0.30958923878496847,0.508343855065188,0.1987546162802195
PhysionetMI,36,0,right_hand,late,8,0.08055886907684436,-0.0034415362982537856,0.7191292581554741,0.37566362258061164,0.10451002228070631,0.07285595476189512,-0.031654067518811196,0.02596670517992556,-0.011488923561432099,-0.03745562874135766,0.49976409403321936,0.5392344830218383,0.03947038898861893,0.462032551137879,0.41174936006471335,-0.050283191073165645
PhysionetMI,37,0,left_hand,early,7,0.014013689946181665,-0.05793222225555973,0.3410856745159005,0.5851753857808933,0.10359595159712993,0.006368451703244494,-0.09722749989388545,-0.06105963865917195,-0.04786817700278645,0.013191461656385503,0.4122961680600352,0.247016153248592,-0.16528001481144322,0.48652998558066735,0.45751735808118005,-0.029012627499487298
PhysionetMI,37,0,left_hand,mid,8,-0.03676463485537763,-0.07192372640670935,0.6596826883853583,0.7744158217757405,0.08781215743861888,-0.05024084064542534,-0.13805299808404423,-0.07770886608637667,-0.07907377054902556,-0.0013649044626488915,0.5772583169554181,0.6577105245176991,0.080452207562281,0.43763168654632706,0.7580384207754854,0.3204067342291584
PhysionetMI,37,0,left_hand,late,8,-0.07401331232212632,-0.0768571968982566,0.8106374630957028,0.6235557119709731,-0.17370989507740295,-0.06719859303023139,0.10651130204717156,-0.04474844610967856,-0.06883568929270274,-0.02408724318302418,0.8238666012030897,0.7627899226817002,-0.06107667852138954,0.5915331360386572,0.5851991236395989,-0.006334012399058286
PhysionetMI,37,0,right_hand,early,7,-0.06646550605369658,-0.07286513887542966,0.6676520773296717,0.6550374857028094,-0.09855398697670437,-0.08911263550085079,0.00944135147585358,-0.04644032745526325,-0.07739270831814231,-0.03095238086287906,0.4075470720494661,0.7645719721959296,0.35702490014646354,0.4954866709404839,0.6015127914742322,0.10602612053374832
PhysionetMI,37,0,right_hand,mid,7,0.0017493090176065869,-0.050955529760295167,0.31199214218048427,0.6344733646074201,0.031431857808719176,-0.0022328019790894137,-0.03366465978780859,0.04966645711917186,-0.060072150967560585,-0.10973860808673244,0.16959876870849472,0.3502249615589114,0.1806261928504167,0.4494655414745792,0.6340004715547831,0.18453493008020394
PhysionetMI,37,0,right_hand,late,8,-0.03156734337522926,-0.04726666283521981,0.5205721646058771,0.5599377239305765,-0.10192574602140311,-0.027939312389313003,0.0739864336320901,0.026018865917998457,-0.05869279108700974,-0.0847116570050082,0.40313243600857274,0.5505804373668906,0.14744800135831782,0.27238950816555674,0.5863928540064369,0.3140033458408802
PhysionetMI,38,0,left_hand,early,7,-0.05358954883156088,-0.01606758452176359,0.5308182388625793,0.27427945593687125,0.02379114306598934,-0.03278296274060017,-0.05657410580658951,0.058061505803653025,-0.02863432504873239,-0.08669583085238541,0.7094627784670624,0.28534467346150605,-0.42411810500555636,0.4421228579741238,0.3031742100167732,-0.13894864795735062
PhysionetMI,38,0,left_hand,mid,8,0.046979674482095016,0.011236689603872143,0.415341504763992,0.29488199868570564,0.03971915261883936,0.05770664684531737,0.01798749422647801,0.06233724873940713,0.006091107015501725,-0.05624614172390541,0.42078711062585045,0.4221119411327354,0.0013248305068849775,0.29789967656139466,0.31197198871567816,0.014072312154283506
PhysionetMI,38,0,left_hand,late,8,0.02810056799940965,-0.012299777976135939,0.35071557165408523,0.2559393600361238,-0.06031329598036251,0.035536312892942984,0.09584960887330549,-0.06480881381560383,0.0052483161997615956,0.07005713001536543,0.3386230175103506,0.27689246690669955,-0.06173055060365107,0.44673262392932855,0.24539827238566622,-0.20133435154366233
PhysionetMI,38,0,right_hand,early,7,0.06106908786481829,-0.0020904818118689613,0.4764996396047885,0.2561885786903925,-0.02822589065346605,0.057981720715191656,0.0862076113686577,0.18647185349620776,-0.02795494023353161,-0.21442679372973938,0.11173399899708145,0.3735170389456876,0.2617830399486062,0.43256069801749314,0.39037759574081426,-0.042183102276678874
PhysionetMI,38,0,right_hand,mid,7,0.06047733929572222,-0.008361791856290327,0.3835409550566565,0.5020817712390978,0.1386757534447192,0.046778166499324855,-0.09189758694539434,0.154159914293562,-0.021655529482368742,-0.17581544377593072,0.3007053278528793,0.46275967240935906,0.16205434455647977,0.4121539083231481,0.5086302305497536,0.09647632222660557
PhysionetMI,38,0,right_hand,late,8,0.06875760087393097,0.02753096082202789,0.5006535085109607,0.2822428063983802,-0.1090829126128205,0.1274703267673645,0.23655323938018502,0.15758961184752168,0.014225743578220517,-0.14336386826930117,0.3463396518750767,0.6660115076143176,0.3196718557392409,0.48789541997822045,0.27468088262396506,-0.21321453735425538
PhysionetMI,39,0,left_hand,early,7,-0.07204368607332905,-0.10696165347570351,0.4538960071106619,0.6725505986584759,-0.0942228614547378,-0.0950846298366753,-0.0008617683819375083,-0.03971689489284031,-0.11029418470266916,-0.07057728980982886,0.30319031559990506,0.45345924382012276,0.1502689282202177,0.4794850634250265,0.6391168809124665,0.15963181748744004
PhysionetMI,39,0,left_hand,mid,8,-0.02800482173061689,-0.019844828389028797,0.3029203863099757,0.30030366842680106,0.07475152497399709,-0.04178220962164743,-0.11653373459564452,0.041490159270997314,-0.019855455474974318,-0.06134561474597163,0.19265260270076112,0.37171999826121055,0.17906739556044943,0.4324824364668549,0.35901607301746324,-0.07346636344939167
PhysionetMI,39,0,left_hand,late,8,-0.12847211841968756,-0.04949488268539237,0.7858635567883007,0.37677163005945496,-0.18433844594157134,-0.11259294280254245,0.07174550313902889,-0.12361982806999891,-0.03496932748571093,0.08865050058428797,0.6999557826468479,0.6570207078065936,-0.04293507484025427,0.604044530108326,0.29287720819848123,-0.3111673219098448
PhysionetMI,39,0,right_hand,early,7,0.04932734643484074,-0.035286724088494176,0.3621038259509083,0.3872342139323059,-0.039502168251801965,0.06055290604074629,0.10005507429254826,-0.20122029527109053,-0.015988333207565406,0.18523196206352513,0.5776837444299818,0.3670215989150052,-0.21066214551497664,0.5481306786414079,0.3136619329090434,-0.23446874573236448
PhysionetMI,39,0,right_hand,mid,7,-0.030252657192572294,-0.009229971617360751,0.2991241128151783,0.4140675288210913,0.39817797293917667,-0.1148969726149358,-0.5130749455541125,0.0656350601259744,-0.014996979777133016,-0.08063203990310742,0.7870640563221567,0.7111949784606769,-0.07586907786147978,0.3037650089248895,0.4152686686160668,0.11150365969117731
PhysionetMI,39,0,right_hand,late,8,0.011523361966908655,0.05376149813349996,0.26925868281988696,0.49532767067404726,0.0346247028846759,0.006906743892090143,-0.027717958992585758,0.06494040664486472,0.049765749213995104,-0.015174657430869619,0.3788744396612639,0.21346423041290444,-0.16541020924835945,0.4246379629721695,0.49707115020668896,0.07243318723451947
PhysionetMI,40,0,left_hand,early,7,0.033304233658547254,-0.058123642736670166,0.2504603147124209,0.5205619510479029,0.12289140004910976,0.009412481910251175,-0.11347891813885858,0.10520667513665556,-0.0865090487832391,-0.19171572391989466,0.43098882023723384,0.13998583219324656,-0.2910029880439873,0.5961801552552968,0.5433808270382632,-0.05279932821703359
PhysionetMI,40,0,left_hand,mid,7,0.029963884280700813,-0.04472170788205302,0.30778354144102205,0.49750356907664595,0.06219074078204295,0.028627800921666433,-0.03356293986037652,-0.07644214923571514,-0.042290864867096656,0.03415128436861849,0.7983805164597031,0.3085361895563778,-0.4898443269033253,0.5080088873621844,0.4184966645929847,-0.08951222276919973
PhysionetMI,40,0,left_hand,late,7,0.0006020843075069499,-0.04607957549409372,0.2237412565613114,0.39462941721287503,0.0026360879726920333,0.025887081122859347,0.023250993150167314,0.011830837275905939,-0.057543587596623896,-0.06937442487252983,0.4382045109220636,0.3820056658615207,-0.0561988450605429,0.2348293112107962,0.42753373583479126,0.19270442462399506
PhysionetMI,40,0,right_hand,early,8,-0.07445631961113991,0.02533409393240108,0.411275219100341,0.37710705882109546,-0.07430562032827101,-0.059150659586706004,0.015154960741565006,-0.12240135339294561,0.05883020550968871,0.18123155890263432,0.39275226118143003,0.3617287894999445,-0.031023471681485504,0.46603537468473494,0.4944859778998737,0.02845060321513876
PhysionetMI,40,0,right_hand,mid,8,-0.031067537829601543,-0.04929213316562134,0.262399094015391,0.4026179375424023,0.15177100536274427,-0.057184501434191036,-0.2089555067969353,-0.11660788537297348,-0.028023021824502642,0.08858486354847084,0.43311919241535163,0.5913937113238292,0.1582745189084776,0.46898845786384274,0.29008808773659867,-0.17890037012724408
PhysionetMI,40,0,right_hand,late,8,-0.033520918126848966,0.0015516462201751763,0.3252959924761253,0.39419643869791415,-0.006466765552904916,-0.011421652137872882,-0.004954886584967967,-0.010939721357964557,-0.004655052130203457,0.0062846692277611,0.1999712196084622,0.33006131577547804,0.13009009616701583,0.34086814640628454,0.4277934320459642,0.08692528563967966
PhysionetMI,41,0,left_hand,early,8,-0.06127443931356454,-0.015454976551378645,0.4411438461982925,0.38280065927407736,-0.1356502116821795,-0.04878694323613776,0.08686326844604174,-0.010919753505304284,-0.01793995937749794,-0.007020205872193657,0.4015111837194133,0.31882320591823243,-0.08268797780118087,0.5128637141458803,0.33273401818985376,-0.18012969595602651
PhysionetMI,41,0,left_hand,mid,8,-0.074887138486806,-0.0698398375660433,0.561656374624513,0.5732726592303324,0.03845888113961912,-0.0955410524320827,-0.1339999335717018,-0.08684019826896572,-0.0657303371045572,0.021109861164408522,0.12862134253334714,0.6979304710866009,0.5693091285532538,0.4865735811683488,0.5443838163266418,0.05781023515829298
PhysionetMI,41,0,left_hand,late,8,-0.06266320856449434,-0.049297490726331966,0.513583446737043,0.42607649046816326,-0.13192791335947165,-0.05698111281936797,0.07494680054010369,-0.06831167141847323,-0.051170381927506704,0.01714128949096653,0.6018099059485287,0.4558041649838897,-0.14600574096463897,0.2959458885028383,0.38619428026279884,0.09024839175996052
PhysionetMI,41,0,right_hand,early,7,-0.03230961647691675,-0.030919200590542553,0.310571140823479,0.4508966123906312,-0.18509147242259938,-0.023921705380196476,0.1611697670424029,-0.11476211422573925,-0.02089875859522328,0.09386335563051597,0.23700641196027797,0.24338164498208936,0.006375233021811394,0.46529202708673456,0.37961184812678594,-0.08568017895994862
PhysionetMI,41,0,right_hand,mid,7,0.0070282431329475,-0.058279591340706545,0.4141670123247302,0.4138301873330266,0.06725203189147758,0.02012896789416455,-0.04712306399731303,-0.018443248488998042,-0.05904375963609893,-0.04060051114710089,0.4154891439018265,0.36581182477891266,-0.04967731912291384,0.288363748605894,0.4372644580684435,0.14890070946254952
PhysionetMI,41,0,right_hand,late,7,0.005490915273375167,0.002765634288279231,0.2834270533225311,0.38763842632408396,0.051786726180399076,0.0210329593253846,-0.030753766855014474,0.1381663848132963,-0.016890566619916215,-0.15505695143321252,0.4416834487517465,0.3568988352638999,-0.08478461348784655,0.49024394312868985,0.34696295305704977,-0.14328099007164008
PhysionetMI,42,0,left_hand,early,7,-0.02796634168183749,0.04591707527091556,0.2622069014916872,0.4860972995846108,0.2005801229356342,-0.046521095268278884,-0.2471012182039131,0.07947938793021583,0.043571058090465756,-0.03590832983975008,0.515329672792071,0.3214509941880711,-0.19387867860399988,0.47077662875820564,0.4210576950762374,-0.049718933681968225
PhysionetMI,42,0,left_hand,mid,7,0.011692667710558534,0.0008336580918369612,0.4366005937985954,0.5076244909891477,-0.13364034986597392,0.01981772908570809,0.153458078951682,-0.1500133251335549,0.03856497302224931,0.1885782981558042,0.3506322872682607,0.5683993842184952,0.21776709695023455,0.5224184501290039,0.4475230758556123,-0.0748953742733916
PhysionetMI,42,0,left_hand,late,8,0.025700139649507778,-0.010649581241240024,0.42933041216762863,0.2259062116035996,-0.0662990714643644,0.028087544891521047,0.09438661635588544,-0.13103589569026275,0.002349805943355115,0.13338570163361788,0.1920554979239806,0.49765494092126555,0.3055994429972849,0.4684174755723156,0.3753555063713438,-0.09306196920097182
PhysionetMI,42,0,right_hand,early,7,-0.12146151777529926,0.0317097454482109,0.6468963877153769,0.48710127543429527,-0.2841266113470104,-0.12448577615087467,0.15964083519613573,0.056574388977939954,0.015900750594249037,-0.04067363838369092,0.5592910723418397,0.6618257238006413,0.10253465145880158,0.416701530951077,0.43327013981662194,0.016568608865544954
PhysionetMI,42,0,right_hand,mid,8,-0.03018993567795009,0.06942632358388653,0.38449737650068816,0.5733833444067671,0.14351538495199254,-0.060790652173700374,-0.2043060371256929,0.11857995016801254,0.04948946695111869,-0.06909048321689384,0.2639474949588322,0.3902708563534816,0.1263233613946494,0.40868829850315647,0.4880541303899914,0.07936583188683494
PhysionetMI,42,0,right_hand,late,8,-0.11920566047915712,-0.008899834209270057,0.7534907776145673,0.3980381597860493,-0.23509386081943162,-0.11078950073697416,0.12430436008245746,0.04036521317795392,-0.0006210929189379029,-0.04098630609689182,0.6389522664347327,0.6867470749524636,0.04779480851773088,0.3318010514194826,0.44297960853195373,0.11117855711247115
PhysionetMI,43,0,left_hand,early,7,-0.04308277671221678,-0.03431241949936001,0.47890723724897566,0.44156738384670335,0.07575398258662563,-0.06564778611687037,-0.14140176870349602,-0.06266724944154055,-0.0343215564571078,0.02834569298443275,0.38058632631441563,0.5230549279674209,0.1424686016530053,0.5512662282631585,0.4190580287810419,-0.1322081994821166
PhysionetMI,43,0,left_hand,mid,8,-0.02182663974636634,-0.012716775648577105,0.2929749489025823,0.5098910192559473,0.08660724576369394,-0.03426670794354772,-0.12087395370724166,0.09743072174949542,-0.019344280791551125,-0.11677500254104654,0.38054840509617677,0.32666808277434256,-0.053880322321834206,0.48368977198994284,0.5374833708083807,0.05379359881843787
PhysionetMI,43,0,left_hand,late,8,0.11803929335669575,-0.04326183846547427,0.6224470930455552,0.4980275634089781,-0.23642887879920138,0.15796186068516105,0.39439073948436243,-0.04968154685533811,-0.0376146142745036,0.012066932580834515,0.5922517255548301,0.8339928334408928,0.24174110788606273,0.546852511814052,0.5036608076988873,-0.04319170411516471
PhysionetMI,43,0,right_hand,early,7,-0.017496905407832615,-0.01449864699817613,0.3489025461011283,0.4027814240562948,-0.16027919696723533,-0.019826973563866288,0.14045222340336905,0.10842657320014072,-0.033427339432763034,-0.14185391263290376,0.47454619316979835,0.4420440520906353,-0.03250214107916305,0.39513141225623605,0.457954258239689,0.06282284598345295
PhysionetMI,43,0,right_hand,mid,7,0.07621475326978004,0.04638323921730603,0.5099172482908997,0.3384488252519701,-0.21042931519402358,0.1288771103111461,0.33930642550516965,-0.05620302452065299,0.06384487704634798,0.12004790156700096,0.5017106205437775,0.6440305724533701,0.14231995190959268,0.47173245679714515,0.42217743351507514,-0.04955502328207001
PhysionetMI,43,0,right_hand,late,8,-0.08210637180675348,-0.01824354286714493,0.5158650758435394,0.35286117920092336,0.1416525160055906,-0.12454607823661851,-0.2661985942422091,-0.071756778133882,-0.007100635050317717,0.06465614308356428,0.4011545273440171,0.6844559557023738,0.28330142835835675,0.3586822941608351,0.2924984901639751,-0.06618380399685997
PhysionetMI,44,0,left_hand,early,7,0.16601931095924533,-0.06807874473094644,0.9488475110539935,0.47675046797222465,-0.06315715015673945,0.2138942339049485,0.27705138406168794,-0.04553881865551215,-0.07938444599429682,-0.03384562733878467,0.3100447027067781,0.9631304703405458,0.6530857676337677,0.33718165455500126,0.5773707530497669,0.24018909849476566
PhysionetMI,44,0,left_hand,mid,7,0.10505244652829464,-0.026327199666584773,0.7382226854359358,0.27001583037953675,0.1579674901773111,0.11159093890921236,-0.04637655126809874,-0.13351236476166486,0.004054499612891573,0.13756686437455642,0.6099707337603587,0.731987587958034,0.12201685419767527,0.3908551687268496,0.189525135722962,-0.2013300330038876
PhysionetMI,44,0,left_hand,late,8,0.10280251841675819,-0.02678474710920833,0.5943413466198757,0.4716564106831997,0.07041471983330191,0.1050799800791699,0.03466526024586798,-0.042537906530868315,-0.026983763731063575,0.01555414279980474,0.4728689218201845,0.6001547211656008,0.12728579934541628,0.5548804909079029,0.3831465674665054,-0.17173392344139754
PhysionetMI,44,0,right_hand,early,7,0.1495133449885879,-0.006052044804238266,0.8297190613129509,0.42765700946186824,0.24200804363081746,0.17323379743771491,-0.06877424619310255,0.12644118245626565,-0.028503463153677886,-0.15494464560994353,0.49277821735564986,0.7956600957986789,0.30288187844302905,0.3246139842292025,0.44019500648313886,0.11558102225393635
PhysionetMI,44,0,right_hand,mid,8,0.1544453764157768,0.053771506353206176,0.8375867469292355,0.4790269551113418,0.2342985513172304,0.15468396780702373,-0.07961458351020667,0.017516830915165323,0.04882622333733007,0.031309392422164746,0.4901419785638872,0.8175635060126459,0.32742152744875874,0.3974775606998855,0.5428536250595206,0.14537606435963513
PhysionetMI,44,0,right_hand,late,8,0.0955303645258291,0.03986992141065537,0.642330664573246,0.3839901133376945,0.12789442145475374,0.0751448159726654,-0.052749605482088346,0.13779022079569178,0.03512158450609775,-0.10266863628959402,0.5878721347708435,0.5541649417256698,-0.03370719304517378,0.39460541625371826,0.4003949233659092,0.00578950711219095
PhysionetMI,45,0,left_hand,early,7,0.0028090670313088966,-0.07421896375498471,0.195679763045078,0.48829919296888713,0.20618657845833088,-0.0031964593724787475,-0.20938303783080964,-0.11078647240800082,-0.05958095923174372,0.05120551317625711,0.7075593083419811,0.1811157871960636,-0.5264435211459175,0.4833315355922627,0.375406819188369,-0.10792471640389373
PhysionetMI,45,0,left_hand,mid,8,0.06119857092279616,-0.0203913494455447,0.5605508869136233,0.47502365325468243,0.1640625422415686,0.04964624777727048,-0.11441629446429813,-0.05964581701889525,-0.012183571393111563,0.04746224562578369,0.6515151407191274,0.4783238905960502,-0.17319125012307723,0.38724332814768164,0.5024969872405446,0.11525365909286295
PhysionetMI,45,0,left_hand,late,8,0.040871418329628435,-0.012317109869428012,0.37975688736604646,0.5401761319016719,0.05615921826995132,0.0546992704858923,-0.0014599477840590222,-0.02222676392841321,-0.009659449139316796,0.012567314789096415,0.15951801555700693,0.42110233779096895,0.261584322233962,0.540797314761194,0.5568366357149814,0.01603932095378746
PhysionetMI,45,0,right_hand,early,7,-0.013179645737863498,-0.03961725365797106,0.34579506245715097,0.354413521324588,0.0008713733411193081,0.0069625237170016264,0.006091150375882318,-0.13570650960056807,-0.022971892168888768,0.1127346174316793,0.3323179637442134,0.40950590591660824,0.07718794217239483,0.4329594999224448,0.3516811152558344,-0.08127838466661041
PhysionetMI,45,0,right_hand,mid,7,0.038202339107979946,0.0024087074299239683,0.36326419413778643,0.342367169162212,0.13572309587766918,0.03391064712516074,-0.10181244875250844,-0.0847083935689353,0.027710370864142683,0.11241876443307798,0.436612310127612,0.342433417761922,-0.09417889236568999,0.3673052495993885,0.41617663767445245,0.04887138807506397
PhysionetMI,45,0,right_hand,late,8,0.0427394903899081,0.038831538179567957,0.5306648561955638,0.3545156823176363,0.10421965216889162,0.03993669324153758,-0.06428295892735404,0.03539809028005372,0.028800676817971074,-0.00659741346208265,0.4930643142036796,0.4248575091522732,-0.06820680505140636,0.36316685437179824,0.27143062310871907,-0.09173623126307917
PhysionetMI,46,0,left_hand,early,7,-0.06614474364798167,-0.05404849880113215,0.6051048617656146,0.5435576146225832,-0.1415741015311525,-0.013654696287211788,0.12791940524394071,-0.08093076325722809,-0.05010426895428388,0.030826494302944207,0.48920951859693645,0.5038727449844124,0.014663226387475914,0.49842570749646037,0.5329653596774213,0.034539652180960945
PhysionetMI,46,0,left_hand,mid,8,-0.06995775978278726,-0.027819731552924585,0.6574353405640194,0.36264644953216124,-0.0875216296188289,-0.0675912404009045,0.019930389217924394,-0.016414312233938026,-0.03893451307800436,-0.02252020084406633,0.309722541388546,0.5957552037543447,0.28603266236579866,0.218413550965247,0.425654210825498,0.20724065986025098
PhysionetMI,46,0,left_hand,late,8,-0.024067741595313056,-0.05266929680540039,0.39828493414908195,0.4382468613021962,-0.07894026204391642,-0.003184204326094913,0.07575605771782151,-0.08356583320131403,-0.05149382892121059,0.032072004280103435,0.4019212670689651,0.2528412624109253,-0.14908000465803978,0.3327667877339223,0.45886777784613964,0.12610099011221731
PhysionetMI,46,0,right_hand,early,7,-0.022043639566993747,0.000309339696473432,0.37713405713201026,0.5726438398077989,-0.03777566720827627,-0.019487712192757682,0.018287955015518588,0.1265078143762736,-0.03636103139114444,-0.16286884576741803,0.34565421989448925,0.33942234472295485,-0.006231875171534396,0.6444035905912796,0.4465528098879346,-0.197850780703345
PhysionetMI,46,0,right_hand,mid,7,-0.025901966571760107,0.02335133681245439,0.3396191788242143,0.5338752268955245,-0.08432345479309279,-0.0017413013599361996,0.08258215343315659,-0.08729364084640207,0.042890782817169626,0.1301844236635717,0.586089414640211,0.4353984113575637,-0.15069100328264734,0.4104690698667498,0.5110591624913865,0.1005900926246367
PhysionetMI,46,0,right_hand,late,8,0.03783590948982408,-0.027745222486852728,0.47012618890468283,0.3991944817331395,-0.022729263442953368,0.04791424211899095,0.07064350556194432,-0.026316123064039656,-0.03033385400540676,-0.004017730941367103,0.12819664416529114,0.43264128302425964,0.3044446388589685,0.31153993864440377,0.44166927180467547,0.1301293331602717
PhysionetMI,47,0,left_hand,early,8,-0.04395260368061393,0.0005128522324327533,0.6473926370146896,0.31223752913039843,-0.15812474422441453,-0.03057904730319716,0.12754569692121737,0.0019297270980889057,0.0010276849156985728,-0.0009020421823903329,0.5033586380654118,0.502903740526722,-0.0004548975386897691,0.43655537650910325,0.3656820234693858,-0.07087335303971748
PhysionetMI,47,0,left_hand,mid,8,0.06847534698955599,-0.008113273884577473,0.7222913237743224,0.2583500030014163,0.09691595895412818,0.07768043368665381,-0.019235525267474365,-0.023452330699999205,-0.005498346224148201,0.017953984475851004,0.5187706717686318,0.7162197385225011,0.1974490667538693,0.4508430757136633,0.2511893062473649,-0.19965376946629837
PhysionetMI,47,0,left_hand,late,8,0.0611853971532666,0.004036015850445289,0.5768233556759537,0.42776952845938643,0.0345752570214936,0.06082285301732057,0.026247595995826975,-0.0025335530262304996,0.006462298508535569,0.008995851534766067,0.3333965228685242,0.5473836043851695,0.2139870815166453,0.26691297589301816,0.41196144846960087,0.1450484725765827
PhysionetMI,47,0,right_hand,early,7,0.020302267872142767,-0.024509756615172913,0.23009643506092933,0.3690957875615733,0.01700083841279776,0.01102502301956489,-0.005975815393232869,-0.05561056566774879,-0.016065708965828287,0.0395448567019205,0.7047009125822394,0.31163186560805023,-0.3930690469741892,0.5083578670475197,0.36773610706140597,-0.14062175998611376
PhysionetMI,47,0,right_hand,mid,7,0.05482322617828512,-0.04414770011328358,0.6950546269201671,0.4776072731924657,-0.17237470867945232,0.07040631327922137,0.24278102195867368,0.046874227221975845,-0.05626440479308051,-0.10313863201505635,0.7164518653359782,0.7973742371795228,0.08092237184354467,0.44341649177132453,0.5524608663030892,0.10904437453176469
PhysionetMI,47,0,right_hand,late,7,0.08414110964899382,-0.0043474121223471395,0.6629992364888982,0.3089332211673157,-0.029964486499081053,0.09621341620710229,0.12617790270618334,0.035524949604634024,-0.013854399105294101,-0.04937934870992813,0.2525781381979304,0.6740941772879836,0.4215160390900532,0.3720822027844135,0.3543343622821811,-0.01774784050223238
PhysionetMI,48,0,left_hand,early,7,0.06464941927092231,-0.09731101037424587,0.48262066066420634,0.6767868233797107,0.00028387297401665304,0.07022140569484256,0.06993753272082591,-0.0641927440561546,-0.09868126451733601,-0.03448852046118141,0.14773379293564062,0.47014143354399834,0.3224076406083577,0.3664991590698972,0.6166676328526568,0.2501684737827596
PhysionetMI,48,0,left_hand,mid,7,-0.01052718953307655,-0.035582967561378735,0.14314436095268623,0.37054773100870914,-0.1182254834099262,0.027139533126624402,0.1453650165365506,-0.013771246526266517,-0.03748505525705364,-0.02371380873078712,0.26292933325204804,0.17695879508968504,-0.085970538162363,0.3303261390327195,0.29339875539631005,-0.03692738363640946
PhysionetMI,48,0,left_hand,late,8,0.004148554630651129,-0.026091487200798378,0.19116011990791779,0.32764106894077244,-0.16781458598110996,0.016810090229166828,0.18462467621027678,0.13057650842553314,-0.05711430680862806,-0.1876908152341612,0.410663766247871,0.18375826705668835,-0.22690549919118264,0.4163391819044534,0.49439483605550544,0.07805565415105203
PhysionetMI,48,0,right_hand,early,7,-0.05268262129247769,-0.025433243983762902,0.44604134135342416,0.4610891325834724,-0.25686390483154764,0.004260917516174655,0.2611248223477223,-0.058793936443958916,-0.019868434007279816,0.038925502436679096,0.5852912950406581,0.2790973081851733,-0.3061939868554848,0.30667551867629134,0.37266182898242867,0.06598631030613733
PhysionetMI,48,0,right_hand,mid,8,-0.04075742014180191,-0.0035352527411737843,0.3529638640048718,0.31369011072110664,0.2533965614489324,-0.045265232074732716,-0.2986617935236651,-0.08220040645994255,-0.002558678980539647,0.0796417274794029,0.6129443816053943,0.2643704273397636,-0.3485739542656307,0.2677179226326439,0.33838133749267013,0.07066341486002625
PhysionetMI,48,0,right_hand,late,8,-0.06584336744535584,-0.03548405236192757,0.3767636378975069,0.34066058992502646,-0.2895455759865889,-0.013641088024941146,0.2759044879616478,-0.017357266982682036,-0.03916570186205612,-0.021808434879374082,0.7700269187979225,0.23341411392727254,-0.53661280487065,0.4525532558322636,0.4127349055283986,-0.03981835030386499
PhysionetMI,49,0,left_hand,early,7,0.000200679809914119,-0.02878048509652814,0.16637582717306346,0.49275867469617096,0.11862986086231106,-0.035561763704851854,-0.1541916245671629,0.12747059655397291,-0.03892149520761554,-0.16639209176158845,0.2999245307359321,0.3206575068277187,0.020732976091786592,0.32003538527210645,0.48628730590941704,0.1662519206373106
PhysionetMI,49,0,left_hand,mid,8,0.024067732122096213,0.02317646239344786,0.2560896682981894,0.5088228303957952,-0.0935052111029306,0.06541328133142923,0.15891849243435985,-0.08151020882140333,0.03605631243434686,0.11756652125575019,0.3340771356654346,0.4928348103067344,0.1587576746412998,0.36411692354714364,0.5311595687484423,0.16704264520129863
PhysionetMI,49,0,left_hand,late,8,-0.05905268477825186,-0.009419455433938613,0.5473752160017653,0.4323385847583757,-0.1606920099362277,-0.011406518937347798,0.14928549099887992,-0.03739662706521506,-0.006600250696200014,0.030796376369015045,0.4446161838103361,0.5080099102175512,0.06339372640721508,0.44197489411079743,0.3870821033448022,-0.054892790765995236
PhysionetMI,49,0,right_hand,early,7,-0.05385379412154268,-0.008618497170742421,0.5932028670866438,0.4690434603191762,-0.15155045561321026,-0.041880367579024205,0.10967008803418606,-0.0020905272818972243,-0.012177033209200562,-0.010086505927303337,0.5977333865025047,0.4120118375221763,-0.18572154898032844,0.4044199940659514,0.4497738058448225,0.0453538117788711
PhysionetMI,49,0,right_hand,mid,7,-0.002918571122611274,0.009898170326348859,0.3348300142211365,0.26804614025643925,0.01912743525865826,0.0011244806955820936,-0.018002954563076167,0.022458642507677342,-0.006192458049582258,-0.0286511005572596,0.31867563255499903,0.34656493819846745,0.02788930564346842,0.39712270396930033,0.26695880498978775,-0.13016389897951258
PhysionetMI,49,0,right_hand,late,8,-0.04032405627415204,0.028391585409816792,0.33165140907546503,0.5239609679365586,-0.061396612920990516,-0.03936740962762272,0.0220292032933678,0.185743099441936,0.012248800718067967,-0.17349429872386804,0.2297102398784937,0.40344172835289765,0.17373148847440395,0.41315836820831475,0.5064729135854618,0.093314545377147
PhysionetMI,50,0,left_hand,early,7,-0.049043850552201146,-0.05273936861260321,0.5262934101282231,0.5389660081379709,0.046492132074183054,-0.04766463687857646,-0.09415676895275951,0.016866600602339594,-0.056127244348845785,-0.07299384495118538,0.6162125336952093,0.5142035875953602,-0.10200894609984912,0.3822290539759966,0.5577983729422535,0.17556931896625694
PhysionetMI,50,0,left_hand,mid,8,-0.03881420199035093,-0.027262686330204202,0.4034822663510266,0.4492965584712511,-0.12425154562086466,-0.035232598818233166,0.08901894680263149,-0.039981962745932985,-0.023860307796609536,0.01612165494932345,0.5436348455821421,0.3345674881530191,-0.20906735742912302,0.47004139124249594,0.4520683442409249,-0.01797304700157104
PhysionetMI,50,0,left_hand,late,8,-0.024696675655037983,-0.02668214416928262,0.4085305124338514,0.5269575123328581,0.023078235045399687,-0.023758433634701336,-0.04683666868010102,-0.06640035216229438,-0.014606839661691327,0.05179351250060306,0.5362843968070845,0.34039520948536617,-0.19588918732171834,0.4921616702583285,0.38561971706282855,-0.10654195319549997
PhysionetMI,50,0,right_hand,early,7,-0.024677186874326115,-0.02265823975624429,0.5515203894779767,0.344279261387542,-0.2557852305802048,-0.018919952278675607,0.2368652783015292,-0.017051669601967072,-0.015507784361392678,0.0015438852405743938,0.7338178849737452,0.45333590659614725,-0.280481978377598,0.46006843936489794,0.3020919758119918,-0.15797646355290612
PhysionetMI,50,0,right_hand,mid,7,0.01855589212242673,-0.0011641943386377419,0.46690992753134386,0.479683235937952,0.0054841246957213,0.013758848564716665,0.008274723868995365,-0.1290265475562715,0.01845328533533935,0.14747983289161085,0.46455306697569776,0.5559439648665948,0.09139089789089705,0.5223091660020056,0.52255021745246,0.00024105145045438814
PhysionetMI,50,0,right_hand,late,8,-0.004747583885730706,-0.03315948274018642,0.36033677019579513,0.535819163152653,-0.12546018346783377,0.0051167630654342456,0.130576946533268,-0.025478435156267056,-0.03729977892154491,-0.011821343765277853,0.5864421171195437,0.3793441081911537,-0.20709800892839003,0.4394400027455155,0.5581523482297185,0.11871234548420301
PhysionetMI,51,0,left_hand,early,8,0.07649513743840965,-0.018701083223978572,0.5067180944756708,0.4557249169989644,0.24522569026624483,0.0063560971570401645,-0.23886959310920466,-0.06846526217112119,-0.023900453356541538,0.04456480881457965,0.6217145190817948,0.3510738413969331,-0.27064067768486166,0.42117568640792924,0.40089258271265904,-0.0202831036952702
PhysionetMI,51,0,left_hand,mid,8,0.09881089010792872,0.0031952495907137156,0.6839804118960334,0.3999857834541805,0.4510359522570061,0.05302655794867672,-0.3980093943083294,-0.06337128408772662,0.024397935433061867,0.08776921952078848,0.8842610667105084,0.49951659341392574,-0.3847444732965827,0.39703959304285263,0.40231472680652636,0.005275133763673723
PhysionetMI,51,0,left_hand,late,8,-0.06880420036608727,-0.012553313607897574,0.38712288052430427,0.29131281574097767,-0.10331806830316098,-0.07680332271027938,0.026514745592881597,0.01773927562801607,-0.02642761909576512,-0.044166894723781186,0.3579193435449482,0.4179860901640114,0.060066746619063194,0.5004412926570736,0.37384855175419757,-0.12659274090287603
PhysionetMI,51,0,right_hand,early,7,0.011463059231952594,-0.00775853357606224,0.34512139120316127,0.26763172474314884,0.033305240740693236,-0.02568676316932069,-0.058992003910013927,-0.02320926701276463,-0.010816797916020702,0.012392469096743927,0.11967926305756368,0.25709960168082024,0.13742033862325656,0.4580049736360686,0.2534595840912199,-0.20454538954484874
PhysionetMI,51,0,right_hand,mid,7,-0.01026990613220039,-0.007028960485668419,0.23054086094792478,0.4635777642778466,-0.03543862634336655,0.004570528528934136,0.04000915487230069,-0.10629100219389787,0.007781105564086483,0.11407210775798435,0.3225641149982004,0.25385545643778973,-0.0687086585604107,0.5765092970166411,0.3628914831995122,-0.2136178138171289
PhysionetMI,51,0,right_hand,late,7,0.08283813464029291,0.004965886409399364,0.5336890861690077,0.2095949911096026,0.08602998888830113,0.06930303670866572,-0.016726952179635407,-0.005198820367132089,0.01664540408557418,0.021844224452706267,0.4889056987792859,0.49126782853067574,0.00236212975138983,0.3999282523888885,0.3150186086563982,-0.08490964373249033
PhysionetMI,52,0,left_hand,early,8,0.16980428249721705,-0.001551012851950032,0.7839793404015052,0.3317758391547765,0.2059330860047027,0.15815402136800247,-0.04777906463670023,0.03601218016117668,-0.00817631594850311,-0.04418849610967979,0.5811481073566283,0.6910328169537251,0.10988470959709684,0.5143884985892522,0.30542899106470073,-0.20895950752455145
PhysionetMI,52,0,left_hand,mid,8,-0.01041508058711769,0.019771690376031742,0.33309458476917214,0.2707307977646268,-0.2381691082718584,0.009182212309268276,0.24735132058112666,-0.03442811507309544,0.01896501307370901,0.053393128146804456,0.5139809505120897,0.35729418352669345,-0.15668676698539624,0.31631452409575683,0.24003321500697855,-0.07628130908877828
PhysionetMI,52,0,left_hand,late,8,0.015557850605619681,0.01496046496814778,0.234568735063041,0.3502976995459909,-0.1352790076306094,0.05192834290378642,0.18720735053439583,0.10747622587215587,-0.012884971258643244,-0.12036119713079911,0.31695929260234357,0.40722005479116014,0.09026076218881657,0.371366412515303,0.3111088186816468,-0.0602575938336562
PhysionetMI,52,0,right_hand,early,7,0.0307434829402922,0.04448594085560327,0.4180826947303738,0.39367376696767137,0.21808951229119147,-0.060452806373154706,-0.2785423186643462,0.025926114746952826,0.030127529006465918,0.004201414259513092,0.4883089536169476,0.5541794114055553,0.06587045778860767,0.431273804443159,0.41618394594743335,-0.015089858495725639
PhysionetMI,52,0,right_hand,mid,7,-0.06720851637499073,0.039235249120533895,0.30384811400389883,0.42133485006424876,0.055324161846865644,-0.07943724851125489,-0.13476141035812053,-0.06230632156289923,0.06180425377261758,0.12411057533551681,0.2912135675727274,0.37089693720039496,0.07968336962766753,0.31459043239352724,0.44857506046019374,0.1339846280666665
PhysionetMI,52,0,right_hand,late,7,-0.01462523180078997,0.06518012499414493,0.4609965389414228,0.6081704403752037,0.0617521525691346,-0.05549612743879085,-0.11724828000792545,0.03173188993270075,0.07044787476154211,0.038715984828841365,0.48522612489375694,0.44328403908041075,-0.041942085813346186,0.295196416736873,0.558114771855456,0.26291835511858297
PhysionetMI,53,0,left_hand,early,7,-0.0266379280381808,-0.01963120985842397,0.37219921574008996,0.5172402488074913,-0.09689668670772865,-0.006157265448144191,0.09073942125958445,-0.1420272126796549,-0.009400469628450715,0.1326267430512042,0.544163009440958,0.34092904606391394,-0.20323396337704402,0.5008631513297728,0.5072864908883311,0.006423339558558339
PhysionetMI,53,0,left_hand,mid,7,-0.01786557428216243,0.00861718200048198,0.2507305597582693,0.38221009184833304,-0.04636388769966492,0.008959107255650118,0.05532299495531504,0.04202500244537913,0.0010754540068358086,-0.04094954843854332,0.3629037017661375,0.20315637789071994,-0.15974732387541757,0.3773469617795163,0.35591723492264044,-0.021429726856875886
PhysionetMI,53,0,left_hand,late,8,-0.11506404172146537,-0.0025034285891356142,0.6884655097347537,0.30990999393540464,-0.06651478862914162,-0.14605090794569428,-0.07953611931655266,0.11956618225537587,-0.0254698595871315,-0.14503604184250737,0.7508008442034555,0.7481887638832079,-0.002612080320247623,0.4721532041452839,0.3333178026749446,-0.1388354014703393
PhysionetMI,53,0,right_hand,early,7,0.02403525570686575,-0.0034800474150874735,0.29978958374834114,0.21754379215692754,0.024636918239366132,0.010579956301082478,-0.014056961938283654,0.005374915140710374,-0.009305199595785539,-0.014680114736495914,0.5448477912551071,0.2257361059115603,-0.3191116853435468,0.4239387010637628,0.17688114912824923,-0.24705755193551357
PhysionetMI,53,0,right_hand,mid,8,-0.010981227685020738,-0.05794016350990157,0.6201964824751004,0.47823158569585883,-0.126549513539953,0.012647850298668436,0.13919736383862144,-0.13536748060762593,-0.04368435022639165,0.09168313038123428,0.5486016277848901,0.48775619615316707,-0.06084543163172301,0.5567859751897228,0.38020197461392424,-0.1765840005757986
PhysionetMI,53,0,right_hand,late,8,0.0822808388686804,-0.029696032188564873,0.7736215431267935,0.5111492416897263,0.139539004332137,0.07438355837971217,-0.06515544595242484,-0.050745164263170967,-0.03248610586636719,0.01825905839680378,0.5797476099118251,0.5913096964564375,0.011562086544612438,0.4381498468728197,0.47551430256392313,0.037364455691103415
PhysionetMI,54,0,left_hand,early,7,-0.11475399530135819,-0.04619382296344599,0.4560542556458394,0.4746407114950975,-0.014139780221887333,-0.16738955158484908,-0.15324977136296175,-0.07029852148851086,-0.04090034003769887,0.029398181450811987,0.14322682313017193,0.44143191267797705,0.2982050895478051,0.47271588363036354,0.3690350428293455,-0.10368084080101803
PhysionetMI,54,0,left_hand,mid,8,0.03242186641236414,0.02866457331866865,0.2292185298208291,0.3103659233824624,0.2767133712531378,-0.05627139570086196,-0.33298476695399976,-0.1082365830789529,0.04733772403543009,0.15557430711438297,0.5131482093565374,0.41604189202902647,-0.0971063173275109,0.28645922817065184,0.30882220766341245,0.022362979492760615
PhysionetMI,54,0,left_hand,late,8,0.05490586832762339,0.08066926256185046,0.30177591842493773,0.5333617538500613,0.11213604892457917,0.05112025018079905,-0.06101579874378012,0.005658697482150706,0.0989156797169732,0.09325698223482248,0.3052383887277479,0.43726485887847955,0.13202647015073166,0.37565481457575217,0.5638857302113053,0.1882309156355531
PhysionetMI,54,0,right_hand,early,7,-0.2238670322614447,-0.043640071847315325,0.8341617754228686,0.4415063311345341,-0.22202304947753,-0.19678579740760252,0.02523725206992747,-0.0594414114103013,-0.03189266569098161,0.027548745719319687,0.37947326829292266,0.7541174423457014,0.3746441740527788,0.37383250912300586,0.4790560463649581,0.10522353724195221
PhysionetMI,54,0,right_hand,mid,7,-0.040151179395459126,0.0038358486405079464,0.32542282101648096,0.49178570011732936,0.06814139638551908,-0.12326909533860325,-0.19141049172412233,0.036901591511004195,0.0024318755306295932,-0.0344697159803746,0.5659845458929074,0.6863503162272546,0.12036577033434726,0.4395800411123906,0.4413187561402599,0.0017387150278693198
PhysionetMI,54,0,right_hand,late,8,-0.1060997553404319,-0.011916028582208716,0.6425769032172597,0.28672958678811894,0.18439109949993887,-0.11450398571447347,-0.2988950852144123,-0.1383454008439979,0.014835941253868177,0.15318134209786607,0.47724356919745914,0.5473467471072075,0.0701031779097484,0.3770229831102843,0.25435765841917274,-0.12266532469111158
PhysionetMI,55,0,left_hand,early,7,-0.06566676061817153,-0.0545295328440623,0.6969197431227624,0.5211640027179752,-0.4021475545998857,-0.03305282848357551,0.3690947261163102,-0.06837050623985272,-0.05441212632626597,0.013958379913586748,0.8212820597262068,0.29408745493722505,-0.5271946047889817,0.37748191782445617,0.46122403271865814,0.08374211489420197
PhysionetMI,55,0,left_hand,mid,8,-0.015361558785834053,-0.04521174509663398,0.27595270707536995,0.445968273043026,-0.027546883092311066,-0.009600386265364653,0.017946496826946413,-0.037245907494434204,-0.03611767097637877,0.0011282365180554366,0.17584453028429292,0.23757650186746687,0.06173197158317395,0.5098195795123285,0.35074501582830225,-0.15907456368402623
PhysionetMI,55,0,left_hand,late,8,-0.1315854103900614,-0.05169841236597202,0.7688467260079636,0.463510767211599,-0.20061484658798856,-0.122797140788557,0.07781770579943156,0.010029049440061668,-0.06782888619581583,-0.07785793563587749,0.6754399201672905,0.6749763773755751,-0.0004635427917153434,0.36033706655688297,0.5159850985841351,0.15564803202725214
PhysionetMI,55,0,right_hand,early,7,-0.03621643934894233,-0.03445306945579184,0.41169789010882013,0.4271487391423352,-0.021063516332930618,-0.04218601992166096,-0.021122503588730343,-0.13012526911754652,-0.015561725164818543,0.11456354395272797,0.5854758995170539,0.4746957153758494,-0.1107801841412045,0.4821295701969642,0.37712596582017266,-0.10500360437679152
PhysionetMI,55,0,right_hand,mid,7,-0.09603742918678133,-0.07399892643823935,0.6144395841287765,0.58298266861748,0.01235805581583635,-0.10847233401298534,-0.12083038982882169,-0.030769544678962462,-0.07745231617938733,-0.046682771500424866,0.4023599728155701,0.5694178145742611,0.16705784175869098,0.34456735985553455,0.6141691125855481,0.2696017527300135
PhysionetMI,55,0,right_hand,late,8,-0.0026155960033554565,-0.03862930866949715,0.16929703558072495,0.40873383609776015,-0.061579699747104394,0.044125053252831364,0.10570475299993576,0.020477488993519803,-0.04909257130329039,-0.06957006029681019,0.6418140920442517,0.4277708454306937,-0.21404324661355795,0.2693403540356259,0.48419442003601426,0.21485406600038837
PhysionetMI,56,0,left_hand,early,7,0.07022050514715879,-0.01992993754702202,0.5556072361462748,0.377173861848026,0.12354330778083333,0.06966456620624692,-0.053878741574586414,-0.09198942097787483,-0.006711677130190824,0.085277743847684,0.38229323081370825,0.449780852242561,0.06748762142885273,0.2352182637041206,0.3522936760407882,0.1170754123366676
PhysionetMI,56,0,left_hand,mid,7,-0.03759188571511355,-0.03380305809121283,0.3850985199344776,0.40296927454489545,0.27822351819602475,-0.04570286111905206,-0.32392637931507684,0.060593450890543736,-0.05103355435792112,-0.11162700524846486,0.6680372253604732,0.4103204596880354,-0.2577167656724378,0.3550877391282159,0.49920237762664216,0.14411463849842626
PhysionetMI,56,0,left_hand,late,8,-0.00951183034297742,-0.02458730230856441,0.18520533529699212,0.34363328206049876,0.0004858584325995595,-0.006905566149840752,-0.007391424582440312,-0.006661431640372762,-0.03214432891002574,-0.025482897269652978,0.020204561076513732,0.19282971015907727,0.17262514908256354,0.3353086721263515,0.44456552667107074,0.10925685454471923
PhysionetMI,56,0,right_hand,early,7,0.09078840925137932,-0.06971150612733248,0.7118045345745079,0.5437164741572863,-0.04501624374432673,0.10496657933674,0.14998282308106672,-0.19705740014779657,-0.05096037547445301,0.14609702467334357,0.18598553222009956,0.7409800114206083,0.5549944792005088,0.5132953121359586,0.4695795057645523,-0.04371580637140626
PhysionetMI,56,0,right_hand,mid,8,-0.02759021299521682,-0.0609963187940258,0.32628063045019856,0.6055671952650635,0.01138716012483542,-0.023296171923328887,-0.0346833320481643,-0.012090703487383782,-0.07595555030005664,-0.06386484681267286,0.32032268290964594,0.2483492395504106,-0.07197344335923533,0.44628559549645946,0.6206081967437158,0.17432260124725635
PhysionetMI,56,0,right_hand,late,8,0.048666509065237215,-0.07533840302534053,0.39037177095987285,0.5903538412582094,0.03574601750897427,0.04625126215574328,0.01050524464676901,-0.03917156130711716,-0.08132727397539923,-0.04215571266828207,0.10339864576772624,0.42294850405219964,0.3195498582844734,0.3487648763676889,0.6136455275919768,0.2648806512242879
PhysionetMI,57,0,left_hand,early,8,0.02379226051114217,-0.0719442589610529,0.30831057110601584,0.5107520902592287,0.0724110573784588,0.01285605577333902,-0.059555001605119784,-0.07633309771148614,-0.072130374720516,0.004202722990970131,0.20728336786934434,0.32116544031303956,0.11388207244369522,0.43445421453681016,0.47853137606611185,0.04407716152930169
PhysionetMI,57,0,left_hand,mid,8,0.029432010822308827,-0.04026542526339261,0.6357845432146767,0.4757108467017482,0.16797463903636686,0.0177286734957023,-0.15024596554066455,-0.009163970341757081,-0.038871712271797525,-0.029707741930040443,0.42609621974749506,0.49663354317617964,0.07053732342868457,0.39501591467430164,0.5233525299878756,0.128336615313574
PhysionetMI,57,0,left_hand,late,8,-0.06832656055422845,0.006107691866213904,0.38585933823491586,0.25463942836221265,-0.29816716771213647,-0.04639162851626926,0.2517755391958672,0.03577357712268125,0.01214926874899522,-0.02362430837368603,0.6736762549363486,0.24143371429578825,-0.4322425406405604,0.3953079246323137,0.23019549705109277,-0.1651124275812209
PhysionetMI,57,0,right_hand,early,7,0.10858509037018639,-0.030797681400615968,0.65233427370384,0.47080795408683307,-0.00460022940265236,0.13364086510416215,0.13824109450681452,-0.049437910206060656,-0.028973645877139863,0.020464264328920793,0.33891608812792473,0.7424406407691628,0.4035245526412381,0.27242048142692854,0.41582146670474973,0.1434009852778212
PhysionetMI,57,0,right_hand,mid,7,0.0710947218575522,-0.008782438612245275,0.43766101563775645,0.3182517219867992,0.11721492371270988,0.0662033542828321,-0.05101156942987778,-0.15542901892293978,0.008522447939607297,0.16395146686254708,0.42219947167244243,0.378437298811309,-0.04376217286113343,0.5507998629351974,0.21856781299876155,-0.3322320499364359
PhysionetMI,57,0,right_hand,late,7,-0.021797444749206033,0.019056949263304493,0.20521993888638806,0.33283084637555793,-0.37588980713757136,0.03187936968374732,0.4077691768213187,-0.12063210481192603,0.03442249983153732,0.15505460464346335,0.6072077239728353,0.283631304770749,-0.3235764192020863,0.4989329731201378,0.38313239353213424,-0.11580057958800355
PhysionetMI,58,0,left_hand,early,8,-0.07046568834802551,-0.12094877355443925,0.5662420483130316,0.832863911827782,-0.10369062083563471,-0.06959426204644616,0.034096358789188555,-0.2661226940038648,-0.10541783653694475,0.16070485746692004,0.24680096752410716,0.6108986938742622,0.364097726350155,0.5437111467685884,0.7481674471645199,0.20445630039593143
PhysionetMI,58,0,left_hand,mid,8,0.004606089487563112,-0.019513906572792703,0.2223165902832033,0.4311780171289624,0.043992214585131084,-0.005966853607325527,-0.04995906819245661,-0.0018407382579183765,-0.016338809184492317,-0.014498070926573941,0.13248983560062697,0.21023256331881207,0.0777427277181851,0.4017898562421849,0.39578623760161097,-0.006003618640573916
PhysionetMI,58,0,left_hand,late,8,0.03969497985117767,-0.06010394167232611,0.6561080764606626,0.471140684504729,0.013990215974711454,0.048070711682016196,0.034080495707304745,-0.17251948035456677,-0.04896374506441834,0.12355573529014843,0.288650144204636,0.6162092341857794,0.3275590899811434,0.48781454827440907,0.46873672660256493,-0.01907782167184413
PhysionetMI,58,0,right_hand,early,7,-0.0481797536624323,-0.0672310874796292,0.674094822885731,0.47725930377476483,0.19227176341426522,-0.06731713591860113,-0.25958889933286633,-0.044987051145664134,-0.07774875895690811,-0.032761707811243976,0.531149887154093,0.7294773937999479,0.19832750664585497,0.48123706633893565,0.5003021618350899,0.01906509549615426
PhysionetMI,58,0,right_hand,mid,7,-0.008730580736214444,-0.09612438330106987,0.30971417131397805,0.7506272626480288,-0.04730430641487149,0.004172927402608006,0.0514772338174795,-0.1173376704589166,-0.08660010894649317,0.030737561512423434,0.14154308007586897,0.35025568166861415,0.20871260159274518,0.6486302493270402,0.6708091487261648,0.022178899399124652
PhysionetMI,58,0,right_hand,late,7,-0.004464049357334859,0.009398176124403555,0.14654627626067349,0.2992248513441281,0.031445207250729926,-0.005952117811991491,-0.03739732506272142,-0.03735063742205826,0.01402227047975389,0.05137290790181215,0.44502838752719587,0.17276098333240955,-0.27226740419478634,0.5120435336423436,0.252849665597403,-0.25919386804494055
PhysionetMI,59,0,left_hand,early,8,0.05857797533225988,0.003918345759556992,0.5734520584567537,0.3640429611837943,-0.2140833683605854,0.07392441675529735,0.28800778511588276,-0.0018667704394564827,0.004038029454824148,0.005904799894280631,0.5715639826204372,0.6968838855297373,0.12531990290930017,0.46664556788527445,0.3855558834379909,-0.08108968444728354
PhysionetMI,59,0,left_hand,mid,8,0.030533924212817583,-0.031377273627050124,0.5093826803518059,0.3528508984004678,-0.03325364560082514,0.045678080590969755,0.0789317261917949,-0.08231516887316216,-0.01391323327889555,0.0684019355942666,0.33383105808973673,0.8074128307956541,0.47358177270591734,0.4640277258884645,0.2896579066475651,-0.17436981924089945
PhysionetMI,59,0,left_hand,late,8,0.04066497582008398,-0.03844374415404907,0.43221774565075355,0.32193147466136407,0.15228580004311434,0.026714150586701534,-0.1255716494564128,-0.014055546317354691,-0.05093901480493366,-0.036883468487578966,0.44601788483441224,0.3391779961103738,-0.10683988872403843,0.3775829484455254,0.3527937523759851,-0.02478919606954033
PhysionetMI,59,0,right_hand,early,7,-0.10009593941412148,-0.10550479739682987,0.6244498161696631,0.6749336302947267,0.044873789327897796,-0.10719737981046623,-0.15207116913836402,-0.09063453926664426,-0.11052473889999924,-0.019890199633354977,0.14878526725857696,0.694111253108659,0.545325985850082,0.5872783597640141,0.7184543281570261,0.13117596839301204
PhysionetMI,59,0,right_hand,mid,7,-0.09143132238899324,-0.08868407543832195,0.6132476278231932,0.5760590844555784,-0.21592304369588822,-0.08822102339569114,0.12770202030019706,-0.24914250028775953,-0.06961492376850135,0.17952757651925816,0.5199615338934711,0.49839521531790876,-0.02156631857556235,0.6294610289584145,0.4738088198315827,-0.1556522091268318
PhysionetMI,59,0,right_hand,late,7,0.08490195090092983,-0.07892879504388721,0.6066902491945554,0.5109036806149769,0.007765842247812765,0.09867406731446238,0.09090822506664961,-0.2374444344162059,-0.058389882367723245,0.17905455204848267,0.5498477278907272,0.6922733517813648,0.14242562389063762,0.5072263853265953,0.4573543273406852,-0.049872057985910045
PhysionetMI,60,0,left_hand,early,7,0.09188457278947813,-0.008911497204815088,0.535184597591064,0.38499140398986215,0.2982552905791954,0.07920387798068765,-0.21905141259850777,-0.11808266190590233,0.008757684267577809,0.12684034617348014,0.6192139062240054,0.6871971575777759,0.06798325135377048,0.4985815202679463,0.38425228423584745,-0.11432923603209882
PhysionetMI,60,0,left_hand,mid,8,-0.0016464358887440392,0.006913322578607157,0.12451246562709253,0.3293092311612643,-0.16103033135350003,0.05305200133590566,0.21408233268940569,-0.020399992970772742,0.011434146108806274,0.031834139079579014,0.3829835923574816,0.22841361421792541,-0.15456997813955617,0.3922798903598521,0.3015424028583023,-0.09073748750154981
PhysionetMI,60,0,left_hand,late,8,0.15648990299059756,0.014403679125774244,0.7759637951457511,0.2983436999938528,0.16139343331091524,0.16846925773417099,0.007075824423255744,0.0507361024194844,0.017498585838937115,-0.033237516580547286,0.3953617175063787,0.6636533879943944,0.2682916704880157,0.6878663657739179,0.3641322272576757,-0.3237341385162422
PhysionetMI,60,0,right_hand,early,7,0.10437964102503441,0.024881544592061936,0.7038624017973718,0.6084239922480621,0.1547506719486192,0.06251058571535617,-0.09224008623326302,0.11084179172437324,0.01265852867738708,-0.09818326304698616,0.4426426769389312,0.5551668888467505,0.11252421190781925,0.472759678533606,0.5068735365831459,0.034113858049539925
PhysionetMI,60,0,right_hand,mid,7,0.028403689551699855,0.01813429933528015,0.353158174011423,0.2901153477355587,-0.2173136323571752,0.07360545729523811,0.2909190896524133,-0.12300250653745552,0.04584942750671352,0.16885193404416904,0.45424786263713357,0.40553344093587934,-0.04871442170125423,0.5397600965745857,0.33622666857890576,-0.20353342799567992
PhysionetMI,60,0,right_hand,late,8,0.07009828249508243,0.007872073293494547,0.45276247851595136,0.3184797733486127,0.00838584642101961,0.07436629848218185,0.06598045206116224,0.07445179822935791,0.002389666942635193,-0.07206213128672272,0.3957218589996523,0.4029261414039596,0.007204282404307316,0.3989308188850531,0.35995183089506194,-0.038978987989991165
PhysionetMI,61,0,left_hand,early,7,-0.0012993483717881709,-0.008633634620019856,0.26994678112296017,0.3241254999754486,0.03868048018366002,-0.0018786759195616785,-0.0405591561032217,-0.032996458956748444,-0.011671295279399462,0.021325163677348984,0.37940613722266153,0.48849402426542604,0.10908788704276451,0.46350509093112485,0.2960329759461766,-0.16747211498494824
PhysionetMI,61,0,left_hand,mid,7,0.0253088418948667,-0.022491660605649586,0.3614558325694091,0.33714122854230294,-0.014644327012083184,0.0334508082911713,0.04809513530325449,0.09078244757900325,-0.025375598803006712,-0.11615804638200997,0.14294962815984333,0.3842421015416655,0.24129247338182216,0.5063974432484151,0.3584407327243509,-0.14795671052406417
PhysionetMI,61,0,left_hand,late,8,0.061771746057841866,0.03335420489332987,0.6652560009929955,0.3568909194873811,0.04691722691883682,0.0413839836577932,-0.0055332432610436175,0.12835150940295081,0.030893863884219372,-0.09745764551873144,0.34276907577120996,0.3734966304349012,0.03072755466369126,0.4921192768069168,0.310590089512845,-0.1815291872940718
PhysionetMI,61,0,right_hand,early,7,-0.015757718687101494,0.037621287843698274,0.2235737164381154,0.39196472773560176,-0.10918998644404415,-0.0029447398085456,0.10624524663549856,-0.02379524561503336,0.041941534818549515,0.06573678043358287,0.30387327958578036,0.19221756461915468,-0.11165571496662569,0.5778620348482284,0.4385936230983923,-0.13926841174983612
PhysionetMI,61,0,right_hand,mid,8,0.025935183649148322,-0.04632473566124554,0.3666863667188843,0.3708326494320508,-0.13038920947906107,0.03854257902331964,0.16893178850238072,-0.0073244645609938435,-0.05993331047851474,-0.052608845917520894,0.31934156737435254,0.4791040116005438,0.15976244422619124,0.26086350453415247,0.39583895839712185,0.13497545386296939
PhysionetMI,61,0,right_hand,late,8,-0.00880449128231307,-0.03332697996456245,0.4160290441920425,0.45654254012721573,-0.1627727394016943,0.003988523921139858,0.16676126332283414,-0.020148906374174862,-0.028207745711811297,-0.008058839337636434,0.7114340020621766,0.6081359381230035,-0.10329806393917307,0.5546416300501823,0.3714102781320943,-0.18323135191808798
PhysionetMI,62,0,left_hand,early,7,0.18299976116136177,-0.030443489895228524,0.8221781487394929,0.42736352987031845,0.48322963594638,0.140635813541579,-0.342593822404801,-0.06874457779467308,-0.0363752329140649,0.03236934488060818,0.6606992436408747,0.5982679582201079,-0.06243128542076681,0.5536147751018557,0.49817192280835765,-0.0554428522934981
PhysionetMI,62,0,left_hand,mid,8,0.028554578419250257,0.003470630972150949,0.4453794815488622,0.43330497853804845,0.008431738166954677,0.032325841593623714,0.023894103426669037,0.10481570364914969,-0.0292813278713873,-0.13409703152053698,0.1763881859275756,0.31319382316598604,0.13680563723841044,0.37392385494758923,0.4061130670367852,0.03218921208919595
PhysionetMI,62,0,left_hand,late,8,0.030308166177870202,-0.041976154998597665,0.3237779197401029,0.41967631501867275,0.08433496135353419,-0.025039717143866155,-0.10937467849740035,-0.06500190467782606,-0.03727654712416117,0.02772535755366489,0.38176180500385004,0.1767870984973516,-0.20497470650649843,0.3884143411387455,0.4279801683762253,0.03956582723747981
PhysionetMI,62,0,right_hand,early,7,-0.054191099346646815,-0.01831970169429067,0.5518905077298139,0.410799590410704,0.03585815040204326,-0.026333537229571234,-0.06219168763161449,0.10210674611901745,-0.044403493346270036,-0.1465102394652875,0.3037902613692119,0.5926032558033207,0.28881299443410885,0.393058310992122,0.455465573396409,0.062407262404286956
PhysionetMI,62,0,right_hand,mid,7,-0.10105609181708818,-0.04292025807882672,0.6099238169714751,0.4023995707555204,-0.07486700315202663,-0.08876819863538271,-0.013901195483356082,-0.04192621215512294,-0.04702260775338731,-0.005096395598264372,0.3151532931348042,0.4780416707177165,0.1628883775829123,0.40479778477769335,0.4075502161555665,0.002752431377873177
PhysionetMI,62,0,right_hand,late,8,-0.06683483249213026,-0.05899063694039199,0.5611148422803157,0.5112718859126972,0.13346254120628354,-0.10794748889029411,-0.24141003009657763,-0.057906424116456585,-0.06804461540540016,-0.010138191288943575,0.581357692084468,0.7660715936827022,0.1847139015982342,0.4442280368991549,0.47038970775622335,0.026161670857068442
PhysionetMI,63,0,left_hand,early,7,-0.012015284519627918,-0.022000781127754034,0.5511841106045376,0.34507897462759546,0.04007254821573175,-0.016554607420642818,-0.05662715563637457,-0.05745851539315077,-0.018722341953483854,0.03873617343966691,0.2137747788256389,0.45784665829801335,0.24407187947237446,0.5394959303178081,0.2651115706600095,-0.27438435965779856
PhysionetMI,63,0,left_hand,mid,7,-0.09578320350247228,-0.036691517145251394,0.6503566862278986,0.4534531008629325,-0.45225035448773165,-0.045558481263127004,0.40669187322460465,-0.09147630220329457,-0.017706009691688288,0.07377029251160629,0.802429437565086,0.34550466255213774,-0.45692477501294826,0.5605770488707602,0.34483725075710076,-0.21573979811365945
PhysionetMI,63,0,left_hand,late,8,0.005102835967328602,-0.007154873043621379,0.18700783205836125,0.3840350727156876,-0.029170465938262786,0.014206134756216977,0.04337660069447977,-0.009159340161487534,-0.009729617524602193,-0.0005702773631146591,0.09130676183014509,0.215716670124881,0.1244099082947359,0.4758427642564978,0.39559732990538965,-0.08024543435110815
PhysionetMI,63,0,right_hand,early,7,-0.00984588343510137,0.0005113678180873979,0.3226815310716505,0.21058759122056203,0.1473475877547124,-0.043844078418646355,-0.19119166617335875,0.07932603622387967,-0.02017212945808554,-0.0994981656819652,0.39902061425132357,0.47270041368333104,0.07367979943200748,0.3274132670220657,0.40233129308798943,0.07491802606592374
PhysionetMI,63,0,right_hand,mid,8,0.029742620113943914,-0.03722696662681528,0.3617131254137281,0.3451225074921592,0.06495295295744573,0.045737889143416734,-0.019215063814028994,0.06622826179395397,-0.05459011662492222,-0.12081837841887619,0.2583348162486589,0.44948102333877177,0.19114620709011287,0.4917991216251114,0.3713666485861514,-0.12043247303895999
PhysionetMI,63,0,right_hand,late,8,0.0071079150975308265,-0.03681510091202735,0.2429432523732694,0.33949792156408415,0.07507851772966492,-0.002899822447978665,-0.07797834017764359,0.030666313391092506,-0.05376329886201574,-0.08442961225310824,0.3156265155733829,0.2594697547346913,-0.05615676083869159,0.3587897692999254,0.4084297229182749,0.0496399536183495
PhysionetMI,64,0,left_hand,early,7,0.058678178540762,-0.05521350293590783,0.592756285002837,0.4943624001873809,0.09881496157758739,0.05205445977125651,-0.04676050180633088,-0.14056432075440622,-0.03169527522424276,0.10886904553016347,0.25027698635164053,0.46807089702310695,0.21779391067146642,0.5069641071362807,0.3360298522700162,-0.1709342548662645
PhysionetMI,64,0,left_hand,mid,8,-0.023562541670536553,-0.03884523679908731,0.5699390954992416,0.3408362494392838,-0.18411728210501388,-0.004522952105258738,0.17959432999975514,-0.06009509418864586,-0.039744918483653635,0.020350175704992222,0.5172637288822751,0.4408354355084731,-0.07642829337380203,0.3001081292504243,0.3410084016386384,0.04090027238821409
PhysionetMI,64,0,left_hand,late,8,-0.06960182933175231,-0.0072603162699980735,0.6070600648905983,0.44512520547406453,-0.26844932670614424,-0.05210196679121367,0.21634735991493056,0.09981516670357841,-0.016724796231035344,-0.11653996293461376,0.633999574934456,0.4756640824563726,-0.15833549247808343,0.3960404883158305,0.43146226220501,0.0354217738891795
PhysionetMI,64,0,right_hand,early,7,0.005005199768445505,-0.035768473166802206,0.2630328840920998,0.3044072372529403,0.09708426958290703,-0.0015577293024560156,-0.09864199888536304,-0.03250095543414735,-0.03976711106946138,-0.007266155635314034,0.3183790480462505,0.5125263991805062,0.19414735113425574,0.31985598977791074,0.33961406585697046,0.019758076079059717
PhysionetMI,64,0,right_hand,mid,7,0.05642518502275088,0.003601325200056927,0.4722306356584859,0.5225739689778112,0.10967144980981257,0.011428425432190376,-0.0982430243776222,0.007549130887524982,-0.015956770926842823,-0.023505901814367805,0.7663371196349666,0.2679855522573742,-0.49835156737759245,0.42574396329050485,0.4313774921989856,0.005633528908480734
PhysionetMI,64,0,right_hand,late,8,-0.03994050943213425,-0.047230592783999124,0.3840525134331291,0.5234304517118811,-0.13329215755893226,-0.03642988151490244,0.09686227604402982,-0.008608985268740984,-0.05299709932272584,-0.04438811405398485,0.40024668028483557,0.35064013346535555,-0.04960654681948001,0.37082935451006677,0.5583906669336378,0.18756131242357105
PhysionetMI,65,0,left_hand,early,8,-0.05839468329105714,-0.04663850139954354,0.6800835675414617,0.40046564637489834,0.05537288652957211,-0.06149906785747673,-0.11687195438704884,-0.12806404612442257,-0.04417021322405403,0.08389383290036853,0.2790693651288868,0.5716195743404173,0.2925502092115305,0.46728710821136166,0.3874436803519643,-0.07984342785939735
PhysionetMI,65,0,left_hand,mid,8,-0.007359395852670301,-0.04492961921833635,0.3943181472813689,0.3736400971282096,0.05856523160231564,-0.014253789635388654,-0.07281902123770428,-0.09709199182103842,-0.03937730377048179,0.05771468805055663,0.48416795998914103,0.2547052353771396,-0.2294627246120014,0.41399294430984684,0.36367137148887285,-0.05032157282097399
PhysionetMI,65,0,left_hand,late,8,0.006355118431220955,-0.06028533970682256,0.6061931864411959,0.432932562843297,0.04558226851698053,0.0011924627656214903,-0.04438980575135904,-0.11366031380784077,-0.0655672668191159,0.048093046988724866,0.12052128485620235,0.6241352316387601,0.5036139467825577,0.6542982340392042,0.4590039567840243,-0.1952942772551799
PhysionetMI,65,0,right_hand,early,7,0.02969302700480269,0.014139264657889282,0.3508815878589052,0.5241209873679299,0.0892547380471144,0.0027812738438691828,-0.08647346420324521,-0.009931467127534815,0.01463252501463458,0.024563992142169394,0.34792315626286435,0.23270044345330604,-0.11522271280955831,0.34003115879476165,0.47992869557185136,0.13989753677708971
PhysionetMI,65,0,right_hand,mid,7,-0.06922439836879729,0.004342421587478711,0.5285670204852361,0.33455430696593896,-0.09522513829944787,-0.07149680781386078,0.02372833048558709,0.04720460944604916,-0.007940879347630407,-0.055145488793679566,0.2647468822068071,0.49908540415963343,0.23433852195282634,0.3880289395476344,0.31318880393290904,-0.07484013561472536
PhysionetMI,65,0,right_hand,late,7,-0.05843574867604227,-0.02080684117829874,0.6499532704836193,0.5734235613999664,-0.22727691516324833,-0.06504951212689024,0.16222740303635808,0.12253753010346001,-0.033834367899501214,-0.15637189800296122,0.5646483415001579,0.6522903972674209,0.08764205576726303,0.4658200877835062,0.5674466415221441,0.10162655373863788
PhysionetMI,66,0,left_hand,early,7,0.00795715358645642,-0.026664319843696587,0.4613873389078032,0.3068075626454724,-0.063488660371469,0.003747125653474936,0.06723578602494393,-0.041537615085652894,-0.028728048751239514,0.01280956633441338,0.4383999579782907,0.3487132277768122,-0.08968673020147849,0.5590907216758132,0.27709923598288316,-0.28199148569293003
PhysionetMI,66,0,left_hand,mid,7,0.14507344058264895,0.03044726186430956,0.7413888367156503,0.6135944698836655,-0.037113623201746,0.1793223793467941,0.2164360025485401,-0.038109809660700635,0.04143191766196728,0.07954172732266791,0.2043254868294294,0.7566279549276272,0.5523024680981978,0.5450788804822824,0.6073600000647407,0.0622811195824583
PhysionetMI,66,0,left_hand,late,8,0.05697539375723234,-0.02145707510459122,0.5161007606575824,0.5895893469312078,0.12619109315155325,0.022500416873983138,-0.10369067627757012,-0.056328269191898185,-0.01498832617224008,0.041339943019658106,0.6565326907131257,0.4370921971649823,-0.21944049354814338,0.5134425359659365,0.5364760165284808,0.023033480562544284
PhysionetMI,66,0,right_hand,early,7,-0.00388700245910284,-0.04775804194092502,0.352214844406635,0.27579120573975446,0.15361914066183113,-0.016907094886170156,-0.17052623554800128,-0.06915620370448809,-0.04854922112123461,0.020606982583253483,0.31913004637739667,0.35850802239017787,0.0393779760127812,0.3510243889609989,0.26340211403015823,-0.08762227493084068
PhysionetMI,66,0,right_hand,mid,8,0.2099140849202947,-0.04704204981062141,0.8278304374398442,0.4253707436257232,-0.20075647868508564,0.24368623498231357,0.4444427136673992,0.060220131363040025,-0.05661938160012011,-0.11683951296316014,0.4189144862813323,0.873963458531668,0.4550489722503357,0.3528610289472733,0.49796964694290513,0.14510861799563185
PhysionetMI,66,0,right_hand,late,8,0.1046104807650265,-0.013498354671002239,0.687574852091377,0.4701473432826637,-0.11549293352812669,0.13242661837871864,0.24791955190684534,0.1296796369764032,-0.0359628786910715,-0.1656425156674747,0.6975406862582986,0.7212116700100523,0.023670983751753694,0.45641858897993043,0.36049819248625903,-0.0959203964936714
PhysionetMI,67,0,left_hand,early,7,-0.017415805065938848,0.014305220784292243,0.2543317202645732,0.3568765774305054,-0.3587594236799423,0.024727338009209503,0.3834867616891518,0.04786072135786079,0.015602010070706258,-0.03225871128715453,0.5627992308968451,0.22384201714636243,-0.3389572137504827,0.5212005578431976,0.36149181699514293,-0.1597087408480547
PhysionetMI,67,0,left_hand,mid,7,-0.06810596065173895,-0.09260346083989897,0.3532963693444734,0.5324672678522171,0.04537310380578468,-0.050231040008348285,-0.09560414381413296,-0.009202465177913123,-0.11250191692076522,-0.1032994517428521,0.37688040963424824,0.284244932932263,-0.09263547670198524,0.15777981518465234,0.5772718687937666,0.41949205360911423
PhysionetMI,67,0,left_hand,late,8,-0.06413553332183244,0.01350658446440824,0.5280076985864097,0.3461147162032064,-0.33082620581361855,-0.06171790075587275,0.2691083050577458,-0.0647603580054597,0.02332510677286438,0.08808546477832409,0.5520759141231212,0.5158731464964693,-0.036202767626651866,0.4938228439254947,0.33737944525044145,-0.15644339867505325
PhysionetMI,67,0,right_hand,early,7,0.07328565787233904,-0.045558149814443186,0.38113348683301157,0.32977579789484873,0.3092008011203047,0.038277535789411565,-0.2709232653308931,-0.15793918772655824,-0.011646093842547651,0.1462930938840106,0.6359652606909553,0.3731064408872211,-0.26285881980373416,0.4996155146342027,0.3500827585727164,-0.14953275606148625
PhysionetMI,67,0,right_hand,mid,8,-0.019154356474210987,-0.07900181561457544,0.3052345918700539,0.4250482489742085,0.05427641795814071,-0.02007708210939298,-0.07435350006753369,-0.03512561803462279,-0.07856121603872569,-0.043435598004102904,0.2902524009634741,0.16093050088032637,-0.12932190008314773,0.45605440564516286,0.34014063305424763,-0.11591377259091523
PhysionetMI,67,0,right_hand,late,8,0.0725482227004224,0.00627581667910232,0.49659326739518117,0.24266462080086584,0.1797585706768025,0.061062653570177365,-0.11869591710662514,0.04900506888908021,0.002580281119255262,-0.04642478776982495,0.5166965670003811,0.4354665459700909,-0.08123002103029026,0.3647823175078813,0.3797388974172868,0.014956579909405465
PhysionetMI,68,0,left_hand,early,7,0.01978150144692018,-0.027809893608595655,0.2499388949284884,0.5002857568148121,0.2666831426445687,-0.019543749463165592,-0.28622689210773433,0.08441846422853858,-0.04097923149898153,-0.1253976957275201,0.6004351611951841,0.43414239886992134,-0.1662927623252628,0.5290325348388561,0.3772868734322176,-0.15174566140663853
PhysionetMI,68,0,left_hand,mid,7,-0.007670064885679626,-0.022640689110264976,0.19342007875776773,0.37568104020246396,0.041544782162193775,-0.0019424096016878807,-0.043487191763881654,0.047580130062920487,-0.02752677344919647,-0.07510690351211696,0.08932330812213116,0.2478419171410361,0.15851860901890494,0.4116791167947132,0.3910314242401977,-0.020647692554515484
PhysionetMI,68,0,left_hand,late,8,-0.00730757375842734,-0.05384788593341806,0.5447669998873238,0.47115048020973554,-0.051643206932358306,0.01784649478459754,0.06948970171695584,0.09579619945942615,-0.07489322101593451,-0.17068942047536068,0.46735093520279164,0.5537880266672028,0.0864370914644112,0.5056832923804442,0.46253217365910654,-0.043151118721337645
PhysionetMI,68,0,right_hand,early,7,0.015975482010757984,0.023492045946351167,0.22587249513643115,0.3802428087561333,0.11081427045940091,-0.0006301427758976492,-0.11144441323529856,0.14981873652819389,0.0031859967650319167,-0.14663273976316196,0.3570726666012096,0.17689530252155466,-0.18017736407965496,0.5009178049890806,0.350915853019688,-0.1500019519693926
PhysionetMI,68,0,right_hand,mid,8,-0.06567429118512039,-0.017791280668569127,0.46563866111416946,0.3794781387064816,-0.017898291300639177,-0.090465453074453,-0.07256716177381382,0.0019043574694120509,-0.024966352738833845,-0.026870710208245895,0.04722265321407773,0.5540560289886759,0.5068333757745982,0.43525256031255216,0.36500849203383845,-0.07024406827871371
PhysionetMI,68,0,right_hand,late,8,0.012438616437190835,0.017798947263282527,0.1993871458516187,0.3252938564742795,0.01302478648975959,0.009811555928128417,-0.003213230561631173,0.0007294834492976091,0.0030518131090962243,0.002322329659798615,0.31905955508805667,0.12062996171642178,-0.1984295933716349,0.23487000835274038,0.37352836395919975,0.13865835560645937
PhysionetMI,69,0,left_hand,early,8,0.06524617379110675,-0.008022542163298086,0.46379834135531495,0.2096474982634251,-0.08350323936487068,0.11212748892108564,0.19563072828595632,-0.11067363125996238,0.0029866681487003832,0.11366029940866276,0.21388467017583732,0.7142462014876537,0.5003615313118164,0.5089552478204408,0.24988164418522096,-0.2590736036352198
PhysionetMI,69,0,left_hand,mid,8,-0.0010523762750147025,-0.027811103891271706,0.180113836433604,0.3033330775576546,-0.011879792332688776,0.00044872753791733915,0.012328519870606115,0.038386229209783,-0.030195581259346196,-0.0685818104691292,0.22035073023336513,0.24218733709643872,0.021836606863073593,0.3559775045861344,0.2993689618628963,-0.05660854272323812
PhysionetMI,69,0,left_hand,late,8,0.21384236136850404,-0.03591560473323972,0.93086806535814,0.46386693231715515,0.3999023889909956,0.15278236896401326,-0.24712002002698236,-0.13599640703555718,-0.022906254697878072,0.1130901523376791,0.6072963938647452,0.8820763380877404,0.27477994422299523,0.46450824150597975,0.43737465792184876,-0.027133583584130982
PhysionetMI,69,0,right_hand,early,7,0.06495046472033401,0.03453941984228819,0.493251175783788,0.5468934442692577,-0.15532390687008482,0.07200945447879235,0.22733336134887716,0.05687939884513857,0.03520943271174089,-0.02166996613339768,0.3485329944092264,0.500073843741996,0.15154084933276962,0.6001770910179736,0.38026316698387813,-0.21991392403409543
PhysionetMI,69,0,right_hand,mid,7,0.04064996749276569,-0.051270180713227274,0.5509618980034728,0.5172905687663849,0.25831808829197167,-0.006767912616294647,-0.26508600090826634,0.014698735915156533,-0.07229324559258779,-0.08699198150774433,0.5278215660278153,0.39263137312389174,-0.13519019290392353,0.45799755872803644,0.5072630145511051,0.04926545582306868
PhysionetMI,69,0,right_hand,late,7,0.040053581285027104,0.10414012797096432,0.42580264373960025,0.6698144794407679,-0.18856021710638116,0.07796028928399079,0.26652050639037195,0.0003720239382215582,0.11284504401470043,0.11247302007647887,0.4071643173708501,0.7175692735935695,0.31040495622271935,0.5049058308045988,0.6874830499083144,0.1825772191037156
PhysionetMI,70,0,left_hand,early,7,0.019615205202732307,-0.01177983453412106,0.4061841357577223,0.49101435141083877,-0.08592561796425094,0.0351479470615635,0.12107356502581444,0.02099295211302241,-0.018644717804166103,-0.03963766991718851,0.39342891619976944,0.4133415434911515,0.019912627291382046,0.5011517282057076,0.5504756198286647,0.04932389162295703
PhysionetMI,70,0,left_hand,mid,7,0.048154095666928375,0.02233321811070301,0.4629602988179125,0.3821044682700601,0.13650966919641722,0.04042469977698216,-0.09608496941943506,0.08386504254701307,0.021734938941359607,-0.062130103605653464,0.5980620832822321,0.3930033119618948,-0.20505877132033729,0.4730897727905433,0.4578599326421189,-0.015229840148424434
PhysionetMI,70,0,left_hand,late,8,-0.0065403207708579335,-0.00901887480897866,0.16880055501548588,0.19381500572415997,0.15042198102120302,-0.02136563624983275,-0.17178761727103578,-0.03269475558711535,-0.01026809839862554,0.02242665718848981,0.5254909708648434,0.37419838772605163,-0.1512925831387918,0.42318157924454464,0.19838825153191014,-0.2247933277126345
PhysionetMI,70,0,right_hand,early,7,0.011450448066736887,-0.025292744926743275,0.27072317860730855,0.4524064099211228,0.0872988263609612,-0.011608147225493822,-0.09890697358645502,-0.05651749535060903,-0.019016820161346835,0.03750067518926219,0.22647783360696067,0.18648060498861024,-0.03999722861835042,0.33209240610905,0.4468614704578793,0.11476906434882927
PhysionetMI,70,0,right_hand,mid,8,0.01964685786957545,0.01260745899159886,0.2819822995769114,0.3504805764496241,0.047064077484836916,0.03190762301862751,-0.015156454466209404,-0.07817146931788987,0.02368317821166471,0.10185464752955459,0.2507066836214514,0.3844166671870359,0.1337099835655845,0.35893608320058246,0.3974232491914241,0.03848716599084162
PhysionetMI,70,0,right_hand,late,8,-0.02094958276477291,-0.026639617335008258,0.19070659717522956,0.33063752288018233,-0.0652333828914875,-0.03157408419320149,0.03365929869828601,-0.08034295574714395,-0.029657470925634734,0.05068548482150922,0.3688683421760849,0.2398754150570392,-0.1289929271190457,0.4719449201122926,0.3330196750157237,-0.1389252450965689
PhysionetMI,71,0,left_hand,early,7,-0.00037089992220863606,-0.03961714625455062,0.22173279242876626,0.4445458940748331,-0.15712891777547985,0.007184319011821567,0.16431323678730142,-0.08551208404324834,-0.030587922223855278,0.05492416181939306,0.32325663654146364,0.2959625285179887,-0.027294108023474928,0.5199676414222529,0.4918695295662301,-0.028098111856022845
PhysionetMI,71,0,left_hand,mid,7,0.06479449697829545,-0.02089191484796261,0.37626010078532784,0.5115421608584809,0.20352773461028845,0.03942320333791596,-0.16410453127237248,0.028509143588229924,-0.022997149903472416,-0.05150629349170234,0.7092310108426059,0.21749837782486367,-0.49173263301774217,0.20520329692976852,0.5147187281929937,0.30951543126322517
PhysionetMI,71,0,left_hand,late,8,-0.007494234275287749,-0.021308654612400474,0.24367100171147318,0.21838968944399617,0.11215736329701033,0.0014724450118562666,-0.11068491828515406,0.03541236836140661,-0.038084103247647376,-0.07349647160905398,0.354067949958016,0.21595943262856931,-0.13810851732944668,0.3679515238701754,0.2833063511306481,-0.08464517273952726
PhysionetMI,71,0,right_hand,early,7,-0.03631312750724227,-0.02685347462272386,0.5483617882027723,0.4554959003677319,-0.05331715616022116,-0.05631686610002193,-0.002999709939800768,-0.11574776217312549,-0.01897483275216747,0.09677292942095803,0.26599939020381697,0.45541603107997664,0.18941664087615967,0.4171566421187858,0.3961455478859592,-0.0210110942328266
PhysionetMI,71,0,right_hand,mid,8,-0.028065527348512472,-0.06057045674884618,0.261407956711601,0.6075749817447286,-0.018430993141940334,-0.024762207553693516,-0.006331214411753182,-0.20341227431690984,-0.03932819605011733,0.1640840782667925,0.3007089358235815,0.2867958706509746,-0.013913065172606875,0.506377719079251,0.45290692664576293,-0.05347079243348807
PhysionetMI,71,0,right_hand,late,8,0.007551692740477593,-0.015908971820023134,0.34051168503023016,0.39551372093943143,-0.18306024838250032,0.05772205175306249,0.24078230013556282,-0.0037560005562612625,-0.021237477689336058,-0.017481477133074796,0.403909030452577,0.5102878694950577,0.10637883904248069,0.5518928312063262,0.4360080797702806,-0.11588475143604554
PhysionetMI,72,0,left_hand,early,7,0.07451631611081815,-0.00897511779544483,0.4805911272775284,0.37130011106590094,-0.10835969236384697,0.12223539659328266,0.23059508895712963,-0.23275837163137048,0.02664749314024336,0.2594058647716138,0.2933314533388074,0.5976153474410777,0.3042838941022703,0.4758053995081997,0.48735654544562107,0.011551145937421348
PhysionetMI,72,0,left_hand,mid,7,0.06689291314647237,-0.004448314271603151,0.49191546875950143,0.4848010449842114,-0.14454238901305144,0.14904634651037973,0.2935887355234312,0.057191646213267305,0.0017181394021169168,-0.05547350681115039,0.3535484529140898,0.8045220886910417,0.4509736357769519,0.36777869309466876,0.48792757735690984,0.12014888426224107
PhysionetMI,72,0,left_hand,late,8,-0.061003317780992244,-0.01160641640311908,0.3322011654621306,0.46966057004501827,0.10879046004823062,-0.1171601837761699,-0.2259506438244005,0.07690342017107529,-0.021578575385198338,-0.09848199555627363,0.265767379493905,0.5246498828340814,0.25888250334017643,0.5618352165131234,0.44305203653339287,-0.11878317997973054
PhysionetMI,72,0,right_hand,early,7,-0.30086308976100895,-0.015331121622226366,0.81038687794298,0.32184030942181613,-0.4966699794760939,-0.2366304595708278,0.26003951990526614,-0.050434725210544054,-0.021261592064625648,0.029173133145918406,0.7816207020696647,0.7449662160252287,-0.036654486044436,0.4835840318013743,0.2648051801351729,-0.21877885166620142
PhysionetMI,72,0,right_hand,mid,8,-0.18631896826627503,-0.07466862939666126,0.7984595881372852,0.5257602571547187,0.14203187492682456,-0.2947494323716376,-0.43678130729846215,-0.12034272160007053,-0.05881567964704248,0.06152704195302806,0.2825389274884117,0.8908552034971338,0.6083162760087221,0.30793389953556977,0.5450157242244217,0.23708182468885192
PhysionetMI,72,0,right_hand,late,8,-0.24008818070368956,-0.08809148437094944,0.9214167927777323,0.5762858030426963,-0.30577844295489853,-0.23585873496653242,0.06991970798836611,-0.19607447335147427,-0.09721440868864396,0.0988600646628303,0.6628121992903613,0.7386486748646993,0.07583647557433804,0.5560672731841405,0.5584441891700334,0.002376915985892847
PhysionetMI,73,0,left_hand,early,7,-0.05331032652929768,-0.09172291505334329,0.5039709234471635,0.7052042251300528,-0.019165060228017537,-0.048503707577642254,-0.029338647349624717,-0.17485612402138834,-0.08138259297092271,0.09347353105046563,0.31290488150809304,0.5776890716499221,0.2647841901418291,0.5068792797906532,0.6354422252434182,0.12856294545276503
PhysionetMI,73,0,left_hand,mid,8,-0.07288769247339727,-0.005852245927389016,0.7114919765093758,0.271609043894554,-0.038840233307518734,-0.08991157069905573,-0.05107133739153699,-0.02135729265528736,0.004803570085796066,0.026160862741083424,0.08597354971014695,0.808597208904704,0.7226236591945571,0.40852169271048244,0.2790517633183729,-0.12946992939210955
PhysionetMI,73,0,left_hand,late,8,-0.08587601434211677,-0.03967884483024264,0.7277661401881494,0.41802981473179507,0.08855514978505152,-0.09352982023067778,-0.18208497001572932,0.0416684740721108,-0.05327855519421797,-0.09494702926632878,0.22008069537610517,0.7120972916176682,0.492016596241563,0.42177859532976325,0.4313578558792372,0.009579260549473945
PhysionetMI,73,0,right_hand,early,7,-0.039289782256410576,-0.03588925833760613,0.5698011839153724,0.42716387236810094,-0.07270104987234303,-0.0282600669187082,0.044440982953634835,-0.0020511802506005448,-0.0437496029617282,-0.041698422711127656,0.214184670689138,0.5911252652543711,0.37694059456523316,0.38412805597655,0.4605951534434871,0.07646709746693714
PhysionetMI,73,0,right_hand,mid,7,-0.011889940027799077,-0.04513647975555604,0.32224504925200187,0.37507616956691997,0.3696896233278376,-0.053644749054728304,-0.42333437238256594,0.04909598558276201,-0.058089831624798874,-0.10718581720756087,0.8381201243834195,0.6248125738550042,-0.21330755052841532,0.5120156945589528,0.44452755511221176,-0.06748813944674104
PhysionetMI,73,0,right_hand,late,8,-0.041062750111544824,-0.034440027471189585,0.5479484546106828,0.32408805274216457,-0.25455213901265494,-0.017255831545348023,0.23729630746730693,-0.04273317291481235,-0.037183526672965206,0.005549646241847145,0.7454951958796192,0.4929711247275645,-0.2525240711520547,0.27626650908154404,0.32669552994639883,0.05042902086485479
PhysionetMI,74,0,left_hand,early,8,0.05033795809750881,0.07200574202409063,0.5057869885504743,0.4851012727762668,-0.04517680436715565,0.07071190232472556,0.1158887066918812,-0.1456958623353947,0.09415020739947977,0.23984606973487446,0.1572831074108271,0.6262932196939529,0.46901011228312584,0.49278291232558996,0.58244361557044,0.08966070324485004
PhysionetMI,74,0,left_hand,mid,8,0.003379220626501579,0.02708006018709154,0.1879515222550345,0.3615586365454368,-0.055299849255584926,0.006050888137109198,0.06135073739269412,-0.06741899148144026,0.04159320439373247,0.10901219587517273,0.26217782331126427,0.17927636095623742,-0.08290146235502685,0.37277578694033475,0.42193011206596226,0.04915432512562751
PhysionetMI,74,0,left_hand,late,8,0.028678583499605347,0.03250605920403137,0.24854450835029057,0.38956823182532857,0.10821632201268258,0.003132233926847482,-0.1050840880858351,0.14283994953984577,0.013950053127352558,-0.1288898964124932,0.41962330040223017,0.15335676173785726,-0.2662665386643729,0.450630779202512,0.31015152859650236,-0.14047925060600963
PhysionetMI,74,0,right_hand,early,7,0.010773411827697808,0.08664823301321975,0.17215049069135008,0.5951706432959044,-0.21297197174109384,0.041029925021269995,0.25400189676236384,0.0641282712986955,0.09120928371871224,0.027081012420016745,0.7356612360639698,0.2974902112001761,-0.4381710248637937,0.3957687263944513,0.5710576581855009,0.1752889317910496
PhysionetMI,74,0,right_hand,mid,7,0.004258834660057711,0.034098109866882234,0.12273860060322424,0.4449137267510785,0.09284986952196533,0.0018079276985900111,-0.09104194182337533,-0.0016538177965324113,0.03617479396287336,0.03782861175940577,0.4013634249853553,0.1307384873329466,-0.2706249376524087,0.2759846922935291,0.5033953508780441,0.22741065858451498
PhysionetMI,74,0,right_hand,late,7,0.06277390515824775,-0.004471467830698765,0.505272927648544,0.2845171090541991,0.08219576631328683,0.0603064845259685,-0.021889281787318332,0.05911084020775984,-0.016906080608522823,-0.07601692081628267,0.338776520570614,0.49432953057020695,0.15555300999959293,0.3719856081403951,0.34522993634454713,-0.02675567179584798
PhysionetMI,75,0,left_hand,early,7,-0.05234621606896792,-0.015852153429332317,0.47051714068903905,0.32045101888993704,-0.032603515389487754,-0.040964004244162924,-0.00836048885467517,0.04544620752816912,-0.03200412179429662,-0.07745032932246573,0.07861551104246899,0.45633875443327737,0.37772324339080837,0.4398517656315524,0.3487628427290244,-0.09108892290252801
PhysionetMI,75,0,left_hand,mid,7,0.10787003399098546,-0.0877158697506448,0.5397515662930221,0.6427277741350843,-0.16881324841099155,0.1403364268653959,0.3091496752763875,-0.006905666161536673,-0.11054495334897972,-0.10363928718744304,0.41725179985111027,0.5503989023269462,0.13314710247583594,0.4224358303259584,0.657188813705341,0.2347529833793826
PhysionetMI,75,0,left_hand,late,8,0.1287908566260515,-0.06435802226048033,0.6055827932191769,0.5659589675532178,-0.02720549904468616,0.16241220371432355,0.18961770275900972,-0.1029696778942583,-0.056551321719572556,0.046418356174685746,0.08331644948310617,0.7224012692785687,0.6390848197954626,0.40516073884935305,0.49011849651321443,0.08495775766386138
PhysionetMI,75,0,right_hand,early,7,-0.054640637917608106,0.016311149641519602,0.4714990973481274,0.3980085647519747,-0.2605978354789572,-0.05088358856061236,0.20971424691834484,-0.05745083007958643,0.022166478433658023,0.07961730851324444,0.5142945991861125,0.5488097763863682,0.03451517720025565,0.20673792317212197,0.35315278810246303,0.14641486493034106
PhysionetMI,75,0,right_hand,mid,8,-0.002159142684402271,-0.010355250782276613,0.5541076422587252,0.47616280175058634,0.10702766317085091,-0.04902374860936501,-0.15605141178021592,-0.017926934127960575,-0.011310727250081089,0.006616206877879486,0.2472265051498172,0.7425903134131379,0.49536380826332066,0.21816574767294136,0.4863742840756723,0.2682085364027309
PhysionetMI,75,0,right_hand,late,8,0.060275645402137014,0.01905219848915687,0.3364218378684015,0.3721948570670895,-0.15066512540542634,0.10317192705794895,0.2538370524633753,0.04464183367082844,0.017986957785507986,-0.026654875885320454,0.29740653008882734,0.4789920639898044,0.18158553390097704,0.28644643116671004,0.3643472278994795,0.07790079673276945
PhysionetMI,76,0,left_hand,early,7,-0.04559846221453975,-0.012154077329764767,0.5875151998057405,0.36277224442988887,0.10516177928075178,-0.04719214017141325,-0.15235391945216503,-0.028411661127219864,-0.0068308560961136315,0.021580805031106234,0.6085545350684065,0.4386241906347207,-0.16993034443368582,0.3986465316743218,0.36171497646838463,-0.03693155520593716
PhysionetMI,76,0,left_hand,mid,8,-0.05194805255259576,-0.035735607539990014,0.629086932044064,0.3448032179276459,-0.0182811798192895,-0.06852169561272636,-0.050240515793436864,-0.03606087064878775,-0.043734240988088285,-0.007673370339300538,0.2722740241611963,0.6724830393180128,0.4002090151568165,0.30037054736494545,0.3718250681604976,0.07145452079555215
PhysionetMI,76,0,left_hand,late,8,0.012316478886539214,-0.049504223139806104,0.2816940405984972,0.28761695001789683,-0.10002488572804236,0.04171924841134214,0.1417441341393845,-0.10792074159477662,-0.04585730860703658,0.06206343298774004,0.42373884004858936,0.35040450247470295,-0.07333433757388641,0.38694326425072795,0.29784893930661316,-0.08909432494411479
PhysionetMI,76,0,right_hand,early,7,-0.08536049192959923,-0.07305224830358953,0.8793655189071538,0.5547476934669475,-0.2067597617235274,-0.07628494472782832,0.13047481699569907,-0.03557755542653918,-0.07110344799556703,-0.03552589256902785,0.8706049781121701,0.7212149440982342,-0.1493900340139359,0.37627526919749404,0.5063019207336887,0.1300266515361947
PhysionetMI,76,0,right_hand,mid,7,0.001773283302468687,-0.05920937375092775,0.3871347387251201,0.6344684906052382,-0.04706551956849003,0.01613946883673862,0.06320498840522865,0.07105687106439122,-0.06648672283832581,-0.13754359390271703,0.5958717923043779,0.4440155912351417,-0.1518562010692362,0.4797665886581851,0.7021629581558235,0.2223963694976384
PhysionetMI,76,0,right_hand,late,8,-0.06948068386712684,-0.05804946899424247,0.8589884786604991,0.5291156296286309,-0.014313538180476468,-0.07349894462936685,-0.05918540644889038,-0.08584683569592119,-0.05027123940636686,0.03557559628955433,0.07606623541219829,0.6934572512495121,0.6173910158373138,0.4774541083326977,0.4776734069025075,0.00021929856980978935
PhysionetMI,77,0,left_hand,early,7,0.06297273570350236,0.034270574131536925,0.5752570766960134,0.5150419549304324,-0.03753140185723716,0.08594677933064644,0.1234781811878836,0.14114700064000113,0.010258784811167964,-0.13088821582883317,0.12529563162929805,0.6202472217521211,0.4949515901228231,0.5325143531704272,0.46072005775095903,-0.07179429541946813
PhysionetMI,77,0,left_hand,mid,7,0.05236054900214055,0.002488808010269335,0.416902836368747,0.3658225743496266,-0.12030673844464929,0.07217307941974904,0.19247981786439833,0.005799286671382466,0.0008829198055950049,-0.004916366865787461,0.42241856980368,0.5664078699984754,0.1439893001947954,0.3179766543928754,0.36253960511045974,0.044562950717584315
PhysionetMI,77,0,left_hand,late,7,-0.02324129291025961,-0.026747207795558562,0.4319909340199175,0.46629444717443014,-0.02468843824736753,-0.021545811127938977,0.0031426271194285524,-0.00628834588552672,-0.031003995567920214,-0.024715649682393495,0.6607529519026267,0.3741585263720023,-0.2865944255306244,0.2707602529829174,0.4768618021127901,0.20610154912987272
PhysionetMI,77,0,right_hand,early,8,-0.026649949343611576,0.012442926394827754,0.27998766547122744,0.35432940308638305,-0.013179081064729913,-0.025413190312040056,-0.012234109247310143,0.020776968134536618,0.005115020476314579,-0.01566194765822204,0.06618544335281822,0.2538776608130048,0.18769221746018655,0.39832357019364395,0.3607069448899303,-0.037616625303713624
PhysionetMI,77,0,right_hand,mid,8,0.04607416081122275,0.036339392825362006,0.4339229709702335,0.4291149163241961,-0.03101017154433633,0.057659713889635006,0.08866988543397133,0.06802488866412748,0.03529961696218108,-0.032725271701946404,0.338238276253762,0.43659042966935774,0.09835215341559572,0.3738221068711293,0.3606700124738883,-0.013152094397241021
PhysionetMI,77,0,right_hand,late,8,0.052860588481717576,-0.011352259404084153,0.5915953968242934,0.31202688875422274,0.0540782734066685,0.05120437968109647,-0.0028738937255720284,0.0841099594779241,-0.020371938783611477,-0.10448189826153557,0.7075699817247321,0.550132212527154,-0.15743776919757801,0.4526958652485145,0.31070520774236215,-0.14199065750615236
PhysionetMI,78,0,left_hand,early,7,-0.04909545282681234,0.0026737919688635692,0.6029842516676317,0.48878691365486615,-0.0913496147367027,-0.04749220012414631,0.043857414612556385,0.08195948630017467,-0.0138523375992404,-0.09581182389941507,0.43114176803683607,0.5671536011980549,0.13601183316121884,0.5759794417754756,0.45236391180883745,-0.1236155299666381
PhysionetMI,78,0,left_hand,mid,8,-0.07307899831029886,-0.016056767037012785,0.6367589810571107,0.41061015690188396,0.13152596492074822,-0.09084381699067973,-0.22236978191142795,-0.014222293597107687,-0.031722202570122836,-0.01749990897301515,0.4319278092017965,0.6439940475086888,0.2120662383068923,0.5114422151643387,0.5330563666357281,0.021614151471389342
PhysionetMI,78,0,left_hand,late,8,-0.012103098962754992,0.013443923657374878,0.6826535273050659,0.2213613996763418,0.042804877394625615,-0.022074821721919227,-0.06487969911654484,0.07744523772206517,0.004589796996372987,-0.07285544072569218,0.4110318062482917,0.6251860871634325,0.21415428091514077,0.32479476304006183,0.2176216932170025,-0.10717306982305932
PhysionetMI,78,0,right_hand,early,7,-0.06164741881912598,-0.01465199263873064,0.6936836352759997,0.42384044234802654,-0.07634519684954658,-0.06975197868786306,0.006593218161683512,-0.12508246725285843,0.009219341892065129,0.13430180914492357,0.32784874591353064,0.6969167667494927,0.369068020835962,0.4728790709587494,0.5403110160598249,0.06743194510107547
PhysionetMI,78,0,right_hand,mid,7,-0.04618374208618438,-0.02363742181115022,0.365422142072582,0.36014770030485144,-0.016790499605147044,-0.05142136203455974,-0.0346308624294127,0.01886536031905374,-0.03594331919979899,-0.05480867951885273,0.5383470003495143,0.4595926802335339,-0.07875432011598044,0.5262531018175132,0.4245632914019913,-0.10168981041552189
PhysionetMI,78,0,right_hand,late,8,-0.06191447514372718,-0.02885589732893494,0.6217789686906872,0.37540891373306423,-0.10746735843519402,-0.045403104701009694,0.062064253734184324,-0.03826911823148397,-0.03335130073213098,0.0049178174993529875,0.48159403528732514,0.5095264214803614,0.027932386193036285,0.5068441534464139,0.3908464794813119,-0.11599767396510197
PhysionetMI,79,0,left_hand,early,7,0.004373707613289785,-0.10686466358071206,0.20337511088527496,0.5923007416779239,0.1478347837156878,-0.009180908904708804,-0.1570156926203966,-0.2639660916162161,-0.08512948188456937,0.17883660973164672,0.4095983562453593,0.15574677525117522,-0.25385158099418403,0.5939009106994622,0.48926807851731974,-0.10463283218214242
PhysionetMI,79,0,left_hand,mid,7,-0.05996154737415871,-0.04095273588605258,0.5222976621527823,0.35718115194013034,-0.005515666938017187,-0.056106122668378104,-0.05059045573036092,-0.058587866138594076,-0.05357652799748071,0.005011338141113368,0.249713016630994,0.5420386572363168,0.29232564060532285,0.456985811704518,0.382150347485635,-0.07483546421888304
PhysionetMI,79,0,left_hand,late,8,0.10877008377637658,-0.05220777381317047,0.749405097521667,0.5543339078319907,0.05282171203078545,0.1255236811499959,0.07270196911921045,-0.01513306108026753,-0.06406523454989019,-0.048932173469622656,0.30589145557074154,0.6885847086579651,0.3826932530872235,0.37240721827344425,0.596000627569361,0.22359340929591676
PhysionetMI,79,0,right_hand,early,7,-0.044786292612134446,-0.0488074806824886,0.34232518621376723,0.4713076133928336,0.03173801906449924,-0.04874862536772309,-0.08048664443222234,-0.06541399333519321,-0.04629427752345011,0.0191197158117431,0.11285652413663942,0.39889802928999624,0.2860415051533568,0.2616127082368403,0.4810581074946258,0.2194453992577855
PhysionetMI,79,0,right_hand,mid,8,-0.005224754028435206,-0.05581277532162489,0.1398478932241732,0.46792985995458874,0.06339301193855124,-0.011861673701353829,-0.07525468563990506,-0.03436016817228721,-0.07235966952452984,-0.03799950135224263,0.24823926606091867,0.15666809701312762,-0.09157116904779106,0.4086138824802923,0.5014585091245115,0.09284462664421922
PhysionetMI,79,0,right_hand,late,8,-0.07010356747045848,-0.04089937287580666,0.5131262607285938,0.4509973961186321,-0.43226300724547595,-0.04271508551671483,0.3895479217287611,-0.17622122889500058,-0.02959011403577372,0.14663111485922686,0.7731542646868195,0.31879354239829016,-0.4543607222885293,0.4268779003527019,0.44923672444081747,0.02235882408811557
PhysionetMI,80,0,left_hand,early,7,0.025410185534847012,-0.017316436185326682,0.3324329926735111,0.5337331930306404,-0.03045350643195245,0.043389668090764465,0.07384317452271691,-0.13210891521892698,-0.006470009319583345,0.12563890589934362,0.15539025486835686,0.37771496217559974,0.22232470730724288,0.5698621821977101,0.4909552702296441,-0.07890691196806604
PhysionetMI,80,0,left_hand,mid,8,0.028881239736487003,-0.006670251305852582,0.24518635821719673,0.3872113785006701,-0.011340119315413845,0.032742366520213353,0.0440824858356272,-0.03349254865737048,-0.00841564068797909,0.02507690796939139,0.0333864461128303,0.30814619712,0.2747597510071697,0.437941701022373,0.38900391652462224,-0.04893778449775077
PhysionetMI,80,0,left_hand,late,8,0.026279259126961284,-0.02619674006504939,0.26321088055084363,0.327043835376668,0.01676423139071167,0.031930107217586344,0.015165875826874675,-0.03264862442171046,-0.026288710961515412,0.006359913460195047,0.517076450400073,0.42229320848679147,-0.09478324191328152,0.4195082785700815,0.30025372359841795,-0.11925455497166354
PhysionetMI,80,0,right_hand,early,7,-0.01817651387999199,-0.03373135035816313,0.3026067947788124,0.45448068510670825,-0.1525481773621761,0.00019536786487704002,0.15274354522705313,-0.0574905663822438,-0.03448266069993629,0.02300790568230751,0.5473744157314675,0.154878690893313,-0.39249572483815454,0.2229658663840238,0.450805438858456,0.22783957247443218
PhysionetMI,80,0,right_hand,mid,7,0.06867893535807805,0.022331103158144155,0.6828608596876472,0.38948380632028645,0.17239925209615115,0.06093384928720385,-0.11146540280894729,-0.004386670801375978,0.014885872625730125,0.019272543427106104,0.5671450416002478,0.6020680417212163,0.034923000120968495,0.42485899173527797,0.3353707803107995,-0.08948821142447849
PhysionetMI,80,0,right_hand,late,8,0.056032655039141274,-0.051702280262024794,0.4696253567972903,0.4746750775072188,0.0709040995589525,0.059826802035641315,-0.011077297523311179,-0.13577844360527283,-0.03858478114810332,0.09719366245716951,0.3186539899943782,0.49867394990599984,0.18001995991162162,0.590327176688321,0.4483466979667151,-0.1419804787216059
PhysionetMI,81,0,left_hand,early,7,-0.07029277055595953,-0.07278558116337853,0.6845394275414745,0.5964060849938154,-0.0469083601382446,-0.0683262023358904,-0.021417842197645802,-0.05539434999098006,-0.07664496731789758,-0.02125061732691752,0.18435352154724804,0.6426372738229384,0.4582837522756904,0.51258767162678,0.5727788356410015,0.06019116401422153
PhysionetMI,81,0,left_hand,mid,7,-0.09168278079799777,-0.09511234648155806,0.9013212091587545,0.6592350250393414,0.04617744472649035,-0.10639505565566852,-0.15257250038215886,-0.12168591590009073,-0.10102818456179267,0.020657731338298055,0.2224652140794198,0.9071717515587268,0.684706537479307,0.3564168258723355,0.6521215026424457,0.29570467677011025
PhysionetMI,81,0,left_hand,late,8,-0.05679668143364038,-0.0482698035839885,0.7288547851108397,0.4913661698533282,-0.003811890337194729,-0.05404805064966708,-0.05023616031247235,-0.011402602210477043,-0.04964120506805272,-0.038238602857575674,0.17442318355992587,0.5860306348866666,0.41160745132674076,0.4264088460832782,0.47378415741821117,0.047375311334932946
PhysionetMI,81,0,right_hand,early,7,-0.01992168637991547,0.012347328369986867,0.4707432796462168,0.41678508584310164,-0.0822026029017973,-0.020624957846275674,0.06157764505552163,-0.018441431612779596,0.022748887754273882,0.041190319367053474,0.49969241334452896,0.6487129719113782,0.14902055856684926,0.4122152545354372,0.38228424304415093,-0.029931011491286297
PhysionetMI,81,0,right_hand,mid,8,-0.07294397053359332,-0.02297732456329394,0.6774370782146113,0.4050388893742842,-0.10012832485388981,-0.05555286886432853,0.04457545598956128,0.012395029753851865,-0.029618231306612466,-0.04201326106046433,0.46137197146220166,0.5157011971928775,0.05432922573067589,0.413706069050008,0.4067888816006196,-0.006917187449388407
PhysionetMI,81,0,right_hand,late,8,-0.0561139498236199,-0.06888982309525885,0.6285387239706821,0.49585126257739065,-0.2477804683045874,-0.03486714395421398,0.2129133243503734,-0.09029166877191812,-0.06285912607896173,0.02743254269295639,0.8585367327603166,0.5878539967586156,-0.270682736001701,0.496778710853865,0.45335528031525246,-0.04342343053861253
PhysionetMI,82,0,left_hand,early,7,0.03910133314887952,0.046984532469125644,0.25510678698054634,0.46356232075306986,0.03845403724349125,0.014324571083812531,-0.02412946615967872,0.12212389151790545,0.04243924270117759,-0.07968464881672786,0.9943275400935636,0.36822933853744194,-0.6260982015561216,0.5658744147558283,0.45705894465494046,-0.10881547010088788
PhysionetMI,82,0,left_hand,mid,8,0.005481602306615891,-0.017796495034834044,0.31445378027614174,0.41492137587746464,0.18360382232558353,-0.012776344548338247,-0.1963801668739218,0.05121787297040245,-0.01981975550110073,-0.07103762847150318,0.4268195473542858,0.2909252198652607,-0.13589432748902508,0.43728131403923237,0.33489534233480256,-0.10238597170442981
PhysionetMI,82,0,left_hand,late,8,0.07889491565090309,-0.017342225560025803,0.5494838133787954,0.3767469679630356,0.09455982515337519,0.08290808449332404,-0.011651740660051146,-0.02029524954616957,-0.010841171027831501,0.009454078518338068,0.32622301514486757,0.5229642535827076,0.19674123843784003,0.6232067816988707,0.30634697843827413,-0.31685980326059654
PhysionetMI,82,0,right_hand,early,7,0.04620821371226591,-0.02346242714709711,0.32534593229360875,0.3778377189168088,-0.048985934989187484,0.08960969954452702,0.1385956345337145,-0.059247477558367595,-0.022143221130560848,0.03710425642780675,0.5231116935034568,0.49861582521049014,-0.024495868292966627,0.40779127864799575,0.3113894329138858,-0.09640184573410993
PhysionetMI,82,0,right_hand,mid,7,0.007895752078364661,-0.06017573017292885,0.4198992825336763,0.545141474604046,-0.11887344903690032,0.020386633476897245,0.13926008251379757,-0.019060419067610017,-0.059449912328999995,-0.04038949326138998,0.3545960465216026,0.3004783457474644,-0.05411770077413819,0.40785951125852393,0.5662190478615924,0.15835953660306845
PhysionetMI,82,0,right_hand,late,8,0.0036857105634706916,-0.02023309977162468,0.3824458470948934,0.4046257441074282,0.13700669301665422,-0.0017725499368537695,-0.138779242953508,0.05826803272740736,-0.0201817941256493,-0.07844982685305665,0.5145625886691608,0.3098216488386135,-0.2047409398305473,0.47791157566189174,0.42846341620523754,-0.049448159456654206
PhysionetMI,83,0,left_hand,early,7,-0.02735638235263119,-0.0011143191013930093,0.3009679032266164,0.36887851144506784,0.0780091117741995,-0.0006168494275687811,-0.07862596120176828,0.13038602892151774,-0.018543028161809243,-0.148929057083327,0.3825480537737966,0.22834516166856464,-0.15420289210523194,0.431072946912641,0.3790583661217503,-0.05201458079089066
PhysionetMI,83,0,left_hand,mid,7,0.042421282061578185,0.004025697463006998,0.48617565642920724,0.44188584024556715,0.035253199671105545,0.029176966549216064,-0.0060762331218894815,0.027466439309489436,-0.010649579659800708,-0.03811601896929014,0.1868392612845599,0.3320116143379038,0.14517235305334392,0.36117675266713195,0.3999830030751417,0.038806250408009724
PhysionetMI,83,0,left_hand,late,8,0.013697370777604372,-0.06981400177668354,0.2994144853083228,0.4393762684355317,-0.06849613522671821,0.026269181703105344,0.09476531692982355,0.03228476223387983,-0.06536975558394151,-0.09765451781782133,0.2157400670099806,0.20987676172113665,-0.005863305288843962,0.44796919038114613,0.4057576619859447,-0.042211528395201425
PhysionetMI,83,0,right_hand,early,7,-0.000720115511892816,0.07545831802708836,0.39937892712772805,0.6339510542730097,0.00878374266786236,-0.018958884858541955,-0.027742627526404315,0.0295014053231664,0.06990695715848791,0.040405551835321504,0.8497543820256404,0.361120489873028,-0.4886338921526123,0.2768369639865469,0.5960179366207374,0.31918097263419054
PhysionetMI,83,0,right_hand,mid,8,0.020803829452757827,0.0010440754916422907,0.1643098385407793,0.3538028498055372,0.1099976338588198,-0.005880883985853778,-0.11587851784467358,0.09187545733007935,-0.018051152076687026,-0.10992660940676638,0.34244098286320296,0.11386136962471277,-0.2285796132384902,0.5279513278709109,0.36260786003351064,-0.16534346783740028
PhysionetMI,83,0,right_hand,late,8,0.03494108722260674,0.022862563251799552,0.3823464858627585,0.39797433310246233,0.11958245623021284,0.02718382013479647,-0.09239863609541638,0.00138104196557029,0.030293891743035442,0.028912849777465152,0.5097193466004879,0.27913684135384964,-0.23058250524663826,0.37805022076053413,0.45561535481599585,0.07756513405546173
PhysionetMI,84,0,left_hand,early,7,0.14879195978085566,0.03470941477421306,0.9011978827518566,0.3377217184816588,0.21608119386571867,0.13435872788609812,-0.08172246597962055,0.23339727452650186,0.019763401047098873,-0.213633873479403,0.68646238894613,0.8419386134781102,0.15547622453198018,0.5201905379258199,0.28504296697869486,-0.23514757094712507
PhysionetMI,84,0,left_hand,mid,8,0.061408166943253586,-0.004517729159987751,0.31648423534608816,0.17977989330044028,0.12216324391592803,0.06381784921856333,-0.0583453946973647,-0.0005096652066076987,-0.011872437265488546,-0.011362772058880847,0.37558781106121913,0.2887028143330723,-0.08688499672814681,0.3682356731413325,0.2040772212923067,-0.16415845184902578
PhysionetMI,84,0,left_hand,late,8,0.0824042255957519,-0.03934218498183648,0.5427835326217898,0.3651449658317255,0.5193223178864342,0.002651276244101383,-0.5166710416423329,0.028265289175809956,-0.06402511023305543,-0.09229039940886538,0.9510100594176005,0.15388368214960468,-0.7971263772679958,0.432975409788929,0.38868393521622835,-0.04429147457270066
PhysionetMI,84,0,right_hand,early,7,-0.17563218388419807,0.0071651029735590385,0.7866355469529395,0.3607680279137682,-0.32427222521714755,-0.15443578688785564,0.1698364383292919,0.011859263202590157,0.012759023484382076,0.0008997602817919191,0.7144122925762881,0.692752384001669,-0.02165990857461908,0.42874533633931794,0.35922708756768545,-0.06951824877163248
PhysionetMI,84,0,right_hand,mid,7,-0.1807880982605562,-0.010564042194150388,0.7188393021840607,0.4829872516827314,-0.09940735922120532,-0.1763215296930129,-0.07691417047180758,-0.039149563255907384,-0.013966877484995761,0.025182685770911623,0.22154149067359313,0.7278132214646015,0.5062717307910083,0.20312365099422783,0.43767172959902895,0.23454807860480112
PhysionetMI,84,0,right_hand,late,8,-0.043781898633488095,0.013483720150871731,0.4124080755052058,0.4502074308075801,-0.10942224975465321,-0.01635526009988661,0.0930669896547666,0.12973469682353048,-0.010183359164205407,-0.13991805598773588,0.31524324894536637,0.23226651488495711,-0.08297673406040926,0.40236197476294827,0.49415612791202795,0.09179415314907968
PhysionetMI,85,0,left_hand,early,7,0.09074451236532054,0.02423330184169049,0.6059133256786026,0.5689430037011008,0.298310280136541,0.08099366211193831,-0.21731661802460267,0.09328881231588847,0.01767047455211849,-0.07561833776376997,0.5229243680293792,0.6636363744192739,0.14071200638989467,0.36168051600200196,0.5263793867602465,0.16469887075824458
PhysionetMI,85,0,left_hand,mid,8,-0.015392757964226272,0.002230393135217457,0.21010883900652016,0.3192308057769791,0.05494221759610021,-0.02432021610251978,-0.07926243369861999,0.025186865717075426,-0.0057619196564906135,-0.03094878537356604,0.08900823045339287,0.2853660115247599,0.196357781071367,0.433873358500763,0.28450186584412446,-0.14937149265663852
PhysionetMI,85,0,left_hand,late,8,0.03976570766683101,0.002401161084188098,0.5005974058645632,0.37804813058945497,0.21470689537510798,-0.028555739699828626,-0.24326263507493662,-0.022223412627003662,0.00802360421608764,0.0302470168430913,0.3480252566800058,0.3599962548713323,0.01197099819132652,0.34928978215664475,0.31610203325131886,-0.03318774890532589
PhysionetMI,85,0,right_hand,early,7,0.146396815630894,0.13612756305765664,0.7006280021291578,0.5835991996710469,0.13692780850719247,0.13297701402831008,-0.003950794478882386,-0.028387092115072635,0.1452907556119195,0.17367784772699213,0.2428365092477156,0.651255383946401,0.40841887469868543,0.43409353875617235,0.5672517935906923,0.13315825483451998
PhysionetMI,85,0,right_hand,mid,7,0.1485183546830352,0.0791582274047015,0.6292497986222951,0.48196822854355603,0.26867403275318225,0.07837783460485145,-0.1902961981483308,0.12079884081113303,0.05459777993010054,-0.06620106088103249,0.545620188504375,0.46463356174550463,-0.08098662675887036,0.5532595586856353,0.4280157097786487,-0.12524384890698653
PhysionetMI,85,0,right_hand,late,8,0.1763578349239264,0.15829350014647234,0.7165759319634086,0.5746348755760999,-0.054792974571397854,0.204989474288473,0.25978244885987084,0.012801974999647497,0.1782626096417072,0.1654606346420597,0.5186383257866883,0.7556461223700546,0.23700779658336624,0.4225285990081723,0.5684810636996857,0.14595246469151335
PhysionetMI,86,0,left_hand,early,7,0.15507518169454232,-0.028604210665775422,0.8057699583184538,0.7442176603894834,-0.10873058436215793,0.21036248137971927,0.31909306574187724,-0.05244772836379717,-0.030679663926659762,0.02176806443713741,0.2806680631483116,0.836301102734158,0.5556330395858464,0.44378946342676634,0.7764485140956183,0.332659050668852
PhysionetMI,86,0,left_hand,mid,7,-0.014514363459805132,-0.0030178577347768783,0.3376732096053651,0.4692406947000347,-0.09115023730966926,0.0058390883228908435,0.0969893256325601,0.17099084622423041,-0.039732030192014274,-0.21072287641624468,0.29879953770394385,0.4185448325870035,0.11974529488305963,0.5150020803108625,0.4860055718743007,-0.028996508436561763
PhysionetMI,86,0,left_hand,late,8,-0.005150892444245968,0.018110562030245563,0.1537883330590953,0.33681594769100914,-0.2278719100494056,0.013970369248586497,0.2418422792979921,0.04454480473283991,0.015208431591592665,-0.029336373141247242,0.578399844440011,0.29021210310960144,-0.2881877413304096,0.41141935061832297,0.34937176877743853,-0.062047581840884436
PhysionetMI,86,0,right_hand,early,7,-0.025026548636574986,-0.005382295390286237,0.3252750656375814,0.4381205334946848,0.056781488980660856,-0.03450871601275565,-0.0912902049934165,-0.023627370271175955,-0.002354203871643877,0.021273166399532077,0.4299116778110172,0.41690022782970276,-0.013011449981314427,0.3623846968455896,0.536436514403279,0.1740518175576894
PhysionetMI,86,0,right_hand,mid,8,-0.041318321074173776,-0.01458264348371149,0.4304565688654937,0.3698989841243521,0.08801231812496618,-0.05656706008339734,-0.14457937820836353,-0.09383818886018812,-0.007594493671680503,0.08624369518850762,0.43252687957580277,0.5164957949001565,0.08396891532435374,0.27674641115540805,0.5289766015263374,0.25223019037092936
PhysionetMI,86,0,right_hand,late,8,0.004533071354104942,-0.002139097426683112,0.19427411476273296,0.24955776696927742,0.03936572969988489,0.00906519326868893,-0.030300536431195957,-0.0958020160828002,0.010709556419868444,0.10651157250266864,0.12514804596767495,0.12507969001395144,-6.8355953723509e-05,0.30903956640282737,0.33934699219095543,0.030307425788128062
PhysionetMI,87,0,left_hand,early,7,0.043429515183936514,-0.008455759130923238,0.497201442495437,0.44890881302537194,0.09073052464265681,0.029702226863058505,-0.061028297779598305,0.07203945171321796,-0.003296658105264025,-0.07533610981848199,0.29149082605775833,0.3865002987449874,0.09500947268722909,0.44418733767474056,0.4845458597794981,0.040358522104757544
PhysionetMI,87,0,left_hand,mid,7,-0.002330397085100968,0.017048887365186647,0.2934299684812928,0.4365940483926583,-0.19351412906312684,0.03174353095902219,0.22525766002214903,-0.09457873739463253,0.03376507649845636,0.12834381389308888,0.4757393433792602,0.46603666839310115,-0.009702674986159066,0.4048246065853063,0.4047940139294577,-3.059265584859361e-05
PhysionetMI,87,0,left_hand,late,8,0.2024236484759919,-0.009008258058291006,0.8627921893308431,0.24127176990884514,0.030866701802539594,0.22566210500914177,0.19479540320660219,-0.028722160154948533,-0.010906087430965097,0.017816072723983438,0.3134965740606492,0.8591240200676881,0.5456274460070389,0.29087467664640104,0.21305804020999586,-0.07781663643640518
PhysionetMI,87,0,right_hand,early,7,0.05196968902933033,0.021251773086016397,0.35435048818693043,0.3088262568209325,-0.2820727284052109,0.12103746969079714,0.40311019809600807,-0.06837387894581926,0.03354424613436383,0.10191812508018308,0.5966528675538967,0.7903095700200775,0.19365670246618083,0.44394799031594556,0.3638065532487598,-0.08014143706718574
PhysionetMI,87,0,right_hand,mid,8,0.11490582040194554,0.00886323443002715,0.6540137338295585,0.36414000941046426,0.15950394914024346,0.11903821593480515,-0.04046573320543831,0.01967442318024617,0.011947018122552366,-0.0077274050576938026,0.4477911163002649,0.6317031115975265,0.18391199529726154,0.39842364315021905,0.2678814233209464,-0.13054221982927267
PhysionetMI,87,0,right_hand,late,8,0.09143902998433869,-0.004908602296948454,0.6140125648844852,0.28622585696060315,0.32699881750785836,0.06737874256171318,-0.2596200749461452,-0.07930287605355865,-0.006861540426469986,0.07244133562708867,0.7727040293955717,0.46606021481575177,-0.30664381457981993,0.5312698283192793,0.3135448280105458,-0.21772500030873349
PhysionetMI,89,0,left_hand,early,8,0.008428217833219892,-0.013845475204648305,0.16183037750530835,0.42234196485811526,0.06839662369938315,0.013403120445227863,-0.05499350325415529,0.00031993333310347005,-0.01669735709434732,-0.01701729042745079,0.25817584276863204,0.1386064829406996,-0.11956935982793243,0.3773744939390733,0.39967372334106716,0.02229922940199386
PhysionetMI,89,0,left_hand,mid,8,0.03663272159916363,-0.025878288542726634,0.35534363573757627,0.32934400840232997,0.04149189927452078,0.039637993114839655,-0.0018539061596811249,-0.018913961635400173,-0.021987290644209623,-0.0030733290088094493,0.13924550200045838,0.35105808178148623,0.21181257978102785,0.2939794756740931,0.38408187732441823,0.09010240165032513
PhysionetMI,89,0,left_hand,late,8,-0.00011019220098443852,-0.05207701034198263,0.1944719985423447,0.5235694043471518,-0.17150549758123276,0.007526935637825924,0.17903243321905868,0.06992852733559697,-0.06277221745480581,-0.13270074479040278,0.5491635117518902,0.27187056469859167,-0.2772929470532985,0.3541647319008996,0.5480786429124994,0.19391391101159983
PhysionetMI,89,0,right_hand,early,7,0.01467387207262199,0.012740477720947383,0.19474583830658534,0.38762154496568607,0.12098608427929157,-0.002824189036005736,-0.1238102733152973,0.0184522585452718,0.007524621098145993,-0.010927637447125806,0.5208165738965556,0.21661731684432126,-0.3041992570522343,0.5135890253017237,0.39200570288771136,-0.12158332241401232
PhysionetMI,89,0,right_hand,mid,7,-0.010270712200674766,0.06408057645211175,0.3861967906215197,0.5349427997232826,0.07650222273751661,-0.03476802119126386,-0.11127024392878047,0.07982330428823337,0.06127240423087551,-0.018550900057357857,0.40996811118914156,0.33398917490294305,-0.0759789362861985,0.37063515193639535,0.5790164983007465,0.20838134636435118
PhysionetMI,89,0,right_hand,late,7,-0.025002113062962503,0.06122306394285102,0.35761684124546683,0.4764702210875522,-0.04307034777071919,-0.03969781660807728,0.003372531162641912,-0.05786214297402684,0.08733378555812753,0.14519592853215435,0.2081297559502493,0.3747022869592399,0.1665725310089906,0.3188848555716684,0.6382911136507138,0.3194062580790454
PhysionetMI,90,0,left_hand,early,7,-0.024576684873359657,-0.01745636635351469,0.34892029889720916,0.33062737394039565,-0.2264423660305241,0.05353073770835074,0.27997310373887485,-0.09058684057989647,0.002262541808598072,0.09284938238849454,0.5360863049363973,0.39236475410896215,-0.14372155082743515,0.5164277536015855,0.3291862165051101,-0.18724153709647545
PhysionetMI,90,0,left_hand,mid,7,0.04581988940569681,-0.06343210326822639,0.5368170866119681,0.4279651770841143,-0.09188462871635142,0.07261939526086056,0.16450402397721198,-0.15815648438221128,-0.05203627622733007,0.10612020815488121,0.4190752764500066,0.6092853574048465,0.19021008095483988,0.49765704649206044,0.3747533285902797,-0.12290371790178073
PhysionetMI,90,0,left_hand,late,8,0.16636302286872262,-0.016507122545109797,0.8993905756277922,0.3972935779722376,0.0258114568900114,0.19144993786232334,0.16563848097231193,0.050912176981418034,-0.021420192199183338,-0.07233236918060137,0.23052055013549586,0.8897486426252004,0.6592280924897045,0.43550624003862093,0.38933389025266013,-0.0461723497859608
PhysionetMI,90,0,right_hand,early,7,0.09322263985423945,-0.010855120193707277,0.7366476154268646,0.34299002704921006,0.054780516880202114,0.09233265030119735,0.03755213342099523,0.016596427035082503,-0.013866624741447547,-0.03046305177653005,0.15136017690915357,0.7195423607772914,0.5681821838681378,0.5745589703886038,0.4044036349519238,-0.17015533543668004
PhysionetMI,90,0,right_hand,mid,8,0.08796816804981417,-0.005101938543014817,0.8708130935445587,0.35944613613653614,0.17822452316433754,0.09252706260003933,-0.08569746056429821,0.033531132124202404,-0.007298160170840794,-0.0408292922950432,0.4703856479647967,0.762719460374335,0.2923338124095383,0.2522194979312366,0.41688513533181054,0.16466563740057394
PhysionetMI,90,0,right_hand,late,8,0.08682679580281058,-0.001572049570546961,0.7208881006849785,0.29586840193444663,-0.07766414566962214,0.09836640317679755,0.1760305488464197,-0.0679760424721963,0.009759517374314193,0.07773555984651048,0.4086034000274413,0.7173739950157734,0.3087705949883321,0.43267170520642484,0.3327086067308903,-0.09996309847553453
PhysionetMI,91,0,left_hand,early,7,-0.029622592047307973,-0.05898340169641557,0.3128800494034939,0.6037789914664983,-0.10455924683630563,-0.018478738155258925,0.0860805086810467,-0.18900919731504187,-0.04464991329204494,0.14435928402299691,0.25706021243155286,0.17462457263778391,-0.08243563979376894,0.6038744553086727,0.5696354362085394,-0.03423901910013327
PhysionetMI,91,0,left_hand,mid,7,0.005049101580180282,-0.024205998689721894,0.5927150739787901,0.37583812962579255,-0.3480626535951553,0.03567832203903774,0.38374097563419307,-0.014010739323500693,-0.024698487238529545,-0.010687747915028852,0.7919433697074867,0.4997758314076457,-0.292167538299841,0.364465551075448,0.45475081167974346,0.09028526060429548
PhysionetMI,91,0,left_hand,late,8,-0.04698761449108516,-0.005592657194854455,0.5935213712885486,0.411100913684831,-0.22162006330537098,-0.020684893093277177,0.2009351702120938,-0.04536973501786479,0.005093781934140713,0.0504635169520055,0.7566564967447307,0.22953525292708263,-0.527121243817648,0.4884237298030285,0.4134503754221348,-0.0749733543808937
PhysionetMI,91,0,right_hand,early,7,-0.008525635947371261,-0.01938361903081177,0.1689324957965393,0.3682527200820732,-0.05284384488923806,-0.0006369575897082938,0.05220688729952976,-0.02910592399317053,-0.01997198112130816,0.00913394287186237,0.18213313195198744,0.14049251425148113,-0.04164061770050631,0.3216682210551825,0.316483240463489,-0.005184980591693478
PhysionetMI,91,0,right_hand,mid,8,0.08626415946823865,-0.003573115156130831,0.5529337269151562,0.3356545380042874,0.23922254600034343,0.05194818126420752,-0.1872743647361359,-0.0768389733968494,0.00016865318672294415,0.07700762658357235,0.8851046221212269,0.3334600992530387,-0.5516445228681881,0.4873968786476249,0.29614554706347535,-0.19125133158414953
PhysionetMI,91,0,right_hand,late,8,0.01086660955364169,-0.010867326460144247,0.3469736810803026,0.3625438387745484,-0.17934856855958134,0.0268470988273047,0.20619566738688605,0.019292240159005294,-0.020104380776230744,-0.039396620935236035,0.5494314252302324,0.46911790529505626,-0.0803135199351761,0.49863830548901533,0.37944422551989676,-0.11919407996911857
PhysionetMI,92,0,left_hand,early,9,-0.051713163471107326,-0.058401737461972296,0.4252156903601933,0.4892210404188293,-0.09631255614920291,-0.0488963030217671,0.04741625312743581,-0.04593971611831799,-0.05828125541598968,-0.012341539297671685,0.2834570904889281,0.3754617931182125,0.0920047026292844,0.560879893521972,0.42670972983302674,-0.13417016368894524
PhysionetMI,92,0,left_hand,mid,9,0.0009491410378269833,-0.07371274564026278,0.12378719761505895,0.6536454928859877,0.11761796735340314,-0.005922722437983711,-0.12354068979138685,-0.09686742596443189,-0.06477913206069694,0.03208829390373495,0.3441568120034457,0.2287081519374835,-0.11544866006596222,0.3500835731668494,0.5584304247651558,0.2083468515983064
PhysionetMI,92,0,left_hand,late,9,-0.03819228977974442,-0.0598120272791765,0.4056197108093811,0.5341538410625932,-0.2602304063668782,-0.009675911239195114,0.25055449512768313,-0.06482151925329209,-0.061614441144320034,0.0032070781089720557,0.48628258112555267,0.207676671071566,-0.27860591005398666,0.3762374876870768,0.48875554637954716,0.11251805869247034
PhysionetMI,92,0,right_hand,early,10,-0.04403477142499142,-0.05007330857433226,0.4285986084504325,0.534614626064254,0.1044869016041797,-0.07078839378964952,-0.17527529539382922,-0.03323075778596489,-0.047059808301631666,-0.013829050515666776,0.24608132579783865,0.5386283670203306,0.2925470412224919,0.3418196845037704,0.49175433557704884,0.1499346510732784
PhysionetMI,92,0,right_hand,mid,10,0.07423198672942405,-0.002437379329255332,0.44044519899614076,0.2372097012637883,0.07205167292415818,0.0876708331489773,0.015619160224819129,-0.06284697203003742,0.01475148338501997,0.07759845541505739,0.12093690829041864,0.4973498659078227,0.37641295761740406,0.35004493465883124,0.3099382687580975,-0.04010666590073375
PhysionetMI,92,0,right_hand,late,10,0.013536730886944476,-0.05917940363655639,0.16719291315173004,0.48076775195727633,0.16122337591468638,-0.004145162361079408,-0.16536853827576578,0.06531332315457235,-0.08576129169505645,-0.1510746148496288,0.42253871985764824,0.1618558756219896,-0.26068284423565863,0.27221106351763563,0.5840043563017054,0.3117932927840698
PhysionetMI,93,0,left_hand,early,7,0.04338505590827635,-0.026770740572216453,0.23659401733974839,0.35001464525525455,0.030801607184626684,0.04246748396545171,0.011665876780825028,-0.1364525464107291,-0.006193947547900647,0.13025859886282845,0.2436407393519876,0.28766235821578806,0.04402161886380046,0.4008380057531296,0.30409547293098244,-0.09674253282214718
PhysionetMI,93,0,left_hand,mid,8,-0.07959188719863827,-0.0751405386595299,0.6447932129765789,0.5679643765965326,-0.19508546347793468,-0.036196766256715376,0.1588886972212193,-0.15442675033601228,-0.06125712335784176,0.09316962697817052,0.3727991087405017,0.41609677649172255,0.04329766775122085,0.5630017316854967,0.4616615669134251,-0.10134016477207164
PhysionetMI,93,0,left_hand,late,8,0.14749157079830166,-0.08368092167716988,0.6897436900570514,0.583837775001347,0.16233294236683737,0.1635233517063501,0.0011904093395127269,-0.11812322298209502,-0.08010244520887345,0.03802077777322156,0.4239312581057083,0.7061286496397459,0.28219739153403756,0.4236775519728097,0.5347542872361583,0.11107673526334855
PhysionetMI,93,0,right_hand,early,7,-0.011970327290732352,-0.04629478990622031,0.16893916261334915,0.3798270884353857,-0.3838891661039532,0.06204574445675641,0.4459349105607096,-0.0634758637262298,-0.02831270099014072,0.03516316273608909,0.5509068456295197,0.38098376042972554,-0.1699230851997942,0.45477885661631007,0.23356898221548827,-0.2212098744008218
PhysionetMI,93,0,right_hand,mid,7,0.004924691708655211,-0.07594504592173922,0.16402893141853966,0.5814761998493042,-0.38837508096157125,0.053673635315098764,0.44204871627667003,-0.11833656121435435,-0.07580015143595055,0.0425364097784038,0.7803733654939613,0.3399110491742745,-0.4404623163196868,0.3560347265096636,0.5532232600960817,0.19718853358641808
PhysionetMI,93,0,right_hand,late,8,-0.00781034051393316,-0.0483948377127378,0.49024623771593556,0.5058792072134637,0.03677431873442934,-0.007529192024050099,-0.044303510758479436,0.05557579043415452,-0.0462545140174298,-0.10183030445158431,0.13558170936165448,0.38086895831446455,0.24528724895281007,0.5056332038588173,0.5435593604284262,0.03792615656960896
PhysionetMI,94,0,left_hand,early,7,-0.17170931479937684,0.008902693046133177,0.8414198810530447,0.41867376135834233,-0.10932032270774258,-0.16994464215597668,-0.0606243194482341,0.04241065666619089,0.012550006003668538,-0.029860650662522352,0.23544915339129274,0.6868892508455701,0.4514400974542773,0.2912651879212354,0.47501571695644296,0.18375052903520755
PhysionetMI,94,0,left_hand,mid,7,-0.06200345796797495,-0.00755258672518441,0.5201786703217097,0.3729932184992945,-0.07223232326321272,-0.025523505822810162,0.046708817440402554,-0.06547058927949445,-0.003781487184806721,0.06168910209468773,0.2833053686608664,0.5808602800688217,0.2975549114079553,0.49645399667351814,0.4892240178400234,-0.0072299788334947435
PhysionetMI,94,0,left_hand,late,8,-0.07702826306821835,0.0028813160718597587,0.4321261222139189,0.306302558638236,0.08562596487802275,-0.07336328213220834,-0.1589892470102311,0.14188911350475716,-0.01871193421123228,-0.16060104771598943,0.18739394966470313,0.4423199623532723,0.2549260126885692,0.3730091307209372,0.2702323446927278,-0.10277678602820944
PhysionetMI,94,0,right_hand,early,7,-0.07564081765379989,0.034008782022558456,0.5488083187074106,0.3069452881045494,-0.4298544882493883,-0.03911239916381263,0.3907420890855757,-0.02653195815852192,0.048961678853762396,0.07549363701228431,0.7035208168090554,0.3819593728138002,-0.3215614439952552,0.32435487744339864,0.35507159354977436,0.03071671610637572
PhysionetMI,94,0,right_hand,mid,8,-0.05064985930006216,-0.009833137030480351,0.31854112423686665,0.33142330247498736,0.04428024341554939,-0.05858847086267722,-0.10286871427822661,-0.23213054830635904,0.023091193458465983,0.25522174176482504,0.22324930233182377,0.3573546099867095,0.1341053076548857,0.5269752371887194,0.33225157435327185,-0.19472366283544756
PhysionetMI,94,0,right_hand,late,8,0.04467018738206598,-0.056096032136825374,0.5637834832173944,0.6692326537023711,-0.1334265291116777,0.04552430079385424,0.17895082990553196,-0.04298749660320987,-0.05538249227999393,-0.012394995676784058,0.278459128579998,0.6219973970190439,0.3435382684390459,0.2887858105932594,0.6783859868374923,0.3896001762442329
PhysionetMI,95,0,left_hand,early,7,-0.057361658477741176,0.002995001255008648,0.7050133952470365,0.423442944419802,-0.1862273204593606,-0.03971445490217689,0.1465128655571837,0.02595973566421881,-0.0010000890880882127,-0.026959824752307023,0.5115748484742132,0.4442767746944271,-0.06729807377978608,0.3648170775370961,0.27123808902757335,-0.09357898850952273
PhysionetMI,95,0,left_hand,mid,8,-0.024662749304284193,-0.02204386518882398,0.42232115093494776,0.33125543444633315,0.019333828994438373,-0.03515129090906774,-0.054485119903506116,0.01769411427540283,-0.03616775968217993,-0.05386187395758276,0.1751631066065019,0.49988569118829107,0.32472258458178915,0.374989672364029,0.3415416703354117,-0.03344800202861731
PhysionetMI,95,0,left_hand,late,8,0.02403553000109955,-0.040054615958601394,0.364813117307465,0.4342225336979895,0.14261984574296635,0.007743769608230307,-0.13487607613473604,-0.006920597514230378,-0.044808329655482794,-0.03788773214125242,0.6448077949579332,0.32754347634852754,-0.3172643186094056,0.36057949280903673,0.44738868328995735,0.08680919048092062
PhysionetMI,95,0,right_hand,early,7,0.04311099616029324,-0.03475348343213275,0.39864701581273637,0.3137169911525152,0.0380688351350484,0.04340567990327431,0.005336844768225914,-0.024107773169815695,-0.03643248605501457,-0.012324712885198874,0.16147089137005355,0.34856034178674145,0.1870894504166879,0.5276862311567762,0.3169885451019803,-0.21069768605479583
PhysionetMI,95,0,right_hand,mid,7,0.01604815219881581,-0.04821659344722052,0.2987784433669417,0.6291981980716316,-0.09285106536457048,0.02156833548781744,0.11441940085238791,-0.015196217989809753,-0.06096992118063109,-0.04577370319082134,0.4143645107050853,0.27981574490648103,-0.13454876579860425,0.5160476662201078,0.5378952654846056,0.021847599264497863
PhysionetMI,95,0,right_hand,late,8,0.04709059980703823,-0.0463486915341154,0.4921239036945976,0.3813084182800626,0.23584436014756033,0.012048709311463492,-0.22379565083609684,0.051787204877395326,-0.05700733118317482,-0.10879453606057014,0.7614119284454592,0.3392890324125982,-0.422122896032861,0.3871667992922566,0.41556995908279704,0.028403159790540422
PhysionetMI,96,0,left_hand,early,7,0.07128957380015517,-0.06783254164211405,0.480033638313495,0.6305631078831007,0.15926702114730595,0.08087365482249592,-0.07839336632481003,-0.14292667727383765,-0.05596153794995592,0.08696513932388172,0.5687849115429571,0.44666186154457227,-0.1221230499983848,0.4417284189929913,0.5332470474586484,0.09151862846565706
PhysionetMI,96,0,left_hand,mid,8,0.03210196198316136,0.03541038904732075,0.29266589232638585,0.4550525637290657,-0.002155193303592824,0.04244981150772907,0.044605004811321895,0.046990075239621204,0.04480410285121181,-0.0021859723884093962,0.22490242396460886,0.4279573947904734,0.20305497082586454,0.5322833704374674,0.44914337374633884,-0.08313999669112859
PhysionetMI,96,0,left_hand,late,8,0.007073685775829046,-0.10270061682604192,0.24232971768737782,0.6151323466728824,0.05973608099333033,-0.02307034662526397,-0.0828064276185943,-0.17162865966661184,-0.09940868188722969,0.07221997777938215,0.7068724946308871,0.3957155190102958,-0.3111569756205913,0.6890352405743286,0.5967778925689672,-0.09225734800536145
PhysionetMI,96,0,right_hand,early,7,-0.014222524341617537,-0.018193988377928162,0.22257985006005648,0.3583199019978235,0.04821757823327189,-0.05575972725964681,-0.1039773054929187,-0.04619465073254465,-0.008191469648389417,0.03800318108415523,0.2516551235038462,0.5150700597204613,0.26341493621661505,0.4113623320484535,0.3158082936346855,-0.09555403841376803
PhysionetMI,96,0,right_hand,mid,7,0.04702809878343857,-0.07579112983308954,0.3943734551126475,0.530550494072463,0.144817634270883,0.024165800896354013,-0.120651833374529,-0.10190537206193395,-0.06911614751324412,0.032789224548689835,0.5333806818402297,0.3291347888367709,-0.2042458930034588,0.31448627076104807,0.5622268274488273,0.24774055668777928
PhysionetMI,96,0,right_hand,late,8,0.04081642661704931,-0.030188685513704606,0.2917420623202129,0.38757893996188897,0.023235474488626874,0.026501960699258007,0.003266486210631133,-0.08381963932380805,-0.017515575565514342,0.0663040637582937,0.1773516667936738,0.20594536030568894,0.028593693512015128,0.4600155046423667,0.3421895966006598,-0.1178259080417069
PhysionetMI,97,0,left_hand,early,7,-0.07216085808185618,-0.019146062327715402,0.7307045104046835,0.29561615508000166,-0.22358627127571878,-0.05541031722153163,0.16817595405418717,-0.031172870201653966,-0.009685944941338278,0.02148692526031569,0.6944286833896076,0.5844986849075483,-0.10992999848205931,0.4377191752841939,0.32134365045449476,-0.11637552482969915
PhysionetMI,97,0,left_hand,mid,8,0.07131923011798866,0.003173399628820448,0.49373386089251564,0.4555500301040635,0.2556143979384722,-0.01412827232304411,-0.26974267026151627,-0.07909047685411881,0.005138015701414388,0.08422849255553319,0.5398969592678038,0.1584946200173755,-0.3814023392504283,0.5198087567701566,0.3911797035848083,-0.12862905318534829
PhysionetMI,97,0,left_hand,late,8,-0.06829259483073007,-0.025656514617033794,0.5853131825216298,0.5868893398436112,-0.03152539122619428,-0.07985593277204267,-0.04833054154584839,0.07811416925609632,-0.03709829564056657,-0.1152124648966629,0.1288961556653644,0.5703789340824459,0.4414827784170815,0.3803098142315649,0.5725983024531386,0.19228848822157368
PhysionetMI,97,0,right_hand,early,7,0.030612749189994858,-0.02985656294259485,0.3343370462572015,0.4490870931371307,0.13461063911265198,-0.004446544173136412,-0.1390571832857884,-0.04783174778006364,-0.037947132490948686,0.009884615289114954,0.30627287353277577,0.3353939755194369,0.029121101986661124,0.468897163302348,0.3818142384414914,-0.08708292486085656
PhysionetMI,97,0,right_hand,mid,7,-0.0037648522835321734,0.018555317121367113,0.18033051629006833,0.46661098432020337,-0.027468118719302104,-0.00955375505853282,0.017914363660769282,-0.13072168196158684,0.043253843810708695,0.17397552577229553,0.32761109249154163,0.1882908287841924,-0.13932026370734923,0.43666962886141353,0.5194130642061608,0.08274343534474732
PhysionetMI,97,0,right_hand,late,8,-0.018252398347939503,0.04051307612409117,0.28702113108201127,0.3314505499294574,0.12788495663825827,-0.026462395853116803,-0.15434735249137507,0.000924826576976888,0.04531153768340417,0.044386711106427286,0.3938222230759385,0.40301815555373427,0.009195932477795765,0.537490562460113,0.3354809442091909,-0.20200961825092206
PhysionetMI,98,0,left_hand,early,7,-0.09639795174551348,0.0014614171648526459,0.6117854303436998,0.5175312329800354,-0.19399018833425552,-0.09547087648901212,0.0985193118452434,-0.02583130451298986,0.004990936334817067,0.030822240847806926,0.6404287066592298,0.5796993168925085,-0.060729389766721265,0.43908782014968356,0.551587027230084,0.11249920708040045
PhysionetMI,98,0,left_hand,mid,8,-0.07459761760440545,-0.10437773351241585,0.48314897606956575,0.7031444723011648,-0.1850801550035656,-0.05095399888598522,0.13412615611758036,-0.16315626434050498,-0.08906339671855189,0.07409286762195309,0.5304418611918823,0.3468370510240953,-0.183604810167787,0.4552339897628896,0.5801127331413737,0.12487874337848409
PhysionetMI,98,0,left_hand,late,8,-0.059696601749111386,-0.07624093796340098,0.5163352778948208,0.5570137137464688,-0.30809239972811586,-0.052606294248818165,0.2554861054792977,0.04013679575325865,-0.09589098260747375,-0.1360277783607324,0.6228773717324253,0.4535264136346714,-0.1693509580977539,0.5345416483745539,0.6325558020984279,0.09801415372387401
PhysionetMI,98,0,right_hand,early,7,-0.004771318032641378,-0.028855912620102727,0.3057094491914255,0.4918715964924362,0.26552655466771896,-0.017327338560331435,-0.2828538932280504,0.061911975425910266,-0.038282503542372004,-0.10019447896828226,0.7020890965384115,0.2930124525461891,-0.4090766439922224,0.39408663452676224,0.48863030954230713,0.09454367501554489
PhysionetMI,98,0,right_hand,mid,7,-0.10731323927053796,-0.024922150650916214,0.5624892777103165,0.38016738894653,0.29356214833643923,-0.1300773097966647,-0.42363945813310394,-0.04793428101648262,-0.019629137201008298,0.028305143815474325,0.5393891720455234,0.5796756265085962,0.040286454463072774,0.5318300432170856,0.3415014699719998,-0.19032857324508579
PhysionetMI,98,0,right_hand,late,8,0.04466186547461152,-0.07153266775352994,0.32013422481229425,0.40925202501825814,-0.29341689768628604,0.07847010158717091,0.3718869992734569,-0.0186560897884228,-0.07778339208553083,-0.059127302297108025,0.7028004833618514,0.39711807011446276,-0.30568241324738865,0.5246589168140107,0.47416493110605834,-0.05049398570795233
PhysionetMI,99,0,left_hand,early,7,-0.031264780762082466,0.027908699054394914,0.34805779857868224,0.36260169831479555,-0.17238188100739893,-0.0015091552956920235,0.17087272571170692,0.044151537864657205,0.026843211345111723,-0.017308326519545482,0.6225880617318269,0.21541327374417235,-0.40717478798765455,0.4517644362175665,0.395766573361605,-0.05599786285596153
PhysionetMI,99,0,left_hand,mid,7,0.009538059225918844,0.012141076429912256,0.2912695394211415,0.26570874244501913,-0.1613664356557022,0.03905788671374282,0.20042432236944502,0.019937496430706705,0.009388479405546869,-0.010549017025159837,0.4280179926214562,0.3139578717712148,-0.11406012085024136,0.357027876037484,0.269525625439349,-0.08750225059813499
PhysionetMI,99,0,left_hand,late,8,-0.00321796383694761,0.011586717201159466,0.3105024834410949,0.26566475824135755,0.015578894767721386,0.003624881062126192,-0.011954013705595193,0.03196735517301861,0.012610853222382073,-0.019356501950636536,0.23405907290055405,0.3646629325236074,0.13060385962305332,0.48652841532341756,0.30486007365569534,-0.18166834166772222
PhysionetMI,99,0,right_hand,early,7,-0.0016305601226419672,-0.020879721710479925,0.37617598892142895,0.4120726802960774,-0.033252764525260846,-0.002172309242587343,0.031080455282673503,0.06119053957588468,-0.028559064797248797,-0.08974960437313348,0.09576900811221792,0.38493777012028735,0.2891687620080694,0.4265035311788079,0.330691057869849,-0.09581247330895892
PhysionetMI,99,0,right_hand,mid,8,0.08065712264488774,0.036007106595492784,0.7065125912586575,0.3200414248360152,0.13197277946061117,0.08909130975002469,-0.042881469710586484,0.03766252873515103,0.03604365993826821,-0.0016188687968828191,0.35420635851656235,0.6865737689467604,0.332367410430198,0.43565238041321686,0.34180128133634463,-0.09385109907687222
PhysionetMI,99,0,right_hand,late,8,0.055343381281130026,-0.013135914270618696,0.38176367508342574,0.3458188881043888,0.007872670717547828,0.05814421799516509,0.05027154727761726,-0.09336560403056388,-0.0022002033262367507,0.09116540070432713,0.030910156618118932,0.38933665958838376,0.35842650297026485,0.5822311046118576,0.32939335025377764,-0.2528377543580799
PhysionetMI,100,0,left_hand,early,6,0.16952273782765334,-0.05032867193001195,0.6533419790475715,0.43995215070098964,0.1501535691174706,0.13759527943784164,-0.012558289679628964,-0.11699114214884127,-0.022400241287523645,0.09459090086131762,0.6021090944221363,0.7231613296014567,0.1210522351793204,0.5035274042157094,0.39536997617569064,-0.10815742804001877
PhysionetMI,100,0,left_hand,mid,6,-0.04851628429546082,0.005943106158107157,0.5292283417444376,0.45441502979184706,0.01585263239256056,-0.08783351589322036,-0.10368614828578092,-0.053363496261489334,0.011779424409159701,0.06514292067064903,0.6105586476005991,0.7268309847129633,0.11627233711236418,0.4650923356489718,0.3657001015730452,-0.09939223407592657
PhysionetMI,100,0,left_hand,late,6,0.025919187095749023,0.026536069621795763,0.21881430286826348,0.47957695580556686,-0.17620628153686788,0.05273728006971923,0.2289435616065871,0.22000286024350862,-0.005730065147986359,-0.22573292539149498,0.3987190822067204,0.2775098649832803,-0.12120921722344014,0.46014910621317884,0.47240268698786,0.012253580774681139
PhysionetMI,100,0,right_hand,early,6,0.0908761415189538,0.06977039691302796,0.654830106468616,0.5711103717704326,0.35946682128922397,0.018011120738178406,-0.34145570055104557,0.08308206908471173,0.05541235303836981,-0.02766971604634192,0.697274755644673,0.30585061728086294,-0.39142413836381007,0.5544489253518351,0.5561169558709995,0.0016680305191644207
PhysionetMI,100,0,right_hand,mid,6,0.2015139262798113,-0.053294941950274226,0.9446845231025219,0.5214394216513972,0.20535080096947433,0.2213002751539948,0.015949474184520473,-0.2116277737910443,-0.01631871930611022,0.19530905448493407,0.6917848870493823,0.8367031159259505,0.14491822887656813,0.5399477807377592,0.4746214650091247,-0.06532631572863445
PhysionetMI,100,0,right_hand,late,6,0.08184947910935066,-0.035641036710653266,0.4751533087258634,0.43020592830499116,-0.09570993798060429,0.1488591693422672,0.2445691073228715,-0.023768567129989537,-0.0467050151710594,-0.02293644804106986,0.450473695080283,0.7069831551362736,0.2565094600559906,0.5229229208724019,0.38557358166508526,-0.13734933920731662
PhysionetMI,101,0,left_hand,early,7,-0.0003366286462821148,-0.0257169623944573,0.2412668335735045,0.33143567721910094,-0.20291033110798412,0.0260016296660666,0.2289119607740507,-0.02988236827432753,-0.01739547355730962,0.012486894717017909,0.7243944232023622,0.23041764405512694,-0.4939767791472353,0.5272027788495985,0.251544006097354,-0.27565877275224454
PhysionetMI,101,0,left_hand,mid,7,-0.08395645884263554,-0.0005104672768433148,0.6325578275703575,0.25160862035915255,-0.4203796350786644,-0.06269269715500868,0.3576869379236557,-0.06437497571648626,0.0011848133828696733,0.06555978909935593,0.909172255282992,0.4226932751544705,-0.4864789801285214,0.5159770298654239,0.2681970172686359,-0.24778001259678806
PhysionetMI,101,0,left_hand,late,8,-0.02506093326295029,-0.028272858969713155,0.26132950999064547,0.38689597975013656,-0.048849127364065194,-0.0017046405061880742,0.04714448685787712,-0.11480343285680143,-0.025392655992517263,0.08941077686428417,0.2753981613346281,0.2624444155787282,-0.01295374575589986,0.5143539437793063,0.41840753726456875,-0.09594640651473757
PhysionetMI,101,0,right_hand,early,7,0.07570320809842314,-0.037105859780317836,0.46995388724430764,0.5918700836278018,0.1057825130040699,0.08377928444034273,-0.022003228563727176,-0.058705036494941666,-0.03650333524378435,0.022201701251157314,0.3654925486513625,0.502229386397288,0.1367368377459255,0.5080997106959915,0.5849091703291619,0.07680945963317043
PhysionetMI,101,0,right_hand,mid,8,-0.019622127401936685,-0.06697732164960778,0.22301276793030542,0.4237355605174293,0.0011011161635488195,-0.0024490073245742785,-0.003550123488123098,-0.08100958891088204,-0.05326166885309292,0.027747920057789123,0.5127593280743331,0.20294689899206025,-0.30981242908227286,0.37800580541428563,0.34814921118757136,-0.029856594226714273
PhysionetMI,101,0,right_hand,late,8,-0.03549606048122857,-0.02221865020427657,0.4298473957010521,0.37748645849132156,0.12616395576093797,-0.07040784184772117,-0.19657179760865914,-0.058052540294602335,-0.015805615568465395,0.04224692472613694,0.3108623411207334,0.5865899489586707,0.27572760783793726,0.39852423734249875,0.3631078896903842,-0.035416347652114544
PhysionetMI,102,0,left_hand,early,7,-0.06483568090682115,-0.057859855904618736,0.6189174843485762,0.5016208547596785,-0.25737537356379164,-0.02665382480252039,0.23072154876127127,-0.08939457845780886,-0.05402368022216234,0.03537089823564652,0.7018095048650019,0.3770632888990486,-0.3247462159659533,0.5463018633518243,0.4772975901437978,-0.06900427320802649
PhysionetMI,102,0,left_hand,mid,7,-0.03715033235301677,-0.008273387279112398,0.7168586215603979,0.4754172024473809,-0.06007694697851921,-0.03132170113584041,0.0287552458426788,0.04805635524995006,-0.020011481970618535,-0.0680678372205686,0.34103282836703613,0.6533070844824823,0.3122742561154462,0.4353667189402061,0.4893764820015326,0.05400976306132649
PhysionetMI,102,0,left_hand,late,8,0.016810880512242204,-0.02940673578424072,0.23009887079119767,0.32735857374846555,-0.024974475217829008,0.04121906143848079,0.0661935366563098,-0.164220391293462,-0.01549013134671922,0.14873025994674277,0.15812204957991327,0.37332634004843496,0.2152042904685217,0.5545816709555816,0.36268523804617187,-0.19189643290940978
PhysionetMI,102,0,right_hand,early,7,0.03849466731126262,-0.004058572045969054,0.47222561144260566,0.484238427021949,0.08838154292754453,0.03236561078477648,-0.05601593214276805,0.07896012305230178,-0.033505897731699735,-0.11246602078400152,0.1803834596405949,0.4748941773216932,0.29451071768109827,0.5217820808009964,0.3908348251560028,-0.1309472556449936
PhysionetMI,102,0,right_hand,mid,8,0.013158407788939298,-0.035858379050814966,0.21006897237039432,0.31071695183570835,-0.08273820233338917,0.018600564044127684,0.10133876637751686,-0.04921950404277389,-0.0376014632750692,0.011618040767704695,0.31356338004839235,0.17189434754135746,-0.1416690325070349,0.5000569684771395,0.2997352999303889,-0.20032166854675065
PhysionetMI,102,0,right_hand,late,8,-0.015106785096064508,-0.0067703693472740455,0.1809009462110553,0.37765631989850107,-0.11602809345371035,0.010972704887558544,0.1270007983412689,0.05061012184270928,-0.021019250083647717,-0.07162937192635699,0.3706172193288111,0.27698024902127494,-0.09363697030753615,0.2923217505562775,0.35062792459984415,0.05830617404356664
PhysionetMI,103,0,left_hand,early,7,0.053053110321912705,-0.029176946703947708,0.47550218889321455,0.40553333411913645,0.11242321874921006,0.055358428678284145,-0.057064790070925915,-0.03842350451656908,-0.02713334275720449,0.011290161759364592,0.24666255702880258,0.4085820888120783,0.16191953178327573,0.24534372478465002,0.3457017806827606,0.10035805589811056
PhysionetMI,103,0,left_hand,mid,7,0.10528869203850325,-0.08815164503576113,0.6786667599241587,0.5887827496996847,-0.02705401274462832,0.1318434252314285,0.15889743797605682,-0.1770733163723372,-0.07450560252220094,0.10256771385013626,0.5544937981131518,0.8325167224346656,0.27802292432151376,0.5054007251733773,0.5150240569950837,0.009623331821706382
PhysionetMI,103,0,left_hand,late,8,0.01672532480935898,-0.05173893497158458,0.40887555193247394,0.5642798321930143,0.11211598387484299,-0.016836895716310266,-0.12895287959115326,0.0949872480712015,-0.08147859644547775,-0.17646584451667924,0.5351758243807456,0.3627872308340357,-0.17238859354670993,0.515093909523361,0.5694803856191349,0.05438647609577396
PhysionetMI,103,0,right_hand,early,7,-0.0028650015972403625,-0.01927689126624148,0.3208072784617984,0.41410719349348346,-0.020231385611238148,0.01846412555452938,0.03869551116576753,-0.02243475217254403,-0.013408097204516682,0.009026654968027348,0.5421171768988821,0.2919070290968081,-0.25021014780207396,0.4547841251636247,0.43407206994086656,-0.020712055222758152
PhysionetMI,103,0,right_hand,mid,8,0.047265134821148344,-0.018375400460135784,0.32370866115468977,0.46813257586917184,0.023019770299517114,0.02898450121882114,0.005964730919304027,-0.05961713971598719,-0.01580091758127037,0.04381622213471682,0.6467978834493384,0.2565995703770993,-0.3901983130722391,0.4957456438486781,0.47058371631727813,-0.025161927531399952
PhysionetMI,103,0,right_hand,late,8,0.048333991426890724,-0.03586973345322322,0.3901957292308172,0.41091601972735164,-0.10600986665287898,0.06926589243762804,0.17527575909050702,-0.17911834320909115,-0.026274470676778114,0.15284387253231302,0.4600824986262023,0.4245867860006173,-0.03549571262558504,0.4064733263599568,0.4431558908111102,0.036682564451153366
PhysionetMI,104,0,left_hand,early,7,0.026201865705510006,-0.02368025880820639,0.35508000839835663,0.3781164149068985,0.09952793507631402,0.020639584873477976,-0.07888835020283605,0.006844034269882042,-0.02429873043496565,-0.031142764704847694,0.2784271261883881,0.3471624402067783,0.06873531401839017,0.4814927632227611,0.3227015951855688,-0.1587911680371923
PhysionetMI,104,0,left_hand,mid,7,0.0709707263506464,0.010558441896470181,0.43776839316178595,0.41134972334455994,-0.22831136386154455,0.13359042792187037,0.3619017917834149,0.04782663249297344,-0.0011362673615552636,-0.0489628998545287,0.45386714423889324,0.7430654540853107,0.2891983098464174,0.46264891209081227,0.4324999086581145,-0.030149003432697774
PhysionetMI,104,0,left_hand,late,8,0.106074531197682,-0.016986160821560153,0.6220557853827278,0.311041607047002,0.08029333542520052,0.10793597016770555,0.02764263474250503,-0.08268851099844049,-0.007766755082707754,0.07492175591573273,0.41218111268786617,0.5342522448656326,0.12207113217776644,0.3294981031750912,0.3421194671947636,0.012621364019672399
PhysionetMI,104,0,right_hand,early,7,0.05594810585233045,-0.03818207322410056,0.6438327422931317,0.32461410957510894,0.1334499904137763,0.05962116501175255,-0.07382882540202376,0.08623599578834995,-0.054678504103575505,-0.14091449989192545,0.384209225350191,0.7315454313893355,0.3473362060391445,0.3332872389750622,0.36329865469527406,0.030011415720211876
PhysionetMI,104,0,right_hand,mid,7,0.08250930146035981,-0.016482200178054712,0.664114325953329,0.3371149195249632,-0.02917045061035214,0.08516645905457326,0.1143369096649254,0.06684925579672796,-0.017116265678225266,-0.08396552147495323,0.2459754659124049,0.7470300002879353,0.5010545343755304,0.4653579208190459,0.39120427522018547,-0.07415364559886045
PhysionetMI,104,0,right_hand,late,7,0.10327599470326385,-0.00915512076420811,0.8154686308731551,0.2986206708164018,0.23066743112348345,0.08491616025260432,-0.14575127087087913,0.08192484960600502,-0.02539707928783684,-0.10732192889384186,0.7112027737941293,0.7148042886290207,0.0036015148348913506,0.3398541048579808,0.36861398535743983,0.028759880499459045
PhysionetMI,105,0,left_hand,early,7,0.032731370449283675,-0.002705446079982346,0.5608111620193583,0.18183915565669784,-0.06740487215562105,0.053227774189893065,0.12063264634551411,0.10305333309096146,-0.009136399055772305,-0.11218973214673376,0.1971828698896313,0.7593509002066269,0.5621680303169956,0.5082416047450116,0.20989232685329218,-0.2983492778917194
PhysionetMI,105,0,left_hand,mid,8,0.06435584991460463,0.0010891158896165964,0.4243525383171541,0.31495275252116955,0.2738441812773757,0.041824085315430755,-0.23202009596194495,-0.016535382897019273,0.0026015622891778015,0.019136945186197074,0.3638243373835847,0.31502061866913167,-0.04880371871445305,0.32404418269335644,0.2983962497767024,-0.025647932916654015
PhysionetMI,105,0,left_hand,late,8,0.048088262774642926,-0.017731006895303922,0.4256849586790556,0.39453851406798013,-0.16723211613440594,0.10452322928235848,0.27175534541676444,-0.06883786518778122,-0.0028253166883043883,0.06601254849947683,0.458580829200638,0.5512713208999567,0.0926904916993187,0.3336944272774842,0.3097813357362102,-0.023913091541274023
PhysionetMI,105,0,right_hand,early,7,0.059369181262839375,-0.04458817491595421,0.4368832396606252,0.4862194210083949,0.17538781288320948,0.06369283479400754,-0.11169497808920194,-0.11000042277948667,-0.03579158804668185,0.07420883473280482,0.3875502281123672,0.4502841040112483,0.06273387589888108,0.49212311490343985,0.45094080952113186,-0.04118230538230799
PhysionetMI,105,0,right_hand,mid,7,0.11083616136353164,0.03506231097215822,0.8481237063663927,0.39195355896325007,0.35774746090553244,0.10477078384098888,-0.2529766770645436,0.11341383204537989,0.021066769213550482,-0.0923470628318294,0.7981801536078872,0.7715636159380543,-0.02661653766983285,0.5429124315838237,0.3263019588318226,-0.21661047275200113
PhysionetMI,105,0,right_hand,late,8,-0.017439262863035876,0.0026526356566391896,0.2568077616314984,0.3516525633626351,0.07285633109773812,-0.03461584419895397,-0.10747217529669209,-0.12654639570344625,0.011392507692593866,0.13793890339604012,0.14183365334194564,0.36367363138527153,0.2218399780433259,0.4387978768858706,0.3538560792115892,-0.0849417976742814
PhysionetMI,106,0,left_hand,early,8,-0.007142813848656763,-0.03186411611607566,0.12168998741631903,0.3101842917496416,-0.048768050837046856,-0.004232783237112516,0.04453526759993434,-0.09857161859109652,-0.025983052675214606,0.07258856591588192,0.5627469338785013,0.1762375358704958,-0.3865093980080055,0.40707173965736565,0.3364337686337022,-0.07063797102366343
PhysionetMI,106,0,left_hand,mid,8,0.04604401129690562,-0.035359368826669145,0.513455293956124,0.3359663751479213,0.1687648419814482,0.07440849945459688,-0.09435634252685132,0.033356165953400074,-0.03922134304848439,-0.07257750900188446,0.6105000986693754,0.542668251219088,-0.06783184745028736,0.45209384194096963,0.31828650443723794,-0.1338073375037317
PhysionetMI,106,0,left_hand,late,8,-0.13124197655772957,-0.015783596827039264,0.8767077347932599,0.34828219910328173,-0.11688230843960497,-0.1492707842935281,-0.03238847585392314,-0.15611132778537146,0.002194743101695725,0.1583060708870672,0.38191605553261504,0.8679178921620173,0.4860018366294023,0.3901258802585235,0.31125320716582766,-0.07887267309269586
PhysionetMI,106,0,right_hand,early,7,0.029738106018266666,-0.05107161067316619,0.3982996842016569,0.40858667271313465,0.17616852232046185,0.02951771701894662,-0.14665080530151522,-0.05228915501068823,-0.054076733539528146,-0.0017875785288399143,0.2870733072887986,0.5010805592296842,0.2140072519408856,0.43941648944877887,0.3786616371160502,-0.06075485233272865
PhysionetMI,106,0,right_hand,mid,7,-0.03481320309052735,-0.04532856330838081,0.23437613475969207,0.41871534407432187,0.14238230078722564,-0.06258294792644109,-0.20496524871366673,0.07279132575760532,-0.06794363193016281,-0.14073495768776811,0.4216175772075712,0.3991825603179502,-0.022435016889621018,0.5253945264581655,0.49639137215519097,-0.029003154302974565
PhysionetMI,106,0,right_hand,late,7,-0.07375395367548086,-0.0020706314402251153,0.45984753246387766,0.459010114334919,-0.20384016890542736,-0.06910632913977321,0.13473383976565415,-0.004063040571863217,-0.0011972084916234168,0.0028658320802398,0.5102264442367386,0.37713000470192015,-0.13309643953481842,0.31224709883854335,0.4621305979736298,0.14988349913508647
PhysionetMI,107,0,left_hand,early,8,0.01133136831107969,-0.038001583826778755,0.3903207733323865,0.49271979020510487,-0.11289569359191372,0.01110143165616517,0.12399712524807889,-0.03828089280108206,-0.04405372654398454,-0.005772833742902481,0.45123644646009087,0.3128508797720005,-0.13838556668809038,0.33913415361828303,0.5203995572396292,0.18126540362134613
PhysionetMI,107,0,left_hand,mid,8,0.06184570122280285,-0.05034468877148337,0.4966471418953683,0.4911689282247993,0.04275719946356104,0.06327351063529996,0.020516311171738917,-0.046597007511313585,-0.057944173760471084,-0.011347166249157499,0.6527166187345095,0.5060142829413118,-0.1467023357931977,0.41849686975012534,0.5285975168700495,0.11010064711992418
PhysionetMI,107,0,left_hand,late,8,-0.010255467152376293,-0.038663193442908396,0.35645201544967103,0.45373470459546017,-0.14430313303877235,-0.009419203693719451,0.1348839293450529,-0.04980117463269851,-0.03096484890081254,0.01883632573188597,0.7176191570313943,0.3301166632819702,-0.38750249374942414,0.5604121669528145,0.3890696255225448,-0.17134254143026967
PhysionetMI,107,0,right_hand,early,7,0.008097067068173723,-0.0783279344614498,0.3196137948511039,0.724934725935509,-0.10847145730283575,0.027337175646934796,0.13580863294977055,-0.03853108352040067,-0.08665035083863182,-0.04811926731823115,0.3929194887700689,0.3831901693066738,-0.009729319463395059,0.5672475988335776,0.6821625343835866,0.11491493555000909
PhysionetMI,107,0,right_hand,mid,7,0.0049810542140535045,-0.06942467362928258,0.34109019836425075,0.7705653938103243,-0.07439680386622233,0.019495169771197737,0.09389197363742006,-0.07828560167783788,-0.0667765116971312,0.011509089980706683,0.4188771412528384,0.3986717044744046,-0.02020543677843384,0.475925256076444,0.6914949613250914,0.21556970524864738
PhysionetMI,107,0,right_hand,late,7,0.05984655248253361,-0.039509282529299895,0.5550778108305473,0.5710771593921722,-0.0015124775513450234,0.0741675229731822,0.07568000052452722,-0.09832018512379712,-0.03844937340745658,0.05987081171634054,0.2963835638343585,0.6368012958888838,0.3404177320545253,0.4898110319108022,0.4692778589069398,-0.020533173003862426
PhysionetMI,108,0,left_hand,early,7,0.04936042543769924,0.0643760223602452,0.49448683121583614,0.4654318586678114,0.09591257459311632,0.059420866326058364,-0.03649170826705796,0.05608138883725993,0.06051900875169805,0.004437619914438119,0.30371713555161467,0.5476985402893629,0.24398140473774826,0.577590993626049,0.496400563166386,-0.08119043045966307
PhysionetMI,108,0,left_hand,mid,7,-0.07401566341840399,0.034912752221420595,0.29348564751283546,0.3256948243354171,0.42153126506349614,-0.15544316696148985,-0.576974432024986,0.1083592767048899,0.040225301482494334,-0.06813397522239556,0.7978718839663919,0.5608648269674135,-0.2370070569989784,0.5448027042023731,0.3035230537613146,-0.24127965044105848
PhysionetMI,108,0,left_hand,late,8,0.09942976376803549,0.0604826012344982,0.3466800476907829,0.4341488351934442,-0.04942341574413691,0.11847487863031818,0.16789829437445508,0.11583555143370619,0.06206435313441268,-0.05377119829929351,0.4699457338571936,0.4390650917000555,-0.03088064215713815,0.554907646256792,0.4465554180118598,-0.10835222824493224
PhysionetMI,108,0,right_hand,early,7,-0.0017190091805683475,-0.03734680371486296,0.18406520639841065,0.3641597795221147,-0.07639673345987463,-0.0019204928137382647,0.07447624064613637,0.04832642613756295,-0.052302934002556895,-0.10062936014011985,0.6342246413664302,0.13816483729828336,-0.49605980406814687,0.41742839850441776,0.3615536472039895,-0.05587475130042824
PhysionetMI,108,0,right_hand,mid,8,-0.06524784722562631,-0.06965370492908139,0.4175978552638739,0.4874951992169337,0.018714150049364234,-0.05459177034189315,-0.07330592039125738,0.012334722826569737,-0.07753647485409396,-0.08987119768066369,0.5347801868667168,0.38573293233968037,-0.14904725452703643,0.35061416405888723,0.5121307116307693,0.16151654757188205
PhysionetMI,108,0,right_hand,late,8,-0.07787494038358642,-0.036125398953535316,0.497151398938345,0.32526493423993186,0.09065199991479989,-0.08969262499749096,-0.18034462491229086,0.13629192550684105,-0.06326892694985978,-0.19956085245670083,0.2382691257238297,0.4793028795049566,0.2410337537811269,0.5387218567556147,0.43307275776484994,-0.10564909899076474
PhysionetMI,109,0,left_hand,early,7,-0.019665392836149563,-0.1287495653287217,0.35261190612416693,0.6981243903902147,-0.05615416422250238,-0.02047596732838918,0.035678196894113196,-0.1784774081560276,-0.13292372848661813,0.045553679669409486,0.24029996602988513,0.22709213951042242,-0.013207826519462701,0.4188235829005625,0.6966457401291051,0.2778221572285426
PhysionetMI,109,0,left_hand,mid,8,0.14694729958499078,-0.04669417743300755,0.7678168077093093,0.40647873513372906,-0.18592009250743485,0.1702341202112016,0.35615421271863645,-0.08479452245722685,-0.03385494164530316,0.05093958081192369,0.4733266926717637,0.7720688674979488,0.2987421748261851,0.463618788091095,0.31677968236994203,-0.146839105721153
PhysionetMI,109,0,left_hand,late,8,0.10489885930317593,-0.06939837990016898,0.4557019627574891,0.3995658428431317,-0.2542323200688976,0.13779618189540638,0.392028501964304,-0.05192590821468864,-0.07394301986789459,-0.022017111653205947,0.5326717648453596,0.5098899025361868,-0.022781862309172785,0.3264098816223166,0.34582792956545416,0.019418047943137562
PhysionetMI,109,0,right_hand,early,7,0.007493933107885553,-0.10100421365484742,0.35015445893611136,0.4718351847552215,0.05284807976295168,0.026981899206339574,-0.025866180556612106,-0.18151817963864453,-0.07458858371601837,0.10692959592262616,0.09212685283815564,0.38045142252046316,0.2883245696823075,0.45325071919150034,0.40903778025529747,-0.04421293893620287
PhysionetMI,109,0,right_hand,mid,7,0.05870091417317007,-0.11113574500826072,0.5490496919060978,0.6074617093950805,0.2530522639629587,-0.0016040590891660928,-0.2546563230521248,-0.07081348923070267,-0.10341644509680974,-0.032602955866107064,0.3919339424420681,0.342016440683949,-0.0499175017581191,0.34065014773579994,0.5125554311615856,0.1719052834257857
PhysionetMI,109,0,right_hand,late,8,0.1186426074568637,-0.04142744727539337,0.5064198758772258,0.39183046632846386,0.08812233190795796,0.15755311500901173,0.06943078310105377,-0.12289282321576506,-0.04822624084805365,0.0746665823677114,0.29654451078762173,0.6526312634107048,0.35608675262308304,0.34648277079903583,0.37315519833736416,0.026672427538328325
Cho2017,1,0,left_hand,early,33,0.038611060294520376,-0.002196858591363582,0.28209869605565613,0.25847098971775667,0.08388768834457411,0.016032954068836418,-0.06785473427573768,0.044181336971686865,-0.008468165851323593,-0.05264950282301046,0.26705039290084964,0.26749865464197875,0.0004482617411291079,0.3013734474350487,0.29566974994147965,-0.0057036974935690266
Cho2017,1,0,left_hand,mid,33,0.002179998447802993,0.014730463303292574,0.10541449965976696,0.2757642860286844,0.16167744767127928,-0.03774496738613697,-0.19942241505741626,0.017649647256431575,0.018625454114715948,0.0009758068582843733,0.5077240667952561,0.32076820828337826,-0.1869558585118778,0.10962025179340157,0.3262727097165955,0.21665245792319393
Cho2017,1,0,left_hand,late,34,0.027348183416806657,0.007124581839802645,0.24403057158539798,0.1719106432761136,0.10844167482779309,-0.009101956889150824,-0.1175436317169439,-0.004722613555246646,0.008851212945230112,0.013573826500476758,0.34940796291170084,0.21748088184044226,-0.13192708107125858,0.19677131023418115,0.1911712892295275,-0.005600021004653649
Cho2017,1,0,right_hand,early,33,0.19674471477125574,0.042430646159869724,0.843349824695937,0.28054403108267595,0.2614686882333234,0.18949743110427664,-0.07197125712904678,0.06625175701337163,0.03360636317641635,-0.032645393836955285,0.7075486449524907,0.7780242969190745,0.07047565196658379,0.15285873084945684,0.2377089772971632,0.08485024644770636
Cho2017,1,0,right_hand,mid,33,0.1100313697806953,0.03223693875487314,0.6749889914077669,0.20759193626995226,0.1104827614360294,0.09546736193942235,-0.01501539949660706,0.002548070412153886,0.034950555220577856,0.03240248480842397,0.4197885279799101,0.5541246412501705,0.13433611327026035,0.21855425085277502,0.22035042242877412,0.0017961715759990948
Cho2017,1,0,right_hand,late,34,0.15866747070551984,0.023810951203062772,0.7969847996843679,0.1912087793219417,0.1695355533800662,0.1600161821625987,-0.009519371217467515,0.08357439965944044,0.010511038273186939,-0.0730633613862535,0.4936576420322484,0.7680598544074388,0.27440221237519047,0.19224124016637661,0.17064061576715944,-0.021600624399217172
Cho2017,2,0,left_hand,early,33,-0.022876926340804536,-0.004160105484475512,0.1858786532196266,0.16321320756188923,-0.030499605409537917,-0.026078170319299744,0.0044214350902381724,-0.0743115164928475,0.009113646582403328,0.08342516307525083,0.15997546497326504,0.17341724287153074,0.0134417778982657,0.25921091545510244,0.11099616370937249,-0.14821475174572996
Cho2017,2,0,left_hand,mid,33,9.226332858157035e-06,-0.025087712467831588,0.1669183655956516,0.1872895852971127,-0.06342218175428488,-0.0029348650301709825,0.06048731672411389,-0.03429159863582761,-0.02962953876708135,0.004662059868746262,0.234804998193094,0.11398420426019332,-0.12082079393290068,0.18899201731364507,0.18941253553165152,0.00042051821800645484
Cho2017,2,0,left_hand,late,34,0.016471163055330213,-0.0051301558824039355,0.24232503438044947,0.2845645876442788,0.1907775921312513,-0.021757328140665895,-0.2125349202719172,0.022433135065085846,-0.007308067964583455,-0.029741203029669303,0.4360114474358806,0.20088082475330266,-0.23513062268257795,0.22225179977084297,0.20757915845162286,-0.014672641319220109
Cho2017,2,0,right_hand,early,33,0.009329842191248492,-0.011669475201759528,0.10862847448353036,0.18846455664611528,-0.06558645870422783,0.01874896180377383,0.08433542050800166,-0.08026282502207055,0.009991764084548733,0.09025458910661928,0.17743346793416442,0.13913263345481652,-0.0383008344793479,0.28067841825346107,0.14632856294960203,-0.13434985530385904
Cho2017,2,0,right_hand,mid,33,-0.005911027743758279,-0.03339833955713997,0.18738209538798772,0.36293359677844406,0.1173714312312499,-0.04103797703228388,-0.15840940826353378,0.02304262098860813,-0.04203678822173829,-0.06507940921034643,0.2786903027763493,0.3116679962819588,0.03297769350560947,0.19902825027451637,0.3589465068486515,0.1599182565741351
Cho2017,2,0,right_hand,late,34,-0.003572510626837058,-0.007209544320070765,0.13437822593722593,0.1523031334619208,0.011611661561314168,0.0005897012315318835,-0.011021960329782284,-0.09512309269080313,0.007492492205277852,0.10261558489608098,0.09580444554543337,0.07673431240225745,-0.01907013314317592,0.25179611322809026,0.15810867711221274,-0.09368743611587751
Cho2017,3,0,left_hand,early,33,0.03010812698135408,-0.02181468134514519,0.19317812586182795,0.2711461943587278,0.008630450549035907,0.05220562645361741,0.04357517590458151,-0.0451837154961842,-0.007409737083514052,0.03777397841267015,0.06674601198435383,0.3485481350825724,0.28180212309821856,0.2026629890305429,0.2991614205272147,0.09649843149667184
Cho2017,3,0,left_hand,mid,33,0.07312187775976361,-0.019862123889956413,0.3713944163303467,0.18887998474331325,-0.18995360936949324,0.1151070364004013,0.30506064576989456,-0.019240817395083203,-0.024884930119504493,-0.00564411272442129,0.3321251556604981,0.643188360176098,0.31106320451559993,0.16602723826288063,0.3058626663717082,0.1398354281088276
Cho2017,3,0,left_hand,late,34,0.0337605119989491,0.001112855561632884,0.24331412369050565,0.17001050619721367,-0.12079427648068886,0.05361439243698181,0.17440866891767065,-0.046495304299154466,0.012125469167019868,0.058620773466174336,0.3115132675103327,0.33102948674807425,0.01951621923774155,0.2487633831266763,0.20087088727374292,-0.0478924958529334
Cho2017,3,0,right_hand,early,33,-0.014216975735151172,-0.037118530597805205,0.35794264548335886,0.29613674648328586,0.08086077373515611,-0.03382716448022661,-0.11468793821538273,-0.019926088557302244,-0.05094239291743431,-0.031016304360132068,0.1429829350943157,0.3737870752795271,0.2308041401852114,0.217855530022985,0.30817865488258434,0.09032312485959934
Cho2017,3,0,right_hand,mid,33,-0.007105582211191692,-0.03279568547016869,0.2120138477792428,0.18913973873854523,-0.10631896773581348,0.012785588663320357,0.11910455639913384,-0.004710096829707529,-0.04000323743187145,-0.035293140602163924,0.2385433575363908,0.2794498162222159,0.04090645868582507,0.20370984465762731,0.2207287837001149,0.01701893904248758
Cho2017,3,0,right_hand,late,34,-0.07756768241839002,-0.012819292198144594,0.5104927217107319,0.19656777638018333,-0.10217677832751886,-0.07381313616040246,0.0283636421671164,0.07821670798028825,-0.030163965001330593,-0.10838067298161884,0.23663959601607965,0.4975150336762064,0.2608754376601268,0.2889107121797774,0.25444246688951405,-0.03446824529026332
Cho2017,4,0,left_hand,early,33,-0.009105730274992346,0.03504277019657025,0.17659019588648558,0.3123411142300728,0.1012818517550606,-0.03665567890130992,-0.13793753065637052,0.0836579226999124,0.028898790329286935,-0.05475913237062546,0.2597293496531808,0.28089261338319127,0.021163263730010484,0.2603237375218971,0.35537195693679197,0.09504821941489489
Cho2017,4,0,left_hand,mid,33,-0.030215178544411532,0.030834951554320502,0.30442199804153924,0.42372062104419866,0.07767123698691589,-0.06078715299318416,-0.13845838998010004,0.03026847937698591,0.03315350132690736,0.0028850219499214486,0.22416675199751696,0.4462675272000387,0.22210077520252175,0.2313932353042321,0.3911863211453616,0.15979308584112953
Cho2017,4,0,left_hand,late,34,-0.09168946625139035,0.03492028424218425,0.5482400306678408,0.5271887796621925,-0.050584949945912144,-0.10154143856889805,-0.05095648862298591,0.08748438697686864,0.030998913130387468,-0.05648547384648117,0.17403356371165563,0.5462002979959311,0.37216673428427544,0.28368185537985063,0.5169812271775769,0.23329937179772625
Cho2017,4,0,right_hand,early,33,-0.04206745158163052,-0.008730426672389718,0.2566031498336513,0.16323293380230172,0.10469534951947318,-0.07760999915783102,-0.1823053486773042,0.0293426470773449,-0.019172237083649034,-0.048514884160993935,0.23738215819067365,0.39781535161969905,0.1604331934290254,0.20962369719739735,0.24426431420159786,0.034640617004200513
Cho2017,4,0,right_hand,mid,33,-0.035401608309600444,0.005478307004169346,0.2774273807415946,0.25016986315685685,0.06736458793186739,-0.05684361138615574,-0.12420819931802313,0.02077740713292184,0.0034933305883700903,-0.01728407654455175,0.24458993220098357,0.3843103092837252,0.13972037708274165,0.15265480107731688,0.23514823500562387,0.08249343392830699
Cho2017,4,0,right_hand,late,34,-0.031958646881205796,-0.0026697288297413105,0.3192241074579454,0.25401766645809964,0.018062269360823974,-0.07205154832354359,-0.09011381768436756,0.013870106952608964,-0.0122215635661484,-0.026091670518757364,0.414753970996567,0.4035522515108599,-0.01120171948570714,0.19936880383822658,0.3011849701966671,0.10181616635844054
Cho2017,5,0,left_hand,early,33,-0.039638105179827916,-0.03598631839648974,0.34110867787813076,0.2697177714610548,-0.10698510866624476,0.0007183170529587953,0.10770342571920356,-0.017939072018398502,-0.02965281895278289,-0.01171374693438439,0.4354079553840441,0.11529430144697553,-0.3201136539370686,0.2021009356915202,0.26916639375906415,0.06706545806754394
Cho2017,5,0,left_hand,mid,33,-0.08814600300936701,-0.029557893214934478,0.4662410371348453,0.1812209156639179,-0.19850624102074216,0.033879129141695156,0.23238537016243732,-0.10840021106535175,-0.010500665698624763,0.09789954536672699,0.6244086600711931,0.2825335713255194,-0.34187508874567374,0.2508223634219193,0.11935172012074592,-0.13147064330117342
Cho2017,5,0,left_hand,late,34,-0.03900619257795909,-0.010280197423226087,0.35825444893663183,0.2372542748204903,-0.07388858409604433,-0.019276756048661366,0.05461182804738297,-0.04951082272436583,0.00777231591768235,0.057283138642048176,0.34127554336845634,0.2247849504095267,-0.11649059295892963,0.19804402241001492,0.2268389831452899,0.028794960735274988
Cho2017,5,0,right_hand,early,33,-0.10005791681519205,-0.03433162596226406,0.4839372401195548,0.2615001630754591,-0.11467193546394516,-0.0601446734081174,0.054527262055827766,-0.010538412660378926,-0.033863595965312375,-0.02332518330493345,0.3564137291809107,0.29986665453996575,-0.05654707464094494,0.17566779453570788,0.23960307013996854,0.06393527560426066
Cho2017,5,0,right_hand,mid,33,-0.09489755736975097,-0.014543994679718609,0.5711819898945927,0.17584414821801647,-0.044432241027978686,-0.0720222372756031,-0.027589996247624413,0.03253038240538001,-0.027148363769548683,-0.059678746174928694,0.3831557608017938,0.4043662598777772,0.02121049907598338,0.16664431918612493,0.22995783549804655,0.06331351631192161
Cho2017,5,0,right_hand,late,34,-0.0956787904552304,-0.025563303810257836,0.47280753419972565,0.16885471876619892,-0.1400824780563351,-0.05229639762180156,0.08778608043453355,-0.062020390102958046,-0.014612861857917223,0.047407528245040825,0.39753044128147275,0.3298804812329689,-0.06764996004850382,0.24077531502502866,0.17153912208089409,-0.06923619294413458
Cho2017,6,0,left_hand,early,33,-0.03506254666020755,0.01105072143596981,0.38218349421021924,0.22250064441122047,-0.14637069388633506,-0.023687379809787506,0.12268331407654755,-0.09407405868310753,0.030295096626721384,0.12436915530982892,0.3311137673366693,0.3165203004066924,-0.014593466929976928,0.22246118714794605,0.2659003578798896,0.04343917073194353
Cho2017,6,0,left_hand,mid,33,-0.06667094255602579,-0.012172645404357132,0.41854734275957206,0.2685794473016847,-0.08026913137286479,-0.052312225700551856,0.02795690567231293,-0.0034394411771730476,-0.010700514985946997,-0.0072610738087739496,0.2821122198147602,0.31712092360954497,0.03500870379478477,0.27714271496264886,0.19754808463989337,-0.07959463032275549
Cho2017,6,0,left_hand,late,34,0.026028758456287684,-0.019347736812689656,0.16257856454392228,0.15622261271648727,0.16073327939967488,-0.010621360869060997,-0.17135464026873587,-0.06272256424112531,-0.019461845261407235,0.043260718979718074,0.4025611634915523,0.06704402682796765,-0.3355171366635846,0.1639936979606268,0.15628979005116056,-0.007703907909466234
Cho2017,6,0,right_hand,early,33,0.04451891540629653,-0.021862723402027752,0.26344312725682895,0.20504099595397168,0.04918849171674397,0.03824335626779064,-0.010945135448953328,-0.023463466031226083,-0.022204539385726075,0.001258926645500008,0.26067598072045384,0.20573968221017488,-0.05493629851027895,0.1916451593875388,0.2322232980135083,0.04057813862596951
Cho2017,6,0,right_hand,mid,33,0.02296866357361755,-0.05173114292916234,0.3206664880377048,0.3178730307809578,-0.0012652858396095673,0.03349183060917655,0.03475711644878612,-0.1108337165971034,-0.04075762680720549,0.0700760897898979,0.3807989557289806,0.20494009790924334,-0.17585885781973726,0.32154460489999104,0.2612882249656303,-0.060256379934360726
Cho2017,6,0,right_hand,late,34,-0.0649658218807202,-0.04007012196386041,0.5365060016406538,0.25767472665025826,-0.2073124405897802,-0.043592297353212864,0.16372014323656736,-0.06789961187101691,-0.02843371197046315,0.039465899900553755,0.5047318225193181,0.3950511288030954,-0.10968069371622274,0.17877575637205656,0.18295559420650562,0.004179837834449057
Cho2017,7,0,left_hand,early,40,-0.0015313641084805265,-0.024205577929063526,0.07175255181788473,0.1816391285245268,0.09057957491483917,-0.029634833568480116,-0.1202144084833193,0.006008914276626632,-0.026755765195093643,-0.03276467947172028,0.4022339522982772,0.22199489866003283,-0.18023905363824436,0.13687246854946528,0.1865507151570075,0.04967824660754222
Cho2017,7,0,left_hand,mid,40,0.022268071494952007,-0.0036222664338774243,0.1632612008224143,0.1515798265257105,0.05494054403293539,0.01578310032383994,-0.03915744370909545,0.01530477119442227,-0.0022866875052932186,-0.017591458699715488,0.1893959105491095,0.16353015951280023,-0.02586575103630928,0.1885287201021398,0.18370567119017733,-0.004823048911962474
Cho2017,7,0,left_hand,late,40,0.02854805710440453,-0.01829838375789831,0.2296420146969073,0.23055017886384122,0.10513975985019491,-0.014642193658758736,-0.11978195350895365,0.014628396667385666,-0.022559843285969085,-0.037188239953354754,0.38592995113718753,0.12387881719670364,-0.2620511339404839,0.20124128486805784,0.2012362864638367,-4.9984042211348445e-06
Cho2017,7,0,right_hand,early,40,0.024316559227214922,-0.005942848371002032,0.26891903706365944,0.31216507268466853,0.058808173746954004,0.013195560637952113,-0.04561261310900189,-0.07099861817749455,0.004175737097041483,0.07517435527453603,0.2221809651457202,0.2973957412507857,0.07521477610506552,0.23162598007763535,0.24677709828889746,0.01515111821126211
Cho2017,7,0,right_hand,mid,40,0.033113497173565175,0.000708306692210024,0.24649605357075385,0.11092613624534192,0.08218907282808889,0.025301376491441627,-0.05688769633664727,-0.025704263865753776,0.006574398200604303,0.03227866206635808,0.24582233574528603,0.18510847302331065,-0.060713862721975376,0.14135167876825167,0.10190240251130092,-0.039449276256950744
Cho2017,7,0,right_hand,late,40,0.04109660675046953,0.008802620555939228,0.3312224404440641,0.15116747264506297,0.12447503558264347,0.0018593579932119735,-0.1226156775894315,0.05901874170767645,-0.005678885514477917,-0.06469762722215437,0.46616495890444626,0.15626615406933977,-0.30989880483510646,0.26918614251303336,0.162288722494409,-0.10689742001862435
Cho2017,8,0,left_hand,early,33,0.026989476733932004,0.00875923527539902,0.24603106687648874,0.16525060760115348,0.0059004612734712,0.03101296023668653,0.02511249896321533,0.04668958756448389,0.004336717290412207,-0.04235287027407168,0.25714626432252663,0.24643184709909277,-0.010714417223433859,0.13950400395844556,0.1917749733073165,0.05227096934887093
Cho2017,8,0,left_hand,mid,33,0.004736894867018157,0.022350210671243393,0.35048641111372814,0.17990582605417194,0.0018598759266722116,0.004462918851178357,0.002603042924506145,0.017503442690909636,0.022763364423327954,0.005259921732418318,0.08528454364180768,0.36867261276522717,0.2833880691234195,0.14025527667351487,0.18319479423001964,0.04293951755650477
Cho2017,8,0,left_hand,late,34,-0.026869391447090583,0.0369731200141337,0.30084892886204767,0.30131339232030585,0.04667501175443085,-0.03848288398103502,-0.08515789573546587,0.024777640290960613,0.04078986222701366,0.016012221936053048,0.16620116184983355,0.3840817468053804,0.21788058495554682,0.1470890210481759,0.30796162829855345,0.16087260725037755
Cho2017,8,0,right_hand,early,33,0.008777931165186197,-0.012055588079100047,0.10494522094175646,0.2527161619827967,-0.04776244833448229,0.010435997152797024,0.058198445487279316,-0.03809944521926661,-0.007796782145198317,0.03030266307406829,0.1297742717724922,0.14190385301071393,0.01212958123822172,0.19551509088128968,0.28195759668694614,0.08644250580565646
Cho2017,8,0,right_hand,mid,33,0.010201636263010228,0.012411667233619975,0.3831067359618813,0.2559793231409188,0.014008780785024358,0.010364880903423971,-0.0036438998816003872,-0.037978497476448686,0.024902613477344022,0.0628811109537927,0.09837310297426033,0.3831555741591161,0.2847824711848558,0.22585736633404815,0.2394956914506872,0.013638325116639038
Cho2017,8,0,right_hand,late,34,-0.007842722814598954,0.007189119423304608,0.14070236252837887,0.2108884597091001,-0.058345615291716654,-0.004900354964906204,0.05344526032681045,0.010754006498275796,0.009203491065337532,-0.001550515432938264,0.19526032092309337,0.20444235315460985,0.00918203223151648,0.16080586010989859,0.2378642204024357,0.07705836029253713
Cho2017,9,0,left_hand,early,40,0.09148060253826629,-0.014886109234896309,0.4720797706251242,0.1684663251949403,0.13591048945823697,0.09302717410383755,-0.04288331535439942,0.04129876849624638,-0.022988887839230837,-0.06428765633547721,0.35564436344265477,0.41428973042410744,0.05864536698145267,0.10301195808175548,0.19595903322389094,0.09294707514213546
Cho2017,9,0,left_hand,mid,40,0.0643007635658992,-0.0004373385212704947,0.33045182052533684,0.17781582170428534,0.023378317640157163,0.07624232764502314,0.052864010004865986,-0.004148512493163878,0.0006645706296641359,0.0048130831228280135,0.1354765011041984,0.3612896475564004,0.22581314645220202,0.24054737896805056,0.1365609283571925,-0.10398645061085807
Cho2017,9,0,left_hand,late,40,0.023058939630658744,-0.0002550462928559263,0.13626070834832793,0.242425826871933,0.0656193152701092,0.012218054975504397,-0.0534012602946048,0.04290435474895825,-0.002719582547189934,-0.04562393729614818,0.19112571666629785,0.1131419204328794,-0.07798379623341845,0.30811842503039655,0.25907163669653943,-0.049046788333857116
Cho2017,9,0,right_hand,early,40,-0.0860466154782504,0.0015885772723169393,0.42736036246569875,0.1733283392305669,-0.07284582244574364,-0.10502554998989701,-0.032179727544153366,-0.00035341148341363495,-0.007549484066574542,-0.007196072583160907,0.16635140723953634,0.4789471525123895,0.31259574527285316,0.15284311892326236,0.19314764997343375,0.0403045310501714
Cho2017,9,0,right_hand,mid,40,-0.045581139764966555,0.017735470213420708,0.21955959737255076,0.21171037072882118,0.08375125266085884,-0.056436291249228915,-0.14018754391008775,-0.03617035782463393,0.022187740655696002,0.05835809848032993,0.162960049114438,0.24793519536913255,0.08497514625469454,0.24266218481140134,0.1894333353378546,-0.053228849473546724
Cho2017,9,0,right_hand,late,40,-0.05149109601433351,-0.023711840184988488,0.39229586465310906,0.22657615989940388,-0.18909528404092596,-0.019116106026355155,0.1699791780145708,-0.07889830050508316,-0.0169525093879017,0.06194579111718146,0.42468754567997963,0.37470332745507456,-0.049984218224905064,0.22417176536799982,0.1681520994405043,-0.05601966592749552
Cho2017,10,0,left_hand,early,33,0.041844413348722076,0.029475361722010558,0.4083286194264131,0.2278029346837353,0.00820378903384425,0.05630079727647993,0.04809700824263568,0.05295793928784081,0.020331894682683593,-0.032626044605157216,0.0869813373974107,0.49763302427612943,0.4106516868787187,0.27378534579321406,0.16484014595418572,-0.10894519983902834
Cho2017,10,0,left_hand,mid,33,-0.005396409020284442,-0.0016003335868691828,0.07959960463277982,0.3048454522576536,0.027734705063637483,-0.011568274141681094,-0.039302979205318576,-0.003039532981890063,-0.005957444920580359,-0.0029179119386902957,0.10968200922583504,0.1001902067545263,-0.009491802471308736,0.11942960450487454,0.2961406230180216,0.17671101851314702
Cho2017,10,0,left_hand,late,34,-0.01594540403384909,0.010844569509241026,0.20059202027256645,0.12105260135987984,-0.07142256104199873,-0.0032770602921173776,0.06814550074988135,0.007491606123920047,0.01751652225217447,0.010024916128254423,0.29791156802927177,0.09829342828979068,-0.1996181397394811,0.19180902806747302,0.17555695124456716,-0.01625207682290586
Cho2017,10,0,right_hand,early,33,-0.02079736798505883,-0.01110581924377273,0.2146468750698171,0.264181809747108,-0.042124905954093295,-0.014823442467837225,0.027301463486256068,-0.04343943531945305,-0.006576333180741596,0.036863102138711454,0.1636722527314163,0.16119095058020833,-0.0024813021512079814,0.18129143193165753,0.2693848739760635,0.08809344204440595
Cho2017,10,0,right_hand,mid,33,0.007872324576540956,-0.01847437730704796,0.317077373924737,0.26280950997959934,0.08785771613410183,-0.007186976902831429,-0.09504469303693326,-0.02859921556165796,-0.016511839035567057,0.012087376526090904,0.3373695824138073,0.32218175478745664,-0.01518782762635068,0.30031118724710504,0.22682555871259763,-0.07348562853450741
Cho2017,10,0,right_hand,late,34,8.004795645031454e-06,0.006792314666877268,0.1620512189460333,0.17070536374835366,0.038764582604305486,-0.0012470300895046542,-0.04001161269381014,-0.05240771827721999,0.019664080086634887,0.07207179836385488,0.15131738613957507,0.16675322572988888,0.015435839590313805,0.2080949957615543,0.20633761052262084,-0.0017573852389334566
Cho2017,11,0,left_hand,early,33,-0.021815354081696478,0.010707320532504854,0.19456719533862302,0.24830013988458383,-0.09112335574414548,0.002568565442808001,0.09369192118695349,-0.0003112671799034179,0.010783962837423243,0.01109523001732666,0.27068234354591103,0.2063571474746748,-0.06432519607123624,0.20176697566790885,0.19683026179190513,-0.004936713876003723
Cho2017,11,0,left_hand,mid,33,-0.04354396515759411,0.011122047052651537,0.27123682731006415,0.19247517210636778,-0.08310238771590495,-0.039847343680685925,0.04325504403521902,0.043934765518234116,0.00816583138360472,-0.03576893413462939,0.33914767893604725,0.2258593074329284,-0.11328837150311885,0.2935203623866596,0.14671181895682003,-0.14680854342983954
Cho2017,11,0,left_hand,late,34,-0.007344145799027793,0.007143639931014647,0.11162838898202762,0.16837336388390448,-0.05013299832096845,0.010943957585983098,0.06107695590695155,0.05827353430642138,-0.0003044367474313598,-0.05857797105385274,0.1711063755519096,0.19755975595268455,0.02645338040077494,0.25263985385387755,0.19074375519700706,-0.061896098656870485
Cho2017,11,0,right_hand,early,33,0.05485342855547104,0.007148674210781835,0.34640616926687223,0.12137001945885911,0.04983704655892297,0.07061316240075237,0.020776115841829396,0.07805976647787455,-0.003545083360438066,-0.08160484983831262,0.17326504253882463,0.37069866543054164,0.197433622891717,0.22326860785893402,0.12227510306437465,-0.10099350479455936
Cho2017,11,0,right_hand,mid,33,0.023223282009840265,0.0004576327305150215,0.22722653895380246,0.1600634450172502,0.037086088729088806,0.029900213491162505,-0.0071858752379263015,0.003302113170784607,0.0005843810645346144,-0.002717732106249993,0.30927516996242377,0.2690941582855929,-0.04018101167683086,0.19893905136993262,0.18561992317785853,-0.013319128192074092
Cho2017,11,0,right_hand,late,34,0.06804217751999972,0.010051637854966452,0.48458648181980835,0.18373740149667073,0.012050641380139657,0.07667311985601286,0.0646224784758732,0.043477506334952135,0.004410932267629063,-0.03906657406732307,0.179479319811453,0.48780649073714805,0.30832717092569506,0.2615292765715079,0.18481035644542443,-0.07671892012608345
Cho2017,12,0,left_hand,early,33,0.0151739663290824,-0.006174667711182267,0.10971928197267292,0.20442494204991318,-0.04400409788638428,0.027430972184296683,0.07143507007068096,-0.061023324827342997,-0.002825298887878031,0.058198025939464965,0.2572620622211163,0.18917582190606244,-0.06808624031505386,0.1989714873333866,0.20176481230784726,0.0027933249744606647
Cho2017,12,0,left_hand,mid,33,-0.009686741046852387,0.00825863893252689,0.24099899624142512,0.23947177534945602,-0.06318349487201523,-0.001289197620000862,0.06189429725201437,0.042559721276983625,0.0038293058112825983,-0.038730415465701024,0.2925719656527387,0.174390933509433,-0.11818103214330569,0.27751300384681044,0.2222094109029242,-0.05530359294388623
Cho2017,12,0,left_hand,late,34,0.026552993003535533,0.006308015489477377,0.31630258962197194,0.24690867048105034,-0.018922135903095764,0.03189093527243623,0.05081307117553199,0.04461998126630286,0.00342517806375155,-0.04119480320255131,0.30467241078836477,0.3009719278883891,-0.0037004828999756545,0.22782030721985513,0.20438560802661984,-0.023434699193235292
Cho2017,12,0,right_hand,early,33,0.0924709485282875,0.02002385563015448,0.6590022859462457,0.148913424291491,-0.029115347656074826,0.11105542948014885,0.14017077713622367,0.016500889543107498,0.020952193447406342,0.004451303904298844,0.13750118238438452,0.688022608240034,0.5505214258556494,0.16666936857321094,0.14897568834988625,-0.01769368022332468
Cho2017,12,0,right_hand,mid,33,0.05726086394292452,0.012716771470994676,0.4912988662574882,0.1282629336806885,-0.01642559926364978,0.07957438103583657,0.09599998029948635,0.006390484707906741,0.02053332445662648,0.014142839748719736,0.07234402871028037,0.5922673835087067,0.5199233547984263,0.14904989376873018,0.19423075428409065,0.045180860515360466
Cho2017,12,0,right_hand,late,34,0.06453035664056461,0.014464938297274459,0.4303636053109148,0.1755623725440824,-0.10003435314700587,0.1112343346993024,0.21126868784630826,0.03365114885837268,0.011580727706257303,-0.022070421152115376,0.3229683372257169,0.6414648327862581,0.3184964955605412,0.28050456985761607,0.16463827143691562,-0.11586629842070045
Cho2017,13,0,left_hand,early,33,-0.0128944054747007,-0.02819651028666128,0.1493694334161972,0.2446300411277042,0.010688334505130457,-0.020255124465947048,-0.030943458971077503,-0.029564305160139654,-0.029262817005712254,0.0003014881544274005,0.06967070613250292,0.17525050369618794,0.10557979756368502,0.23582535109283326,0.23059962038852466,-0.005225730704308595
Cho2017,13,0,left_hand,mid,33,-0.009684319081901918,-0.006821314499909635,0.1818947680114009,0.2616506639043529,0.00838099933301738,-0.01190060972536603,-0.02028160905838341,-0.0006897934514193582,-0.009518785098344763,-0.008828991646925405,0.049497780772899264,0.18808795256484426,0.138590171791945,0.25580303611534827,0.23897155431919145,-0.016831481796156816
Cho2017,13,0,left_hand,late,34,-0.002106239922804701,-0.006040142784334523,0.09466209776415684,0.14516984900043448,-0.04629019149872686,0.01108355397643676,0.05737374547516362,-0.07079857296505618,0.002735829377674195,0.07353440234273037,0.3365922219807441,0.17581509864107653,-0.1607771233396676,0.1803544338211471,0.1522535977219064,-0.028100836099240717
Cho2017,13,0,right_hand,early,33,-0.04067000194602004,-0.023198671313554114,0.33215084079042423,0.15627905072294904,-0.014093986966474747,-0.04070256453940791,-0.026608577572933164,-0.03710060716782257,-0.025243180937632406,0.011857426230190163,0.08369800504060411,0.3642910995757855,0.2805930945351814,0.16747740965826213,0.16907872332334456,0.0016013136650824267
Cho2017,13,0,right_hand,mid,33,-0.01818210309187957,-0.003457088845904147,0.17096256557312026,0.08478227321611859,0.07743500042599841,-0.04730046284080953,-0.12473546326680793,-0.07048192536205011,0.005556736975888747,0.07603866233793886,0.32763745386519727,0.42890593951722467,0.1012684856520274,0.2474547822582481,0.07721026863436013,-0.17024451362388798
Cho2017,13,0,right_hand,late,34,-0.05922225000325749,0.011556252291440203,0.5658335831159638,0.22064083587151273,0.0032924807506333267,-0.06845654048680744,-0.07174902123744076,-0.007593092804630395,0.018093168629683958,0.025686261434314354,0.19622235017157058,0.5845161786766974,0.3882938285051268,0.2330868731443937,0.24643260845848902,0.01334573531409533
Cho2017,14,0,left_hand,early,33,0.030274675138312224,-0.06854707035456083,0.1734803993742714,0.39836985890129284,0.16479338259474444,-0.02169468111503477,-0.18648806370977922,-0.07162109288896905,-0.05715182378070806,0.01446926910826099,0.31798884832145763,0.17025538039262245,-0.14773346792883518,0.2276756147718684,0.3043044489443015,0.07662883417243307
Cho2017,14,0,left_hand,mid,33,-0.006135277694638485,-0.04161564446232134,0.11024350636437048,0.3337645466807816,-0.04442419443309311,0.008166357184918559,0.05259055161801167,-0.053454787835257464,-0.04474097302306287,0.008713814812194597,0.0985473414109547,0.18665258451969644,0.08810524310874174,0.2157343381697461,0.3238361201423802,0.10810178197263412
Cho2017,14,0,left_hand,late,34,-0.02614287153600363,0.008344123690595055,0.14877775696711104,0.17826667528605472,0.025842078937653612,-0.036848894220189644,-0.06269097315784325,0.07221963103472445,-0.0037838151107036293,-0.07600344614542807,0.06371738783026357,0.19141453173743714,0.12769714390717357,0.16123583412738868,0.20509640720513636,0.04386057307774768
Cho2017,14,0,right_hand,early,33,-0.0837427170647466,-0.014080455308611187,0.41522422423936145,0.1661958313422738,-0.3104812734565843,-0.04588778667819193,0.26459348677839234,-0.1290799435998341,0.009561377227614644,0.13864132082744873,0.6161139939660589,0.226247752269267,-0.38986624169679196,0.2918973798475649,0.15068429829958901,-0.1412130815479759
Cho2017,14,0,right_hand,mid,33,0.025551850064814544,-0.015516079732446297,0.15985953577464185,0.22175275928262378,0.05656259564041465,0.03137388935736866,-0.025188706283045995,-0.05339857015028916,-0.0002640203246549527,0.05313454982563421,0.12520543233997142,0.24597473851606938,0.12076930617609796,0.186236676339821,0.19774402962898893,0.011507353289167938
Cho2017,14,0,right_hand,late,34,-0.04481877133603322,0.010465819795873061,0.21462206936043013,0.2915371321028573,-0.10398507452882966,-0.04290701517117464,0.06107805935765502,-0.03331247151134122,0.019777015399758142,0.05308948691109937,0.22842300477364488,0.18495547651544245,-0.04346752825820244,0.21985056667563188,0.2906869860686401,0.0708364193930082
Cho2017,15,0,left_hand,early,33,0.011189915472008812,-0.02014423510192078,0.21018908010922538,0.24264115270650913,-0.1285688361735033,0.01803096805767489,0.1465998042311782,0.025684710650402755,-0.025089601487812356,-0.05077431213821511,0.2509122519976274,0.27590346513307396,0.024991213135446555,0.19123477799148345,0.26456963604289,0.07333485805140658
Cho2017,15,0,left_hand,mid,33,0.055871847798777546,-0.011579725763192272,0.3924915750184132,0.23611339845760224,0.0971893181852882,0.053837304375852504,-0.043352013809435694,0.050824465032075924,-0.027533151627079963,-0.07835761665915589,0.19656951297282915,0.36874008574543365,0.1721705727726045,0.29678478086789867,0.25214265807837755,-0.04464212278952112
Cho2017,15,0,left_hand,late,34,0.045702449358499236,-0.0027009542526262214,0.3361200725549639,0.2785521065678613,0.041386530869367874,0.046881212079664086,0.005494681210296212,-0.0147831863881654,-0.0045512135164782015,0.010231972871687197,0.24048608202496558,0.330588719286234,0.09010263726126844,0.13949271592202148,0.3159906427505679,0.1764979268285464
Cho2017,15,0,right_hand,early,33,0.02838904858385721,0.027402342721903436,0.2693740179723267,0.29385172941328,-0.16590589475408402,0.029938259833728297,0.19584415458781232,0.026789860161107275,0.02903665100191572,0.0022467908408084457,0.38706228199129666,0.31657327344713515,-0.07048900854416151,0.18831045510796024,0.31950133599066727,0.13119088088270703
Cho2017,15,0,right_hand,mid,33,-0.026522109307033304,0.006628564173374802,0.291593565922761,0.19649515952182922,-0.03475984169397023,-0.023317225497230108,0.01144261619674012,0.000440939230675184,0.007372138141938482,0.006931198911263298,0.10297808867789426,0.28309153740030424,0.18011344872240997,0.2028911471779307,0.17669009766654062,-0.026201049511390073
Cho2017,15,0,right_hand,late,34,0.00789584815709254,-0.007186751290269944,0.10604070755131519,0.1985698320259554,0.021287606816602585,-0.005059216908689734,-0.026346823725292318,-0.028007278163971652,-0.002754439309795153,0.0252528388541765,0.05159651567342223,0.08269195386155316,0.03109543818813093,0.2443306335315902,0.17020791780181313,-0.07412271572977708
Cho2017,16,0,left_hand,early,33,-0.04618517737728932,-0.01966218148669068,0.4184469078677411,0.26464711848733924,-0.07216039807434926,-0.03456978181814549,0.037590616256203774,-0.10353314386669105,-0.006159105265236405,0.09737403860145465,0.2533179204176888,0.4350564646197536,0.1817385442020648,0.23998782706327923,0.2537022220048005,0.013714394941521296
Cho2017,16,0,left_hand,mid,33,-0.07369931631170853,-0.04659475587235084,0.6045453896306938,0.34395993170693173,-0.07906254344029773,-0.07982681451480073,-0.0007642710745029979,-0.11107794031559898,-0.034530322340961477,0.0765476179746375,0.2688476716920471,0.5782803254838964,0.3094326537918493,0.2474540735078286,0.2748941856006465,0.02744011209281788
Cho2017,16,0,left_hand,late,34,-0.1159790510981826,0.014740113149541009,0.7291394035693861,0.43526170719456825,0.04142295811774797,-0.13588673327139417,-0.17730969138914213,-0.04207740294257836,0.012385303878172164,0.05446270682075052,0.11388277991928791,0.7764391220880709,0.662556342168783,0.14601150776549754,0.4865719781249944,0.3405604703594969
Cho2017,16,0,right_hand,early,33,-0.031677783735267306,0.0017272753360592337,0.2612916377775445,0.14741174209754646,-0.040053489165539274,-0.02567035751707949,0.014383131648459783,-0.047364407428714,0.013770415632476768,0.061134823061190766,0.1660848872063721,0.2725990444837261,0.10651415727735403,0.25314656281864095,0.1754044486684351,-0.07774211415020585
Cho2017,16,0,right_hand,mid,33,-0.057573730107457685,-0.004801745233048925,0.5081418577101632,0.14841429132322334,-0.11043360937021196,-0.07176510934939835,0.03866850002081361,-0.07532374349586723,0.004350539366047911,0.07967428286191515,0.314976962627809,0.47351177359857943,0.15853481097077043,0.2190864943541823,0.13598196628310322,-0.08310452807107907
Cho2017,16,0,right_hand,late,34,-0.027422912727240796,-0.019350416860113493,0.30048670480162787,0.19689162757328044,-0.11652993769696011,-0.013768276443342544,0.10276166125361758,-0.04480734216871269,-0.00851429240136117,0.03629304976735152,0.3405052672519134,0.22353852581824366,-0.11696674143366972,0.19350215627244527,0.12279845231728828,-0.07070370395515699
Cho2017,17,0,left_hand,early,33,0.04461273359331247,0.0011361667048754348,0.4044244436035087,0.11155823131257953,0.11511582083973552,0.029492042087027086,-0.08562377875270843,0.06309666269010175,-0.011301386655808477,-0.07439804934591022,0.36974618158789174,0.33422535145796756,-0.035520830129924186,0.22148783399044097,0.1213625358217507,-0.10012529816869027
Cho2017,17,0,left_hand,mid,33,0.02681143583087855,-0.008295753405758798,0.24548081153366075,0.16835857265756393,0.005916481269935699,0.02932673547041501,0.02341025420047931,-0.006794269145842756,-0.006954103398367608,-0.00015983425252485191,0.015817617937767404,0.24376431704187776,0.22794669910411036,0.1613513660277944,0.1432335766699971,-0.018117789357797315
Cho2017,17,0,left_hand,late,34,0.03176472636085648,-0.008066918196034285,0.2782197045333855,0.20299192466607863,0.09567739449265425,0.024020647536525254,-0.071656746956129,0.09315146612598373,-0.020646788569654444,-0.11379825469563817,0.32709336213827156,0.17918795094057544,-0.14790541119769612,0.3005234236311024,0.22007290672098093,-0.08045051691012148
Cho2017,17,0,right_hand,early,33,-0.004358660430161421,0.004213178438693851,0.0733355810234897,0.17711227238541882,0.0637846881678484,-0.005585168285810788,-0.06936985645365919,-0.004562872138509561,0.004608946623377643,0.009171818761887204,0.2232967135764886,0.0806170841507629,-0.1426796294257257,0.26896443990647184,0.17075424344529752,-0.09821019646117432
Cho2017,17,0,right_hand,mid,33,-0.007471499703948986,-0.01520372203094239,0.12319290368126215,0.18754820522500504,-0.10921695000702959,0.0003206271846956616,0.10953757719172526,-0.052788771714357044,-0.007080037774794691,0.04570873393956235,0.3081779088069811,0.07475917358190037,-0.23341873522508072,0.29374806018685895,0.14175996097979077,-0.15198809920706818
Cho2017,17,0,right_hand,late,34,-0.02872121581564578,0.01003111026299617,0.3107551976762827,0.15661541483705546,0.04286029947974662,-0.04954935666476458,-0.0924096561445112,0.062148799462070574,0.008787668184874734,-0.05336113127719584,0.1355752499681516,0.42962761793443965,0.2940523679662881,0.16695403864162386,0.13068432462055915,-0.036269714021064714
Cho2017,18,0,left_hand,early,33,-0.13992016209624727,-0.036893840867692124,0.7795575870612259,0.243772942496084,-0.15171344856521762,-0.14748897756959525,0.00422447099562237,0.01777847887995963,-0.0511023897449942,-0.06888086862495384,0.4826023890424924,0.7114647369144336,0.22886234787194115,0.19053854537007145,0.30840718568145736,0.11786864031138591
Cho2017,18,0,left_hand,mid,33,-0.21051164225113222,-0.01902799786241648,0.7517648357330577,0.26015758734425715,-0.012954015590229136,-0.23976449503774544,-0.2268104794475163,-0.05117706109941903,-0.015581031501795694,0.03559602959762334,0.147473517245015,0.7593268063063415,0.6118532890613265,0.2139506410995721,0.24686087605677234,0.032910234957200246
Cho2017,18,0,left_hand,late,34,-0.24475019377381377,-0.06275392659449505,0.8798385475190377,0.37276024216507747,-0.000951409737733052,-0.2785309636379163,-0.27757955390018324,-0.025847082428960676,-0.07027961874946545,-0.04443253632050477,0.018137390461184164,0.9247401437784599,0.9066027533172758,0.16873652009940698,0.3790737555384949,0.21033723543908794
Cho2017,18,0,right_hand,early,33,-0.15497148070040256,-0.007580409104241439,0.6448295742270875,0.20836123245863128,-0.1446564020478587,-0.15560071439591505,-0.010944312348056345,0.0016380019243932109,-0.006118881028563892,-0.0077568829529571035,0.32877404837630864,0.6215758639600218,0.2928018155837132,0.1683394628060691,0.24551478181701186,0.07717531901094277
Cho2017,18,0,right_hand,mid,33,-0.12108089953691922,-0.01868953606665234,0.578825418852609,0.2040940949657755,-0.36374500782046415,-0.08737153199918242,0.27637347582128174,-0.038461423132468885,-0.017378477484209787,0.021082945648259098,0.8250116898878992,0.3955179929067867,-0.4294936969811125,0.2616942340838943,0.197508046579496,-0.0641861875043983
Cho2017,18,0,right_hand,late,34,-0.1784460901531537,-0.03185488948251379,0.7360805221259601,0.24067304914674592,-0.10492065197468076,-0.19598387380771407,-0.09106322183303331,-0.09097598835519013,-0.0268117300836935,0.06416425827149663,0.27247517589645104,0.7260821783338106,0.4536070024373596,0.25324018514399044,0.20352266336922534,-0.0497175217747651
Cho2017,19,0,left_hand,early,33,0.07275816295276896,0.012260961195769913,0.4199025961411852,0.27946079761363257,0.018961718148287197,0.08561850826012948,0.06665679011184228,0.04393567989292734,0.011677285111641424,-0.03225839478128592,0.17427537927826714,0.47555531573732,0.3012799364590529,0.2730856375769474,0.20178946692603725,-0.07129617065091018
Cho2017,19,0,left_hand,mid,33,0.131404555103453,-0.013205344515005499,0.5622744349502682,0.21319076017573138,0.29016924608724326,0.09428248898702597,-0.1958867571002173,-0.06914337993363752,0.00012465486217669866,0.06926803479581421,0.5189969680505094,0.4891716382297764,-0.02982532982073305,0.21836790211180668,0.24003499033391568,0.021667088222109
Cho2017,19,0,left_hand,late,34,0.07852328271228885,0.01980479382933005,0.36666236740782965,0.16160388786823218,0.22063376447369518,0.03474837625890263,-0.18588538821479256,0.04621924279534939,0.013535512124411609,-0.032683730670937786,0.4297451049009131,0.22702064052631338,-0.20272446437459973,0.20666063620358682,0.15717404168421562,-0.04948659451937121
Cho2017,19,0,right_hand,early,33,0.02634671961218884,0.01830972667729652,0.26242518653591845,0.22698098051874013,0.21631699460558904,-0.00655610213190457,-0.22287309673749361,-0.0546005744236591,0.032767180671155235,0.08736775509481434,0.3808701263448694,0.16396516671836897,-0.21690495962650042,0.26672885339883534,0.23250343034431212,-0.034225423054523224
Cho2017,19,0,right_hand,mid,33,0.061722556394615394,0.04355821669727115,0.31769427531905103,0.30461802833567575,0.2696212761146898,0.02836203255304008,-0.24125924356164968,-0.055036318027630815,0.07322165873702098,0.12825797676465178,0.46204661195831787,0.17629170341342248,-0.2857549085448954,0.208165869782577,0.3897011724308814,0.18153530264830442
Cho2017,19,0,right_hand,late,34,0.016161388140778787,0.007602250253682606,0.11047658286149364,0.2208558041106231,0.018217093496199148,0.007382985310949307,-0.010834108185249842,0.00351522862330432,0.00027519265518821505,-0.003240035968116105,0.24828344135599428,0.11840103591878529,-0.129882405437209,0.19375031194290876,0.2049364558346721,0.01118614389176334
Cho2017,20,0,left_hand,early,33,-0.1316903790427182,-0.018173485524677454,0.8545078974695066,0.14694687947096524,-0.05710242436158355,-0.14045490293531662,-0.08335247857373307,-0.0175126718638879,-0.015171541071866917,0.002341130792020982,0.2485512804992645,0.849236828182079,0.6006855476828146,0.19871880824988145,0.1525413569659137,-0.046177451283967746
Cho2017,20,0,left_hand,mid,33,-0.13701586364309812,-0.03382515387694296,0.8149755627579169,0.26920188467706063,-0.1870038991433903,-0.12948872664201072,0.05751517250137958,-0.0137664763681643,-0.026479255985757278,-0.012712779617592977,0.6233711780183308,0.7896601401970833,0.16628896217875255,0.2534234347583406,0.2510847060212737,-0.0023387287370669196
Cho2017,20,0,left_hand,late,34,-0.15189696958049123,-0.021738822107527398,0.8758567489476968,0.2506572872863788,-0.02557032249686941,-0.1706767380002672,-0.14510641550339778,0.032058260300771316,-0.03628149058373963,-0.06833975088451094,0.0877146895993288,0.9282693188567805,0.8405546292574517,0.18266596681012404,0.26927784540694605,0.08661187859682201
Cho2017,20,0,right_hand,early,33,-0.05980823301582872,-0.0075540647554113065,0.527974800944778,0.1641610377219921,-0.0974627381412654,-0.05745452624510145,0.040008211896163944,0.029434558235904604,-0.01555911438395557,-0.044993672619860176,0.41417278003442864,0.47972939982113283,0.06555661978670418,0.17784818440959416,0.20764804595557929,0.02979986154598513
Cho2017,20,0,right_hand,mid,33,-0.005860742940556886,0.022947501937065788,0.14564565572478988,0.25393033256545505,-0.07173766552940819,0.014093123073691888,0.08583078860310007,-0.0057516823296988725,0.03070303140061251,0.03645471373031138,0.3249766691866419,0.13295266868009123,-0.1920240005065507,0.20557064883985995,0.3377879805153585,0.13221733167549857
Cho2017,20,0,right_hand,late,34,-0.0364971147698188,-0.007687070791233431,0.35704178430759675,0.4058062976641815,0.015824677815381525,-0.046333081753395684,-0.06215775956877721,-0.0006690362301258745,-0.006163867207859235,-0.0054948309777333604,0.2541612508563189,0.3645853223551678,0.11042407149884886,0.21847241266064954,0.3334597337548645,0.11498732109421494
Cho2017,21,0,left_hand,early,33,0.11130827138439363,0.04080971905753061,0.7410316727994231,0.32936932872231783,0.015623802100943395,0.1317292751321363,0.11610547303119291,0.012048492687596906,0.052328331327549445,0.04027983863995254,0.11193769109986244,0.7994512492602966,0.6875135581604342,0.21296157670550062,0.3985007405793819,0.18553916387388128
Cho2017,21,0,left_hand,mid,33,0.11363957361669338,0.007992267941585574,0.7191076801330787,0.19124407338739516,0.06956535638915805,0.11946199418713767,0.04989663779797962,0.02471319137307222,-0.0011990008036935121,-0.025912192176765735,0.3349903624957047,0.7011818100074164,0.36619144751171173,0.1410385605515136,0.17113049529330368,0.03009193474179009
Cho2017,21,0,left_hand,late,34,0.06498989304770283,0.02278706724735447,0.47673638631883397,0.2665472550344703,-0.05595147674162647,0.07335782508695655,0.12930930182858302,0.012200761603886988,0.020098678273899124,0.007897916670012136,0.16894934525762842,0.5261871017041735,0.3572377564465451,0.18265263215967883,0.23606056696012112,0.053407934800442286
Cho2017,21,0,right_hand,early,33,0.17554562610189084,0.019359032265054643,0.844943257200151,0.23047563921130704,0.10172330724218677,0.19548801913283467,0.0937647118906479,0.05237493934823365,0.0014598751921320405,-0.050915064156101614,0.3428116701719463,0.8860872393576774,0.5432755691857312,0.26627005063967885,0.19498135212863416,-0.07128869851104469
Cho2017,21,0,right_hand,mid,33,0.1783032399628322,0.024130619755661345,0.8923985386829506,0.18856018627621296,0.10021934335852416,0.20194481555461524,0.10172547219609109,0.06181410387618527,0.00463812932893482,-0.05717597454725045,0.36659855764231236,0.8762809491176864,0.5096823914753741,0.22717152384405484,0.20659502991343448,-0.02057649393062036
Cho2017,21,0,right_hand,late,34,0.12132587376974678,0.019099047737541373,0.7861878367198795,0.17595968421595312,0.000527144528128333,0.13697168966090417,0.13644454513277585,0.05274741290515806,0.014547289603867756,-0.0382001233012903,0.1964091566698093,0.8062203564722292,0.6098111998024199,0.24403959660606656,0.1964428517062865,-0.04759674489978005
Cho2017,22,0,left_hand,early,33,0.0031992339209232336,-0.014089617163524255,0.07331317454070257,0.16786634814704943,-0.08508371893248484,0.021023888811859355,0.10610760774434419,-0.036377257276432554,-0.015452380034936465,0.02092487724149609,0.1555178836536555,0.13698330156180008,-0.018534582091855406,0.20204845373609803,0.15348035393610063,-0.048568099799997405
Cho2017,22,0,left_hand,mid,33,-0.03192845778526945,0.02614097278003482,0.293184364385748,0.2610400926840156,-0.17497951144412144,-0.014101012190046698,0.16087849925407474,-0.01886047562204113,0.025903187504505102,0.04476366312654623,0.3838994602343665,0.09295148498709553,-0.29094797524727095,0.3429415667270323,0.20531879549650944,-0.13762277123052286
Cho2017,22,0,left_hand,late,34,-0.0883693927569732,-0.019604975320465103,0.5835696460264216,0.16346196598849788,-0.22446183766857086,-0.06997299858186636,0.15448883908670452,0.005849352094199892,-0.018275278433982117,-0.02412463052818201,0.4627087335645926,0.5440919494656018,0.08138321590100922,0.28884085438844714,0.1314202051996317,-0.15742064918881543
Cho2017,22,0,right_hand,early,33,-0.006423618719088637,-0.03114460896518339,0.049251557888658246,0.23590591473596784,-0.21607616476172026,0.029654635680502597,0.24573080044222284,-0.07263175568379555,-0.03222972894265967,0.04040202674113588,0.43729618366376494,0.15703347324173775,-0.2802627104220272,0.20191200412411306,0.24289882983497346,0.0409868257108604
Cho2017,22,0,right_hand,mid,33,-0.02309273093098415,-0.0008130695879326077,0.18307141999758914,0.10422995101747215,0.07100947478155183,-0.03997033930072701,-0.11097981408227883,-0.016072965536781378,0.002462081508775508,0.018535047045556887,0.15238047164656782,0.27926071125131396,0.12688023960474615,0.14640010334609738,0.09988563523325175,-0.046514468112845625
Cho2017,22,0,right_hand,late,34,0.05185245266890767,-0.026146972566194263,0.366475014965975,0.2231542464230922,-0.003302603359761992,0.05348029400483629,0.05678289736459828,-0.07396729940724177,-0.0193677696676091,0.05459952973963267,0.20622522311293587,0.34077899511074067,0.1345537719978048,0.23375633743172974,0.16187549970421103,-0.07188083772751871
Cho2017,23,0,left_hand,early,33,0.030018664812233965,0.027783216302187837,0.22410807325968385,0.250794073509332,0.11889320173985915,0.0001689055206356064,-0.11872429621922355,0.06475170868253693,0.029670253464023907,-0.035081455218513025,0.39244737992653506,0.16267484462422022,-0.22977253530231484,0.20011712578250207,0.28447757156465586,0.08436044578215379
Cho2017,23,0,left_hand,mid,33,-0.06789143401266962,-0.004570268233542118,0.5552603466733481,0.3600045024981595,0.01552909211918495,-0.09704314162704437,-0.11257223374622932,-0.02413600964591922,-0.0008189454961405654,0.023317064149778657,0.10297547999709111,0.6925525384056588,0.5895770584085677,0.2130791821018247,0.3523441039942293,0.13926492189240458
Cho2017,23,0,left_hand,late,34,-0.04700732678126067,0.027434324965425506,0.42514535597985537,0.30825405298965386,0.014881287299713306,-0.0669720404329489,-0.0818533277326622,0.07233827397819621,0.020985417404109294,-0.05135285657408692,0.1365522066606203,0.5076941614159133,0.371141954755293,0.2501097637346626,0.2797724477639651,0.0296626840293025
Cho2017,23,0,right_hand,early,33,-0.020790816553751895,0.016465410731654827,0.18830042403943667,0.14095648100189678,-0.05616076220422189,-0.0036516354875749998,0.05250912671664689,0.08222981647034128,0.0029556651037016607,-0.07927415136663962,0.2929362951019264,0.09317513918001202,-0.1997611559219144,0.1751932692550176,0.12243754781337955,-0.05275572144163805
Cho2017,23,0,right_hand,mid,33,-0.018918940375295706,-0.0005070146158046042,0.21243141155929934,0.16238275921539355,-0.07826803861546669,-0.0032385546359991074,0.07502948397946758,0.03127929933697549,-0.014303758011960953,-0.045583057348936445,0.3307615727467507,0.05913452750947379,-0.27162704523727693,0.18694812327676444,0.17465809454433678,-0.012290028732427655
Cho2017,23,0,right_hand,late,34,-0.003831481521366457,-0.005942890947068892,0.05102634370521604,0.17213003002499902,-0.007850926459371457,-0.007167088829324991,0.000683837630046466,0.04857489870161921,-0.02331405146218631,-0.07188895016380552,0.13322857973393043,0.12328197047803598,-0.009946609255894454,0.25647313945107064,0.2239052477625431,-0.03256789168852753
Cho2017,24,0,left_hand,early,33,0.010497987382914133,0.029651946824737565,0.3538045005303191,0.20713392653323043,-0.1648177194826878,0.02902203710435008,0.1938397565870379,0.017990335435348396,0.03331634611551529,0.015326010680166893,0.3357375353214562,0.3139029694151774,-0.021834565906278802,0.20874651820933518,0.21112587812415576,0.002379359914820578
Cho2017,24,0,left_hand,mid,33,-0.07461701245417834,0.008950626694076182,0.43272129807621773,0.11323144817981443,-0.06915205667341642,-0.07992660138094511,-0.010774544707528685,0.011435028844371288,0.010631234243881169,-0.0008037946004901195,0.4342328149384579,0.42250257616074044,-0.01173023877771745,0.20738696082837124,0.13309077614272333,-0.07429618468564791
Cho2017,24,0,left_hand,late,34,-0.05452889561904542,0.05728165214609908,0.48460649885889,0.3179483355087306,-0.009751552839153839,-0.07709840539288956,-0.06734685255373572,0.07986293234113696,0.058383690852551344,-0.02147924148858562,0.16515988928756048,0.559530564989187,0.3943706757016265,0.2661479979769771,0.2937267115653269,0.027578713588349846
Cho2017,24,0,right_hand,early,33,0.009484767009397058,0.03711407969065998,0.3011841349847283,0.2905573850753326,-0.028061121344291697,0.013992846744728893,0.042053968089020594,0.01624968195716638,0.045265800752442034,0.029016118795275655,0.17774430404484592,0.30318888053511056,0.12544457649026464,0.23355947287469203,0.287053280970504,0.053493808095811946
Cho2017,24,0,right_hand,mid,33,-0.04136985546502865,-0.007643762461136399,0.29086250813436487,0.20205841952110493,-0.05712871843942715,-0.03871463876094728,0.01841407967847987,-0.06111845748973551,-0.0009030878852857444,0.060215369604449766,0.1541157101400445,0.27339622448940676,0.11928051434936227,0.24480676280692318,0.20445453247426584,-0.040352230332657335
Cho2017,24,0,right_hand,late,34,-0.04336857892993777,0.06870842593516695,0.29745016109344324,0.3950983473825221,0.040945178113000164,-0.0446654123219999,-0.08561059043500006,0.10055154244023094,0.06771941444919664,-0.0328321279910343,0.09956814537121225,0.29226621742238046,0.1926980720511682,0.20697720910952316,0.3863901841784961,0.1794129750689729
Cho2017,25,0,left_hand,early,33,0.018431806120344067,0.012667893387461715,0.22759143135022564,0.14954025000995413,0.10878284821211195,0.010730824896992548,-0.0980520233151194,-0.007228993843039578,0.017699131152471292,0.02492812499551087,0.2832165517610507,0.18026309505820168,-0.10295345670284903,0.14331627894753587,0.1869464375433158,0.04363015859577993
Cho2017,25,0,left_hand,mid,33,-0.01963880454764068,0.012648975437590823,0.3019231077370761,0.2222311163534481,0.025614077769306427,-0.016672104025900848,-0.042286181795207274,0.09353300359672367,-0.012661753811292364,-0.10619475740801604,0.2088389065492277,0.25950668429516216,0.05066777774593445,0.22815762103379836,0.25016025877478937,0.02200263774099101
Cho2017,25,0,left_hand,late,34,0.0400516220617277,0.021079665916129108,0.30461512076781827,0.16002912079804535,0.009833830714889604,0.03720762580440023,0.027373795089510624,0.024505436909949066,0.023730219445743415,-0.0007752174642056513,0.09582413260749631,0.26489173378076825,0.16906760117327194,0.2166650894817389,0.18840940333808687,-0.028255686143652037
Cho2017,25,0,right_hand,early,33,-0.06615586897553069,-0.008547956591894064,0.4902960927829391,0.17971971274879564,-0.1089622615465084,-0.05532151720984658,0.05364074433666182,-0.0038295960055248768,-0.008574055075266703,-0.004744459069741826,0.3643693467274121,0.3897525272249525,0.025383180497540403,0.20391042651098215,0.22227003317445929,0.018359606663477135
Cho2017,25,0,right_hand,mid,33,-0.0016908418923678502,-0.028532455149353368,0.08752429710413746,0.2344580116802773,0.04195459565331618,-0.011407712099361077,-0.05336230775267726,-0.04166168891392895,-0.01698069357729432,0.024680995336634627,0.1520720820220652,0.14877416684696582,-0.003297915175099392,0.24409546588645784,0.21756748352783684,-0.026527982358621
Cho2017,25,0,right_hand,late,34,-0.02301648332749477,-0.015989523100945962,0.18679020637654348,0.16835013358269738,0.08321222117684574,-0.03771198112197668,-0.12092420229882242,-0.03213015367574099,-0.00856781473084667,0.023562338944894325,0.24877734311267194,0.2598395440823133,0.011062200969641361,0.23234924687283579,0.15149770598082604,-0.08085154089200974
Cho2017,26,0,left_hand,early,33,0.06462224094203277,-0.025974306639809534,0.4161791577916392,0.24123253894672456,0.06859276795095348,0.0851998255279143,0.01660705757696082,-0.04424833802528283,-0.024256071613065207,0.019992266412217623,0.2087197170224584,0.5546177903079271,0.34589807328546873,0.2554346513821453,0.26798111897434757,0.012546467592202293
Cho2017,26,0,left_hand,mid,33,0.08331734479787088,0.004983453736509177,0.5617793720668631,0.23693235205279167,0.016284210050347345,0.10622366609678909,0.08993945604644174,0.004117780690756279,0.005752836275529095,0.001635055584772816,0.26674508046377615,0.6701542627638696,0.4034091823000934,0.19101377501335484,0.2569610944840493,0.06594731947069446
Cho2017,26,0,left_hand,late,34,0.08769264095292544,0.01865825402193772,0.5626547850089261,0.25614171043943823,0.056189709523098166,0.12158815307328757,0.06539844355018941,0.03234175706468669,0.02121801796532416,-0.011123739099362533,0.1433112457146737,0.7189848837055528,0.5756736379908791,0.14330602262899997,0.22217982082369395,0.07887379819469398
Cho2017,26,0,right_hand,early,33,0.013224970637977135,-0.04466763932302164,0.11305386785391484,0.29814512210458355,-0.10920869466414117,0.031231688792936845,0.14044038345707802,-0.16304152859380577,-0.026741695226466727,0.13629983336733906,0.258696870253024,0.21401906145155236,-0.04467780880147165,0.3589553341904056,0.18038538989987013,-0.17856994429053547
Cho2017,26,0,right_hand,mid,33,0.0694418280490883,-0.007498233850336188,0.5238928516753164,0.15590730735911876,0.04361626182286264,0.10245595859842421,0.05883969677556157,0.03560262109189441,-0.021070217129984973,-0.05667283822187938,0.2023581529681538,0.5873149349333993,0.38495678196524546,0.279618079577474,0.20139580547749933,-0.07822227409997465
Cho2017,26,0,right_hand,late,34,0.05610629425013016,-0.011457805050181307,0.4775725946793838,0.18778455767890603,0.1155431230022112,0.04188660863621988,-0.07365651436599133,-0.11137531919980109,0.008661441263000079,0.12003676046280118,0.3525137945596081,0.4197396094311069,0.06722581487149881,0.25745343453406,0.22439028840762298,-0.033063146126437015
Cho2017,27,0,left_hand,early,33,-0.08177162798664914,-0.07120683740776029,0.5563836496779254,0.4099180511294428,-0.0811225390807866,-0.08592356471103087,-0.004801025630244274,-0.013403983254850097,-0.08071518058497326,-0.06731119733012317,0.29894635844052164,0.49421407719637617,0.19526771875585452,0.20310747227689654,0.44236841191141074,0.2392609396345142
Cho2017,27,0,left_hand,mid,33,-0.04556442798014512,-0.05684069604400433,0.29232729183716566,0.341022397530597,-0.016830518443733282,-0.05140448375076082,-0.03457396530702754,0.007113729006962572,-0.07573872375511574,-0.08285245276207831,0.24803275158547677,0.31312031962886816,0.06508756804339139,0.2428177647888078,0.42789097595747355,0.18507321116866576
Cho2017,27,0,left_hand,late,34,-0.04471724252834837,-0.04465166111294334,0.3521092213897647,0.271597580439694,-0.054760709986270126,-0.03897171493560428,0.015788995050665847,0.031363511407902986,-0.0563429469896339,-0.08770645839753688,0.16690775822509626,0.27361837512700826,0.106710616901912,0.26563970415653004,0.2916077920704665,0.025968087913936455
Cho2017,27,0,right_hand,early,33,-0.04491749536353716,-0.037970015282460835,0.28323554570984844,0.24201711095403355,0.08473447329137088,-0.07045884508529954,-0.1551933183766704,-0.049406570822039336,-0.029700106688119923,0.019706464133919414,0.23182774374929566,0.39688256576838976,0.1650548220190941,0.17328362765332417,0.1853417582779707,0.01205813062464653
Cho2017,27,0,right_hand,mid,33,-0.016962236765207573,-0.06483830721146457,0.13975775454019934,0.3518891603418896,-0.06063505465336119,-0.012952935415012442,0.04768211923834875,0.002210084774825427,-0.07965921543569784,-0.08186930021052327,0.14718932405664642,0.16608477871320454,0.01889545465655812,0.3038125964304592,0.3839319944762019,0.0801193980457427
Cho2017,27,0,right_hand,late,34,0.023563252838007073,-0.032839555306488015,0.22760483607699206,0.17766819877801168,0.01643701062974028,0.03643426270814817,0.019997252078407888,-0.06790013233842587,-0.022423503730991896,0.045476628607433976,0.05696182090821256,0.2664816592889568,0.20951983838074423,0.14816190721464906,0.14526591872659647,-0.0028959884880525866
Cho2017,28,0,left_hand,early,33,0.019469734941421214,0.027679454870777408,0.21062331312404337,0.20012456901916706,0.010823287564115373,0.02273824912479144,0.011914961560676066,-0.053277447317316776,0.045004545704285415,0.09828199302160219,0.19762251170796824,0.17392560918062192,-0.023696902527346325,0.24327112324238515,0.25007799742617487,0.006806874183789724
Cho2017,28,0,left_hand,mid,33,0.007854582707394295,0.004677189870392191,0.09167207435544993,0.1387930060717952,-0.044517202685969065,0.017507938509002778,0.06202514119497184,-0.015121684031944404,0.013986398813391657,0.02910808284533606,0.23234937644545384,0.13997430094939034,-0.0923750754960635,0.14892533228246338,0.17417368831378352,0.02524835603132014
Cho2017,28,0,left_hand,late,34,0.01046690704274419,-0.00891896906745945,0.09120518029945102,0.20441846035384265,-0.06215237049644089,0.024896421106507454,0.08704879160294834,-0.04080678191272937,0.004104596309641814,0.044911378222371186,0.13102778749151076,0.15182996934190912,0.020802181850398366,0.2492459479156007,0.1608229880133177,-0.088422959902283
Cho2017,28,0,right_hand,early,33,0.0022916197710061885,0.02187626492094417,0.1823294503959641,0.17330317899308884,-0.05294491130507746,0.01827615728302135,0.07122106858809882,-0.0018554519250630842,0.020924836509889536,0.02278028843495262,0.16022261004913443,0.16662319218033803,0.0064005821312035915,0.15829189141473127,0.18824070101513213,0.02994880960040086
Cho2017,28,0,right_hand,mid,33,-0.0040637717302042554,0.005852004107772595,0.13993430005841434,0.2896761668289569,-0.010759614896204216,0.0002211075285483966,0.010980722424752612,-0.02464006989444078,0.011274191229047052,0.035914261123487834,0.026118226438552133,0.15657680661017592,0.1304585801716238,0.31274654739796426,0.2936207275909946,-0.019125819806969646
Cho2017,28,0,right_hand,late,34,0.027855471059279442,0.022810801259850907,0.2950947877350665,0.1931895914597693,0.06992171645797361,0.028241060839749463,-0.04168065561822415,0.012397973624612266,0.025675686200536004,0.013277712575923738,0.1528118983927157,0.2825593472435495,0.12974744885083378,0.11629506137706687,0.17845153777120665,0.06215647639413978
Cho2017,29,0,left_hand,early,33,-0.04958838675067527,-0.021206045724432226,0.32150312549536664,0.1904919216020668,-0.11274045608660618,-0.05867240259318239,0.05406805349342379,0.0793673773656112,-0.02721922823089871,-0.10658660559650991,0.2523467586211725,0.3384726893136314,0.08612593069245889,0.18647657817848115,0.18108483092180078,-0.005391747256680374
Cho2017,29,0,left_hand,mid,33,-0.02758422040126421,-0.025514069776077716,0.20157701628287852,0.2354831160039976,0.1154014258803649,-0.043220277699513594,-0.15862170357987848,-0.08123955631049348,-0.01993244714151913,0.061307109168974354,0.2754574758120816,0.2667991321343175,-0.00865834367776408,0.2110045660685117,0.2256406623607671,0.014636096292255402
Cho2017,29,0,left_hand,late,34,0.002168081451105708,-0.01698706642683938,0.1825842235262254,0.1582355907292758,0.03581174059672097,-0.011846894526247403,-0.047658635122968376,0.004924121540315447,-0.02535415262831039,-0.030278274168625836,0.06529879481461387,0.2027210969969698,0.13742230218235593,0.20554515328745027,0.20438590394373748,-0.0011592493437127815
Cho2017,29,0,right_hand,early,33,0.028704164143775614,0.0020014465492015146,0.2058714933522861,0.1764934444346666,0.1354705020876148,0.018831868405029702,-0.11663863368258509,-0.004669940912534916,-0.00031769432556011325,0.004352246586974803,0.3075026862140396,0.12584985707400087,-0.18165282914003872,0.18337680759819935,0.17765555101311234,-0.0057212565850870145
Cho2017,29,0,right_hand,mid,33,0.040534686255328134,-0.001236710765367346,0.2609322724112334,0.1826441289629563,0.05429025537706051,0.03302484262826819,-0.021265412748792317,0.054884301593891495,-0.006677169529698215,-0.06156147112358971,0.10594450768888874,0.1935192042773069,0.08757469658841815,0.21895477413190242,0.19685528910049546,-0.022099485031406962
Cho2017,29,0,right_hand,late,34,0.004836539049717918,-0.03485067343381218,0.13716462946195782,0.2797861200405615,0.09529719611288016,-0.01128255806507063,-0.10657975417795079,0.04082587767611017,-0.045954308153745675,-0.08678018582985585,0.25949843622706165,0.17130900975390911,-0.08818942647315253,0.16846867689715816,0.3222136318018972,0.15374495490473905
Cho2017,30,0,left_hand,early,33,-0.01804933837103631,0.00592926523902257,0.12051310334561212,0.20626839541080066,-0.028295950619448212,-0.020368018050371785,0.007927932569076427,0.036558914023968686,-0.0004152108252984184,-0.036974124849267105,0.06957278529243807,0.14514919655261166,0.07557641126017359,0.2708822426435975,0.1556355155757303,-0.1152467270678672
Cho2017,30,0,left_hand,mid,33,-0.042885882592899854,-0.03756420298400153,0.27607719462141855,0.295118314153867,-0.13617713583541793,-0.04639241938505988,0.08978471645035806,-0.09257509445720284,-0.031915570381758726,0.060659524075444116,0.3089123683615445,0.27730058823093756,-0.03161178013060695,0.20487482547540098,0.2725054363802743,0.06763061090487332
Cho2017,30,0,left_hand,late,34,-0.03910319452842323,0.0015926569267649025,0.2211181092747787,0.11718020876763872,-0.059329117545936685,-0.022980265359616427,0.03634885218632026,-0.042525743497191404,0.016748968679294967,0.059274712176486374,0.12120332811397015,0.1403668608880649,0.019163532774094758,0.2231515449165096,0.15098793971245006,-0.07216360520405954
Cho2017,30,0,right_hand,early,33,-0.05390513366879843,-0.04218187423001134,0.39056829229209217,0.2481078513143942,0.027749979543946972,-0.07619849894833476,-0.10394847849228173,-0.01274551636693146,-0.05321448352990778,-0.04046896716297632,0.06497092213055478,0.532698837959792,0.46772791582923723,0.13514453573371585,0.3034191815566126,0.16827464582289678
Cho2017,30,0,right_hand,mid,33,-0.01870861441634694,-0.059480304972431286,0.20698533856901669,0.37681617936670747,-0.11257927843402274,-0.010637180239908183,0.10194209819411455,0.00255189916318338,-0.07645641852933129,-0.07900831769251467,0.3269729756591667,0.17220855925754902,-0.1547644164016177,0.19380482367582444,0.4272859807786665,0.23348115710284204
Cho2017,30,0,right_hand,late,34,-0.015344650718443166,-0.014281250648523543,0.19507727338088782,0.18827331810335782,0.030685823883881393,-0.02838774805763062,-0.05907357194151201,0.03202596255764752,-0.023178593881461693,-0.05520455643910921,0.13253889066627728,0.19680297866018479,0.06426408799390751,0.16543827002839057,0.19235575229209403,0.02691748226370347
Cho2017,31,0,left_hand,early,33,0.005092292269454417,-0.009376387248916422,0.0963296865588401,0.16895319927109684,0.06834206261803911,-0.004688588984449074,-0.07303065160248819,0.06252869272866828,-0.01982478838317445,-0.08235348111184272,0.18210443607613358,0.10526605676948779,-0.07683837930664579,0.28796917121680715,0.17247692407803497,-0.11549224713877218
Cho2017,31,0,left_hand,mid,33,-0.015015828454142205,-0.022555115273390183,0.13920260008220425,0.16641553414118898,-0.1429104853445577,0.0048615758686199,0.1477720612131776,-0.016430054342226837,-0.024832695385551346,-0.00840264104332451,0.32953559184487946,0.0938672392623797,-0.23566835258249974,0.08474971806668047,0.18629399432813457,0.1015442762614541
Cho2017,31,0,left_hand,late,34,0.01679210166542735,-0.02396481012782861,0.1982993637937099,0.20177026574093293,0.07979620084509184,-0.003630062991703778,-0.08342626383679562,-0.05050900714346488,-0.02160384636190244,0.02890516078156244,0.21121224792477622,0.2041106806174346,-0.0071015673073416274,0.278212384607556,0.17055016069368317,-0.10766222391387281
Cho2017,31,0,right_hand,early,33,-0.017435450306447393,0.0009602576992924045,0.15619548795978966,0.12694534982445826,-0.0456434107338413,-0.015657551736816742,0.02998585899702456,0.015271234369413585,-0.0013832741043719626,-0.016654508473785547,0.16154626569116506,0.1387399814803782,-0.02280628421078687,0.2015723849511894,0.15099079598620319,-0.05058158896498621
Cho2017,31,0,right_hand,mid,33,0.05296774419179204,0.02697889659886945,0.4453360136868869,0.2299250716994704,0.08124732982538277,0.06415996688774996,-0.017087362937632813,0.043051901361734334,0.025066333616538105,-0.01798556774519623,0.18854342249280773,0.4343523830644737,0.24580896057166599,0.18285966272281665,0.20283795842311353,0.019978295700296883
Cho2017,31,0,right_hand,late,34,0.05049169564236694,-0.009567781192651496,0.33017110204814004,0.18755388013005964,-0.050148251400261544,0.06602650227689143,0.11617475367715296,-0.02184925120824442,-0.00964196045023356,0.012207290758010858,0.1019388230842736,0.36369976750291827,0.26176094441864467,0.22959835679324206,0.1633293562389979,-0.06626900055424415
Cho2017,32,0,left_hand,early,33,-0.0012571684870481305,0.010762710696128263,0.10770270208939886,0.20173182299218487,-0.0017441635807794176,0.00983904098893296,0.011583204569712378,-0.07666996154481359,0.028113106580678913,0.10478306812549251,0.08759947963283336,0.08373900080760374,-0.0038604788252296213,0.22060929611999613,0.20654268499068051,-0.01406661112931562
Cho2017,32,0,left_hand,mid,33,-0.0025013740820495805,0.01304601916747555,0.1052813869932564,0.1608204253104083,0.003724138286027842,-0.001181151681682019,-0.004905289967709861,-0.011816252505755142,0.013399664276682623,0.025215916782437765,0.3061869794882001,0.06873139782408262,-0.2374555816641175,0.19180985810068696,0.09470971588376671,-0.09710014221692025
Cho2017,32,0,left_hand,late,34,0.042219603514781476,-0.00021703605988890619,0.5236289573815316,0.17730839159419443,-0.03888255411193729,0.05262869669017152,0.09151125080210881,-0.02440639282949565,0.0010919830238224385,0.02549837585331809,0.20720571327326098,0.5449310240637126,0.33772531079045165,0.2166762838648735,0.19746644534120322,-0.01920983852367028
Cho2017,32,0,right_hand,early,33,0.03153856691174612,-0.0096136614022702,0.2958507091103103,0.19420174790863023,-0.10141881873783579,0.045452712020981105,0.1468715307588169,0.047969204444263364,-0.018203167443196895,-0.06617237188746025,0.2819426981126101,0.369931589215467,0.0879888911028569,0.20668721905461562,0.21097041215229997,0.004283193097684351
Cho2017,32,0,right_hand,mid,33,0.04150726088565142,0.01779785975052234,0.4236257860279967,0.18145023689786122,-0.01197099208232075,0.05539743801107022,0.06736843009339097,0.053962567571617055,0.020679268495737563,-0.03328329907587949,0.2403931300765762,0.4689242930956157,0.22853116301903947,0.23091988102882788,0.1496257539521098,-0.08129412707671807
Cho2017,32,0,right_hand,late,34,0.048812995669371397,0.002205551804010449,0.4693763826293307,0.09254070259132331,0.060511473100392864,0.04549019484028032,-0.015021278260112542,-0.05499585710570326,0.012805607860733032,0.0678014649664363,0.2007157595083236,0.39955883239859197,0.19884307289026837,0.12068582334061254,0.11624744541152748,-0.004438377929085052
Cho2017,33,0,left_hand,early,33,-0.01850483837818552,-0.04584772379242283,0.18716799397269523,0.33097879586565104,0.07639389618081538,-0.019125886152191473,-0.09551978233300686,-0.013898737618902285,-0.05484348179481866,-0.04094474417591638,0.27735492535320755,0.15565291664006026,-0.12170200871314729,0.2079840715204336,0.3364211523942676,0.12843708087383401
Cho2017,33,0,left_hand,mid,33,0.021086688907256294,-0.019743425627577433,0.2334863787070193,0.2398330152467333,-0.02301328763453153,0.0651056431518826,0.08811893078641413,-0.04521712097319622,-0.016007575427782843,0.029209545545413374,0.06281645168994111,0.44424428223810364,0.38142783054816254,0.2289267756631033,0.18416593059013095,-0.044760845072972344
Cho2017,33,0,left_hand,late,34,0.05082394783032275,-0.0403742393663807,0.37945908417489976,0.3228448464136734,-0.025380720762634305,0.06240472925412232,0.08778545001675662,-0.04266139313005737,-0.04048441303988831,0.0021769800901690617,0.08244328195775366,0.5156010309319579,0.4331577489742042,0.22861292644861264,0.32653787676971535,0.09792495032110271
Cho2017,33,0,right_hand,early,33,0.025334928109259816,-0.010925158427854628,0.24349678929470792,0.23869123174278256,-0.02061998595699152,0.033003187947135554,0.053623173904127075,-0.07247966657734511,0.008264686653311046,0.08074435323065617,0.12909079938041315,0.2567785347728792,0.12768773539246606,0.3171849515338784,0.18189973619095584,-0.13528521534292254
Cho2017,33,0,right_hand,mid,33,-0.0033686202250861,-0.03581787664233524,0.136389361403532,0.30683576399267365,-0.08588047225771472,0.08408708305351881,0.16996755531123353,-0.0701879661406913,-0.020725781572688923,0.049462184568002374,0.24912365517564103,0.5206859355160326,0.27156228034039154,0.35388169644672296,0.21341344326644326,-0.1404682531802797
Cho2017,33,0,right_hand,late,34,0.0667331675390616,0.01240129750344348,0.42875753936714844,0.16317714539045935,0.17094439458401717,0.04029592766442959,-0.1306484669195876,-0.03862025762694901,0.02656964461357792,0.06518990224052693,0.5999411584182341,0.30089918594114173,-0.2990419724770924,0.24985568812448689,0.19277823581589046,-0.05707745230859643
Cho2017,34,0,left_hand,early,33,-0.0019963466518407346,-0.01724914201219756,0.29438634691366095,0.14782059320005012,-0.028752303494828636,0.004357008142309409,0.033109311637138046,-0.02698532306008521,-0.009591832520680696,0.01739349053940451,0.10069625778436969,0.2899576627282335,0.1892614049438638,0.22834008028848032,0.16539528453097652,-0.06294479575750381
Cho2017,34,0,left_hand,mid,33,-0.06986839119258142,0.011963924694630033,0.5634738249039403,0.26356229461358605,-0.13572649547079493,-0.06841695141405603,0.0673095440567389,0.06726783181449526,0.0021959338319493408,-0.06507189798254592,0.5000904549137413,0.5104979103032474,0.01040745538950616,0.3071908536218955,0.21346295694014833,-0.09372789668174719
Cho2017,34,0,left_hand,late,34,-0.02807889587164221,0.003896700827696937,0.25282842923632864,0.1762303944774586,0.06901558673891033,-0.05074981664580217,-0.1197654033847125,0.006022381816792799,0.0010985831966646143,-0.004923798620128184,0.2567986796845435,0.38878727328043455,0.13198859359589105,0.15161035896487174,0.15227943904711752,0.0006690800822457821
Cho2017,34,0,right_hand,early,33,-0.003357609716183806,-0.010019049700464086,0.14565287427277085,0.15588204677778922,-0.11929717443874735,0.003556417188548436,0.12285359162729578,-0.03167899347796968,-0.0004218469573731606,0.03125714652059652,0.32838091182692786,0.13605727860649935,-0.1923236332204285,0.38003405978289817,0.12267988636395673,-0.25735417341894146
Cho2017,34,0,right_hand,mid,33,0.028597598732822777,-0.012007821275940567,0.21150331893124857,0.22583885531821654,0.11314164372085458,0.004450249489027099,-0.10869139423182748,0.004850758985250309,-0.016274095267761142,-0.02112485425301145,0.33634878803581764,0.08914376309738474,-0.24720502493843288,0.285978432114791,0.21336468620733737,-0.07261374590745365
Cho2017,34,0,right_hand,late,34,-0.03104012347521539,-0.011480830812448356,0.29296798175810457,0.10759890813967508,-0.00044222567750579027,-0.04283521576022921,-0.04239299008272342,-0.05058861201817527,-0.00034869294456995264,0.05023991907360532,0.10638967522979767,0.39777235145121803,0.29138267622142033,0.18691260411727104,0.11309393518958102,-0.07381866892769001
Cho2017,35,0,left_hand,early,33,-0.020192722158692264,-0.03567901187447345,0.2417725298328811,0.26752521182503697,-0.24126696267390102,-0.008476838520908398,0.23279012415299263,-0.00897395317987728,-0.03216696318035696,-0.02319301000047968,0.5192105100403624,0.21627015117570833,-0.3029403588646541,0.34774889490649313,0.22038792786156938,-0.12736096704492375
Cho2017,35,0,left_hand,mid,33,-0.011036211939604022,0.008719758054093167,0.21406732895007052,0.18531158824650812,-0.068967116750401,-0.005255373650728302,0.0637117430996727,-0.020249070747078244,0.01844544118941539,0.038694511936493634,0.12564716968439796,0.25683319311647695,0.131186023432079,0.16375797344988385,0.1715713611958299,0.00781338774594606
Cho2017,35,0,left_hand,late,34,-0.030660526494218982,-0.02267567300733977,0.1950326178594068,0.19920230187407356,-0.08886236048947245,-0.02683711018260953,0.06202525030686292,0.02151521645937006,-0.031080687970322513,-0.05259590442969257,0.28635039858105255,0.17460436060376003,-0.11174603797729252,0.1302197692712096,0.20086053862447825,0.07064076935326866
Cho2017,35,0,right_hand,early,33,0.010954574613059787,-0.033366354166038545,0.21354885709202118,0.24561749375424036,-0.09071744040797647,0.01790163542674437,0.10861907583472084,-0.035246622620945016,-0.032228678424024826,0.00301794419692019,0.1923068895890584,0.18836096562845198,-0.003945923960606418,0.17800297409634014,0.23548676130541035,0.057483787209070214
Cho2017,35,0,right_hand,mid,33,0.010745402503176297,-0.05780640733773913,0.3517102703296998,0.3223409813788422,0.09173496607946133,0.00979556879805821,-0.08193939728140312,-0.07725346303169826,-0.05315829788662545,0.024095165145072817,0.24255562551400403,0.33090817499970054,0.08835254948569651,0.2791970143890048,0.2894775326932163,0.010280518304211506
Cho2017,35,0,right_hand,late,34,0.048826799557283806,-0.001885401152372668,0.321857312687446,0.11093824557180738,0.06066633969259955,0.03339236486201114,-0.02727397483058841,0.0067234723649733106,-0.0017599225471980023,-0.008483394912171312,0.13382427385541953,0.32062641215864035,0.18680213830322082,0.1381044294093866,0.0804775096845433,-0.05762691972484331
Cho2017,36,0,left_hand,early,33,0.05106096364537564,-0.01002812738646581,0.41668734536224095,0.25398343672095675,0.046615617943884274,0.05887488946880127,0.012259271524916994,-0.07264701618526867,0.00832481612990314,0.08097183231517181,0.12453790999233458,0.4654851588649644,0.34094724887262984,0.24068531332705062,0.25006068943397614,0.009375376106925515
Cho2017,36,0,left_hand,mid,33,0.021762654258924343,0.023508245171125382,0.33153704536118744,0.23106638827880388,-0.25247390752593074,0.08185071067890562,0.3343246182048364,0.032286249184233194,0.02451556477001275,-0.007770684414220443,0.6043716336591802,0.5626259895553422,-0.041745644103838075,0.18898838405532128,0.2642139299525816,0.0752255458972603
Cho2017,36,0,left_hand,late,34,-0.03392392181085021,0.03421202694597627,0.41889091402357126,0.5381643135662382,-0.1842121840110999,-0.004705870620200798,0.1795063133908991,0.11275608476671677,0.010703996228665344,-0.10205208853805142,0.43462069894063826,0.3433508459962506,-0.09126985294438766,0.6518150943681728,0.36777067778442635,-0.2840444165837464
Cho2017,36,0,right_hand,early,33,0.0028406658756479717,-0.05956508514844956,0.19374224177043348,0.4530299649306071,0.1291165642477256,-0.032941989977668104,-0.16205855422539373,-0.1392938710718328,-0.0667270170593677,0.0725668540124651,0.3108659749698068,0.21038653945166275,-0.10047943551814403,0.630778089330963,0.3544908694249714,-0.27628721990599164
Cho2017,36,0,right_hand,mid,33,-0.0133566634145733,0.003485208096087112,0.14288904436636757,0.24268858304416369,0.07382908755234943,-0.04930184769233743,-0.12313093524468686,0.0974210695313401,-0.0007561524306236104,-0.09817722196196371,0.2193662093014821,0.31053645463691554,0.09117024533543344,0.35140948798874333,0.23892983700601342,-0.11247965098272991
Cho2017,36,0,right_hand,late,34,-0.05252360225552863,0.010863683765367433,0.32037863341698647,0.25338319968494727,0.05166745163482748,-0.07723045440174411,-0.12889790603657159,0.007044644750431511,0.018161704971853813,0.011117060221422302,0.16798896395312746,0.42632856394225044,0.258339599989123,0.31912432669526264,0.24166490106027197,-0.07745942563499067
Cho2017,37,0,left_hand,early,33,-0.005594858565676124,-0.00595997264975175,0.1376433414411087,0.24641433584074465,0.08118698900821501,0.003604378262531615,-0.0775826107456834,-0.000679756977181819,-0.005287627981974736,-0.004607871004792917,0.3821846549293879,0.1386862284131513,-0.2434984265162366,0.17701497581686523,0.25462577957443433,0.0776108037575691
Cho2017,37,0,left_hand,mid,33,0.021871429917188358,0.03701695961697135,0.1581358102833566,0.2570288009118988,0.09323806321607576,-0.005703032431162032,-0.0989410956472378,0.04819615487118299,0.034726385615544066,-0.013469769255638926,0.31222430911709903,0.1641292434883508,-0.14809506562874822,0.21663920301346679,0.24582264204444818,0.02918343903098139
Cho2017,37,0,left_hand,late,34,0.021448519645355282,0.00727511015268388,0.14651908116548443,0.16100182810241304,0.0283203923761714,0.011114602227756632,-0.017205790148414765,-0.007497944182753572,0.013832650431541482,0.021330594614295054,0.46526281837991823,0.15201582560581753,-0.31324699277410073,0.21726914122810798,0.12430736701928018,-0.0929617742088278
Cho2017,37,0,right_hand,early,33,0.029989686269577966,0.027929935060952222,0.3106187884588054,0.2432729964011967,0.017360680771474044,0.03900301402992545,0.021642333258451402,-0.06664996292574107,0.0458250329935574,0.11247499591929846,0.17186506201509086,0.2857302747535972,0.11386521273850633,0.17032885689998778,0.285278547953036,0.1149496910530482
Cho2017,37,0,right_hand,mid,33,0.02895501575992046,-0.004032902334035026,0.24801498483094722,0.285589311280058,0.10700057009069777,-6.59037267145653e-05,-0.10706647381741234,-0.03418853737302462,-0.0013609485169182988,0.03282758885610632,0.2688886119594175,0.15627517768517846,-0.11261343427423903,0.17169818964403025,0.27286650952772923,0.10116831988369898
Cho2017,37,0,right_hand,late,34,0.028169961209497777,-8.598941354992253e-05,0.23047007006868714,0.17074026057315905,0.11225738134623084,-0.005945189653813984,-0.11820257100004482,0.04413729273189421,-0.0017481655454098756,-0.04588545827730408,0.29026082845199475,0.14003650234467224,-0.1502243261073225,0.13902437496795866,0.15532315056501872,0.016298775597060056
Cho2017,38,0,left_hand,early,33,-0.0003913089941194785,-0.0036920768856715924,0.26055361685220485,0.17506866538802318,0.05003852855460572,-0.010852877616613004,-0.06089140617121873,0.009846554847297436,-0.00828731988484321,-0.018133874732140648,0.1743468756472103,0.29364316318907857,0.11929628754186827,0.1431307223187457,0.20524640392016597,0.06211568160142025
Cho2017,38,0,left_hand,mid,33,-0.0048134236733103925,-0.00541848723697801,0.13303300693991515,0.1412571641335682,0.048369805902305996,-0.01991014286701137,-0.06827994876931737,-0.08661238415210133,0.003756682729840081,0.0903690668819414,0.16656497835038447,0.19805867048756493,0.03149369213718045,0.24956189396082384,0.17410062407872604,-0.07546126988209781
Cho2017,38,0,left_hand,late,34,0.005518386012964693,-0.003153306597211861,0.08963090310506672,0.17589161909533255,-0.02080222257777197,0.005596596666062516,0.026398819243834488,0.022681555072263368,-0.00650284820108825,-0.029184403273351617,0.1888213658736817,0.10489671484552468,-0.08392465102815702,0.19613401477665074,0.23168840635580618,0.03555439157915544
Cho2017,38,0,right_hand,early,33,-0.020106714024367707,0.019183894664020505,0.19940301431927848,0.22366172626836714,0.10125806066361645,-0.04047742687293709,-0.14173548753655354,0.009469198307294532,0.017778384760918114,0.008309186453623583,0.30180641305636696,0.3108059225032406,0.00899950944687361,0.2379910815069209,0.21104334017139612,-0.026947741335524772
Cho2017,38,0,right_hand,mid,33,-0.0036873960666725333,0.016003400504076636,0.20825316159147308,0.2436964450815345,0.005192507521989891,-0.00893088950897309,-0.014123397030962982,0.03917197970503036,0.00908974719449639,-0.030082232510533973,0.21907152183539202,0.21393592076806411,-0.005135601067327911,0.17323533631314653,0.2186600213675812,0.04542468505443467
Cho2017,38,0,right_hand,late,34,-0.014006421424814966,-0.006183509267364316,0.19948166501562958,0.2593262383096958,0.018589767663239748,-0.021931427041262847,-0.04052119470450259,0.02305926664498834,-0.010906912335376042,-0.03396617898036438,0.08370058645928481,0.21893625688009477,0.13523567042080997,0.1828992604801428,0.22968764218782173,0.04678838170767893
Cho2017,39,0,left_hand,early,33,-0.004819243131243931,-0.0004098635674542472,0.15485961011881408,0.19718365358104487,0.07985765675366628,-0.012729892202811807,-0.09258754895647808,0.022075237588691423,-0.0014232987192444812,-0.023498536307935903,0.43873524945271775,0.22706136339569583,-0.21167388605702192,0.12026023699098452,0.20795536126626452,0.08769512427527999
Cho2017,39,0,left_hand,mid,33,-0.05899461318943557,0.006145835612736596,0.7263512135431099,0.15275343195416224,-0.05498677735063466,-0.06115481726008292,-0.00616803990944826,0.023286136584326704,0.007684910810541093,-0.015601225773785612,0.3135141512891116,0.7224754760179606,0.408961324728849,0.20330204487946713,0.17979517138020096,-0.023506873499266168
Cho2017,39,0,left_hand,late,34,-0.04716947527745256,0.003595788601826867,0.6311502768667112,0.253710582576675,0.01024723746593558,-0.0506470933043613,-0.06089433077029688,0.003236409746266893,0.004879421117473843,0.0016430113712069504,0.06791659646032744,0.6246191535142542,0.5567025570539268,0.16381906634192245,0.21913520288950034,0.05531613654757789
Cho2017,39,0,right_hand,early,33,-0.09096028254334503,-0.008818388204063216,0.6975960096347786,0.12301189739933215,-0.03332951046018366,-0.09921211559035312,-0.06588260513016946,-0.037355552229256545,-0.004475766875804011,0.03287978535345253,0.2216022329269336,0.7041347236608104,0.48253249073387683,0.2067563451912016,0.12445971970613808,-0.08229662548506352
Cho2017,39,0,right_hand,mid,33,-0.05832191550315355,0.027262317326561092,0.594906724594469,0.2235343727706997,-0.0008577731124268326,-0.06489718442665364,-0.0640394113142268,-0.02462657952053565,0.03580347033686029,0.06043004985739593,0.020624714624415827,0.5860783972468454,0.5654536826224296,0.2657364212718531,0.2813053176082294,0.015568896336376314
Cho2017,39,0,right_hand,late,34,-0.0631130981634615,0.03147505982280852,0.5825921823656773,0.30087676521376405,-0.014304567163592224,-0.0725868608888189,-0.05828229372522667,0.02387555840189351,0.04084053099193092,0.01696497259003741,0.0880033722727639,0.6147383845876809,0.526735012314917,0.24101022515678572,0.2924011381864131,0.051390913029627394
Cho2017,40,0,left_hand,early,33,-0.0034160424216901526,0.011917092139183334,0.15946619606489265,0.2098729907208483,0.04379436564549028,-0.014230419675117918,-0.0580247853206082,-0.005403962586088517,0.01396280161562239,0.019366764201710907,0.24194698979544427,0.20597485888206235,-0.03597213091338192,0.17898524892662906,0.17578951892701739,-0.0031957299996116795
Cho2017,40,0,left_hand,mid,33,-0.012048944121070547,0.0016159141764921481,0.16396416820965404,0.13417514289626445,-0.026062668027475745,-0.0026106538467453545,0.02345201418073039,0.09338065003808722,-0.009808326660146405,-0.10318897669823363,0.33177354652430274,0.15664817129843944,-0.1751253752258633,0.2837828626562265,0.19939702551474575,-0.08438583714148074
Cho2017,40,0,left_hand,late,34,-0.01829810237060045,-0.00796348831891663,0.2513763678869837,0.2967455712912264,-0.043685363166677295,-0.013263057498528151,0.030422305668149144,-0.009356708462232358,-0.009446328892592261,-8.962043035990255e-05,0.22698033949483376,0.2414476382577722,0.014467298762938452,0.1514103319328981,0.33891579559355833,0.18750546366066023
Cho2017,40,0,right_hand,early,33,0.03432705624268424,-0.02426078779626412,0.39393425126336645,0.23620834944803096,0.02908299115884125,0.04008803599787687,0.01100504483903562,0.016589944024461012,-0.035727114805584256,-0.05231705883004527,0.127261181354821,0.4191316002932026,0.2918704189383816,0.09285024259309538,0.2723951366860569,0.17954489409296154
Cho2017,40,0,right_hand,mid,33,0.0009536509311569583,-0.016272031954787405,0.0981818461225678,0.22361152993167308,-0.029492536518753165,0.0014554301820993616,0.030947966700852526,0.03628627679322042,-0.02672235472449131,-0.06300863151771173,0.2607696903102284,0.06488305963761595,-0.19588663067261244,0.20531628893294043,0.2779821528591625,0.07266586392622207
Cho2017,40,0,right_hand,late,34,-0.016413858448805104,-0.026289832242628194,0.2548929895706721,0.23807911513290864,-0.01460021898807033,-0.020629456497079,-0.00602923750900867,-0.009770034178267802,-0.03611750184880416,-0.026347467670536362,0.20504789013078561,0.25985146813324944,0.054803578002463826,0.20321526437899587,0.238699203103415,0.03548393872441913
Cho2017,41,0,left_hand,early,33,-0.018667155286740567,0.011639423902269342,0.16323288838420463,0.18348340538974117,0.024778877501322013,-0.031797782485389954,-0.056576659986711964,0.03901694038802937,0.009253640100061218,-0.029763300287968156,0.12024256322696028,0.2473786607404482,0.12713609751348792,0.11910296013109514,0.19811995570203939,0.07901699557094424
Cho2017,41,0,left_hand,mid,33,-0.0004912337660713337,0.00655670572511098,0.20648684005714305,0.16938053628481228,0.0240237159933858,0.0010003761479866506,-0.023023339845399147,0.07397732647344316,-0.00711400957112415,-0.08109133604456731,0.15865251313552373,0.2148494778521807,0.05619696471665697,0.36140095795186905,0.11582484108331198,-0.24557611686855707
Cho2017,41,0,left_hand,late,34,0.000272794373454173,-0.0139041597498804,0.081906949046154,0.16219331445988117,0.03215045738038951,-0.004837034218434188,-0.036987491598823696,-0.06437227892717257,-0.008531144494714427,0.05584113443245814,0.12459456562299198,0.11644743915499783,-0.008147126467994148,0.19941686130865507,0.1657051383645377,-0.03371172294411737
Cho2017,41,0,right_hand,early,33,-0.05250187487001201,0.011454244905567547,0.39670023636595797,0.19789368889091005,-0.0068929974517773565,-0.07263622083211735,-0.06574322338034,0.027862048904699628,-0.00030446183294589787,-0.028166510737645527,0.2548070163334301,0.40839983161802274,0.15359281528459262,0.29018098004505205,0.19418900325600708,-0.09599197678904497
Cho2017,41,0,right_hand,mid,33,-0.017111516318075365,0.007386915966760652,0.1963827856940924,0.16098534417500954,-0.008565857037661053,-0.038220093423672594,-0.029654236386011543,0.03143784318878226,0.002781470654454124,-0.028656372534328137,0.062435447223155076,0.24598037475359902,0.18354492753044394,0.09488168160733036,0.14515902654940488,0.05027734494207452
Cho2017,41,0,right_hand,late,34,-0.05969911761921565,-0.013192822068681602,0.36750265306381324,0.13470453437670657,0.11635610865627846,-0.10277954722920848,-0.21913565588548695,0.038301885129084334,-0.022677443203813343,-0.06097932833289768,0.3320907626892379,0.601638937811862,0.2695481751226241,0.12994249399199306,0.14655875429930112,0.01661626030730806
Cho2017,42,0,left_hand,early,33,-0.030248276886044836,-0.04594260104244921,0.24137498705587992,0.3301916591920892,0.006499369762479591,-0.04370823172765748,-0.050207601490137074,-0.07727013034701415,-0.04177193761758814,0.035498192729426004,0.2933905555985073,0.3169857988691589,0.0235952432706516,0.21123075482175172,0.3157210336396261,0.1044902788178744
Cho2017,42,0,left_hand,mid,33,0.03517826560811066,-0.06652787606699295,0.27142009010952417,0.4494366034824978,0.09975985227965077,0.019665701899016712,-0.08009415038063405,0.0037107982387491445,-0.0862676316094843,-0.08997842984823344,0.2819508072652316,0.15897301645752163,-0.12297779080770996,0.23308301114802635,0.5080493941730962,0.2749663830250699
Cho2017,42,0,left_hand,late,34,-0.03279685574529743,-0.04398789360487222,0.2565443650801351,0.44160920763854167,-0.03201805973384233,-0.029116073067407613,0.002901986666434715,-0.054244859074505256,-0.039570466167730245,0.01467439290677501,0.2973341306990396,0.21629124627770624,-0.08104288442133334,0.20283741988679055,0.3749275474300347,0.17209012754324415
Cho2017,42,0,right_hand,early,33,-0.010123941591318264,-0.04115472773573981,0.11657442693311396,0.3357149723542945,0.027208933609137335,-0.0096380149976214,-0.03684694860675874,0.023993075424459664,-0.05329914847335773,-0.0772922238978174,0.07336120979438293,0.1379655750070604,0.06460436521267746,0.17178768956824533,0.3575758830116882,0.18578819344344286
Cho2017,42,0,right_hand,mid,33,-0.04715425102983133,-0.06959140356072413,0.4311902695698694,0.5142676536812183,-0.10493405053208626,-0.036167807927662984,0.06876624260442328,-0.030425797672385006,-0.07662067441454995,-0.04619487674216494,0.4604783656388859,0.2866003865356356,-0.1738779791032503,0.230329853179633,0.49232095320079994,0.26199110002116693
Cho2017,42,0,right_hand,late,34,-0.044667686676593016,-0.020070847332075255,0.30539282685127056,0.2994654740102027,-0.1273149650188201,-0.02563788964870517,0.10167707537011492,0.011691469931836194,-0.019366832567288304,-0.031058302499124498,0.5684064789160163,0.18121082004158195,-0.3871956588744343,0.2579376413282295,0.32409002425350975,0.06615238292528025
Cho2017,43,0,left_hand,early,33,0.047599256472162184,0.002508733567344323,0.29950689021382987,0.20854254212203244,0.10612298612280706,0.045226429623554325,-0.060896556499252734,0.003713655508552226,0.0032373294340902366,-0.00047632607446198953,0.22555560934423374,0.2735402153778378,0.04798460603360405,0.1861119825117108,0.16973396448212935,-0.016378018029581443
Cho2017,43,0,left_hand,mid,33,0.1108437952881594,0.03849036818265232,0.607039695026997,0.2362691027130611,0.037736194270952296,0.12960626239559975,0.09187006812464746,-0.00804938582968835,0.054062078784481014,0.062111464614169366,0.09337652419839748,0.671328905804464,0.5779523816060665,0.23462148287277643,0.31323903864267827,0.07861755576990184
Cho2017,43,0,left_hand,late,34,0.16143271572592857,0.04806822050559633,0.7882638931890338,0.34431045054864434,0.04708990320468275,0.19732068843690428,0.15023078523222153,0.016066579541799797,0.05073881384482012,0.03467223430302032,0.12552705098486935,0.8415341294726857,0.7160070784878163,0.2272862182413279,0.31769741441359456,0.09041119617226667
Cho2017,43,0,right_hand,early,33,-0.03186786649600716,-0.01993327077891027,0.2380546030945988,0.14092302278322513,-0.007130808036322114,-0.04319965052913008,-0.036068842492807965,-0.024197123048696745,-0.021159374031856765,0.00303774901683998,0.0943185718062304,0.29181627034461044,0.19749769853838003,0.14584600306757403,0.14055816338257998,-0.00528783968499405
Cho2017,43,0,right_hand,mid,33,-0.05824196986506911,-0.0060897629523645755,0.44728360234691944,0.17359437142677872,-0.0761666853606222,-0.06818024811693726,0.007986437243684932,0.042212112281607754,-0.016218700480035375,-0.05843081276164313,0.22223528275379817,0.41396998761838283,0.19173470486458466,0.14936689864720065,0.1905768628512686,0.041209964204067945
Cho2017,43,0,right_hand,late,34,-0.05672904308805348,-0.035249164491460525,0.3838161248209311,0.2926009553660088,0.12843289993080814,-0.08851589220168607,-0.2169487921324942,-0.0241363796412801,-0.03890027352515983,-0.01476389388387973,0.33066476354043084,0.4946911019129679,0.16402633837253705,0.21473115653964647,0.2863663715888713,0.07163521504922482
Cho2017,44,0,left_hand,early,33,-0.08066888269095265,-0.04152885864517182,0.6663024839823889,0.3131281041279725,-0.16406134345863577,-0.08326870427355809,0.08079263918507767,-0.0816307973410884,-0.04054846077438599,0.04108233656670241,0.3734022134705173,0.7540564821383433,0.38065426866782603,0.22060802429071705,0.33942104766652864,0.1188130233758116
Cho2017,44,0,left_hand,mid,33,0.03005303633770338,0.00751826764764047,0.26323669535506006,0.19339300794906772,0.045745020303662495,0.030917522861290566,-0.01482749744237193,0.016275735620665376,0.000900986150742764,-0.015374749469922613,0.27581083724228106,0.15881505442149632,-0.11699578282078474,0.2862332167266932,0.16025691020015578,-0.12597630652653743
Cho2017,44,0,left_hand,late,34,-0.0029574495485008186,0.0058378956745105065,0.07154578330165791,0.1570055528306439,-0.005588952293368456,-0.012423120122012852,-0.0068341678286443965,0.009368034191975292,0.002002512153273717,-0.007365522038701575,0.048786158665194874,0.12462262059567303,0.07583646193047816,0.23104684115388274,0.1036725422076338,-0.12737429894624894
Cho2017,44,0,right_hand,early,33,-0.030443554658683827,-0.04556134568502124,0.20942825143268393,0.33472153358972767,-1.0687302885706643e-05,-0.03174365483369861,-0.03173296753081291,0.006394729197928374,-0.057374120916467077,-0.06376885011439545,0.065366123673644,0.278940767016973,0.213574643343329,0.20623605363543604,0.34044971240231825,0.1342136587668822
Cho2017,44,0,right_hand,mid,33,0.00045534008254689753,-0.023436360211142888,0.15270485859155256,0.24307432655108469,0.10398031670092842,-0.04235315174088003,-0.14633346844180845,-0.013845952774515306,-0.0243126975707192,-0.010466744796203893,0.3984080528004871,0.30626798455566456,-0.09214006824482252,0.2527007614297403,0.2982188175265341,0.045518056096793824
Cho2017,44,0,right_hand,late,34,0.050398252369212276,-0.017031305974053345,0.35600613279095217,0.194218618893383,0.08861479961638578,0.0409754790183077,-0.047639320598078086,0.046433016850818826,-0.03469939676072188,-0.08113241361154071,0.23392534897315828,0.3679067881261435,0.13398143915298524,0.22955564472635842,0.27186705849614257,0.042311413769784145
Cho2017,45,0,left_hand,early,33,-0.03138512190470465,0.010071948542634742,0.2107329516414302,0.28891155247924083,0.10777922330865353,-0.04135605922203189,-0.14913528253068542,-0.007217654056330367,0.011687161761772865,0.018904815818103233,0.23615238496406193,0.2730417318316608,0.03688934686759887,0.2680081743879879,0.2246693808110398,-0.043338793576948115
Cho2017,45,0,left_hand,mid,33,0.03282271114289945,0.002877446596749845,0.2914624028223757,0.29727222728491093,0.10095178102902848,0.01857135467101077,-0.0823804263580177,0.03139456849633723,-0.004406020163644554,-0.035800588659981786,0.26842585001210345,0.20455760433526995,-0.0638682456768335,0.17422595895688328,0.2842556282675547,0.1100296693106714
Cho2017,45,0,left_hand,late,34,0.028208389574246127,0.017695694434536658,0.28525814595257226,0.2339722937503694,0.09586629557077142,0.014997815015860783,-0.08086848055491064,0.05635622605560121,0.006263912162211063,-0.05009231389339015,0.3526965239257728,0.21558580290533205,-0.13711072102044072,0.19107257393801488,0.23504168197309672,0.04396910803508183
Cho2017,45,0,right_hand,early,33,0.0663808298148968,0.08886928742726165,0.470267592456429,0.43318286162369424,0.17666704079933693,0.05513211470435194,-0.12153492609498498,0.28067582310880534,0.03410093208796731,-0.24657489102083804,0.5109016132312121,0.3830284871633384,-0.12787312606787365,0.5894968258627018,0.2550628941960147,-0.3344339316666871
Cho2017,45,0,right_hand,mid,33,-0.006375847599412272,0.09453878155786041,0.06947599418700696,0.43487155274759165,-0.006598409408820189,-0.005498206747348725,0.0011002026614714642,0.034285950884789404,0.10887425156769412,0.07458830068290472,0.1273572397440179,0.07641030212968983,-0.050946937614328086,0.1561301474026575,0.4404426718117982,0.2843125244091407
Cho2017,45,0,right_hand,late,34,0.04327979698489323,0.00677402626509084,0.28099332861112736,0.20111779438291813,0.09870472698486768,0.030255699597296536,-0.06844902738757114,0.06546148899944647,-0.011455375411263074,-0.07691686441070954,0.2708464099424645,0.19562814800827258,-0.07521826193419193,0.2571972263150102,0.20345512699254314,-0.05374209932246704
Cho2017,46,0,left_hand,early,40,-0.05550935219214809,-0.03916345950786357,0.6663668700920822,0.30751768525021184,0.01825321278732114,-0.06442370014498776,-0.0826769129323089,-0.07182454294491863,-0.03357103683466403,0.038253506110254604,0.1833232694520537,0.6822705141438526,0.49894724469179896,0.17928799884020297,0.2842131263349072,0.10492512749470423
Cho2017,46,0,left_hand,mid,40,-0.04871103098635236,0.0013800581713398308,0.6817513175836666,0.11979992500056338,-0.0373526234747946,-0.05126521659287476,-0.013912593118080158,0.02028912515976787,-0.004591180653649603,-0.024880305813417474,0.17844756414931057,0.6724146993329193,0.49396713518360874,0.20275326208383102,0.13290650572619297,-0.06984675635763804
Cho2017,46,0,left_hand,late,40,-0.06518263384621056,-0.03453883811643385,0.7244932101580075,0.28683879309813115,-0.01595202419457178,-0.0690018120964083,-0.05304978790183651,-0.02655753686632009,-0.0412645075480773,-0.014706970681757206,0.1012768620284492,0.7518430337473233,0.6505661717188741,0.3719108221580133,0.3381594650028114,-0.03375135715520189
Cho2017,46,0,right_hand,early,40,-0.05479341892259995,-0.04116459553337911,0.6046604164797574,0.3035046767395689,-0.007807611977897929,-0.06022146331254149,-0.05241385133464356,-0.1003996126581151,-0.03385014212538241,0.06654947053273269,0.060776540393490494,0.6230394669125956,0.5622629265191051,0.2631850288767784,0.2901412649512289,0.026956236074450468
Cho2017,46,0,right_hand,mid,40,-0.028207967648058517,-0.004945614878450218,0.568549185521507,0.253752325660848,0.03942719722346243,-0.03948323502843094,-0.07891043225189337,-0.015871702355160854,-0.0041916320957130155,0.011680070259447839,0.1919143984354886,0.5834513535633106,0.39153695512782194,0.16957765779605286,0.2575409478463351,0.08796329005028222
Cho2017,46,0,right_hand,late,40,-0.04459046038786547,-0.006807037599343248,0.6385220280414591,0.2712353326356929,-0.004580532115320626,-0.049930685331098346,-0.04535015321577772,-0.09272111114895215,0.012372012424155107,0.10509312357310725,0.2503007039381791,0.6302800993370573,0.3799793953988782,0.30220045565567105,0.2617798761520022,-0.04042057950366884
Cho2017,47,0,left_hand,early,33,-0.02662169949091836,-0.07315866477961143,0.2824417316894212,0.30786324385447056,-0.058710101255936245,-0.023488206047565574,0.03522189520837067,-0.13831997133140952,-0.02121278413828596,0.11710718719312356,0.20562734265095228,0.2598420569605813,0.05421471430962904,0.4224114736464176,0.20129220179339394,-0.22111927185302369
Cho2017,47,0,left_hand,mid,33,-0.01805845328343853,-0.011131459401900051,0.2811766421242963,0.17732926539942212,-0.07836358883696569,-0.009107566608852634,0.06925602222811306,0.0019487394102829713,-0.01017485163541227,-0.012123591045695242,0.29004003399578715,0.31450468306474855,0.024464649068961397,0.1936637150968688,0.15655300501042096,-0.03711071008644784
Cho2017,47,0,left_hand,late,34,-0.010330182343882291,-0.02913766794793982,0.16234947727031718,0.2612851587936253,0.0791780787475979,-0.03507043925166475,-0.11424851799926265,-0.027465578658555527,-0.03605034040604865,-0.008584761747493126,0.31631519713854683,0.33773037143810986,0.021415174299563022,0.15416980933186317,0.27094489084310236,0.11677508151123919
Cho2017,47,0,right_hand,early,33,-0.0459822178997359,-0.015278834126885712,0.392173433944226,0.22344773406740973,-0.12098442613740747,-0.01665091362841554,0.10433351250899192,0.011467951805109476,-0.018590428562344156,-0.030058380367453633,0.45705595460631343,0.2831224732952229,-0.17393348131109054,0.2840618356885413,0.1858978023164783,-0.09816403337206303
Cho2017,47,0,right_hand,mid,33,-0.015534531003349868,-0.03579508903255389,0.13077737444022136,0.24957736411913845,-0.0009043519051162869,-0.010639086674463522,-0.009734734769347235,-0.020877171551310206,-0.03970642251161199,-0.01882925096030178,0.09007847964737364,0.11485692137928724,0.024778441731913597,0.1620725144534681,0.25096213197829786,0.08888961752482977
Cho2017,47,0,right_hand,late,34,-0.026161487942330485,-0.00893401234106417,0.27243342585976227,0.2428993275324049,-0.04870637639003668,-0.025852568851063358,0.02285380753897332,-0.03238230068737489,-0.002875044311271865,0.029507256376103023,0.18543548311906632,0.18049264401589202,-0.004942839103174307,0.22553108873573116,0.14026587191935191,-0.08526521681637925
Cho2017,48,0,left_hand,early,33,0.010727292380315206,0.011554217793423884,0.3298031947381008,0.27219901263680646,-0.11682977072599054,0.02310915489907706,0.1399389256250676,-0.03541535601984688,0.018284846535875705,0.05370020255572259,0.2967530067747581,0.31962216790247544,0.022869161127717363,0.2635604295586311,0.2384424608382139,-0.025117968720417216
Cho2017,48,0,left_hand,mid,33,-0.002215530368585423,0.019707516386513975,0.24659516079693272,0.23880014228657306,-0.12759765205994944,0.013378560694168809,0.14097621275411826,0.011289831817776732,0.02216045098936536,0.010870619171588627,0.5163856652702278,0.3251378263759002,-0.19124783889432756,0.17987680959750216,0.2737707331090461,0.09389392351154394
Cho2017,48,0,left_hand,late,34,0.05358969189092003,0.0030859266358317238,0.6795813013653782,0.24555149005356708,0.0015500290472230446,0.052474663394626135,0.05092463434740309,0.011969481526193688,0.006268196145175348,-0.0057012853810183405,0.11166442504743113,0.6399818883680388,0.5283174633206077,0.28179463109549596,0.19629360298299806,-0.0855010281124979
Cho2017,48,0,right_hand,early,33,0.017433284384088147,0.011398208737827539,0.6098720284500456,0.23728442958786988,-0.12013019636019717,0.03498190998705212,0.15511210634724928,0.05652068919708026,-0.0017006054832290896,-0.05822129468030935,0.43567083206631935,0.6398528478437192,0.20418201577739986,0.19027738991416662,0.2316667859985553,0.041389396084388685
Cho2017,48,0,right_hand,mid,33,0.025728256818115296,-0.01729066165952912,0.4829298283918111,0.2736623144561979,-0.11264506312117302,0.045638730046333155,0.15828379316750618,0.02399631940917807,-0.027416374349439516,-0.05141269375861758,0.47437374763604145,0.6165732486668966,0.1421995010308551,0.2029076661602097,0.37225778162841516,0.16935011546820547
Cho2017,48,0,right_hand,late,34,0.04713735220683981,-0.005533346735856925,0.583040049169639,0.21049345580641216,0.0486901169529808,0.050048200073342604,0.0013580831203618068,0.0069910277995260854,-0.008296818521933655,-0.015287846321459742,0.16209173797450616,0.5825177767756876,0.42042603880118146,0.1726879503495794,0.22956582486845298,0.05687787451887358
Cho2017,49,0,left_hand,early,33,-0.044777324524847784,-0.019173789418981686,0.4825110716945559,0.16716715113748343,-0.013188164990143279,-0.048965289500421116,-0.03577712451027784,0.0004624618715763744,-0.02445497298601877,-0.024917434857595143,0.08076932602023967,0.5080532545418229,0.42728392852158326,0.16256168106015925,0.17901630930025444,0.016454628240095193
Cho2017,49,0,left_hand,mid,33,-0.03161789943740406,-0.02409344371251511,0.41853396254955944,0.24006428859074358,0.008717334493443927,-0.044770867994769606,-0.05348820248821353,-0.029895825258082105,-0.023730207215001936,0.006165618043080169,0.13533278747473537,0.3840953887921834,0.24876260131744804,0.1821104323283616,0.23622012368528045,0.05410969135691884
Cho2017,49,0,left_hand,late,34,-0.04813781408047195,-0.01877584425274613,0.4386096319468231,0.17293035582471916,-0.029190220389520752,-0.0718754986636508,-0.042685278274130045,0.013619502277476598,-0.02175775550008833,-0.035377257777564924,0.09078870046175246,0.49840072551073816,0.4076120250489857,0.13886267175259387,0.1640975876613627,0.025234915908768835
Cho2017,49,0,right_hand,early,33,-0.06172669228322317,-0.024300328445987292,0.5297081015124052,0.2311426873310913,-0.03082795434892003,-0.06513510043981331,-0.03430714609089328,-0.03228555895583608,-0.021453198956609344,0.01083235999922674,0.11129482501130555,0.4855556301414113,0.37426080513010573,0.21967400316962418,0.18980836865870476,-0.02986563451091942
Cho2017,49,0,right_hand,mid,33,0.006557005837069837,0.015120698232373476,0.08191792874357023,0.13193864805751668,0.001815475992703388,0.016485276762197437,0.014669800769494049,0.048402110417912904,0.010060879233015272,-0.03834123118489763,0.0069158023399701896,0.12584085169815423,0.11892504935818404,0.18353135296002726,0.11879676518880748,-0.06473458777121978
Cho2017,49,0,right_hand,late,34,0.014465143361152965,-0.003675318890509859,0.24871538034140012,0.19453068228417866,0.02686365116303116,0.003733877594863153,-0.02312977356816801,0.06406888383803218,-0.013361536086785829,-0.077430419924818,0.2618784649559903,0.12831621854090325,-0.13356224641508707,0.22565685379454395,0.19743680696301757,-0.028220046831526374
Cho2017,50,0,left_hand,early,33,-0.0015696654653304162,-0.007790726823489445,0.23303591591837544,0.19649556213552827,-0.11046219357404105,0.06258817757318708,0.17305037114722813,-0.12983425834159412,0.014882605300498116,0.14471686364209224,0.2959672964556131,0.42022173655832884,0.12425444010271575,0.3474257447180904,0.12037676831749652,-0.22704897640059388
Cho2017,50,0,left_hand,mid,33,-0.0024015523362675337,-0.01925830071506682,0.07881377843951459,0.241999527458354,-0.02572640162066741,0.058384362164717624,0.08411076378538504,-0.01699951476293429,-0.024107287917832072,-0.007107773154897783,0.17322465098733703,0.2638891893769622,0.09066453838962518,0.23711831285287907,0.24136876295836,0.0042504501054809185
Cho2017,50,0,left_hand,late,34,0.04718685945607606,0.009205217057867275,0.2999148874623818,0.20512805600922912,-0.011141677597655702,0.06047924848235864,0.07162092608001434,-0.005609654556472816,0.00832626620506065,0.013935920761533466,0.0958470662815471,0.37262029289792536,0.27677322661637827,0.20588518494584085,0.1376128753576534,-0.06827230958818745
Cho2017,50,0,right_hand,early,33,0.02851010142596902,-0.005839718041522858,0.2974006938790754,0.15662486338760745,0.00513849200462466,0.05915493462659053,0.054016442621965866,-0.04808161876010794,-0.0004966985583742886,0.04758492020173365,0.09972774145864124,0.37293599145297657,0.27320824999433535,0.19613087567358242,0.1604596659554151,-0.03567120971816731
Cho2017,50,0,right_hand,mid,33,-0.015149570071293653,-0.013906295339738925,0.33906632990350205,0.16744337322512776,-0.10501310325551434,0.05348122664595786,0.15849432990147222,-0.05039058892223359,-0.00885846730272968,0.04153212161950391,0.3797951459073249,0.5887844271860746,0.20898928127874972,0.1602474420234784,0.17634683821845898,0.016099396194980575
Cho2017,50,0,right_hand,late,34,0.02722810915348058,-0.014037996704182324,0.22129874163917101,0.17060781384636534,-0.1171558099774241,0.07022741653919656,0.18738322651662065,-0.09408854655115288,-0.006172520334659618,0.08791602621649326,0.2952293861929317,0.36690936150685555,0.07167997531392384,0.2576932171133094,0.20581438327593196,-0.05187883383737743
Cho2017,51,0,left_hand,early,33,-0.024114142890197206,-0.01544500322876773,0.21400173955639262,0.15446844027528403,-0.18304585287310562,6.210596767746813e-05,0.1831079588407831,0.018700221224147186,-0.01820350235971273,-0.03690372358385992,0.6087427656318694,0.10709516379945512,-0.5016476018324142,0.19731035294061833,0.1476232234434646,-0.04968712949715373
Cho2017,51,0,left_hand,mid,33,-0.05085272401733611,0.010836886763555983,0.36897151351015967,0.2601144721213424,-0.04370706612293531,-0.05087142658354547,-0.007164360460610163,-0.017041002330325798,0.014922164372886335,0.03196316670321213,0.2011118907919365,0.322187415252901,0.1210755244609645,0.24071982067241715,0.24232708337430692,0.0016072627018897667
Cho2017,51,0,left_hand,late,34,-0.07241074984844606,-0.01970377329438304,0.43180598772737666,0.2940537105418576,-0.05244866487465322,-0.08003264854912508,-0.02758398367447186,-0.009739163624409004,-0.02553232403004782,-0.015793160405638815,0.1832243035942516,0.4260709215360127,0.24284661794176113,0.256293007430674,0.27275047366449284,0.01645746623381883
Cho2017,51,0,right_hand,early,33,-0.0013911433422163343,0.001468819041188969,0.24537084554668598,0.12131608702063411,-0.11376308809704086,0.014209893701934845,0.1279729817989757,0.043253812845652266,-0.00439950395736806,-0.047653316803020325,0.3740886634238551,0.3318648050522422,-0.04222385837161291,0.2403170660921901,0.11272828603658598,-0.12758878005560415
Cho2017,51,0,right_hand,mid,33,-0.01918224475334495,0.003917222779392587,0.13002261237249074,0.22477195919417037,-0.20698133751651565,-0.002941801320877753,0.2040395361956379,-0.06444359594007079,0.01589486113732472,0.08033845707739551,0.6359850698988536,0.13080786786679366,-0.50517720203206,0.19668131426735397,0.25444522052706586,0.057763906259711895
Cho2017,51,0,right_hand,late,34,0.0349945014090584,-0.015243888527192865,0.24280366439495404,0.19420097363016206,0.011302301519931425,0.04151863084974521,0.030216329329813787,-0.09065872123069262,-0.0013986771530873233,0.0892600440776053,0.11392914858986995,0.23154031603362085,0.1176111674437509,0.2552509849546121,0.25566513715947725,0.00041415220486512583
Cho2017,52,0,left_hand,early,33,-0.018203195144546835,-0.03192934667296335,0.18302103010004322,0.25118359567303866,-0.2860622100379965,0.027888238681831403,0.31395044871982786,-0.10672821572450403,-0.024956669225779864,0.08177154649872416,0.586416891690435,0.22375690367181858,-0.36265998801861643,0.2439811276966185,0.19673118208161575,-0.04724994561500276
Cho2017,52,0,left_hand,mid,33,0.024466065379162107,0.010677091981175028,0.21390005858466302,0.128691871345802,-0.042330400225539785,0.04435531200216924,0.08668571222770902,0.02836342739634083,0.007960074603199224,-0.020403352793141604,0.1290765191895678,0.33763629547351165,0.20855977628394384,0.3012808820530804,0.12853608982279321,-0.1727447922302872
Cho2017,52,0,left_hand,late,34,0.04832272172500131,-0.02139264037364744,0.3456493474265969,0.1491072281370113,0.03183694868261608,0.06076796671038509,0.028931018027769012,0.030090855435989248,-0.029637106875088803,-0.05972796231107805,0.1348773090537404,0.4298632266387178,0.2949859175849774,0.20960208012068998,0.211234336398973,0.0016322562782830063
Cho2017,52,0,right_hand,early,33,0.036116883025439916,0.014853479065525643,0.34209878398315297,0.19360540116360864,-0.09650951000386819,0.07384003134747258,0.17034954135134078,0.13771952541935173,-0.004164551824985228,-0.14188407724433696,0.32599723392281477,0.49736324428909967,0.1713660103662849,0.31001062143554503,0.23034072785454218,-0.07966989358100285
Cho2017,52,0,right_hand,mid,33,0.06835396088009482,0.013548060094680516,0.4937643696787274,0.09956714386205044,0.10671118895302142,0.07332568783664985,-0.03338550111637158,0.0052014238381469565,0.013531197041196126,0.00832977320304917,0.271436692101699,0.49819620866472797,0.22675951656302895,0.1829465479729021,0.12499825346256815,-0.05794829451033395
Cho2017,52,0,right_hand,late,34,0.03133376318134769,-0.0014315646310899997,0.2548655286554675,0.18829300635149104,-0.007825506103165097,0.03748459419407812,0.045310100297243215,-0.01081368033375595,-0.0038237696229216117,0.0069899107108343395,0.2608318291251267,0.2770066202769427,0.016174791151816026,0.11234779723032817,0.17511358337990926,0.06276578614958109
BNCI2014_004,1,0train,left_hand,early,20,-0.09282529517370258,-0.03260350270146396,0.43713483568086564,0.2560403458256773,-0.11829416435172621,-0.12072502507786442,-0.002430860726138212,-0.09615118052999808,-0.03018720315418049,0.06596397737581758,0.3143665564080849,0.5214785636152945,0.20711200720720963,0.223607058300075,0.26323748902062594,0.039630430720550947
BNCI2014_004,1,0train,left_hand,mid,20,0.0010865402974987717,0.023739188324799845,0.1881100113502294,0.33460617502689316,0.27162289899938863,-0.10524521093655313,-0.3768681099359418,0.05597716767734616,0.014749106338147796,-0.04122806133919836,0.561294749736307,0.5111191929385008,-0.050175556797806165,0.3086048424105126,0.31278591126440425,0.004181068853891634
BNCI2014_004,1,0train,left_hand,late,20,-0.17661824535464843,-0.032086913042249816,0.7253615395853716,0.2912402484645147,-0.291423860004175,-0.1709060978313403,0.12051776217283466,-0.01244221335498311,-0.03686736842236251,-0.0244251550673794,0.5912084211728219,0.6879134680668408,0.09670504689401893,0.23032756330907583,0.30219251149383036,0.07186494818475453
BNCI2014_004,1,0train,right_hand,early,20,-0.03713169034113703,0.07614795347751707,0.26261803921312926,0.4398946149606035,-0.19862360064960657,-0.0006152372728531699,0.1980083633767534,0.08780134897931519,0.08214358540312121,-0.005657763576193978,0.48893910439198957,0.24299695468695368,-0.2459421497050359,0.2871007745657274,0.4294426362954222,0.14234186172969476
BNCI2014_004,1,0train,right_hand,mid,20,0.07480691488418373,0.052969394145804725,0.397096191607762,0.37624217384136144,0.15708052669623548,0.03983941323554116,-0.11724111346069432,0.027786636956553652,0.06080952519340271,0.033022888236849054,0.30787882554437257,0.29048015785201625,-0.017398667692356318,0.17107822406601136,0.3782397241331205,0.20716150006710915
BNCI2014_004,1,0train,right_hand,late,20,-0.04312498204032809,0.061267121349873666,0.24737626651500647,0.3458767695856142,-0.3483191107230404,0.056634544643128185,0.40495365536616856,0.051193634782556584,0.06619942008648,0.015005785303923415,0.6558605543334947,0.3294109204174446,-0.3264496339160501,0.20946131713177243,0.3426989363542649,0.13323761922249247
BNCI2014_004,1,1train,left_hand,early,20,-0.035831319134568815,-0.051251635738510756,0.18703542523815414,0.33411220624196614,-0.1515784395147417,-0.016517807425599863,0.13506063208914185,-0.06438323373967823,-0.05942656194643941,0.004956671793238825,0.33127751205834466,0.13139382987867868,-0.19988368217966598,0.29242805685089024,0.3565816582945733,0.06415360144368304
BNCI2014_004,1,1train,left_hand,mid,20,0.06309656579965899,0.010677839318464446,0.2935288001219709,0.2204510872763641,0.175251971618523,-0.009414941710103765,-0.18466691332862675,0.04961555054012075,-0.0010966913747065344,-0.05071224191482728,0.4112694557470992,0.09406393595700349,-0.3172055197900957,0.2968657949114283,0.23618010025533068,-0.060685694656097605
BNCI2014_004,1,1train,left_hand,late,20,0.019158757567420057,-0.05069661982497857,0.13083910002775834,0.34742338510860765,0.04091332347774626,-0.002249111787720684,-0.043162435265466946,0.06817973291687254,-0.07254543538890178,-0.1407251683057743,0.3034132699162952,0.07176604526803375,-0.23164722464826143,0.3699719355127788,0.4015877394081395,0.03161580389536073
BNCI2014_004,1,1train,right_hand,early,20,0.04399638925130112,0.03984454823846114,0.27344520761651103,0.24199168749335156,-0.14510252959642406,0.10113579596077492,0.246238325557199,0.03266758364303017,0.04120704291128581,0.00853945926825564,0.4285084609607118,0.5787247855972287,0.1502163246365169,0.31940480015669936,0.2333589261357742,-0.08604587402092517
BNCI2014_004,1,1train,right_hand,mid,20,-0.045662792721518936,0.03449393650087496,0.3001210928661994,0.33796905710754144,-0.12040097503800952,-0.005647508330222183,0.11475346670778734,0.030613481227995693,0.03126851657402099,0.0006550353460252935,0.3088591338762257,0.09171092405462661,-0.2171482098215991,0.24962664580489077,0.29969315184990575,0.050066506045014975
BNCI2014_004,1,1train,right_hand,late,20,-0.009701721242406825,0.05597145612602179,0.21115588022172876,0.3536101229195144,-0.03122435134559181,-0.01072592611376322,0.02049842523182859,0.14485585989848418,0.04769989058612648,-0.0971559693123577,0.09261001337735497,0.17424531468499183,0.08163530130763685,0.3550810399073057,0.2908469265389868,-0.06423411336831891
BNCI2014_004,1,2train,left_hand,early,26,-0.05209030380219097,-0.05476640750099866,0.3943427621491665,0.3548803839525946,-0.16958963865431528,-0.02612978774055574,0.14345985091375954,-0.04042573167633304,-0.05451395025405127,-0.014088218577718234,0.44325097259896684,0.21222727586414486,-0.23102369673482198,0.19975817430697504,0.33161955782735036,0.13186138352037532
BNCI2014_004,1,2train,left_hand,mid,27,-0.011904649413257173,-0.01725646633725651,0.21864681832936902,0.24806281162084567,0.0012412613704506706,-0.012875478606234695,-0.014116739976685366,-0.04228230687973647,-0.017839907837136328,0.024442399042600142,0.28833246797986484,0.24990987831150413,-0.03842258966836071,0.3202391767650554,0.19624258531807112,-0.1239965914469843
BNCI2014_004,1,2train,left_hand,late,27,0.005080765080514647,0.013498983780871235,0.14930898646442906,0.14352835485398374,-0.03124060611752216,0.0045706888389194155,0.03581129495644157,0.08333739785156263,0.0007786669643384173,-0.08255873088722422,0.2158413266563268,0.08555515951270921,-0.13028616714361757,0.2544161737593027,0.14249013109344444,-0.11192604266585826
BNCI2014_004,1,2train,right_hand,early,26,-0.011066437940704187,0.037697717594351886,0.19647467967104862,0.2805168705298054,0.04158452083955759,-0.010550439372070964,-0.052134960211628556,0.07202798489094847,0.036322415988533696,-0.035705568902414775,0.12065554695322263,0.2094287850557187,0.08877323810249609,0.26565954559117105,0.23411463424577736,-0.031544911345393695
BNCI2014_004,1,2train,right_hand,mid,27,-0.03637857110067642,0.013576621839082361,0.2589488002516058,0.19792583546352738,0.0983660176054438,-0.06737021034881081,-0.16573622795425463,0.044762545618566206,0.00047014811789094694,-0.04429239750067526,0.2912850890185246,0.4856022318295342,0.1943171428110096,0.22538603676369867,0.2506104547739893,0.025224418010290628
BNCI2014_004,1,2train,right_hand,late,27,0.004888559713654423,0.0068886127104234186,0.2283166751196647,0.16271051827419206,0.05612477370329298,-0.011972198885960168,-0.06809697258925315,0.026939230349685067,0.003909387015423505,-0.023029843334261564,0.17051441840230042,0.2588372183633875,0.0883227999610871,0.1651554724964399,0.16331067746806205,-0.001844795028377838
BNCI2014_004,1,3test,left_hand,early,26,-0.02053475953807261,-0.017523754812960642,0.21135120036203586,0.15066556081982851,0.038393845370816325,-0.03047843010259079,-0.06887227547340712,0.0056200827077887575,-0.027675628612990496,-0.033295711320779256,0.241712485857976,0.23025737588847778,-0.011455109969498223,0.21263293508663875,0.1770253718967036,-0.03560756318993516
BNCI2014_004,1,3test,left_hand,mid,27,-0.07784855176944738,0.012931746395708299,0.5357338275110654,0.18096854524003325,-0.1462310526450806,-0.06555454050203502,0.08067651214304558,-0.02603982592796515,0.018645587161117878,0.044685413089083026,0.38914009844617264,0.4222649244183519,0.03312482597217925,0.1922333133531141,0.19041241923894045,-0.00182089411417366
BNCI2014_004,1,3test,left_hand,late,27,0.03409687885125125,-0.011204584257967843,0.23724122793043678,0.27859374282805277,0.1292325302916419,0.028497630307558135,-0.10073489998408375,-0.030211224430455937,-0.006999053217729346,0.02321217121272659,0.37006247145898397,0.18436946646195526,-0.1856930049970287,0.25835737342580023,0.2711398077088902,0.01278243428308995
BNCI2014_004,1,3test,right_hand,early,26,-0.013881381895705555,0.028789510519201613,0.1926257907980011,0.2371919991036085,0.09167523966728619,-0.03329326855991713,-0.12496850822720332,-0.016792372077183863,0.029478221203440663,0.04627059328062452,0.29711824036189693,0.3132169453840552,0.016098705022158266,0.22112089411886687,0.30470301906665037,0.0835821249477835
BNCI2014_004,1,3test,right_hand,mid,27,-0.006152192759030688,0.017934921913115073,0.11057771281386485,0.19480292811869268,-0.042330905369402747,1.8180509280437387e-05,0.04234908587868318,-0.05681499439533391,0.03315262690006126,0.08996762129539518,0.10290117708382554,0.10499697898831756,0.0020958019044920173,0.14773573339474472,0.24058230808302553,0.09284657468828081
BNCI2014_004,1,3test,right_hand,late,27,0.012186494525383052,-0.03552222147052314,0.09303439320700013,0.2655816552813347,0.11620518597386063,0.017115150336567415,-0.09909003563729321,0.10435671688254458,-0.05732792183974081,-0.1616846387222854,0.2730610866830244,0.11914138184193593,-0.1539197048410885,0.2714173111353455,0.3449153672574744,0.0734980561221289
BNCI2014_004,1,4test,left_hand,early,26,-0.10687315757128234,-0.0034466419926841864,0.6370311981494579,0.18641778827811797,-0.16170238998294123,-0.09351327413539735,0.06818911584754388,0.10424776645141125,-0.013632037847771011,-0.11787980429918225,0.3582426728021145,0.5254390120120117,0.16719633920989718,0.2640810080859323,0.21197350612869179,-0.05210750195724054
BNCI2014_004,1,4test,left_hand,mid,27,-0.03061345808404946,0.0035378534653629557,0.22456382922668594,0.1251924273787659,0.045518822907399045,-0.04758861199938079,-0.09310743490677983,0.069891986472875,-0.01166033535416408,-0.08155232182703909,0.23690084058288163,0.302412689520555,0.06551184893767337,0.1953958588292455,0.12446796004609594,-0.07092789878314958
BNCI2014_004,1,4test,left_hand,late,27,-0.04989783054397912,0.0005132742702313404,0.31722692760373145,0.21862436807065103,-0.09660092546452802,-0.03846531755183812,0.058135607912689895,-0.02185623912468437,0.0018733647263566985,0.02372960385104107,0.21580476656407907,0.2245847255050035,0.008779958940924426,0.22536430897019205,0.17467202259887307,-0.05069228637131898
BNCI2014_004,1,4test,right_hand,early,26,-0.024688536184754948,0.03557907890381605,0.2892443563537778,0.2511115980319852,-0.09066521046483503,-0.027943507072140515,0.0627217033926945,0.06416034632747238,0.03032014780139474,-0.033840198526077635,0.27055287878757983,0.2392121046959642,-0.03134077409161562,0.20405350129664493,0.2143583982086236,0.010304896911978667
BNCI2014_004,1,4test,right_hand,mid,27,-0.025070167597577846,0.002743967651354952,0.1584543765345898,0.1291668691178609,-0.1107098351069566,-0.026829392687094413,0.08388044241986219,0.03535038180976595,0.0018614294111203148,-0.03348895239864563,0.23095812749657682,0.15064439910315566,-0.08031372839342116,0.19315598686864383,0.12306695813564339,-0.07008902873300044
BNCI2014_004,1,4test,right_hand,late,27,-0.015957675208462096,0.021709292615361486,0.11664370988162155,0.36634010767876946,0.16930460504812245,-0.0276297753421371,-0.19693438039025954,0.0739647733838721,0.011271239111018216,-0.06269353427285389,0.34668572918368007,0.2000771766216791,-0.14660855256200098,0.2672153514247758,0.3408204933300497,0.0736051419052739
BNCI2014_004,2,0train,left_hand,early,20,-0.036957378417856776,-0.02662527413757476,0.28509168225276704,0.21544092354928032,-0.04567034676539383,-0.03867230624114275,0.006998040524251084,0.06048720351445677,-0.04132369507691014,-0.10181089859136691,0.34043086502133063,0.2556854343263882,-0.08474543069494245,0.2845557514500222,0.26318791267068187,-0.021367838779340342
BNCI2014_004,2,0train,left_hand,mid,20,0.01169649271313581,-0.03213477011876565,0.2059746086343585,0.35096727918606,-0.06100695332100262,0.023698461044494572,0.0847054143654972,-0.05897279300695227,-0.03340276383870318,0.02557002916824909,0.2206650482120269,0.17231664718945514,-0.04834840102257176,0.40868369624025364,0.3661841003877496,-0.04249959585250401
BNCI2014_004,2,0train,left_hand,late,20,0.04197967270650778,-0.038120218193002195,0.37703406927837047,0.2928400953857748,-0.09642737344059515,0.08030635200908384,0.176733725449679,0.0645369967255871,-0.05084624599454333,-0.11538324272013042,0.2833806840975604,0.48417362723309343,0.20079294313553303,0.33158086100722534,0.3149147458746045,-0.01666611513262084
BNCI2014_004,2,0train,right_hand,early,20,-0.08246576501549566,-0.00664968723079713,0.4595731305216517,0.24764629645980848,0.1433121458525399,-0.12035040281841962,-0.2636625486709595,-0.06540624486713832,0.0010953000328203866,0.06650154489995871,0.3896379507087496,0.5459758382917,0.15633788758295042,0.3151393258654001,0.24523004634605586,-0.06990927951934425
BNCI2014_004,2,0train,right_hand,mid,20,-0.06610190690713788,-0.0248304189411271,0.4368718363505416,0.2171408661568338,0.18089855454973974,-0.09952610602220727,-0.28042466057194704,-0.059268168997590936,-0.017939248805381364,0.04132892019220957,0.517253167859924,0.5453017516912279,0.02804858383130382,0.36510527070299226,0.1662520644423431,-0.19885320626064915
BNCI2014_004,2,0train,right_hand,late,20,-0.02920587402146234,-0.04662396709506549,0.2837923482199009,0.2995759148023459,0.14264492174373938,-0.058597695705388315,-0.2012426174491277,0.008272722115682347,-0.05677290055624242,-0.06504562267192476,0.40029677636480654,0.40244519781558274,0.0021484214507762056,0.17853733442841552,0.3178308532144027,0.13929351878598717
BNCI2014_004,2,1train,left_hand,early,20,-0.01072397347866509,-0.035606719679936887,0.2974823706489642,0.38989259560813466,0.06690663346174758,-0.024074141825678165,-0.09098077528742574,-0.04245624369753579,-0.03511621179691418,0.007340031900621609,0.16232711691947121,0.34210709190357746,0.17977997498410625,0.27732126703672383,0.3954945308875156,0.1181732638507918
BNCI2014_004,2,1train,left_hand,mid,20,-0.012500692296530868,-0.025229735289485054,0.1541015821025404,0.23133044457353555,0.12306296136178273,-0.026311163410093576,-0.1493741247718763,-0.03503305210853837,-0.02080904246410989,0.014224009644428479,0.31470694335782345,0.2350688653550708,-0.07963807800275266,0.21566992625568518,0.20624976741337403,-0.00942015884231115
BNCI2014_004,2,1train,left_hand,late,20,-0.02668701819915378,-0.005845084113987101,0.23704860694357327,0.20710419426936416,-0.07107239751245968,-0.026749624385676192,0.04432277312678349,-0.03834877241793131,-0.008206036695400005,0.030142735722531306,0.21454546655413198,0.22262627638533175,0.00808080983119977,0.2334933267836159,0.2271728051781393,-0.006320521605476609
BNCI2014_004,2,1train,right_hand,early,20,0.052164868627651254,-0.014796461603722336,0.4117291896648998,0.1958933434999608,0.012107372406713113,0.05566636625842774,0.04355899385171463,0.049124555345513674,-0.023631503143551447,-0.07275605848906512,0.14012885615437587,0.4073452678675479,0.267216411713172,0.1715866580046785,0.2406716667829793,0.06908500877830079
BNCI2014_004,2,1train,right_hand,mid,20,0.011517506770260059,-0.014341755653068047,0.11115130400523186,0.1538376291296559,0.16292031597129408,-0.014404291704362499,-0.17732460767565658,-0.04834901903947127,-0.012813842101070727,0.03553517693840054,0.43587913400089107,0.12964273965599804,-0.306236394344893,0.22231041098672538,0.20187472677401022,-0.02043568421271516
BNCI2014_004,2,1train,right_hand,late,20,-0.05425543441327198,-0.012393816856043172,0.4286717372165238,0.1353545085520196,0.02696570556019632,-0.057045346678703125,-0.08401105223889944,-0.003381687002150659,-0.01789218420037992,-0.01451049719822926,0.09150223277697221,0.42137302645347435,0.3298707936765021,0.13364200772013748,0.1658841822964625,0.03224217457632503
BNCI2014_004,2,2train,left_hand,early,26,0.030970610630548148,0.009841343333843471,0.26103245963231225,0.18383739729475848,0.038981352440178904,0.037056382839484356,-0.0019249696006945483,0.013139969927383465,-0.00022174350196549456,-0.01336171342934896,0.6125801196477978,0.2239304960897142,-0.38864962355808363,0.2679649732581879,0.09681067844989477,-0.17115429480829314
BNCI2014_004,2,2train,left_hand,mid,27,-0.002166778669527944,0.0014620179748532794,0.2538523378168864,0.11432769842932156,-0.047203248852273554,-0.005944170817421635,0.04125907803485192,0.026289760656837333,-0.003006180784791634,-0.02929594144162897,0.3064638911545091,0.18652730871070042,-0.1199365824438087,0.27539528471834873,0.1589917432753559,-0.11640354144299284
BNCI2014_004,2,2train,left_hand,late,27,-0.022177073626817947,0.004977761664860383,0.1852846465905859,0.31836738257595176,-0.2189223681178998,0.00920045758035798,0.2281228256982578,0.004378602774718345,0.009357487507161338,0.004978884732442994,0.495684307356888,0.2527800114106957,-0.24290429594619228,0.19164707445334625,0.3078728230085522,0.11622574855520593
BNCI2014_004,2,2train,right_hand,early,26,-0.009788564580295445,0.003757151449818672,0.13179171755849248,0.16845546199671443,-0.02321627407675345,-0.0145753960715744,0.00864087800517905,0.01669904590020414,0.0034918485152270087,-0.01320719738497713,0.13879244742229183,0.12159630623809645,-0.01719614118419538,0.27139296840944227,0.17316713090405206,-0.09822583750539021
BNCI2014_004,2,2train,right_hand,mid,27,0.020207303406588033,0.012152360105510983,0.29943183584492955,0.1384673964891269,0.0932876412366884,0.01203111372609953,-0.08125652751058887,0.0008529385259835174,0.01747725152437404,0.016624312998390522,0.2574752659653403,0.3070385314496021,0.049563265484261765,0.16950250706654893,0.14822419966189757,-0.021278307404651364
BNCI2014_004,2,2train,right_hand,late,27,-0.0032428858781608397,0.002779198931753215,0.23470697991142078,0.13445563450409379,0.2659429213660018,-0.03419407533420554,-0.3001369967002073,0.11110357198093417,-0.002597362371223478,-0.11370093435215764,0.5913737889780999,0.2901763656995956,-0.3011974232785043,0.2714524242428691,0.1224927762853574,-0.14895964795751168
BNCI2014_004,2,3test,left_hand,early,20,-0.0020597966985615216,0.007764068187835189,0.10540469487272024,0.2253125972732927,-0.054637239152281636,0.00018969122333760259,0.05482693037561924,-0.02431908630570173,0.01085702722587711,0.035176113531578845,0.42876043987608325,0.05973126642037899,-0.3690291734557043,0.2859652458566332,0.1891273590381198,-0.09683788681851338
BNCI2014_004,2,3test,left_hand,mid,20,0.07903594554922806,-0.023248289685158657,0.44293163555695286,0.36234701783943796,0.2105142184491016,0.017459403983606698,-0.19305481446549488,-0.012366560343471607,-0.028139754276520892,-0.015773193933049285,0.4413830383307208,0.19473049252450567,-0.24665254580621512,0.2012377860671374,0.32805620109287015,0.12681841502573274
BNCI2014_004,2,3test,left_hand,late,20,-0.032843234184662576,-0.02018167061712054,0.2892881117452004,0.21602514269676643,-0.018879911970139465,-0.06865763756100701,-0.049777725590867544,0.016934856853150458,-0.01819194172910726,-0.035126798582257715,0.25732998651984007,0.4570413665504614,0.19971138003062133,0.2399110122407563,0.27346437268904084,0.033553360448284525
BNCI2014_004,2,3test,right_hand,early,20,-0.02283967675516079,0.014832535123657212,0.30769902773248986,0.3182475079180305,0.05857678929578739,-0.03568831188958996,-0.09426510118537734,0.020748227768094665,0.008219846555353315,-0.01252838121274135,0.3593722294956756,0.2831983330637488,-0.07617389643192679,0.285458867907638,0.343209227830734,0.05775035992309596
BNCI2014_004,2,3test,right_hand,mid,20,-0.049971876409312076,0.0015452392068207883,0.4048895176002571,0.24160725153723217,-0.1303204761496658,-0.041500270646232476,0.08882020550343332,-0.03786545630722698,0.005633203483366964,0.043498659790593946,0.3961135030445086,0.35547685127430245,-0.040636651770206145,0.18120615105444868,0.20988223449403645,0.028676083439587774
BNCI2014_004,2,3test,right_hand,late,20,-0.06379926885684686,0.017563463089232657,0.40986792409864176,0.25165202240334505,-0.028347300532125023,-0.0631919911013096,-0.03484469056918458,0.0642495612085982,0.01480657942744713,-0.04944298178115107,0.057649645230121366,0.39478349961852327,0.33713385438840193,0.22500669684902913,0.24857014150865572,0.023563444659626592
BNCI2014_004,2,4test,left_hand,early,26,0.030989575508681467,0.0060268988102928096,0.27495585355353924,0.19374961195803128,-0.03215453679381026,0.03057804446656968,0.06273258126037994,0.05102858012074654,0.005018561594536378,-0.046010018526210165,0.1495178761680166,0.234725460186515,0.0852075840184984,0.2055774165833308,0.21161185740452879,0.006034440821197973
BNCI2014_004,2,4test,left_hand,mid,27,0.021220042302272597,0.009588926261718877,0.1720138246200605,0.1425194656936276,-0.013535747874842591,0.01523609404484465,0.028771841919687242,0.005259530754931411,0.011049489582906052,0.0057899588279746415,0.06320076879396057,0.12916529280188122,0.06596452400792065,0.19980825731810492,0.12376655509099611,-0.0760417022271088
BNCI2014_004,2,4test,left_hand,late,27,0.013181190715252155,0.007444787320671998,0.14314039002588072,0.14134311507944688,-0.048660570730721615,0.01720604998399107,0.06586662071471269,-0.06316155522265045,0.01601587253746852,0.07917742776011896,0.13825013126599123,0.1586320905052352,0.020381959239243963,0.20709716953146778,0.16008927912308923,-0.04700789040837855
BNCI2014_004,2,4test,right_hand,early,26,-0.011686838324227091,-0.001985841138627628,0.16614238279816096,0.12947407800955682,0.07736619197879106,-0.01025168248710749,-0.08761787446589855,-0.0779999666428867,0.016508073405565468,0.09450804004845217,0.18136118653084965,0.15173020439553583,-0.029630982135313816,0.3228354535375427,0.2170208225119425,-0.10581463102560024
BNCI2014_004,2,4test,right_hand,mid,27,0.03644854019631438,0.0287945394248779,0.33493760484548946,0.28288311059535404,-0.10113812449641268,0.040089970620561646,0.14122809511697432,-0.024238938040410146,0.035946401781323724,0.060185339821733866,0.23827229855324228,0.29931429664575154,0.061041998092509264,0.23701722803418368,0.29879565048658263,0.06177842245239895
BNCI2014_004,2,4test,right_hand,late,27,-0.019726469981753113,-0.007149860287186104,0.15358892813928252,0.13271521632342947,0.005389744503328339,-0.014669665488210904,-0.020059409991539243,-0.0917623191433534,-0.004989108823587737,0.08677321031976566,0.1211799022718076,0.16035116525069107,0.03917126297888347,0.23149745486705411,0.1451133084846588,-0.0863841463823953
BNCI2014_004,3,0train,left_hand,early,20,0.001410737378075433,0.008014712797343832,0.16400528929421074,0.33921960417194363,0.2624666663385462,-0.032534897991859935,-0.29500156433040614,0.05533815622822718,0.00519326861361046,-0.05014488761461672,0.5197109520204957,0.23162890066309533,-0.28808205135740034,0.2531323834889238,0.31701482587226115,0.06388244238333735
BNCI2014_004,3,0train,left_hand,mid,20,0.01705767849887593,-0.03129182913089957,0.24839505782939758,0.30163374303899765,0.33572772836275977,-0.020779168322715782,-0.3565068966854755,0.00802618999685385,-0.04281115855281389,-0.05083734854966774,0.6514201750518587,0.13816286653074022,-0.5132573085211185,0.19396134605837279,0.2998127128649347,0.10585136680656193
BNCI2014_004,3,0train,left_hand,late,20,0.042384784230625486,-0.02012016927786969,0.2806049713732586,0.2484370721958609,0.21517233835069233,-0.009484249577082788,-0.22465658792777513,-0.029707538285879305,-0.01840518777710988,0.011302350508769425,0.4259351195819538,0.14381301540507443,-0.28212210417687933,0.27033935032902223,0.30972366755110636,0.03938431722208413
BNCI2014_004,3,0train,right_hand,early,20,0.04453004965309101,0.009456534234785678,0.30735799697067295,0.19363385773027864,-0.050141920293146486,0.04919023272190279,0.09933215301504927,0.025806534317648774,0.005215451759963485,-0.02059108255768529,0.15671723798483145,0.2989280184573739,0.14221078047254243,0.18595006926672042,0.2664038121546547,0.08045374288793428
BNCI2014_004,3,0train,right_hand,mid,20,0.06206701634570049,0.04324426026243907,0.32542557588959126,0.32593484274024204,-0.27157228544143086,0.10984323895299368,0.38141552439442455,-0.0035331315338827476,0.03981995490231998,0.043353086436202726,0.4690995164526527,0.4340233237833849,-0.035076192669267814,0.3449525491773736,0.24947846010660324,-0.09547408907077037
BNCI2014_004,3,0train,right_hand,late,20,-0.02166380711240545,0.039197561965260926,0.17514372962123048,0.3542319830438198,0.24542078145909063,-0.05397947923315227,-0.2994002606922429,0.04305135213845375,0.03104727654787061,-0.012004075590583141,0.5785360786649472,0.27362860866986494,-0.3049074699950822,0.3270635907440529,0.3768277208122027,0.04976413006814984
BNCI2014_004,3,1train,left_hand,early,20,0.0009716635951141269,-0.002421649234252713,0.2656498288121,0.4494773748245281,0.03370874695340522,0.003900050234185516,-0.029808696719219704,-0.12689471035932598,0.020948796052123374,0.14784350641144936,0.0834674276913289,0.31776880604890567,0.23430137835757678,0.39611354567564705,0.49331681871411315,0.0972032730384661
BNCI2014_004,3,1train,left_hand,mid,20,0.0510884818790949,0.001525220058836774,0.32637153863671947,0.28119523166508065,-0.15036835875618274,0.06826195330564688,0.21863031206182962,-0.12823414403419547,0.024909851327289647,0.15314399536148512,0.3006585216353781,0.3484233418206669,0.047764820185288825,0.35141959936012107,0.2639068614881765,-0.08751273787194458
BNCI2014_004,3,1train,left_hand,late,20,0.10790424923421252,-0.012770193901323884,0.5154913093266162,0.25429833205417646,0.17981738541514264,0.11727217406522758,-0.06254521134991506,0.18434171442345082,-0.04147592865705449,-0.2258176430805053,0.5590609141369891,0.6331863813488371,0.07412546721184798,0.36576853329829606,0.32585834866611485,-0.03991018463218121
BNCI2014_004,3,1train,right_hand,early,20,0.09548141257436087,0.019159880044963988,0.48011912396336137,0.29255862894062384,0.06776819376822493,0.0851479558884444,0.017379762120219466,-0.06702348174751378,0.03415532454477657,0.10117880629229035,0.20922380039668403,0.4228467020998909,0.21362290170320686,0.34032065174168125,0.3351801210403749,-0.005140530701306323
BNCI2014_004,3,1train,right_hand,mid,20,0.10022990469883929,0.032230227792731984,0.5053440244043153,0.4066336304589638,0.023135567517984096,0.1035725403891064,0.08043697287112231,0.14108810948642445,0.021928692296947924,-0.11915941718947652,0.055916707705320576,0.49594304926866983,0.44002634156334924,0.4822147055598538,0.3671218935265168,-0.11509281203333699
BNCI2014_004,3,1train,right_hand,late,20,0.09210701884328996,0.027327796185513023,0.4065575330456715,0.3251333340036201,0.21492506460201022,0.06174700171962151,-0.15317806288238872,0.08881776456903212,0.016557224428021697,-0.07226054014101042,0.4865750763825787,0.28029544913362464,-0.20627962724895405,0.4340993831692572,0.2503329828680688,-0.1837664003011884
BNCI2014_004,3,2train,left_hand,early,26,0.11214824274322863,0.022444683890877618,0.7096715553239442,0.38459842977278125,0.06688300014385637,0.12113207361177346,0.05424907346791709,-0.04866087644330776,0.03541794578508145,0.08407882222838921,0.15687170468875722,0.6319486027535659,0.4750768980648087,0.27854301518271307,0.4694228155427494,0.19087980036003632
BNCI2014_004,3,2train,left_hand,mid,27,0.058707717016030676,0.01645341546058481,0.3400348597517289,0.29182418066081456,0.04693831206598854,0.054199664065312916,0.007261351999324379,-0.05285929745558639,0.034184812470284105,0.0870441099258705,0.25986848102929533,0.2915476699820334,0.03167918895273808,0.44528180201027456,0.1871590247795544,-0.2581227772307202
BNCI2014_004,3,2train,left_hand,late,27,0.0718439508933285,-0.009740446496828847,0.3770337637414138,0.2644651719147107,0.0030011771392743428,0.07071858414988298,0.06771740701060863,0.026522943083350774,-0.022064847073325098,-0.04858779015667587,0.2608535180364315,0.3728582160296685,0.11200469799323703,0.258968533604875,0.23906773088914934,-0.01990080271572564
BNCI2014_004,3,2train,right_hand,early,26,0.07289663209904355,0.01669854435715198,0.3549349334229854,0.11163801149019101,-0.14107400988987528,0.09469023424560825,0.23576424413548352,0.0359106630984658,0.012886734289468236,-0.023023928808997562,0.2534575964135172,0.44178334608527936,0.18832574967176213,0.1844421204361196,0.12743519025457054,-0.057006930181549065
BNCI2014_004,3,2train,right_hand,mid,27,0.04263922062872225,0.0041929185123063895,0.22523969333208477,0.13596832487504082,0.07829135924879667,0.03885536330171377,-0.0394359959470829,-0.02994372069088068,0.011580742947829495,0.04152446363871017,0.21460486081255747,0.1944189664703783,-0.020185894342179184,0.24208815942823994,0.19883607376187926,-0.043252085666360685
BNCI2014_004,3,2train,right_hand,late,27,0.06998736542457627,0.024892991900802918,0.39296220209402255,0.32869683066086325,0.05561728955492206,0.0594643807801272,0.003847091225205143,0.08623768717003953,0.018348587101055948,-0.06788910006898358,0.19294175893869328,0.3138424806693767,0.12090072173068342,0.24524987368183032,0.19433280928145646,-0.05091706440037386
BNCI2014_004,3,3test,left_hand,early,26,0.08137938829238658,-0.007405607064861557,0.4735717742609017,0.3340008606115097,0.07529913563797028,0.07750771453813887,0.002208578900168595,-0.03573519870200968,-0.010196639064833495,0.02553855963717619,0.3117592046940693,0.4454823152252824,0.1337231105312131,0.2776310950927711,0.28157208426372426,0.003940989170953146
BNCI2014_004,3,3test,left_hand,mid,27,-0.018411325515818477,-0.0059162070407872535,0.12469105444931751,0.15788780536994731,0.11178669759703116,-0.048611524030015445,-0.16039822162704662,0.05306767392062985,-0.014700053483033687,-0.06776772740366355,0.3410264988102274,0.29323312223461795,-0.04779337657560945,0.16998801004827097,0.19323827057874243,0.023250260530471467
BNCI2014_004,3,3test,left_hand,late,27,0.12135020314661846,-0.01881479519327265,0.6140334018413517,0.3385094764777774,0.06350608509748709,0.13384056370676828,0.07033447860928119,-0.05723022759779349,-0.013241379616516264,0.043988847981277224,0.3432673755813354,0.6294672822160275,0.28619990663469214,0.28891893357045645,0.2913695810928411,0.0024506475223846635
BNCI2014_004,3,3test,right_hand,early,26,0.05126159284999023,0.017462665405636933,0.3108866196998142,0.286115258940673,-0.030678928160885993,0.06697814828172634,0.09765707644261233,-0.04243599975920878,0.0395193004437252,0.08195530020293398,0.13633398374879313,0.3382861532332511,0.201952169484458,0.19603218838218575,0.31698614120199714,0.12095395281981139
BNCI2014_004,3,3test,right_hand,mid,27,0.057944754839889395,0.015931974314336964,0.3773994356388353,0.2011972820459972,0.12180530020468164,0.048874925647110816,-0.07293037455757082,0.025285237598350885,0.014835528654066133,-0.010449708944284751,0.30206517098783553,0.31245445924388926,0.01038928825605373,0.18469718460150802,0.1604376532440503,-0.02425953135745773
BNCI2014_004,3,3test,right_hand,late,27,0.09031194212729649,0.013846967348216974,0.42050967341604234,0.1967325306929301,-0.03194744063559232,0.11775224533291533,0.14969968596850763,0.07703825018437835,0.01323279346343065,-0.0638054567209477,0.07267635209432316,0.5054974113772177,0.43282105928289455,0.19291172104838666,0.1905375822908841,-0.0023741387575025585
BNCI2014_004,3,4test,left_hand,early,26,-0.026353534203327603,0.034920531496903044,0.24957676112256474,0.30654897735573167,-0.048820539119839586,-0.04149866977226362,0.007321869347575963,0.07121710047675246,0.0340581786577331,-0.037158921819019364,0.14702031882776556,0.27984667487130704,0.13282635604354148,0.3515716521595831,0.27420744212700654,-0.07736421003257654
BNCI2014_004,3,4test,left_hand,mid,27,-0.01418197101835118,0.009885156482464666,0.18788675423067866,0.16805204923047212,-0.00490082809692473,-0.014312648194278788,-0.009411820097354058,0.00400694458929065,0.008239635008500569,0.004232690419209918,0.02944276893861781,0.16247438509959877,0.13303161616098097,0.28350111312863896,0.17308147711588073,-0.11041963601275823
BNCI2014_004,3,4test,left_hand,late,27,0.05595093855289557,0.01437592043843073,0.2892663640804369,0.14048844188190707,0.21171554669213472,0.019502881859521162,-0.19221266483261357,0.021638466608619313,0.004707833766445457,-0.016930632842173856,0.4820174703388319,0.1513163629300682,-0.3307011074087637,0.15208737005486,0.18191813857776973,0.029830768522909723
BNCI2014_004,3,4test,right_hand,early,26,0.028062549368696947,0.009167514626824792,0.18918332802783047,0.47672271935122695,0.1243222937694424,-0.0073799909428809195,-0.13170228471232331,-0.07164616524647859,0.027945121528575704,0.09959128677505429,0.266922277297281,0.143346529168134,-0.12357574812914701,0.43610740290051764,0.2959926750174935,-0.14011472788302415
BNCI2014_004,3,4test,right_hand,mid,27,0.04105866761929626,0.01661657198324318,0.20199249231939317,0.1561287996849599,0.29522026796557205,-0.024657485327314696,-0.31987775329288676,-0.017162321300993776,0.016182001206546243,0.03334432250754002,0.5443460371681029,0.17449036206622764,-0.3698556751018753,0.2888887045962425,0.15298259460434502,-0.13590610999189748
BNCI2014_004,3,4test,right_hand,late,27,-0.010062181859918787,0.0180384419083706,0.1939014863384537,0.24636654899400345,-0.06450045408201896,0.023870818343112672,0.08837127242513163,0.05547718210484471,0.015781860702182203,-0.039695321402662506,0.1481407203964022,0.2602722597374417,0.11213153934103953,0.29025730509783176,0.22048071006315043,-0.06977659503468134
BNCI2014_004,4,0train,left_hand,early,20,0.09775120390427437,0.02698496623093909,0.5652504555238991,0.2200453714201666,0.14746968017733453,0.08711478024856599,-0.06035489992876854,0.020767946946298795,0.0414191634716503,0.020651216525351502,0.4493733772316656,0.47554253013757347,0.026169152905907878,0.2514911622027562,0.30679621966088005,0.05530505745812386
BNCI2014_004,4,0train,left_hand,mid,20,-0.07571530311736333,0.015907997286606416,0.3933423345602945,0.27151815266733986,-0.08387455333974195,-0.07653779261870314,0.00733676072103881,0.0018000142476291836,0.00929390997683727,0.007493895729208087,0.16456866532399372,0.33526030083095926,0.17069163550696553,0.40594468812395523,0.24665077507725405,-0.15929391304670118
BNCI2014_004,4,0train,left_hand,late,20,0.044679550890311476,0.024362699868839703,0.2471723993470792,0.16507028252367467,-0.1344619749284903,0.076891343517304,0.2113533184457943,-0.012224276300260357,0.029826743380255608,0.042051019680515965,0.23487191223901183,0.35724851174615213,0.1223765995071403,0.2159586017173278,0.2417530699352599,0.025794468217932104
BNCI2014_004,4,0train,right_hand,early,20,0.06982761870047323,-0.01078338766532645,0.3080516192614473,0.23887692439605493,0.05501324803693262,0.06025751893773971,0.005244270900807091,0.05666668219879404,-0.02226949338221402,-0.07893617558100806,0.14766465379642768,0.2688173796454188,0.12115272584899112,0.1534484962076885,0.2517477732634571,0.0982992770557686
BNCI2014_004,4,0train,right_hand,mid,20,0.07225982592921402,0.012727305436100192,0.33541571793470454,0.2276233022179438,-0.042649542080284736,0.06886619036850833,0.11151573244879306,-0.022511777792747246,0.026264763910505085,0.04877654170325233,0.12235903182369132,0.293272965200997,0.17091393337730568,0.18249670017995842,0.22790246738613762,0.0454057672061792
BNCI2014_004,4,0train,right_hand,late,20,0.044149526243897265,0.011527481085978376,0.28485406248227163,0.16636377657033552,-0.027222633802634587,0.05955331325708652,0.08677594705972111,0.009555346595153062,0.01037454950899843,0.000819202913845369,0.1462738493042388,0.3433737634749241,0.1970999141706853,0.2702741113928149,0.23979756753647002,-0.03047654385634485
BNCI2014_004,4,1train,left_hand,early,23,0.07413952603052555,0.0004379217504615346,0.4271247576095991,0.2290768622467436,-0.10882835623816259,0.10449876554413341,0.21332712178229601,0.07138906553110685,-0.011715242577069834,-0.08310430810817669,0.2199025805130415,0.5237216660549412,0.3038190855418997,0.2495200850106343,0.26321950300955466,0.013699417998920355
BNCI2014_004,4,1train,left_hand,mid,23,0.0827567872813303,0.014091934478624215,0.441768926037531,0.2322452800446107,0.04918373986488429,0.07778461904815535,0.02860087918327106,0.05706060201754585,0.0002945202019803618,-0.056766081815565486,0.08531487122906635,0.3928365407479125,0.3075216695188462,0.24841334399541998,0.22056601724400499,-0.02784732675141499
BNCI2014_004,4,1train,left_hand,late,24,0.09294296253432885,-0.01267301616714394,0.4123432320863793,0.137609379498978,0.16738230140707078,0.06942959400378192,-0.09795270740328886,-0.002491236580878053,-0.014622228625959499,-0.012130992045081446,0.3229296378156073,0.3504010831665866,0.027471445350979284,0.2376684929524123,0.18354908413905827,-0.05411940881335403
BNCI2014_004,4,1train,right_hand,early,23,0.014225265842495153,-0.024407274889341496,0.09887140568518547,0.21946044544534857,0.014801253251817883,0.013591447066446204,-0.0012098061853716788,-0.0020424028918810152,-0.025259050065310654,-0.02321664717342964,0.03293088012684801,0.15319215477642992,0.12026127464958192,0.24633528444895125,0.1971674928062332,-0.04916779164271806
BNCI2014_004,4,1train,right_hand,mid,23,0.028270400350931053,0.02642515487977356,0.1475053095865522,0.31171579577815683,-0.0653848192317731,0.05886317749943152,0.12424799673120462,-0.00568276122286834,0.03842714171315186,0.0441099029360202,0.13284685951768022,0.22766580332481434,0.09481894380713413,0.29922527953218947,0.30004551247175365,0.0008202329395641805
BNCI2014_004,4,1train,right_hand,late,24,0.09468287098061824,0.015993664250001472,0.456858657045464,0.20651155581217925,0.19681151043601186,0.09875536340543348,-0.09805614703057838,0.05578980167436233,0.010505626876776687,-0.04528417479758565,0.49137347286567357,0.41493301105533464,-0.07644046181033892,0.2996494661028205,0.19214550095865301,-0.10750396514416749
BNCI2014_004,4,2train,left_hand,early,26,0.04999329286891518,-0.05108596645670995,0.2814232661497157,0.3577762109146224,0.06288386869115269,0.049905345522662695,-0.012978523168489992,0.016554547063794403,-0.05944129918561112,-0.07599584624940553,0.2047618245175094,0.34695094886110217,0.14218912434359277,0.20263743643880594,0.3639387271354295,0.16130129069662358
BNCI2014_004,4,2train,left_hand,mid,27,0.005971542411746578,-0.0053916254093334,0.2209274343031044,0.24065631208116486,-0.061894999745542634,0.03639537475031341,0.09829037449585604,-0.011657179799831033,0.001309426562175377,0.01296660636200641,0.11210130552083508,0.2653444268930843,0.1532431213722492,0.2741104363263679,0.19971260537837063,-0.07439783094799726
BNCI2014_004,4,2train,left_hand,late,27,0.033458490460263834,-0.031218100613259674,0.16239105300261006,0.27797517268331906,0.2861568837368331,-0.012447374366427122,-0.29860425810326024,0.0022070683769200693,-0.03498361792194683,-0.037190686298866904,0.5255268266448526,0.17971013215903697,-0.34581669448581565,0.2022452044925402,0.27531180374721487,0.07306659925467468
BNCI2014_004,4,2train,right_hand,early,26,0.09548442363673756,-0.006791913266863814,0.46591025930721863,0.2774680943227579,0.15995595318420128,0.08045127460319727,-0.079504678581004,0.016221656148552217,-0.012178600727982603,-0.02840025687653482,0.28265929164142073,0.42780336909925637,0.14514407745783564,0.2640470195568782,0.33250607310590086,0.06845905354902265
BNCI2014_004,4,2train,right_hand,mid,27,0.07018636180078852,0.0050581914192028045,0.3824774822693451,0.155203062885337,0.11689046951779497,0.06930035389051517,-0.0475901156272798,0.048251434048010265,-0.0012730718885258009,-0.04952450593653607,0.22732140203492912,0.33259007352720327,0.10526867149227415,0.23381830747930588,0.16127525181178043,-0.07254305566752545
BNCI2014_004,4,2train,right_hand,late,27,0.09314019229576194,0.016094462424899435,0.4023900626814463,0.14407513424572202,0.15093465693682684,0.07111519481954928,-0.07981946211727756,0.07772291198369954,0.00467451445885289,-0.07304839752484665,0.28346255088180694,0.3195975802911286,0.03613502940932167,0.19338161684433006,0.1783674935696592,-0.01501412327467086
BNCI2014_004,4,3test,left_hand,early,26,-0.0016525050706479314,-0.002002937658827618,0.14804035878327582,0.18330858448308657,-0.08758622301406695,0.0024826067542835,0.09006882976835044,0.02786862720828191,-0.0034855651626502057,-0.031354192370932114,0.1865746406629069,0.1905606691749124,0.003986028512005496,0.16765600284163024,0.1846182752343171,0.016962272392686856
BNCI2014_004,4,3test,left_hand,mid,27,0.1733286147157276,-0.01907841157717426,0.8474009684435202,0.20296008402654694,0.4149591655665602,0.13960232846064521,-0.27535683710591496,-0.02732249071899521,-0.02398601433196774,0.003336476387027467,0.7588303442288327,0.7048950220194777,-0.05393532220935493,0.1911604530704902,0.20656189249275195,0.015401439422261742
BNCI2014_004,4,3test,left_hand,late,27,0.05779928409312765,-0.019373896311815887,0.32579740686826847,0.16637766325953599,0.028264657575072946,0.031001245427517185,0.002736587852444239,-0.01960297839564308,-0.01148109568739558,0.008121882708247501,0.06014887813881528,0.16438479505753545,0.10423591691872017,0.24627762405922946,0.1964828635172929,-0.049794760541936545
BNCI2014_004,4,3test,right_hand,early,26,0.08705507284172494,-0.020365383718749235,0.49631456846949246,0.20325820771839542,0.1980682946567852,0.05385779851171149,-0.1442104961450737,-0.02970737227675259,-0.018016304025895647,0.011691068250856942,0.48085861337547925,0.3047391325648702,-0.17611948081060907,0.23979590257018465,0.16522511485207986,-0.0745707877181048
BNCI2014_004,4,3test,right_hand,mid,27,0.0995678563713077,-0.03985657877724991,0.5545438468707123,0.2840225666964647,-0.045481967132613196,0.13069543952416254,0.17617740665677573,-0.0715889851796822,-0.03967673012464151,0.03191225505504068,0.127726699167281,0.5660411180347089,0.43831441886742795,0.21161124882043128,0.2505797279196567,0.038968479099225434
BNCI2014_004,4,3test,right_hand,late,27,0.13309402426756106,0.0014602991925522723,0.5910538574566935,0.21745871596038774,0.2340008065707449,0.10862900343578309,-0.12537180313496182,-0.10381287073485704,0.013887218020791566,0.11770008875564861,0.39451825121543094,0.4780860312199934,0.08356778000456244,0.27913093790449334,0.23357623965626778,-0.045554698248225556
BNCI2014_004,4,4test,left_hand,early,26,0.023358535201366493,0.012032058749309503,0.16752255614897546,0.1565198513674764,-0.03665637805670657,0.0283673987902139,0.06502377684692047,0.03181716396575231,0.009250144629461778,-0.02256701933629053,0.08941892372814272,0.17660083357562517,0.08718190984748245,0.1314396773673244,0.18072765850462533,0.04928798113730093
BNCI2014_004,4,4test,left_hand,mid,27,0.08073597119804977,0.02000980135647066,0.440081925937439,0.264205866422871,0.22802080645259132,0.04184975837100858,-0.18617104808158275,0.05579429742159492,0.015215964882754727,-0.04057833253884019,0.44077702058295654,0.3067532760921393,-0.13402374449081722,0.18196101277813306,0.2916695953829949,0.10970858260486185
BNCI2014_004,4,4test,left_hand,late,27,0.07733774110798879,-0.01913666234576204,0.38067945120308894,0.22594804191864168,0.12747476127341817,0.07252947925147248,-0.05494528202194569,0.03098849149745537,-0.028863198315103974,-0.05985168981255934,0.29785699197348237,0.3317295733681043,0.03387258139462196,0.3955058083329477,0.2525748171200981,-0.14293099121284958
BNCI2014_004,4,4test,right_hand,early,26,-0.008822152189434974,-0.00517518194373619,0.06318112389568774,0.2685600103472889,0.04912073284906221,-0.021188318441429734,-0.07030905129049195,-0.002259217668187362,-0.009030929488920123,-0.006771711820732761,0.137469117754524,0.0959765313254482,-0.0414925864290758,0.3023229016493541,0.2116366896113953,-0.09068621203795879
BNCI2014_004,4,4test,right_hand,mid,27,0.0920557111217203,-0.013331853605896454,0.432552335786089,0.17324666765929056,0.07726668742457884,0.08854391080483691,0.011277223380258064,0.00798415572828408,-0.01765527787890074,-0.02563943360718482,0.17133929939518755,0.37513461772344847,0.20379531832826092,0.11913009991593487,0.179033667016827,0.05990356710089212
BNCI2014_004,4,4test,right_hand,late,27,0.0361536452203068,0.0044478781316096665,0.2633096553114751,0.18336138517301884,0.22455369202424258,-0.00500493880536807,-0.22955863082961064,0.0665885933883064,-0.005376526239260571,-0.07196511962756698,0.40245669217818647,0.24672716705164432,-0.15572952512654215,0.22992076418061813,0.24065890358635122,0.010738139405733094
BNCI2014_004,5,0train,left_hand,early,20,-0.13163668547078508,-0.03719723025076011,0.8456591873475184,0.27637891946691795,-0.12949996588893922,-0.12684123212712084,0.0026587337618183826,0.011532842939575391,-0.026949565053437076,-0.03848240799301247,0.3576386822582994,0.7249171629967518,0.3672784807384524,0.2949701985934168,0.16532166169581042,-0.12964853689760636
BNCI2014_004,5,0train,left_hand,mid,20,-0.09149632410902785,0.0036891493365439998,0.6417869221048667,0.22952068701542383,0.06933306890923127,-0.10921907872109647,-0.17855214763032773,0.058047268149140324,-0.014048469385307327,-0.07209573753444765,0.1671823455927206,0.6801133068377473,0.5129309612450267,0.2694838290220854,0.21089889299375816,-0.058584936028327234
BNCI2014_004,5,0train,left_hand,late,20,-0.12253540028617062,-0.056647243828770746,0.6799305199508487,0.3566739322306983,0.06296064849977179,-0.15683634096111035,-0.21979698946088214,-0.01732381531795504,-0.058881895682070924,-0.04155808036411589,0.19466183784416857,0.8043736674892241,0.6097118296450555,0.22836280762798936,0.35145409443920494,0.12309128681121559
BNCI2014_004,5,0train,right_hand,early,20,0.028971102165870143,0.0003573477011617218,0.23681307388950884,0.22629775541814426,-0.06661658238275484,0.059503270803364115,0.12611985318611896,-0.12714334459196264,0.037046753162845204,0.16419009775480783,0.1992280262204693,0.3365013841572061,0.13727335793673678,0.3037080660854895,0.2631118068724432,-0.040596259213046326
BNCI2014_004,5,0train,right_hand,mid,20,0.07022421701882058,0.018778622938577575,0.4405877344835292,0.24437751292479185,-0.18142961544956046,0.10363353751493751,0.28506315296449797,0.035261614826087334,0.011166409457580859,-0.024095205368506477,0.6797305013053854,0.5160365846882418,-0.1636939166171436,0.1973687778165092,0.22222510236071172,0.02485632454420253
BNCI2014_004,5,0train,right_hand,late,20,-0.01990671979915015,0.016241254891781746,0.15080848964846366,0.14322621771891692,-0.0302032893398089,-0.014188462685219394,0.016014826654589507,-0.0378053458298055,0.025123853537046784,0.06292919936685229,0.24870845128902788,0.15043400729136477,-0.09827444399766311,0.26894061800303093,0.19104720843613912,-0.07789340956689181
BNCI2014_004,5,1train,left_hand,early,23,-0.0708113963825422,-0.007550051725944531,0.4074650405902774,0.11679495380861138,-0.10608964293421906,-0.06016778744845653,0.04592185548576253,0.053245996113752615,-0.016578989320421098,-0.06982498543417372,0.35616155391750204,0.40840522444292865,0.05224367052542661,0.28127125353576093,0.1741851058275893,-0.10708614770817163
BNCI2014_004,5,1train,left_hand,mid,23,-0.11190534172842394,-0.041762868722040804,0.6898557304835033,0.339666284392804,-0.20351856111554717,-0.09526271029147042,0.10825585082407675,0.040180540260702245,-0.05291820708689116,-0.09309874734759341,0.6400457914210886,0.5800118646227818,-0.06003392679830688,0.15322017065341223,0.3540633654707002,0.200843194817288
BNCI2014_004,5,1train,left_hand,late,24,-0.14909178964678643,-0.00014195161147653536,0.7560107837152253,0.28713088322134117,-0.043955511907617414,-0.15898166109607298,-0.11502614918845556,0.04385749741113549,-0.0054398946764354465,-0.04929739208757093,0.13135646565022038,0.7090336650938098,0.5776771994435894,0.23953130366358957,0.25349037523124063,0.013959071567651055
BNCI2014_004,5,1train,right_hand,early,23,-0.026293352366177875,0.003232325710382831,0.2840110839924793,0.23682070985916803,-0.22690195826429713,-0.0023708268004081936,0.22453113146388892,-0.04690323916174535,0.01047301947493498,0.05737625863668033,0.5644004660726154,0.19364773176714253,-0.37075273430547284,0.3493760511470633,0.23154788493680245,-0.11782816621026088
BNCI2014_004,5,1train,right_hand,mid,23,-0.029772941036545358,-0.005589427254493753,0.22774440140955426,0.20553930256561526,-0.04885885335070647,-0.025210975450384285,0.023647877900322186,0.006311566289255228,-0.003978940150171418,-0.010290506439426646,0.14866518311326532,0.20784396413880168,0.059178781025536364,0.3052318279014357,0.18359210978815713,-0.12163971811327859
BNCI2014_004,5,1train,right_hand,late,24,-0.008161617885388096,0.03281462415627377,0.1358613163056979,0.27940288505613403,-0.0022293729292994255,-0.005252197189793486,-0.0030228242604940603,-0.04045544992550469,0.04252289780694972,0.08297834773245441,0.006492987276129818,0.22450259157379027,0.21800960429766045,0.27716791472398644,0.2739638061891089,-0.0032041085348775145
BNCI2014_004,5,2train,left_hand,early,26,-0.011827197344726655,-0.02219469141306627,0.13251220570712283,0.19258802570263928,0.06811570818445195,-0.014929849077586575,-0.08304555726203852,-0.12677470099626123,0.0010410892560395223,0.12781579025230075,0.2243079559082873,0.1885500991352315,-0.03575785677305582,0.2573151933865632,0.1669390581129935,-0.09037613527356972
BNCI2014_004,5,2train,left_hand,mid,27,-0.03691245270584216,0.04337868439711125,0.2662517466765555,0.29209789529220265,-0.20575500561583368,-0.003999522601463876,0.2017554830143698,0.07662954779073092,0.04628700621003292,-0.030342541580697997,0.7652036990363029,0.055675204373506065,-0.7095284946627969,0.4019110063134687,0.27338094180757877,-0.12853006450588994
BNCI2014_004,5,2train,left_hand,late,27,-0.05435481645086323,-0.017654741536382215,0.3728389788606981,0.13836196816841603,0.06261488045770777,-0.08571532916747565,-0.14833020962518342,0.052335477257340945,-0.026436624249611927,-0.07877210150695288,0.21163378416597195,0.45837898838398705,0.2467452042180151,0.2847643836031339,0.1705954936232694,-0.11416888997986449
BNCI2014_004,5,2train,right_hand,early,26,0.0023839108164500564,-0.004400227609134592,0.12343442435103716,0.2046156991298598,-0.0305306468045759,0.02998172609731755,0.06051237290189345,-0.06582514416593153,0.006922096384728585,0.07274724055066012,0.0994253091852152,0.19402342479617166,0.09459811561095646,0.2715828029337042,0.291578274746437,0.019995471812732812
BNCI2014_004,5,2train,right_hand,mid,27,-0.012491250211992627,0.05359138979903227,0.10788297481150103,0.350978360639498,-0.22028136415164548,0.021102610570996057,0.24138397472264153,0.10416485317525787,0.043534999241234114,-0.06062985393402375,0.5044649883949037,0.17255423300335884,-0.3319107553915449,0.24630234656281416,0.2896658002839075,0.04336345372109332
BNCI2014_004,5,2train,right_hand,late,27,-0.09478033786306052,0.032895635164992165,0.5527651517857158,0.3862121403137519,-0.20613680681425922,-0.07846207842284063,0.12767472839141858,0.015589089060172772,0.03824781211298984,0.02265872305281707,0.49780838336064737,0.4502112080704697,-0.04759717529017765,0.1668814387254617,0.43634270340109943,0.2694612646756377
BNCI2014_004,5,3test,left_hand,early,26,0.0009958717165364107,-0.018934063814532224,0.12579296043049085,0.14218903805620492,0.01681479769136194,-0.01299453894181349,-0.029809336633175428,0.030046261035502824,-0.029913436184785102,-0.059959697220287926,0.18267359269166708,0.1629605714388801,-0.019713021252786983,0.2635339958958015,0.19555527193305158,-0.06797872396274993
BNCI2014_004,5,3test,left_hand,mid,27,-0.018587124892217352,0.02992268448197291,0.19282125053188243,0.28276761780253007,-0.108800992047937,-0.0097387370020506,0.0990622550458864,0.020677224552791182,0.03290729053842937,0.012230065985638187,0.24327587151466015,0.19899879910583657,-0.04427707240882359,0.2430306093911779,0.29076899455585725,0.04773838516467935
BNCI2014_004,5,3test,left_hand,late,27,-0.04056104978708586,-0.023060995121065176,0.3105783707879723,0.19901987523135636,-0.0666627915405883,-0.044620219032558646,0.02204257250802965,-0.07672216934008252,-0.014480299300790355,0.06224187003929217,0.17497617685874045,0.2800570325863875,0.10508085572764703,0.34284070783165593,0.17180591064939663,-0.1710347971822593
BNCI2014_004,5,3test,right_hand,early,26,-0.07116799021280691,0.012005938796021015,0.4559089475648101,0.19215656157710054,-0.10557510158623268,-0.06730788646971633,0.038267215116516345,0.03318545345369964,0.015345189189229997,-0.017840264264469642,0.2964632355637678,0.35202669545206233,0.05556345988829453,0.2809621528812152,0.19880994532699484,-0.08215220755422034
BNCI2014_004,5,3test,right_hand,mid,27,-0.048703801587048345,0.033924683084905975,0.304325033142082,0.23878317472916405,-0.05527946219676014,-0.04676842312561429,0.008511039071145844,0.007575708252510797,0.04282559292571175,0.035249884673200955,0.15392042807960532,0.2996048478346205,0.14568441975501517,0.2345638495362715,0.3163358885712294,0.08177203903495792
BNCI2014_004,5,3test,right_hand,late,27,-0.09039819339629879,0.05212443460660065,0.5420359466835154,0.32572574693223955,-0.15000384190681493,-0.09044462518500856,0.05955921672180636,0.11133531544993328,0.03589784457716168,-0.0754374708727716,0.3380107572817667,0.5209431763788847,0.18293241909711794,0.26254796826699045,0.29428963909691713,0.03174167082992668
BNCI2014_004,5,4test,left_hand,early,26,-0.040432896801183976,-0.0006370802532572135,0.31689202238840924,0.2151297664867125,-0.0921339950352155,-0.03917267334253467,0.05296132169268082,0.07669243192074009,-0.010118474487727111,-0.0868109064084672,0.253794483252283,0.3270757384965378,0.07328125524425483,0.24792538993902935,0.19948578449841103,-0.048439605440618316
BNCI2014_004,5,4test,left_hand,mid,27,-0.06664965751746452,0.019430394342354815,0.38690385199631316,0.18328534998202006,-0.12513344075595062,-0.07342320176137732,0.051710238994573304,0.07678965868637216,0.009738802089000454,-0.06705085659737171,0.2885151106849208,0.42847522740719535,0.13996011672227454,0.31048822811522553,0.11423677851907849,-0.19625144959614704
BNCI2014_004,5,4test,left_hand,late,27,-0.009220690130707032,-0.030739428437376815,0.4316862128197856,0.22567865896458397,0.04312300775356402,-0.021444077297328265,-0.06456708505089229,-0.04843828365446181,-0.022978402774698814,0.025459880879762996,0.32579736455987907,0.4272673345268935,0.10146996996701446,0.22932091748311828,0.24157542073626367,0.012254503253145393
BNCI2014_004,5,4test,right_hand,early,26,0.007904280297904508,0.00411863203302426,0.1901342285088593,0.1900802287688789,0.01828478427723649,0.006035831158980846,-0.012248953118255643,0.03660263913068407,0.0013473416455887074,-0.03525529748509536,0.06114356948272609,0.18802780533558516,0.12688423585285907,0.164053298781082,0.20737563640919698,0.04332233762811499
BNCI2014_004,5,4test,right_hand,mid,27,0.029432380184553616,0.004876598708234225,0.3597204458025589,0.20155746629954158,0.07115013680758406,0.02607733752381945,-0.045072799283764606,-0.0613207833961659,0.015922903579061776,0.07724368697522768,0.2694121909962587,0.28424072776998366,0.014828536773724976,0.1740462016605612,0.24928907835595498,0.07524287669539378
BNCI2014_004,5,4test,right_hand,late,27,-0.014626042148058915,0.02003828698544625,0.18548376161787714,0.211317685626752,-0.022883097160165927,-0.026865588224343824,-0.003982491064177897,-0.013350002562974434,0.0297677622419038,0.043117764804878236,0.08492839912501916,0.2037973152271081,0.11886891610208893,0.1950328982227284,0.21294485850809083,0.017911960285362433
BNCI2014_004,6,0train,left_hand,early,20,-0.020247307198866107,-0.006357232746985884,0.2650210978913754,0.358142062247743,-0.09264672227069498,-0.013528937204590709,0.07911778506610427,0.053626068162037396,-0.013163649838420279,-0.06678971800045767,0.28168970562822865,0.3121676042553967,0.030477898627168043,0.2916408049862936,0.34130019364860903,0.04965938866231545
BNCI2014_004,6,0train,left_hand,mid,20,-0.005324058726663459,-0.03934879871611502,0.22506308327461333,0.47661245234717464,-0.010405395370893675,0.004955249984626488,0.015360645355520163,0.1852255548294321,-0.06295054396563166,-0.24817609879506375,0.460441309880672,0.10939189986620403,-0.351049410014468,0.5497093429373903,0.4401254141708899,-0.10958392876650036
BNCI2014_004,6,0train,left_hand,late,20,0.016018973225617482,-0.02241034085803468,0.2840514928891661,0.31984540183276594,-0.08373816084125621,0.046564557534408996,0.1303027183756652,0.008491555539148753,-0.023706988222126715,-0.03219854376127547,0.2448225037272005,0.34435201536654686,0.09952951163934637,0.3739792005145921,0.4050542766012097,0.03107507608661758
BNCI2014_004,6,0train,right_hand,early,20,0.021374336856330237,0.033138621098536374,0.1773927845626529,0.42950951388572,-0.010265627570904967,0.03575609988183599,0.04602172745274096,0.0226716795684891,0.034617359119464945,0.011945679550975846,0.08574747571060168,0.2720145204583919,0.18626704474779024,0.21314435633389034,0.41889242796472004,0.2057480716308297
BNCI2014_004,6,0train,right_hand,mid,20,0.0071059838480002895,-0.019284626676894758,0.40900599773583496,0.2648077597889714,-0.030776984466088782,0.01447297821747253,0.04524996268356131,-0.029550383050969006,-0.009106465591841363,0.020443917459127645,0.2945943955649387,0.3671900845460859,0.07259568898114721,0.3613287514427232,0.22102004512012294,-0.14030870632260026
BNCI2014_004,6,0train,right_hand,late,20,0.050661052609926774,0.006310236983379718,0.43202507700594933,0.2225896469793757,0.11239286491910301,0.06193975152718571,-0.0504531133919173,0.07172157325473709,-0.006114547278478161,-0.07783612053321524,0.2991110429082479,0.4466738907054616,0.14756284779721368,0.29004009403731057,0.20155149602408529,-0.08848859801322528
BNCI2014_004,6,1train,left_hand,early,20,0.02363337232556811,-0.037605587909392064,0.34417562823029546,0.2868860603373518,-0.029582602409920465,0.048198451850085484,0.07778105426000595,-0.1426606467393069,-0.01774608532377286,0.12491456141553403,0.1122659193509176,0.43279684612770997,0.32053092677679235,0.36611313124166506,0.19889757624947021,-0.16721555499219484
BNCI2014_004,6,1train,left_hand,mid,20,0.008111110683149977,0.010729894722168017,0.1713598066184031,0.25249203776743356,-0.19833871861744165,0.047399604891653055,0.2457383235090947,-0.06993636938577982,0.023471601540940815,0.09340797092672064,0.5177658763398874,0.2980293310581627,-0.21973654528172465,0.24629752989937426,0.25803253407962573,0.011735004180251474
BNCI2014_004,6,1train,left_hand,late,20,-0.025069877445700196,-0.006400237362914294,0.23441933482767605,0.20563666044266404,-0.04508758085470121,-0.017890789146126743,0.027196791708574464,0.05880218647662589,-0.0223588350376789,-0.08116102151430479,0.4207812935065944,0.23362697010982728,-0.1871543233967671,0.16060834049237216,0.22120055587589493,0.060592215383522774
BNCI2014_004,6,1train,right_hand,early,20,0.07793606124006794,0.07876057300350695,0.5446682178993542,0.37560715318100024,0.0013801413488625236,0.058112689080881935,0.05673254773201941,0.09588562775574277,-0.001966321886418719,-0.0978519496421615,0.3432590221730729,0.39397619996200756,0.05071717778893464,0.3142631583123748,0.16869495075077565,-0.14556820756159913
BNCI2014_004,6,1train,right_hand,mid,20,0.0507789677552329,0.005953357018467881,0.42247517566537157,0.19325931843998234,0.006690335318555689,0.0631291398138565,0.05643880449530081,-0.002687422267956708,0.0013603471294728877,0.004047769397429596,0.08173058508666753,0.5187907757479949,0.4370601906613274,0.22504413699567338,0.19663928902395672,-0.028404847971716662
BNCI2014_004,6,1train,right_hand,late,20,0.012606698678130551,0.09580434725415712,0.20467507348099057,0.4871911566372569,0.0020351224932569877,0.002657425965049142,0.0006223034717921542,0.08691075160776422,0.10352173662194711,0.016610985014182886,0.14026094047921894,0.16169700285627966,0.02143606237706072,0.31907540446910493,0.4635333646774962,0.14445796020839125
BNCI2014_004,6,2train,left_hand,early,26,-0.003724431491606703,0.03616653974309349,0.10764112895941932,0.3197976482180669,-0.09892876751868501,0.003654879757700458,0.10258364727638547,0.1428539189496463,0.0027567822520899866,-0.14009713669755633,0.44855335036888866,0.10025086124379204,-0.34830248912509665,0.34853798516296014,0.19966995842176719,-0.14886802674119295
BNCI2014_004,6,2train,left_hand,mid,27,0.03359789895391939,-0.0009474538297925674,0.24845293193639587,0.11572089009780635,-0.10700023666339588,0.0550479549362648,0.16204819159966066,-0.08218661548176621,0.016330420062363578,0.0985170355441298,0.2679028563815107,0.35096714395024925,0.08306428756873857,0.18806377146384876,0.13102382431764223,-0.05703994714620653
BNCI2014_004,6,2train,left_hand,late,27,0.01757301290811798,-0.0052192379073194165,0.16545665913966845,0.16264814987087284,-0.11921792159684105,0.039478551591724635,0.1586964731885657,-0.0666134103021513,0.004669940297093059,0.07128335059924436,0.34504493223194244,0.31441297892585457,-0.030631953306087867,0.24411229786151165,0.11499729682386269,-0.12911500103764895
BNCI2014_004,6,2train,right_hand,early,26,0.029197325851071425,-0.0001608336552752091,0.21993544068335166,0.3211813958646267,-0.01220699595066936,0.024043922004647476,0.03625091795531683,0.07395786367732997,-0.008699874966732128,-0.08265773864406209,0.08792678440020167,0.17236109578082784,0.08443431138062617,0.27059068148116844,0.2993485038347458,0.028757822353577378
BNCI2014_004,6,2train,right_hand,mid,27,0.015596589540259649,0.030796440480098396,0.13898951678133295,0.23986591333885698,0.1010948802295981,0.007870855883039705,-0.0932240243465584,0.01744292273711549,0.03317673099178519,0.0157338082546697,0.2849993626445892,0.1256176412978077,-0.1593817213467815,0.21609078319373795,0.25293671747077046,0.036845934277032505
BNCI2014_004,6,2train,right_hand,late,27,0.020637849158450773,-0.07141016944399843,0.26811680078809985,0.35443976354408946,0.012627141563601682,0.012538911517388139,-8.823004621354331e-05,-0.09942219380680678,-0.05227388253916096,0.04714831126764582,0.09801248866809523,0.28817233856803054,0.1901598498999353,0.30941177709946893,0.29471977956376405,-0.014691997535704882
BNCI2014_004,6,3test,left_hand,early,26,0.020402401733043855,-0.02159566483168954,0.24892735957719225,0.19491976550710838,-0.22776487424739011,0.05996103071324769,0.2877259049606378,-0.12003137436130763,-0.000231023997784825,0.11980035036352281,0.6373926359864113,0.3840205982783488,-0.2533720377080625,0.28693694039333884,0.15880054208048647,-0.12813639831285237
BNCI2014_004,6,3test,left_hand,mid,27,0.02611366162451455,0.0019519583859838212,0.25799276389702425,0.1280853476150898,0.04271630173950556,0.01756650298466488,-0.02514979875484068,-0.007672634996583494,0.004791450997015073,0.012464085993598568,0.3282915467013168,0.21387847411928249,-0.11441307258203434,0.2676393896013643,0.13354428643050148,-0.13409510317086282
BNCI2014_004,6,3test,left_hand,late,27,-0.011937283104927334,-0.014986333202465783,0.2255820661688174,0.2500136670546942,-0.2661618133701991,0.01391530640693697,0.28007711977713606,-0.0018959843332270927,-0.013617259797566063,-0.01172127546433897,0.6786329954574343,0.23480255433618963,-0.44383044112124465,0.2887588941311521,0.15166046704770908,-0.137098427083443
BNCI2014_004,6,3test,right_hand,early,26,0.0038368620464155853,0.00883021622731108,0.21967386403679381,0.23184309404499343,0.05322426870507571,-0.020528685147793484,-0.0737529538528692,0.01015581513028813,0.013281535558192592,0.003125720427904462,0.24947094786559867,0.2706667937244341,0.02119584585883541,0.20698326192758365,0.24158896046496484,0.034605698537381185
BNCI2014_004,6,3test,right_hand,mid,27,0.02117872306312422,0.018699187705566143,0.2129684163123728,0.3971945294770987,-0.024053210996381174,0.034647405590510785,0.05870061658689196,-0.025382256140145457,0.020251784915773393,0.04563404105591885,0.0800843743846694,0.30252908283672086,0.22244470845205147,0.23612654527914392,0.3795326281615509,0.143406082882407
BNCI2014_004,6,3test,right_hand,late,27,0.027687711956021478,0.004607790602175318,0.2240299812746252,0.23827612348571045,0.1435374523916068,0.011284019657858314,-0.1322534327337485,-0.014531719581469744,0.006629372201419006,0.02116109178288875,0.36457482598713126,0.18398812948189885,-0.1805866965052324,0.15887873792154827,0.27556649065420535,0.11668775273265708
BNCI2014_004,6,4test,left_hand,early,26,0.0525548217240426,-0.025843563982404012,0.44216642563639913,0.1888420637523064,0.03676614245911708,0.05981699790964997,0.02305085545053289,-0.06737018218609775,-0.026809081737289815,0.04056110044880794,0.20523776163616725,0.5067637695221187,0.3015260078859514,0.21603459830300703,0.20035356542821983,-0.0156810328747872
BNCI2014_004,6,4test,left_hand,mid,27,0.028549135263815077,-0.016518125568179692,0.29726742110658777,0.2783872282519171,-0.014963188904440886,0.037194845265015576,0.05215803416945646,-0.07808416378269972,-0.009188295904716075,0.06889586787798364,0.33126450494738957,0.2785493940295242,-0.05271511091786535,0.2776724009558008,0.29281747436220135,0.015145073406400533
BNCI2014_004,6,4test,left_hand,late,27,-0.03450556987264719,-0.028651364801735198,0.29247279731638015,0.24416771109275445,-0.08254464677590914,-0.016560774051440567,0.06598387272446857,-0.08500548280358827,-0.016334006716572674,0.0686714760870156,0.3196928994192847,0.1590880781271715,-0.1606048212921132,0.22713940146900752,0.18134276500756433,-0.04579663646144319
BNCI2014_004,6,4test,right_hand,early,26,0.023151381111748123,0.01875200420025648,0.19848682354115207,0.16357965920939718,-0.08451208480983688,0.04155884908774285,0.12607093389757973,-0.028477428526816666,0.01940537970407055,0.04788280823088721,0.23881539708498517,0.32868320621120606,0.08986780912622089,0.2663531702720492,0.15109618571882394,-0.11525698455322525
BNCI2014_004,6,4test,right_hand,mid,27,0.007274789604558079,0.014972296579072652,0.1393028207927865,0.2454366250154605,0.16123024512724105,-0.01777809829585384,-0.17900834342309488,0.05255483188566455,0.013499677885834527,-0.039055153999830027,0.4330376829275933,0.24210949246386398,-0.19092819046372933,0.23498254049931522,0.23681797064158938,0.0018354301422741637
BNCI2014_004,6,4test,right_hand,late,27,-0.01899683452281075,0.042138095738249504,0.20436619184629687,0.29902277767400104,0.18459382149043374,-0.031807705771380285,-0.21640152726181403,-0.023218984797898096,0.04537344681389263,0.06859243161179072,0.4251460047259483,0.2628257657719509,-0.16232023895399744,0.2631582338000181,0.28994469830585556,0.026786464505837437
BNCI2014_004,7,0train,left_hand,early,20,-0.03529644886091628,-0.02393861103638341,0.25815062842167696,0.24750563858267244,-0.23563032672887804,-0.0021501527214742655,0.23348017400740378,0.07733834206687493,-0.03599453562613264,-0.11333287769300757,0.5019830423168844,0.15805808253431483,-0.34392495978256954,0.28179374619045566,0.32576859508122885,0.04397484889077319
BNCI2014_004,7,0train,left_hand,mid,20,-0.04106841307481564,-0.01685231851465118,0.297934265538016,0.2569157182510817,-0.048942807828715615,-0.03615254813325232,0.012790259695463296,0.00962502776250533,-0.019979374068748428,-0.029604401831253756,0.0941894694633981,0.2923985292319716,0.19820905976857353,0.26752229505340575,0.2955719674611291,0.02804967240772338
BNCI2014_004,7,0train,left_hand,late,20,-0.043311726994556404,-0.0008359582905282329,0.2877788118370765,0.12318487337304697,-0.10029806192935847,-0.016982521213823175,0.08331554071553529,0.0145589087299762,0.0061782814214845876,-0.008380627308491612,0.2441482265373895,0.25664829027742,0.012500063740030487,0.23720381692900988,0.13391605134841658,-0.1032877655805933
BNCI2014_004,7,0train,right_hand,early,20,-0.021738851034289245,0.03351598770649604,0.36691736866677815,0.42903298455732336,0.12152048160932717,-0.05439533583338023,-0.1759158174427074,-0.005179761733220465,0.04050184522308841,0.04568160695630888,0.3026615908017054,0.37328929970911395,0.07062770890740855,0.2196075616331501,0.42210359650149154,0.20249603486834145
BNCI2014_004,7,0train,right_hand,mid,20,-0.07453353682241386,-0.006719975272816294,0.4312612634770406,0.22439599959249357,-0.0911013619311902,-0.0773013647035705,0.013799997227619695,-0.022497945211729403,-1.3357449950648019e-05,0.022484587761778755,0.21519388676330517,0.40230249962505876,0.1871086128617536,0.19548312384958863,0.18752516448829454,-0.007957959361294092
BNCI2014_004,7,0train,right_hand,late,20,-0.03940933606228398,0.008565518951032462,0.3134045758409607,0.23960111495447842,-0.1941516733427446,-0.015035395116610267,0.17911627822613435,-0.015235860204206626,0.010531811563013695,0.02576767176722032,0.37843940498203155,0.23586157926551501,-0.14257782571651653,0.2801976236224669,0.17673276593491527,-0.10346485768755165
BNCI2014_004,7,1train,left_hand,early,20,-0.014782704439371889,-0.005641336399329546,0.2530231986600968,0.21580012344571778,0.17509909002833177,-0.04532972549521039,-0.22042881552354215,0.02199331916339394,-0.012125254621610272,-0.034118573785004214,0.36626072856823616,0.2608919535675704,-0.10536877500066577,0.14518056305340588,0.19683175436509617,0.0516511913116903
BNCI2014_004,7,1train,left_hand,mid,20,0.013843548119674167,-0.024755209308655463,0.3186448690742589,0.2198799759249708,0.27079071527404946,-0.024178309345532095,-0.2949690246195816,0.036634711537698914,-0.04419579088459981,-0.08083050242229872,0.5864689802989027,0.34001617518728017,-0.24645280511162254,0.2832564159191559,0.26464549230997764,-0.018610923609178265
BNCI2014_004,7,1train,left_hand,late,20,0.012024740108132302,-0.014572738048748384,0.13706244566058465,0.31689951642853886,-0.36354391481764736,0.08158542474986272,0.4451293395675101,0.043179713921444186,-0.01852467058720313,-0.06170438450864732,0.7197088460034593,0.5067828886359602,-0.21292595736749909,0.3130608535105274,0.24199282911303266,-0.07106802439749477
BNCI2014_004,7,1train,right_hand,early,20,0.00871129091438872,0.03060860201769719,0.08824442306430082,0.22354128771645132,0.08128973576385164,0.020709731400469587,-0.06058000436338205,0.18729409446428733,0.006508377751816736,-0.1807857167124706,0.23849501034921933,0.13900914204392106,-0.09948586830529826,0.37929149190117173,0.19019154251334666,-0.18909994938782507
BNCI2014_004,7,1train,right_hand,mid,20,-0.038525346970435734,-0.006459765423383946,0.19706462383445653,0.23077674239542623,0.07486197793362764,-0.04479165404850326,-0.1196536319821309,0.006424137903384603,0.0064839883859698156,5.9850482585212424e-05,0.2135755658495693,0.22087515766247412,0.007299591812904821,0.236589788266505,0.23687623797791854,0.00028644971141353337
BNCI2014_004,7,1train,right_hand,late,20,-0.07397889906684504,-0.0004123133662138438,0.41086948398177514,0.1259079365453934,-0.21057802582592838,-0.06093604952362788,0.1496419763023005,-0.04705827081671707,0.0018959004272362668,0.048954171243953334,0.46115600319209893,0.340220827146592,-0.12093517604550691,0.2303319297471164,0.14949848891320017,-0.08083344083391622
BNCI2014_004,7,2train,left_hand,early,26,-0.18090982825460902,-0.03619933213513333,0.7813004759529263,0.2739700278197365,-0.2430212248635306,-0.15700824039507502,0.08601298446845557,-0.0778486575960387,-0.031587918733445575,0.04626073886259313,0.5021633976591883,0.6832193274731094,0.18105592981392116,0.3670250544011762,0.3286623403820851,-0.03836271401909114
BNCI2014_004,7,2train,left_hand,mid,27,-0.0674433698313018,-0.039834443939059244,0.4108963747624394,0.29154160628397363,-0.09788414876618459,-0.05564950157019502,0.04223464719598957,0.006468982169897269,-0.04710864719229991,-0.05357762936219718,0.27638963565816604,0.3633398386686705,0.08695020301050443,0.18238376826927197,0.30465837350506625,0.12227460523579428
BNCI2014_004,7,2train,left_hand,late,27,-0.0587056787116239,-0.022668020287121813,0.3042931290387674,0.2548149480862078,-0.08765456424769037,-0.06553400455561399,0.02212055969207638,-0.07148045828456255,-0.016878826120693465,0.05460163216386908,0.36408010505242006,0.33465287083599204,-0.02942723421642801,0.21692845984655687,0.2738441142403898,0.05691565439383292
BNCI2014_004,7,2train,right_hand,early,26,0.026660385545686244,0.023980447569158393,0.27060106504620224,0.2869544536100661,0.021908478681380728,0.029425770550236693,0.007517291868855965,0.003893157569025454,0.019737783125131553,0.0158446255561061,0.1894505323541037,0.23571057374211155,0.04626004138800785,0.1526518773384209,0.2633656177927972,0.11071374045437632
BNCI2014_004,7,2train,right_hand,mid,27,0.046455629850626914,0.052085511445930224,0.30040772402372234,0.2991488776722788,-0.06312764911555103,0.06875975658557887,0.1318874057011299,0.013278875172238504,0.04984340233712508,0.036564527164886576,0.12790999264036032,0.38443166807310436,0.25652167543274407,0.21732841572411504,0.27754893605332037,0.06022052032920533
BNCI2014_004,7,2train,right_hand,late,27,0.039016907277307625,0.006259647428566451,0.23894664375421745,0.19084415882030664,-0.05478502469001142,0.053919967414457454,0.10870499210446888,-0.00934226163860322,0.013079734994613748,0.022421996633216968,0.13331526053140844,0.3207995491053221,0.18748428857391367,0.2137754721471981,0.2600973274708412,0.04632185532364308
BNCI2014_004,7,3test,left_hand,early,26,-0.10437852815445062,-0.03595727943291888,0.5373241614778468,0.23817155870285292,-0.23071128454218054,-0.0885064566923529,0.14220482784982763,-0.13892145306079506,-0.020053383375516903,0.11886806968527816,0.4486201305527455,0.4865562612118144,0.03793613065906887,0.31861613528164856,0.2143396307716494,-0.10427650450999917
BNCI2014_004,7,3test,left_hand,mid,27,-0.09194447264422881,0.0035004517724443107,0.4649677281712187,0.2967380965081371,-0.22453380482939586,-0.0676182013978327,0.15691560343156316,-0.006180031631257611,0.005321230718922929,0.011501262350180539,0.4885130851639762,0.28426155727226704,-0.20425152789170914,0.13775765758548086,0.31550349665813265,0.1777458390726518
BNCI2014_004,7,3test,left_hand,late,27,-0.06037181295331178,-0.0015254187599794548,0.3196561972562871,0.23631245382923702,0.03772151461490725,-0.062713359354197,-0.10043487396910425,-0.11448002621761261,0.0047751159839596645,0.11925514220157227,0.3346697415010351,0.327298289673235,-0.007371451827800135,0.3102647535811655,0.26626319429751655,-0.04400155928364896
BNCI2014_004,7,3test,right_hand,early,26,0.0041656224049924145,-0.003652844158636838,0.25463676174147104,0.17950068008463865,-0.10580711571401946,0.023714514248688073,0.12952162996270752,-0.06233710998547242,0.003297805711540348,0.06563491569701277,0.34968100581995254,0.2560555600006732,-0.09362544581927934,0.31542345680108647,0.19204616860732662,-0.12337728819375984
BNCI2014_004,7,3test,right_hand,mid,27,-0.05468058488958079,0.014522721467551812,0.32903577067459394,0.1883613414548554,-0.06784233092770832,-0.06884090432223879,-0.0009985733945304665,0.05820529759544721,0.007511918715460071,-0.050693378879987136,0.3451788951549606,0.412550564962643,0.06737166980768239,0.2750860512494829,0.22258588519294606,-0.05250016605653682
BNCI2014_004,7,3test,right_hand,late,27,-0.029290475358455123,-0.030467195542315768,0.22024079605360303,0.26699399692019976,-0.06107465501687298,-0.04156776821872014,0.019506886798152843,0.04345036589628221,-0.0461745881556259,-0.08962495405190811,0.16402636112836255,0.3392011160010996,0.17517475487273704,0.20763668740292573,0.37192683781850966,0.16429015041558392
BNCI2014_004,7,4test,left_hand,early,26,-0.054562320490035,-0.0007717386324319308,0.3293833743984088,0.21854036640685479,0.09228601016305686,-0.06923775590552785,-0.1615237660685847,-0.029636895341854794,0.009655606616120818,0.03929250195797561,0.2668618371916175,0.3824110434217021,0.11554920623008463,0.09638940354956754,0.23161016744448887,0.13522076389492133
BNCI2014_004,7,4test,left_hand,mid,27,-0.10310728427729282,-0.012656612467023848,0.4972220837902164,0.14238098562550322,-0.033271382042230735,-0.11190939476364845,-0.07863801272141771,0.05868212961820533,-0.026956497888561252,-0.08563862750676658,0.07973680340405023,0.4787409063477264,0.39900410294367616,0.28160074728515744,0.2071721593142164,-0.07442858797094104
BNCI2014_004,7,4test,left_hand,late,27,-0.01601015965832496,-0.025488570126690056,0.26476882977666255,0.25216544027673843,0.026581548319076796,-0.03157700064454627,-0.05815854896362307,0.0036421733897409447,-0.024266992564243417,-0.027909165953984363,0.27680254228930906,0.20848667224773346,-0.0683158700415756,0.2093446022364895,0.23070408292528527,0.021359480688795757
BNCI2014_004,7,4test,right_hand,early,26,-0.023067591433057293,0.026586696233370528,0.20316125490471623,0.2591771647028155,0.03485906447139405,-0.033429747141269714,-0.06828881161266376,0.08078899936941118,0.02716220217687057,-0.05362679719254061,0.0915927965237405,0.2404998711319184,0.1489070746081779,0.2358779297670466,0.23930424849380402,0.0034263187267574158
BNCI2014_004,7,4test,right_hand,mid,27,0.0047441103091151295,0.03526403096762378,0.27132017518551393,0.31439847878837085,-0.0033629847491800126,-0.009549965097592934,-0.006186980348412922,-0.024274632729066024,0.04437136906643693,0.06864600179550295,0.0669506115132543,0.3164091275071351,0.24945851599388083,0.2003270866643937,0.33986052097325714,0.13953343430886345
BNCI2014_004,7,4test,right_hand,late,27,0.03879309819509973,0.0047928266922871955,0.22164859466668002,0.29836411429353776,-0.09605729663410845,0.04408679737336185,0.1401440940074703,0.024856000176621443,0.0021151189706592063,-0.022740881205962238,0.15891073756031787,0.324443392591677,0.1655326550313591,0.29350106206683574,0.25126163622731806,-0.042239425839517675
BNCI2014_004,8,0train,left_hand,early,26,-0.07539411057970438,0.018521771007287306,0.3312579648545654,0.33487308326748894,-0.09564675452439378,-0.06804511593542552,0.02760163858896826,0.020408478601987683,0.01853216274057478,-0.0018763158614129027,0.22524538541015499,0.2852046509209481,0.059959265510793114,0.3276830055288113,0.24645518673929673,-0.08122781878951457
BNCI2014_004,8,0train,left_hand,mid,27,0.0035672491787746593,-0.004488024435398296,0.13023534269711595,0.20124217833124006,0.16219816494844766,-0.03229051465487292,-0.19448867960332059,0.0652676659976246,-0.008424526588889761,-0.07369219258651435,0.45392891767058563,0.21217348613777587,-0.24175543153280976,0.336206153894296,0.23089862078033793,-0.10530753311395805
BNCI2014_004,8,0train,left_hand,late,27,0.05581207731030273,0.010401265934591683,0.24650212777254232,0.15025980018528245,0.011519929876735774,0.07280823228678533,0.06128830241004956,0.008863096068104176,0.012834060907921146,0.00397096483981697,0.039544054056606937,0.29696949263523115,0.2574254385786242,0.11097925164286428,0.23875715906810013,0.12777790742523587
BNCI2014_004,8,0train,right_hand,early,26,0.08020421509401696,0.07726068681046407,0.3672697345318994,0.38966401154824787,0.03484937121830316,0.10349234327304058,0.06864297205473742,0.13895776513705752,0.06003462557595841,-0.07892313956109911,0.11769682967546555,0.4155073247910275,0.2978104951155619,0.37180940232597326,0.3176771917744925,-0.054132210551480764
BNCI2014_004,8,0train,right_hand,mid,27,0.019750733010265382,0.024702349471690494,0.16283889648038025,0.21539204680759166,-0.075436828361791,0.0624497564725202,0.1378865848343112,-0.04796110753121498,0.03590468494751439,0.08386579247872937,0.15019105825825954,0.3462612990258381,0.19607024076757854,0.2358533915038249,0.27868308658269186,0.04282969507886697
BNCI2014_004,8,0train,right_hand,late,27,0.10237202958432698,-0.005812719643709734,0.4323523242621052,0.13905671030133582,0.1117051898262979,0.10946158983328876,-0.002243599993009146,-0.027983955616934158,0.00048719736404373226,0.02847115298097789,0.23971496483060473,0.4038774111824749,0.16416244635187016,0.18513945321495315,0.1650134320706271,-0.020126021144326045
BNCI2014_004,8,1train,left_hand,early,20,-0.06037542052561181,-0.03685813294444906,0.1925452833598112,0.34398770861197836,-0.05653930047738029,-0.08292163742721577,-0.02638233694983548,0.011938823805294006,-0.04077610057810808,-0.052714924383402084,0.09842153415889729,0.26768693404458443,0.16926539988568715,0.15222632119304574,0.31541533242600667,0.16318901123296092
BNCI2014_004,8,1train,left_hand,mid,20,-0.02806722559361636,-0.01102153821039094,0.10771319168560431,0.1759624308195775,0.16772467894347726,-0.04338966121453266,-0.21111434015800992,0.059608011226486145,-0.027698083049740516,-0.08730609427622665,0.28380463900625885,0.20614778462285235,-0.0776568543834065,0.18968186869950387,0.26522892424601846,0.07554705554651459
BNCI2014_004,8,1train,left_hand,late,20,-0.06384375146748715,-0.0015377317266526,0.24063833355794728,0.3805692360378736,-0.057341835627581834,-0.06258128607122482,-0.005239450443642983,-0.00830146408725729,-0.0007119869975848769,0.007589477089672413,0.15844280078853998,0.27072365897163475,0.11228085818309477,0.27025771745953375,0.3807908597925494,0.11053314233301564
BNCI2014_004,8,1train,right_hand,early,20,0.06966565794764401,0.0070682051368685965,0.3030718059602798,0.15027610483633433,0.017468495206276746,0.08839253330085398,0.07092403809457723,0.003622021346025369,0.014740721710080716,0.011118700364055347,0.20824745855469406,0.37385181367102444,0.16560435511633037,0.22366612589180537,0.1992122651598727,-0.024453860731932675
BNCI2014_004,8,1train,right_hand,mid,20,-0.06540960395931476,-0.0022519479469618525,0.2898714816967531,0.3189124199855827,0.24208487945178492,-0.11000149542965353,-0.35208637488143846,-0.0864317434933081,0.03295501144836708,0.11938675494167517,0.6446438309836463,0.40932113609318627,-0.23532269489046004,0.5073907174995055,0.23545714801435846,-0.271933569485147
BNCI2014_004,8,1train,right_hand,late,20,0.18705880235607675,0.04722485361527921,0.7699700322919026,0.30850012590080883,0.18307674622548725,0.17808347248901518,-0.00499327373647207,0.1185753178125675,0.04060663167699877,-0.07796868613556873,0.3398359140540541,0.7568215806291321,0.41698566657507796,0.40720189968648224,0.27337671643053785,-0.1338251832559444
BNCI2014_004,8,2train,left_hand,early,26,-0.017823851599028936,0.02033890247755761,0.19845227169532548,0.24116303014216262,0.1352277692361255,-0.053147283748977786,-0.1883750529851033,-0.041949532804170145,0.03419666355834814,0.07614619636251829,0.2983480155426057,0.36640465977808506,0.06805664423547936,0.20169463217874514,0.24481048348680792,0.04311585130806278
BNCI2014_004,8,2train,left_hand,mid,27,-0.00398375815171762,0.004301043358091182,0.12664052404584905,0.2548979047094243,-0.13127002902124224,0.03465054874014111,0.16592057776138336,-0.03157835273674287,0.01168979268465604,0.04326814542139891,0.295870520364215,0.2147495660890904,-0.08112095427512461,0.3167177810666235,0.23207327163672456,-0.08464450942989896
BNCI2014_004,8,2train,left_hand,late,27,-0.005642337383215133,-0.003329194149876777,0.283365546252138,0.32990362597742734,0.15116080898789583,-0.02441167749821518,-0.175572486486111,-0.07622004997131261,0.011354201923486783,0.0875742518947994,0.3054589626528415,0.3568217037673718,0.05136274111453032,0.2819963319342489,0.2874499786273712,0.005453646693122316
BNCI2014_004,8,2train,right_hand,early,26,0.07173818410385226,-0.021392299443030616,0.43122285301466623,0.28879924463230033,0.17072840879439788,0.0703315621748505,-0.10039684661954738,-0.08387502416211617,-0.00665426627610453,0.07722075788601164,0.4400750598221459,0.37496004308740977,-0.06511501673473613,0.18956981938071593,0.3353005461113405,0.1457307267306246
BNCI2014_004,8,2train,right_hand,mid,27,-0.02794731533129239,-0.01545689818449443,0.15753857837766713,0.26426965388841966,0.04940337029486665,-0.03071742026951428,-0.08012079056438093,0.026948996164836866,-0.024873164512991087,-0.05182216067782795,0.11383330542616196,0.16258590878978219,0.04875260336362022,0.20577124099521263,0.30409468211449037,0.09832344111927774
BNCI2014_004,8,2train,right_hand,late,27,0.06110373280398731,-0.027488503262163833,0.4521754796062995,0.4621791875076472,0.1601544302076111,0.041431504112685175,-0.11872292609492593,0.038439565704131255,-0.03843299100786861,-0.07687255671199986,0.41844541830405985,0.2942827186249316,-0.12416269967912824,0.21504390026311954,0.4057286230339728,0.19068472277085324
BNCI2014_004,8,3test,left_hand,early,26,-0.09971963175723407,0.01969128425216861,0.4017629936131365,0.18128152390753474,-0.09490720200535982,-0.10657956486490884,-0.01167236285954902,0.07893182013913111,-0.0003868335961674054,-0.07931865373529852,0.21152026542925206,0.4204781910296015,0.20895792560034943,0.2778383982242655,0.14942812064885333,-0.12841027757541215
BNCI2014_004,8,3test,left_hand,mid,27,-0.036831457706271706,-0.007207195410136249,0.23821742610308919,0.13253729056136127,-0.1409186583334578,-0.027419064419122844,0.11349959391433495,-0.02037763046591945,-0.008973195914804992,0.011404434551114458,0.28089246977923227,0.22512283053609947,-0.0557696392431328,0.15181002116918835,0.11215458806523389,-0.03965543310395446
BNCI2014_004,8,3test,left_hand,late,27,-0.06227735713316564,-0.015042988156774375,0.3303292140560253,0.149474525588205,-0.03484909794310675,-0.05455071492141312,-0.01970161697830637,-0.02090227677902355,-0.015831994466647136,0.005070282312376415,0.09474545304199279,0.3220059623710339,0.22726050932904113,0.22298638539379226,0.16507011260923074,-0.05791627278456152
BNCI2014_004,8,3test,right_hand,early,26,-0.052560818775530205,-0.00527960314075098,0.27008920517897655,0.25654047285794174,-0.12162679719399667,-0.03592578906832834,0.08570100812566833,-0.04483238348438968,-0.0011048088317059369,0.04372757465268374,0.24923266837757485,0.23291354998749633,-0.01631911839007852,0.22431940548938478,0.2348885111691468,0.01056910567976202
BNCI2014_004,8,3test,right_hand,mid,27,0.06677431447806591,-0.03184680363655473,0.40820413427736674,0.4356209736088356,0.15605342217415352,0.06273837236138274,-0.09331504981277078,-0.06097625865388123,-0.030727347640183384,0.03024891101369785,0.3796344089176696,0.36309828255418475,-0.016536126363484838,0.25769691697403413,0.44163273892749627,0.18393582195346214
BNCI2014_004,8,3test,right_hand,late,27,-0.04624422440248187,-0.05583944548366929,0.20664910172667963,0.3522249578924502,-0.12446909137946333,-0.036512175550811064,0.08795691582865225,-0.0870200005092542,-0.04739722613057463,0.039622774378679566,0.241163555773955,0.21395905271307994,-0.027204503060875074,0.25490233238474896,0.3043810820184291,0.04947874963368015
BNCI2014_004,8,4test,left_hand,early,26,-0.03803972914678789,-0.00822508215780128,0.3881419903106018,0.21860114053020643,-0.011356738542964873,-0.0626237611497285,-0.05126702260676362,0.08837500008363597,-0.02244193098128309,-0.11081693106491905,0.3994327856193156,0.6212190864128897,0.2217863007935741,0.335771711451452,0.21205085951596897,-0.12372085193548304
BNCI2014_004,8,4test,left_hand,mid,27,-0.09307228644231057,-0.007628707288443932,0.5901149806456496,0.11363127624624277,0.17419933911132537,-0.09787743329850657,-0.27207677240983197,0.07778402394622398,-0.030282006218971164,-0.10806603016519514,0.36676018421884743,0.6673964782541124,0.300636294035265,0.2588977005443806,0.20017064875063303,-0.05872705179374757
BNCI2014_004,8,4test,left_hand,late,27,-0.011137510755426322,0.0009223783447815908,0.1667092143748415,0.2778108051895562,0.24527507421461342,-0.046133891817338,-0.29140896603195143,-0.0029218861288730033,0.0015697154061997257,0.004491601535072729,0.5324313787199393,0.2932554452076176,-0.2391759335123217,0.24271082448754916,0.2318620978718836,-0.01084872661566555
BNCI2014_004,8,4test,right_hand,early,26,0.0690700462297759,0.011316381482888459,0.4559779729137544,0.24348439347070425,-0.2953184027908031,0.11916825515270436,0.4144866579435075,-0.09003368796856114,0.021973327908196963,0.1120070158767581,0.4812159393362777,0.6648120747196617,0.18359613538338404,0.27192016420758885,0.21429150083574783,-0.05762866337184103
BNCI2014_004,8,4test,right_hand,mid,27,0.053583909849811345,-0.028075069185042486,0.29802916221954173,0.2467641970528903,-0.004277748903445157,0.06999832892075214,0.07427607782419729,-0.04760654968127346,-0.027333432262630387,0.020273117418643072,0.267845358806375,0.3841619396567676,0.11631658085039259,0.28369179253532106,0.20525030831165886,-0.0784414842236622
BNCI2014_004,8,4test,right_hand,late,27,0.04557096393117733,0.00936362665349671,0.28927585561819635,0.21023636445736593,0.008646610964301069,0.056393012828967,0.04774640186466593,-0.013971938978077235,0.0168967299583149,0.030868668936392132,0.15625039444322641,0.30942161861794687,0.15317122417472046,0.1582709386595592,0.21330550200721482,0.05503456334765561
BNCI2014_004,9,0train,left_hand,early,20,-0.07757807572503227,0.017109653689802096,0.48823543017555304,0.18458309874099008,-0.04901378729044039,-0.0909553933783712,-0.041941606087930815,-0.0647370763303176,0.03797315035802756,0.10271022668834516,0.12648258396582215,0.47510376750474326,0.34862118353892113,0.2787723933576998,0.22371123095433362,-0.0550611624033662
BNCI2014_004,9,0train,left_hand,mid,20,-0.08949842067392315,0.03307932204866214,0.5269144529514905,0.2597672593446824,0.06830195794617996,-0.10474097181125365,-0.17304292975743363,-0.005466804519168562,0.04184338768937207,0.04731019220854063,0.5321462130230332,0.5572198190244856,0.025073606001452364,0.26150394963766316,0.31800178306268456,0.056497833425021404
BNCI2014_004,9,0train,left_hand,late,20,-0.07449292137399645,0.027274874623710192,0.44765655034264346,0.29656533867709883,-0.2808808757661277,-0.06231167544429434,0.21856920032183336,0.014385764509899791,0.032324850125899945,0.017939085616000154,0.5663957989162325,0.3890690255549446,-0.17732677336128788,0.1667578821413337,0.31645309558718077,0.14969521344584708
BNCI2014_004,9,0train,right_hand,early,20,-0.138455227819393,-0.020415913501877925,0.6018405355196966,0.17069633702342776,-0.26551014070053575,-0.11702826424443515,0.14848187645610061,-0.012285339723670945,-0.02524875750554846,-0.012963417781877516,0.5229003097130802,0.5595760634854737,0.036675753772393516,0.23141583052240172,0.1897904163089378,-0.04162541421346391
BNCI2014_004,9,0train,right_hand,mid,20,-0.1811579554983835,-0.026099171800986816,0.7577100539299939,0.395046328080098,-0.02980219845546392,-0.20938066631882138,-0.17957846786335746,-0.07458480193744314,0.0035630497034260427,0.07814785164086918,0.1214160431237595,0.7820772820315238,0.6606612389077643,0.40264221789568505,0.31774332620869805,-0.084898891686987
BNCI2014_004,9,0train,right_hand,late,20,-0.031918131921450245,0.03188630296903733,0.25281412656488866,0.33582829748576076,0.1110043657135804,-0.037403126348961806,-0.1484074920625422,0.08017908548274927,0.028563528626426925,-0.05161555685632234,0.5674536263302263,0.23140712316173445,-0.3360465031684919,0.3483174831372789,0.27350941443497584,-0.07480806870230305
BNCI2014_004,9,1train,left_hand,early,20,-0.06533477065581686,-0.04933247011697914,0.37401669094158796,0.2976508410430813,-0.11661640040891805,-0.07261817160020188,0.043998228808716164,-0.10302834722109092,-0.04356232779329407,0.05946601942779685,0.33916719527021166,0.3841856602402695,0.04501846497005785,0.3746144238665162,0.23773634846659172,-0.1368780753999245
BNCI2014_004,9,1train,left_hand,mid,20,0.035885276429650184,-0.015213759921238523,0.17044316094525275,0.30162711284286897,0.33826069820737853,-0.00835187377808649,-0.346612571985465,0.030978068778879805,-0.028025625846308057,-0.05900369462518786,0.6592137934497141,0.09296406462394276,-0.5662497288257713,0.26965373285108485,0.26419868983569655,-0.0054550430153882945
BNCI2014_004,9,1train,left_hand,late,20,0.11496745002975238,0.019451644251448602,0.5448369448411626,0.35634349297610235,0.2487417673394973,0.08644174505209587,-0.16230002228740142,0.004948452460226165,0.011627328681936154,0.006678876221709989,0.4000728586796841,0.45986219891739083,0.05978934023770671,0.27721836999694316,0.30610814029595457,0.028889770299011408
BNCI2014_004,9,1train,right_hand,early,20,-0.09656636324293275,0.008917647831177239,0.5676137621444247,0.20018987431107407,0.11687557169472852,-0.12188785626016735,-0.23876342795489586,0.04011742666815563,0.0009455178590417058,-0.03917190880911393,0.24961364001311792,0.630661448360542,0.38104780834742413,0.26424175485093343,0.2599012899088328,-0.004340464942100608
BNCI2014_004,9,1train,right_hand,mid,20,-0.09063780990580653,0.012421613597141246,0.57504203675713,0.22050283620870897,-0.02504760501546678,-0.10008461278024831,-0.07503700776478153,-0.054388802855437596,0.010553506728215242,0.06494230958365284,0.19199412543943037,0.6154239953375737,0.42342986989814335,0.28654298440571896,0.18497128538784885,-0.10157169901787011
BNCI2014_004,9,1train,right_hand,late,20,-0.00791608132329864,0.04143352164473203,0.22293707926767922,0.24500368435704775,0.055244628816622135,-0.019240904488819693,-0.07448553330544183,0.13115123028361653,0.029386549929405273,-0.10176468035421125,0.15190644404706066,0.20575138005470278,0.05384493600764212,0.33207480133294,0.18815202396966996,-0.14392277736327003
BNCI2014_004,9,2train,left_hand,early,26,0.08403330613613846,0.02552599307771484,0.4755030350308712,0.24451530454612525,0.1433617356705899,0.07924211809082027,-0.06411961757976964,-0.08258443239211094,0.04372547264524546,0.1263099050373564,0.2960259778122285,0.4146814463191325,0.118655468506904,0.2980398108827027,0.3343515545782571,0.0363117436955544
BNCI2014_004,9,2train,left_hand,mid,27,0.050370339065000165,0.018152900850779818,0.31423440788791107,0.2974779923624777,0.038616419272541364,0.03583389612911923,-0.0027825231434221304,-0.02522113327601419,0.03211818441400138,0.05733931769001557,0.09122814888249303,0.27943038005276316,0.18820223117027013,0.2805601091076698,0.30084731611949783,0.020287207011828012
BNCI2014_004,9,2train,left_hand,late,27,0.05621021415205128,0.006242336612906363,0.44598180218344463,0.3039348557258744,0.17532522160866096,0.030070979974979838,-0.1452542416336811,0.003080264402086789,0.00037769028436125446,-0.0027025741177255343,0.4040665067999513,0.3434476994864149,-0.060618807313536416,0.29969397023396827,0.28460758734614877,-0.015086382887819494
BNCI2014_004,9,2train,right_hand,early,26,0.0456003323124411,-0.0015991967983086984,0.2646552128034823,0.21975976189590285,-0.08646047132148432,0.04449142950132057,0.1309519008228049,-0.002700359442766013,0.005377828754687711,0.008078188197453724,0.34035686815759286,0.29284996434354116,-0.047506903814051704,0.33389569562001253,0.1548081079357342,-0.17908758768427832
BNCI2014_004,9,2train,right_hand,mid,27,-0.033861132799860624,-0.0007434371056102455,0.23511333710966337,0.16892236162242444,-0.06770444263882018,-0.042069715886469065,0.025634726752351115,0.10342020482472641,-0.015426084477466802,-0.11884628930219321,0.16705773645908228,0.38943574110983575,0.22237800465075347,0.34293159480974555,0.15031051095185194,-0.19262108385789362
BNCI2014_004,9,2train,right_hand,late,27,0.034072609055568116,-0.007309175613101037,0.27234056739477375,0.20275854237701166,0.14952022159204276,-0.0035202490583344567,-0.1530404706503772,0.024155929263564344,-0.010879411007129445,-0.035035340270693785,0.3939139626404635,0.12349501816563926,-0.2704189444748243,0.20080071743339883,0.1897188875516214,-0.011081829881777444
BNCI2014_004,9,3test,left_hand,early,26,0.060224662859882656,0.0010390024021382075,0.47144730731360884,0.22603739431095432,-0.12305299417707508,0.08365479522406878,0.20670778940114387,-0.05827654109584076,0.016471777499311658,0.07474831859515242,0.2691711727252206,0.44926574501063005,0.18009457228540943,0.30046757581665734,0.32415498816881044,0.023687412352153103
BNCI2014_004,9,3test,left_hand,mid,27,0.06101138031447214,-0.008726579583130684,0.4759000155530892,0.2767087570216021,0.14031510636502795,0.027547973544134283,-0.11276713282089366,-0.07162272005241586,0.01130331827002651,0.08292603832244237,0.3557109691690023,0.3331210000982072,-0.02258996907079508,0.1863585487789251,0.2740680858462099,0.08770953706728479
BNCI2014_004,9,3test,left_hand,late,27,-0.02136511300724318,0.03512030741946601,0.37340268676205585,0.3191270281597945,-0.06998393435906136,-0.016794363721625946,0.053189570637435415,0.05553613684371035,0.03167756034473117,-0.023858576498979184,0.19456834121652788,0.36887521583181104,0.17430687461528316,0.26425348625905504,0.25230211607680375,-0.011951370182251286
BNCI2014_004,9,3test,right_hand,early,26,0.026198470214934363,-0.03396474389233868,0.16173113302977393,0.22964510884528758,0.17963708816173074,-0.003185338768017102,-0.18282242692974784,-0.004137404967536667,-0.0430823524532849,-0.038944947485748234,0.4132915502484662,0.15006790802977765,-0.26322364221868855,0.28443178459434165,0.2256323823726031,-0.058799402221738545
BNCI2014_004,9,3test,right_hand,mid,27,0.02673346950290262,0.0017093914536063036,0.18403146630580167,0.17756785242293477,0.09854593279232958,0.0047011601807324796,-0.0938447726115971,-0.05295878168072272,0.01655195202517309,0.0695107337058958,0.23463115920520394,0.24611821759750527,0.011487058392301325,0.2131689637814957,0.22330319492145523,0.010134231139959538
BNCI2014_004,9,3test,right_hand,late,27,0.04275497735886,-0.030319240943600077,0.2455352759925353,0.2829638324150758,0.2524024053611052,-0.01569114421816347,-0.2680935495792687,-0.07796039765218955,-0.026137939603336567,0.051822458048852986,0.6293237385174084,0.09740474875809448,-0.531918989759314,0.2605656514330765,0.24152319573388353,-0.01904245569919294
BNCI2014_004,9,4test,left_hand,early,26,0.10509356712383824,-0.03298527741985796,0.5588802384543834,0.3423579325639852,0.19858330670306767,0.09155935970819876,-0.10702394699486892,-0.11276792260146674,-0.0031348303355200175,0.10963309226594672,0.48916264562379674,0.4351629340860515,-0.05399971153774524,0.2988071526052309,0.2183939929897871,-0.08041315961544379
BNCI2014_004,9,4test,left_hand,mid,27,0.046151366203583635,0.027776107699951393,0.35979234709675867,0.2879267469350537,0.08390885386216894,0.009676522992479508,-0.07423233086968943,0.19376356780244358,-0.003881423259430822,-0.19764499106187441,0.16526331252695056,0.2828699724591198,0.11760665993216926,0.41453244958843605,0.2733988902582455,-0.14113355933019056
BNCI2014_004,9,4test,left_hand,late,27,0.11026791887266771,-0.0014437779816449938,0.5454826268288164,0.1451717626261349,0.27769473790463683,0.06635829543067939,-0.21133644247395744,-0.011417888121206723,0.010496107871195483,0.021913995992402208,0.5399920277967319,0.41944756628524055,-0.1205444615114914,0.23961087603327696,0.18420497388537346,-0.0554059021479035
BNCI2014_004,9,4test,right_hand,early,26,0.03559791281627799,0.018995772212771097,0.19138299305419895,0.19055856795023296,0.08632052125046173,0.0462403103334656,-0.04008021091699613,0.051717314971200835,0.012346966969568447,-0.03937034800163239,0.1611771864711095,0.28561806305692383,0.12444087658581432,0.21198038492651727,0.18646287929329197,-0.0255175056332253
BNCI2014_004,9,4test,right_hand,mid,27,0.040246022276596724,0.005621698911429704,0.2305055691374959,0.29614005155617384,0.08686714075678997,0.011587531886257342,-0.07527960887053263,0.011504737850527845,-0.005432307192701194,-0.01693704504322904,0.22859816850199507,0.08790440693630729,-0.1406937615656878,0.2734000733274869,0.2935203087976756,0.020120235470188708
BNCI2014_004,9,4test,right_hand,late,27,-0.08438416040266004,-0.019838716587914647,0.4563552519889523,0.16405030629159337,-0.19783252915730518,-0.08687766452783761,0.11095486462946756,-0.030060047712531804,-0.022826998806204767,0.007233048906327037,0.39627458859101516,0.4685131171199102,0.07223852852889506,0.2082764069188673,0.18879654317643696,-0.019479863742430353
Liu2024,1,0,left_hand,early,6,-0.08565676372362707,-0.04027039726088396,0.6085467895738617,0.5493336793184074,-0.46394285930891144,-0.03044137468838297,0.43350148462052845,-0.041065727444450084,0.018168383562589416,0.0592341110070395,0.7574345076323101,0.31594334444853944,-0.4414911631837707,0.7330885844682655,0.5215753315395097,-0.21151325292875578
Liu2024,1,0,left_hand,mid,7,-0.046104939364046235,-0.008549980519165615,0.29392719774131326,0.29324125080738583,-0.019044760717754863,-0.03171281780511084,-0.01266805708735598,0.12692452413598432,-0.02615453500129277,-0.1530790591372771,0.4168689525153867,0.30187855603354535,-0.11499039648184134,0.29445199463019844,0.36085197074182085,0.0663999761116224
Liu2024,1,0,left_hand,late,7,-0.0074943312657192555,0.018075023776651062,0.2968861177241058,0.4274290696973748,-0.10258219967262547,0.015191720343844908,0.11777392001647037,0.2053081248166797,-0.00468785768702628,-0.209995982503706,0.3013070165871925,0.33186398894936625,0.03055697236217375,0.5470458035867021,0.3844431188298363,-0.1626026847568658
Liu2024,1,0,right_hand,early,6,-0.0795602809133191,-0.05040810298894885,0.6361176304111853,0.5412768709158132,-0.1760069358859713,-0.06637401650171232,0.10963291938425898,-0.20450826339530204,-0.038718788679060416,0.1657894747162416,0.38180311874677053,0.4580961034137357,0.07629298466696516,0.6415224027448769,0.3499947330319491,-0.2915276697129278
Liu2024,1,0,right_hand,mid,7,-0.07683487898641908,-0.10107940790746874,0.3813412815159791,0.62040896070875,0.2512862104307972,-0.1000169866286442,-0.35130319705944135,0.12205715981888973,-0.13663796226374686,-0.25869512208263656,0.4641593538138559,0.4430682862331218,-0.021091067580734146,0.3414882095860412,0.7127970144683796,0.3713088048823384
Liu2024,1,0,right_hand,late,7,0.14276576485024126,-0.035262790503875346,0.7575387847694193,0.41894145564544255,-0.12403685505639944,0.17938511341771696,0.3034219684741164,-0.19618171275960813,-0.018555735231266895,0.17762597752834125,0.3186024045733021,0.8795052509087026,0.5609028463354004,0.554392356058274,0.29608895354473264,-0.25830340251354134
Liu2024,2,0,left_hand,early,6,0.08324835165162534,0.08736992552420506,0.5648597728537981,0.4642396211605586,0.014194103932577001,0.07942261420857652,0.06522851027599952,-0.008823634362949457,0.11366211163566653,0.12248574599861599,0.4928083669040999,0.544216551793122,0.0514081848890221,0.4405590844855651,0.54359885964379,0.10303977515822488
Liu2024,2,0,left_hand,mid,7,-0.019997962130432576,-0.07302224099298665,0.4392460821032886,0.5104866338573857,-0.0551400658993976,-0.022801535499340362,0.03233853040005724,-0.017320040847221815,-0.0892036464429096,-0.07188360559568778,0.2693513554087723,0.44357234917955685,0.17422099377078454,0.35335697572836117,0.4901350603842773,0.13677808465591612
Liu2024,2,0,left_hand,late,7,-0.028772596542938768,-0.13478689580496184,0.3053888701849105,0.6517122246553588,0.003052077658776721,-0.019608033925375398,-0.02266011158415212,-0.14396986260703215,-0.13053032394645747,0.01343953866057468,0.369716092298183,0.19817090241749685,-0.17154518988068612,0.5064240450946671,0.6198522988514397,0.11342825375677257
Liu2024,2,0,right_hand,early,6,-0.07575414285723664,-0.01094656037892161,0.3984828556476264,0.3503532402380403,-0.20794989977154416,0.02225513531577848,0.23020503508732262,0.1654722086599462,-0.029895957160584123,-0.19536816582053032,0.4170158336477571,0.2925460519530343,-0.12446978169472278,0.6326873860882265,0.30510447886390013,-0.32758290722432637
Liu2024,2,0,right_hand,mid,7,-0.10168573241110705,-0.035838979602945846,0.6455383768103278,0.36045375571276383,-0.5075483922336783,-0.04775565671014962,0.4597927355235287,-0.12689132216474033,-0.015525429535612782,0.11136589262912755,0.7704780228758876,0.3898371641727432,-0.3806408587031444,0.42902159512463883,0.2829466571182533,-0.14607493800638555
Liu2024,2,0,right_hand,late,7,-0.06362342322141015,0.055143646079441916,0.4776508432557129,0.4377200921832849,0.03157458340559484,-0.0638012711016819,-0.09537585450727674,-0.21003315196388786,0.08881429487452996,0.2988474468384178,0.4741877114865742,0.44315646323751656,-0.03103124824905762,0.5659340980073778,0.4992163790543891,-0.06671771895298872
Liu2024,3,0,left_hand,early,6,-0.047405943342781906,-0.038184270968231404,0.45614996796731216,0.381999329068724,-0.039491725415294526,-0.03830106532937145,0.0011906600859230773,-0.15222135185488994,-0.010814253384948262,0.14140709846994168,0.4809315519544465,0.48016383600703283,-0.0007677159474136497,0.5373242564193732,0.4612766724919149,-0.0760475839274583
Liu2024,3,0,left_hand,mid,7,-0.11947614708414889,-0.03266749084669212,0.5066140206921081,0.28383353180050164,-0.368330576027255,-0.0748847713560796,0.2934458046711754,-0.10994482989874002,-0.02177919209853996,0.08816563780020006,0.5711393699389536,0.47299721767723274,-0.0981421522617209,0.49094487351900845,0.3410756237633742,-0.14986924975563426
Liu2024,3,0,left_hand,late,7,-0.028071216564438034,-0.05140415762504191,0.27693273549622954,0.42071301089703755,0.19168656554553448,-0.0662759183512014,-0.2579624838967359,0.029035435836978502,-0.054711123344549716,-0.08374655918152822,0.39276811729453437,0.31484783142899403,-0.07792028586554034,0.5056506277685098,0.35210624300361376,-0.153544384764896
Liu2024,3,0,right_hand,early,6,-0.06644970294325411,-0.0751005962740948,0.4158901138999447,0.4230155826472532,0.06887513991603594,-0.13949857680623515,-0.2083737167222711,0.21044555761791464,-0.11502891068414119,-0.32547446830205584,0.38570162659172474,0.5416685336798986,0.1559669070881739,0.6022556523538822,0.4841503267107281,-0.11810532564315412
Liu2024,3,0,right_hand,mid,7,-0.029591540773178236,-0.043015280243905635,0.1776963393206057,0.36384038191569845,0.1771817033135582,-0.045937793800349236,-0.22311949711390744,-0.06991814401706738,-0.046991403602144516,0.02292674041492286,0.570283070937413,0.23905303228686245,-0.33123003865055056,0.331184404483269,0.37500551691653217,0.04382111243326314
Liu2024,3,0,right_hand,late,7,-0.08484626931239397,-0.11526631195996033,0.539213949023952,0.6696753959245089,0.023708100052128263,-0.1273802111688389,-0.15108831122096716,-0.20987952210674188,-0.09568353862025344,0.11419598348648843,0.3029125865715524,0.7026401436403831,0.3997275570688307,0.4805923453988672,0.5603713659150403,0.07977902051617314
Liu2024,4,0,left_hand,early,6,-0.07411335945734804,-0.004224417678700337,0.5084559840725444,0.4655252683005238,0.02782196106368151,-0.09815664365771205,-0.12597860472139355,0.036173715895850216,0.006762937049643791,-0.029410778846206423,0.8485081396422437,0.44907021231424077,-0.39943792732800293,0.5909212752797562,0.46986373001037096,-0.12105754526938528
Liu2024,4,0,left_hand,mid,7,-0.17187486971184324,0.03891527699227955,0.7655915394118671,0.3563064492488406,-0.2616186939057079,-0.15537893480581413,0.10623975909989378,0.128478130210008,0.03932423521807111,-0.0891538949919369,0.5129025379544234,0.7343324481982025,0.22142991024377912,0.37404991812755856,0.4358045091776106,0.06175459105005204
Liu2024,4,0,left_hand,late,7,-0.08013490949197391,0.1152167391162716,0.6401008365061887,0.6374914538086343,0.07710032572183076,-0.12125253791076517,-0.1983528636325959,-0.06565379652099103,0.14170563177931939,0.2073594283003104,0.5275662496134266,0.7028340177015061,0.17526776808807953,0.47824693529717216,0.6821284849366643,0.20388154963949218
Liu2024,4,0,right_hand,early,6,-0.14637629453186757,-0.02584362290373454,0.5810565881542895,0.2579933571724832,0.17796601570832535,-0.17625093001809677,-0.35421694572642215,0.13349447058215802,-0.039521924198983024,-0.17301639478114106,0.2986008717147475,0.6004445766767399,0.3018437049619924,0.5019449131479059,0.23612676418415524,-0.26581814896375067
Liu2024,4,0,right_hand,mid,7,-0.15072605458202548,-0.00728903190126698,0.7406751855022182,0.49256678086488903,0.15079676702666128,-0.2036782026833236,-0.3544749697099849,-0.22236930527738513,0.02450180341757939,0.24687110869496454,0.36719907773207705,0.7557168465371091,0.3885177688050321,0.48760482432000235,0.4499802504286322,-0.03762457389137014
Liu2024,4,0,right_hand,late,7,-0.13536312202532236,0.06997930693190546,0.6362040728420925,0.46098643860592603,-0.026374526668555106,-0.1473524585099789,-0.1209779318414238,0.29866216527076517,0.03267083938367522,-0.26599132588708996,0.057131861423486106,0.7232412845687116,0.6661094231452255,0.6922331664442084,0.47459052701538423,-0.21764263942882417
Liu2024,5,0,left_hand,early,6,-0.07411335945734804,-0.004224417678700337,0.5084559840725444,0.4655252683005238,0.02782196106368151,-0.09815664365771205,-0.12597860472139355,0.036173715895850216,0.006762937049643791,-0.029410778846206423,0.8485081396422437,0.44907021231424077,-0.39943792732800293,0.5909212752797562,0.46986373001037096,-0.12105754526938528
Liu2024,5,0,left_hand,mid,7,-0.17187486971184324,0.03891527699227955,0.7655915394118671,0.3563064492488406,-0.2616186939057079,-0.15537893480581413,0.10623975909989378,0.128478130210008,0.03932423521807111,-0.0891538949919369,0.5129025379544234,0.7343324481982025,0.22142991024377912,0.37404991812755856,0.4358045091776106,0.06175459105005204
Liu2024,5,0,left_hand,late,7,-0.08013490949197391,0.1152167391162716,0.6401008365061887,0.6374914538086343,0.07710032572183076,-0.12125253791076517,-0.1983528636325959,-0.06565379652099103,0.14170563177931939,0.2073594283003104,0.5275662496134266,0.7028340177015061,0.17526776808807953,0.47824693529717216,0.6821284849366643,0.20388154963949218
Liu2024,5,0,right_hand,early,6,-0.14637629453186757,-0.02584362290373454,0.5810565881542895,0.2579933571724832,0.17796601570832535,-0.17625093001809677,-0.35421694572642215,0.13349447058215802,-0.039521924198983024,-0.17301639478114106,0.2986008717147475,0.6004445766767399,0.3018437049619924,0.5019449131479059,0.23612676418415524,-0.26581814896375067
Liu2024,5,0,right_hand,mid,7,-0.15072605458202548,-0.00728903190126698,0.7406751855022182,0.49256678086488903,0.15079676702666128,-0.2036782026833236,-0.3544749697099849,-0.22236930527738513,0.02450180341757939,0.24687110869496454,0.36719907773207705,0.7557168465371091,0.3885177688050321,0.48760482432000235,0.4499802504286322,-0.03762457389137014
Liu2024,5,0,right_hand,late,7,-0.13536312202532236,0.06997930693190546,0.6362040728420925,0.46098643860592603,-0.026374526668555106,-0.1473524585099789,-0.1209779318414238,0.29866216527076517,0.03267083938367522,-0.26599132588708996,0.057131861423486106,0.7232412845687116,0.6661094231452255,0.6922331664442084,0.47459052701538423,-0.21764263942882417
Liu2024,6,0,left_hand,early,6,0.05930108048937607,-0.07146917265547309,0.4016193682696747,0.5287335451146287,-0.13097350137560426,0.09111217344203155,0.2220856748176358,-0.04338347254743705,-0.07180373276295864,-0.028420260215521582,0.3941053832757768,0.4967670756601891,0.10266169238441225,0.28774900370671935,0.4892539409513576,0.20150493724463825
Liu2024,6,0,left_hand,mid,7,-0.0693194605318615,-0.07688399322341848,0.40243379903313103,0.5431649118409624,-0.17173092380116492,-0.06695369020330509,0.10477723359785983,-0.14785458488745654,-0.06669875027989638,0.08115583460756015,0.6691622902060941,0.3447565956111264,-0.32440569459496765,0.4432024946356075,0.5040999140259992,0.06089741939039167
Liu2024,6,0,left_hand,late,7,0.12451035409534901,0.003526256996077992,0.6957137162423289,0.31156821097706927,0.21760960976965707,0.13628903144857074,-0.08132057832108633,0.017407868294780048,0.0054620145447059395,-0.011945853750074108,0.46057749691847494,0.7152440571269897,0.25466656020851475,0.34714339792002147,0.3851415803100983,0.03799818239007685
Liu2024,6,0,right_hand,early,6,0.06210999864510889,-0.07803660776662011,0.45508515130484295,0.4698418789101196,0.42610920725548274,0.003995301809964222,-0.4221139054455185,-0.032365797140864856,-0.07297109606050528,-0.040605298919640424,0.8007290159489563,0.4075687405050671,-0.3931602754438892,0.23775329718275107,0.46745198147261974,0.22969868428986867
Liu2024,6,0,right_hand,mid,7,0.03151480181957518,-0.0215927404384794,0.3097091843093306,0.5115613171318402,0.06395124863775137,0.029877279128408877,-0.034073969509342494,0.02686818461417347,-0.02844695873213886,-0.05531514334631233,0.13626075984052943,0.30479005001450027,0.16852929017397084,0.2997156132458614,0.5058811815852735,0.20616556833941213
Liu2024,6,0,right_hand,late,7,0.07837563168969212,-0.029731755338273054,0.49873706577300686,0.25841051848238383,-0.17542901119659463,0.12434081319376397,0.2997698243903586,0.011237894812759712,-0.04065490004119589,-0.0518927948539556,0.5056369866097467,0.6374344220959635,0.1317974354862168,0.3139585499529013,0.27923656868103025,-0.03472198127187104
Liu2024,7,0,left_hand,early,6,-0.11424161440366667,-0.0628809082244975,0.3855093812174037,0.5499761691375032,-0.3204953043536357,-0.1258107150100013,0.19468458934363442,-0.1296852885207477,-0.021851502868595434,0.10783378565215226,0.5477277457493346,0.38791701808497403,-0.15981072766436055,0.46933201205171926,0.4382429666198674,-0.03108904543185187
Liu2024,7,0,left_hand,mid,7,-0.03933721062901621,-0.05952147015672489,0.2549738601525644,0.458383998438622,-0.2568819940676988,-0.09819151198156395,0.15869048208613484,-0.4440365698018101,0.010060785525934413,0.45409735532774453,0.41879105394902827,0.44699619365770266,0.028205139708674387,0.6237509992354897,0.4639907658182392,-0.15976023341725049
Liu2024,7,0,left_hand,late,7,-0.12357381192161107,-0.03683548736312679,0.6094953431873302,0.5188904101889676,-0.34929058356981435,-0.06452426933079948,0.2847663142390149,0.017916681583939352,-0.05185468438570114,-0.0697713659696405,0.519167550631103,0.35359715210436704,-0.16557039852673594,0.6588976313054369,0.4893915074313543,-0.1695061238740826
Liu2024,7,0,right_hand,early,6,0.15523782321745855,0.021456352542786033,0.6289790838745202,0.48541130899886303,-0.0148447650999656,0.19999647547593932,0.21484124057590492,0.07890002461774752,0.013101341673538248,-0.06579868294420926,0.0430188145884104,0.7702908555991909,0.7272720410107805,0.4467106864306794,0.4214886740555213,-0.025222012375158087
Liu2024,7,0,right_hand,mid,7,-0.04479499927596193,-0.07419741823791128,0.26114172203965946,0.48197518767642866,0.033027331980550106,-0.03325533090217155,-0.06628266288272167,-0.05310495575843,-0.07724650449341675,-0.024141548734986744,0.41930121442682555,0.20758143216361238,-0.21171978226321317,0.4390285952930243,0.45381667482635296,0.014788079533328669
Liu2024,7,0,right_hand,late,7,-0.03527441446034063,0.026020005239574765,0.222308628704197,0.3558857937843828,0.010153191617407686,0.0003633394761396334,-0.009789852141268053,-0.13051959638204688,0.08265853069165734,0.2131781270737042,0.5310239962657253,0.14259780255144663,-0.38842619371427867,0.41306164838470294,0.44146515805028774,0.028403509665584803
Liu2024,8,0,left_hand,early,6,0.05555718268181881,0.04113285587747433,0.37284479175150853,0.3642634440107394,-0.013780540400351645,0.10674354946126671,0.12052408986161836,0.10177091212260375,0.04889858921140329,-0.05287232291120046,0.1738286281828047,0.5216854250023155,0.3478567968195108,0.4413318040485002,0.28563170591175724,-0.15570009813674296
Liu2024,8,0,left_hand,mid,7,0.12619312067290803,0.04456848066839025,0.7282094947692779,0.3450739569255399,0.23247763451520914,0.0747281779449902,-0.15774945657021894,-0.023031082543800277,0.04969854115445924,0.07272962369825953,0.5423930367562958,0.4528380174224943,-0.0895550193338015,0.5567539997164274,0.4178881298085904,-0.13886586990783695
Liu2024,8,0,left_hand,late,7,0.004566308570905049,-0.00014568819053271958,0.29298552674493167,0.36886256613730367,-0.00976509043140572,-0.037871356462392515,-0.028106266030986794,0.020678413395245673,-0.0048490402231827785,-0.025527453618428453,0.5544287152833811,0.30532589312475217,-0.24910282215862894,0.47302845617031863,0.4020557447303056,-0.07097271144001305
Liu2024,8,0,right_hand,early,6,0.031137445715391725,0.0460838720823494,0.32249562992944425,0.4082633040584618,0.03328746045904082,0.038340526453911346,0.005053065994870529,-0.021006214418887455,0.05744194309000742,0.07844815750889488,0.21790752691597598,0.29567406350776826,0.07776653659179228,0.40664466464956833,0.42667304183443183,0.0200283771848635
Liu2024,8,0,right_hand,mid,7,0.06985138946938757,0.011469467570427182,0.28946709040034774,0.39001348478923875,0.23561009276978154,0.03304327303099693,-0.2025668197387846,0.17081270921629318,-0.021913699757871625,-0.19272640897416482,0.3552569192904908,0.14997346130860897,-0.20528345798188183,0.43006127215139356,0.32234112686112076,-0.1077201452902728
Liu2024,8,0,right_hand,late,7,-0.056317769860214736,0.02276112996600602,0.4333441622131563,0.4052799972295787,-0.09833576816836737,-0.060779275783572784,0.03755649238479458,0.024948761961644764,0.04238678430228974,0.017438022340644975,0.21310501422001743,0.3610275354166961,0.14792252119667865,0.26361361173903736,0.4749540426040294,0.21134043086499205
Liu2024,9,0,left_hand,early,6,-0.024958602323725553,0.02793869303164271,0.33396162485561987,0.38973153500739005,0.049088542175419636,-0.0534859606611554,-0.10257450283657504,0.13908566149038795,0.0069120263885832905,-0.13217363510180466,0.36717627199732583,0.45569338699404904,0.08851711499672321,0.4428024096247063,0.333481292489462,-0.10932111713524428
Liu2024,9,0,left_hand,mid,7,-0.11354286694613139,0.02685509276020947,0.5440652213287746,0.35101335984735127,0.010349308796369944,-0.11258115721998893,-0.12293046601635887,0.00336753845466117,0.01721929885515697,0.013851760400495801,0.6390066917105153,0.5397031051649451,-0.09930358654557014,0.3301427821171984,0.44692176797982247,0.11677898586262409
Liu2024,9,0,left_hand,late,7,0.10068195397026754,0.022496745518482728,0.4566511214611129,0.5263041887357329,0.4211977953216357,0.058125601028252004,-0.3630721942933837,0.06882293510482233,0.005081213629427312,-0.06374172147539502,0.8473066282216345,0.33655589765640337,-0.5107507305652311,0.5471717542909598,0.450564081826136,-0.09660767246482377
Liu2024,9,0,right_hand,early,6,0.11235489918417396,0.07269654499874487,0.531796150141624,0.47999634035326993,0.2713984253179612,0.13033334462556206,-0.14106508069239915,0.04619463080850306,0.09663116362490344,0.050436532816400384,0.4579424051018565,0.4799788611517356,0.022036456049879083,0.3405766549601267,0.5342536631629496,0.19367700820282296
Liu2024,9,0,right_hand,mid,7,0.051615056300397845,0.012967342322404565,0.29069144346013853,0.2909430868171854,-0.23556344198599266,0.1027787658133617,0.33834220779935437,0.16790872859649164,-0.022770365118537313,-0.19067909371502895,0.458324055261252,0.422349282096776,-0.03597477316447595,0.52701649699638,0.27780156591040456,-0.24921493108597542
Liu2024,9,0,right_hand,late,7,0.1813143006118056,-0.038606970418591416,0.7583678730133474,0.5205247286749597,-0.011439713244033069,0.20829321864835448,0.21973293189238755,-0.13242712335884532,-0.030400113232470768,0.10202701012637455,0.19774612418193116,0.8403371267168028,0.6425910025348717,0.4761180904999482,0.5048123476795604,0.028694257179612215
Liu2024,10,0,left_hand,early,6,-0.051439407896631165,0.01087409600522531,0.5047071124829874,0.4515370380242827,-0.3919344274039351,-0.02213312637382671,0.3698013010301084,0.07572524291432489,0.005436228102193743,-0.07028901481213115,0.5024322507882074,0.5585137133182637,0.0560814625300563,0.4209549885907202,0.42652334633302,0.005568357742299801
Liu2024,10,0,left_hand,mid,7,-0.019801929973802892,0.01896885824787036,0.1634682215478645,0.33500244199150736,-0.11903796694433595,-3.4158052031256786e-05,0.11900380889230469,0.10795234843298014,0.0056639791322681265,-0.10228836930071201,0.20223590634706323,0.1839688822984543,-0.018267024048608943,0.47775538904583786,0.3168733573254022,-0.16088203172043564
Liu2024,10,0,left_hand,late,7,-0.053615490407732606,-0.02994318297820435,0.39566720696080426,0.2939724915737737,0.21261465521313255,-0.12158648040542758,-0.33420113561856013,0.07460117276711566,-0.04862709570945133,-0.12322826847656698,0.35970719182862015,0.5602269061371986,0.20051971430857846,0.3578325559820634,0.3206698298096665,-0.03716272617239691
Liu2024,10,0,right_hand,early,6,-0.10556729935336404,-0.008245785980047087,0.5906432084214007,0.4326081898716542,-0.23000704268859906,-0.09225082667995316,0.1377562160086459,-0.08606182675176874,0.008584004594412602,0.09464583134618135,0.5279826060340153,0.7231861817564045,0.19520357572238922,0.48769892106593116,0.5204495892476444,0.03275066818171324
Liu2024,10,0,right_hand,mid,7,-0.0670363555035339,0.08930412825961528,0.3538675462201827,0.5014919474920139,-0.024176774269049586,-0.05672008930721198,-0.03254331503816239,0.07942700296785112,0.05094717067512724,-0.028479832292723876,0.381236089284132,0.2878470487629573,-0.0933890405211747,0.547649900511201,0.42149071923475595,-0.12615918127644504
Liu2024,10,0,right_hand,late,7,-0.2994331061294066,-0.06199680244454731,0.8870966937742769,0.3638364668450246,-0.2746458829827123,-0.3074746079462108,-0.03282872496349848,-0.08155973010229817,-0.05013424650165327,0.0314254836006449,0.9757858921527405,0.8222185421801785,-0.15356734997256194,0.3836621383794057,0.354535283531562,-0.02912685484784372
Liu2024,11,0,left_hand,early,6,0.10654002537443377,-0.020480503370020903,0.583757712393949,0.382169185046214,-0.01947185180811696,0.10131475661447194,0.1207866084225889,-0.007787957819338744,-0.01790921208631125,-0.010121254266972506,0.48882108786557543,0.5077778354175833,0.018956747552007824,0.5110962830555351,0.37384315973161286,-0.13725312332392225
Liu2024,11,0,left_hand,mid,7,-0.4179680472491983,-0.10754364880294263,0.8967281417208413,0.9156265431415661,-0.05957650881608612,-0.4786234512588816,-0.4190469424427955,-0.6007777126359972,-0.08302533435544886,0.5177523782805483,0.5385738907251385,0.8954873962271156,0.3569135055019771,0.9353352555044263,0.942518191149018,0.007182935644591715
Liu2024,11,0,left_hand,late,7,-0.05160345095363243,-0.0067725774323429706,0.44969634861838914,0.3353542637447059,-0.12389561158204392,-0.056496505884264206,0.06739910569777971,0.04932546307146674,-0.004507855380037666,-0.05383331845150441,0.3806733126804544,0.481288349381285,0.1006150367008306,0.5775028926750545,0.35444295400673914,-0.22305993866831536
Liu2024,11,0,right_hand,early,6,-0.005316476022804941,-0.034487397373824356,0.2850071333441147,0.45960640026822197,-0.18657144358656022,0.0023366544352889716,0.18890809802184919,-9.773657689780373e-05,-0.04459190393799113,-0.04449416736109333,0.26161500788609204,0.3777754305070434,0.11616042262095133,0.502913692936382,0.45055892083681937,-0.05235477209956263
Liu2024,11,0,right_hand,mid,7,0.07036651843941528,-0.03520917746417711,0.35604376404704285,0.3270192726735947,0.2816077650558533,0.021877719950372618,-0.25973004510548064,0.07069929396828463,-0.03732759360212273,-0.10802688757040736,0.547248812714264,0.11067453731506498,-0.43657427539919896,0.44378335164239735,0.3750791176476075,-0.06870423399478987
Liu2024,11,0,right_hand,late,7,-0.03549657586685644,-0.03457746671970325,0.2071524923546953,0.37349849354165676,-0.2645340754330702,0.02394162571413139,0.2884757011472016,0.010716795030593433,-0.031156979281465616,-0.04187377431205905,0.43846043480047325,0.13809624412310575,-0.3003641906773675,0.26165694600010797,0.26891456288099713,0.007257616880889162
Liu2024,12,0,left_hand,early,6,-0.07329868488994724,-0.003918169066663351,0.4900985124488685,0.4144788030901865,0.04391743302247532,-0.0769792694803282,-0.12089670250280352,0.027744086881663528,-0.00887780267076802,-0.03662188955243155,0.16652740188549106,0.49065921960981085,0.32413181772431976,0.3443139422966908,0.3612950779957027,0.016981135699011884
Liu2024,12,0,left_hand,mid,7,-0.018766684088837016,-0.15088781950537508,0.37959413030889855,0.6975751775548227,-0.018522368612113434,-0.018444779601390068,7.758901072336608e-05,-0.02158867130302862,-0.1659487230674536,-0.14436005176442496,0.3304329473386458,0.40361889518529687,0.07318594784665106,0.5785546248814555,0.6629985247817795,0.08444389990032397
Liu2024,12,0,left_hand,late,7,0.055301681543957,0.007881308758917816,0.5890661365460771,0.4068011075238641,0.03676413470774323,0.01721057549698876,-0.019553559210754468,-0.03962448492275199,0.030730578908335346,0.07035506383108733,0.7013560409919585,0.36520508021289977,-0.3361509607790587,0.35772121752125685,0.5679405698122895,0.2102193522910326
Liu2024,12,0,right_hand,early,6,-0.08617039531486453,0.05473697828720213,0.5353731709300017,0.4997631551438528,-0.25063414607990375,-0.09037448314379565,0.1602596629361081,0.05475090030204064,0.06861118104975897,0.013860280747718327,0.47640997546903463,0.5942333810341676,0.11782340556513293,0.5640283631841121,0.5556425476810612,-0.008385815503050842
Liu2024,12,0,right_hand,mid,7,0.07362856551246752,0.002794040816521584,0.39460174650834773,0.19589164088775374,-0.22939938737908566,0.11016474185450052,0.3395641292335862,-0.08414628610095161,0.026919390772974634,0.11106567687392624,0.44507960243896827,0.6454251963596438,0.20034559392067552,0.2571041331478157,0.3315318738200223,0.07442774067220659
Liu2024,12,0,right_hand,late,7,-0.02875304209679456,-0.030221213270788264,0.4061314180437168,0.5211530269804994,0.22225182391183046,-0.05073464643756904,-0.2729864703493995,0.10887487841329152,-0.05697291859691866,-0.16584779701021019,0.4761109840075014,0.4013186659579574,-0.074792318049544,0.531977936730852,0.5239116587719402,-0.008066277958911794
Liu2024,13,0,left_hand,early,6,-0.11590221799270346,-0.0811366909367311,0.528966702172986,0.5366517378652003,-0.10218822502073356,-0.06996401125397032,0.03222421376676324,-0.26843850211303816,-0.026328451174547903,0.24211005093849025,0.15865831468714015,0.39261589674541064,0.2339575820582705,0.5635327440237745,0.44582250945266594,-0.11771023457110857
Liu2024,13,0,left_hand,mid,7,-0.030585237858320825,-0.04579626473422542,0.19231924934971723,0.506154612828716,0.33718175860160304,-0.14643386564627264,-0.4836156242478757,-0.22837616606074088,0.012694944913420285,0.24107111097416117,0.5556418922514264,0.6889457618481198,0.1333038695966935,0.5293054779258561,0.4523385776057764,-0.07696690032007975
Liu2024,13,0,left_hand,late,7,-0.054543311277802965,0.04395364946960075,0.3944536638176227,0.6268556961337871,-0.16402062209348356,-0.04370459165888147,0.1203160304346021,0.15543244399126005,0.03323351750380365,-0.1221989264874564,0.6734229259281573,0.2585978022738799,-0.41482512365427743,0.5254267542645334,0.5753798048927982,0.04995305062826472
Liu2024,13,0,right_hand,early,6,-0.001034959439862025,0.0004569455770982065,0.9641809231320511,0.9820309138450837,0.09181346176678501,-0.001092792543090317,-0.09290625430987533,-0.01909951131755327,0.0004925850753504,0.01959209639290367,0.1855602076885967,0.9834178338499223,0.7978576261613256,0.38246923133493216,0.9849058111676637,0.6024365798327316
Liu2024,13,0,right_hand,mid,7,0.09048746912251567,-0.028576589746132478,0.46274881559966574,0.5090449172110284,0.2991443306925818,0.07548675256846707,-0.22365757812411471,0.15059827630271302,-0.05243549697770476,-0.20303377328041777,0.6256713873229807,0.41047551652974695,-0.2151958707932337,0.3902088035461225,0.4555030138285248,0.06529421028240234
Liu2024,13,0,right_hand,late,7,-0.020877974733204966,-0.00877609317021085,0.2635210014344525,0.4386883664464367,-0.13633442410431407,0.0193526063839039,0.15568703048821797,-0.06296552731903265,0.022047325963533,0.08501285328256565,0.45544289982922215,0.2794343443030928,-0.17600855552612937,0.32983844152529873,0.41500612483179966,0.08516768330650093
Liu2024,14,0,left_hand,early,6,-0.12834356616582115,-0.012089560895637232,0.6459664342772737,0.4037673935520144,0.08913825680734402,-0.19649388206056143,-0.28563213886790545,0.057676419374854536,-0.032474454800466276,-0.0901508741753208,0.47518403605538573,0.8221055674450143,0.34692153138962856,0.3491543993486446,0.37369351904314946,0.02453911969450484
Liu2024,14,0,left_hand,mid,7,-0.04849637072274359,-0.031776958694035864,0.28179031115022335,0.36636280980345187,0.1450929814579783,-0.06598323102365324,-0.21107621248163155,-0.08075883056175286,-0.029830083638606304,0.050928746923146556,0.532688382242553,0.33854093962382975,-0.19414744261872324,0.32944556900965205,0.33082223732998317,0.0013766683203311203
Liu2024,14,0,left_hand,late,7,-0.02929294438595352,-0.004078742631081612,0.21647213938761423,0.39140175237371405,-0.40698256504376484,0.022106067116800947,0.4290886321605658,0.13850511142155797,-0.03619079356852563,-0.17469590499008358,0.7727166635721676,0.17817906105896728,-0.5945376025132003,0.34759487930876604,0.41323938908581453,0.0656445097770485
Liu2024,14,0,right_hand,early,6,0.03602561741518973,0.038897265160229434,0.2717651653788969,0.4921683314803723,0.04087786492224079,0.04498982805337685,0.004111963131136057,-8.581434115992942e-05,0.0516706858607966,0.05175650020195653,0.19306450835794237,0.2543683750823598,0.061303866724417455,0.3074427110029512,0.5540194223357655,0.24657671133281434
Liu2024,14,0,right_hand,mid,7,-0.0118359181851072,0.006938738125713875,0.2138889170582869,0.29957558460624273,-0.0675717198745355,0.0090603205809429,0.0766320404554784,0.08684892164523021,-0.009162177965418081,-0.0960110996106483,0.16593491468385482,0.13341607651863036,-0.03251883816522447,0.4261666620070243,0.2778416215805255,-0.1483250404264988
Liu2024,14,0,right_hand,late,7,-0.11309656764150194,-0.05819256830454975,0.451732833065394,0.45788472338032266,0.11361431074887052,-0.1453040007171499,-0.2589183114660204,-0.08945694607959265,-0.06137531209410609,0.028081633985486555,0.2053766742858117,0.5310343870083509,0.32565771272253924,0.2983627662145612,0.4202507714478743,0.12188800523331311
Liu2024,15,0,left_hand,early,6,0.1065853358083298,-0.020511076038346756,0.5838697107183835,0.38213322631685026,-0.019367631335463917,0.10135166648401749,0.1207192978194814,-0.007781527779903559,-0.017937142842567293,-0.010155615062663735,0.48872422834952806,0.5079441434647174,0.019219915115189334,0.5110731392228024,0.37381266046717015,-0.13726047875563224
Liu2024,15,0,left_hand,mid,7,-0.41795369603590266,-0.10754671827347141,0.896703930438341,0.9156237291857914,-0.05946746206791162,-0.4786133991418406,-0.419145937073929,-0.6007918427785355,-0.08302859676846995,0.5177632460100655,0.5388824201263088,0.8954708549661258,0.35658843483981695,0.9353294741449074,0.9425204881694986,0.0071910140245912135
Liu2024,15,0,left_hand,late,7,-0.051586447025998614,-0.006780227805151328,0.4497047404643384,0.33537103529419887,-0.12387602901360632,-0.05647401324025276,0.06740201577335356,0.04923626755082211,-0.004484561241005322,-0.053720828791827435,0.3806373865105541,0.48131667317513777,0.10067928666458364,0.5775375921473811,0.35435591884281153,-0.22318167330456956
Liu2024,15,0,right_hand,early,6,-0.005283189088872715,-0.034452124411064926,0.2850959018211995,0.4594451160748398,-0.18669719113499655,0.002381375674253565,0.18907856680925011,-1.9011307770365625e-05,-0.04457664760669059,-0.04455763629892023,0.26185092740174903,0.37784117738375744,0.11599024998200841,0.5030581834947996,0.4504381144910401,-0.052620069003759484
Liu2024,15,0,right_hand,mid,7,0.0703468674322279,-0.03522970362470243,0.3559490580106206,0.3270620763978442,0.2816261033326486,0.021861092841775384,-0.2597650104908732,0.07060937871979452,-0.03733974813544579,-0.1079491268552403,0.5473579742410316,0.11064323307879186,-0.43671474116223974,0.4436512335796076,0.3751170302232009,-0.0685342033564067
Liu2024,15,0,right_hand,late,7,-0.035498003251263906,-0.034568414772713996,0.2071810867376018,0.3734198172180229,-0.2646063133898391,0.02393719427369466,0.28854350766353376,0.010601625426778092,-0.03112423431613057,-0.04172585974290866,0.43854155481437834,0.13806470929019518,-0.3004768455241832,0.26164029067883154,0.26885866532607744,0.007218374647245895
Liu2024,16,0,left_hand,early,6,0.05890551720691478,-0.013116900921053963,0.49918011291564623,0.4189945667445786,0.001618210037946266,0.0415549733174632,0.03993676327951693,-0.09615752136654593,-0.005139221818939317,0.09101829954760661,0.3703967831725652,0.5243262434642916,0.15392946029172638,0.5252967012960109,0.42743051605019955,-0.09786618524581137
Liu2024,16,0,left_hand,mid,7,-0.051056569266516284,-0.050651064323841026,0.40273381557396365,0.42667464527214444,-0.5643085895537036,-0.023725641729846557,0.540582947823857,-0.07848892766528978,-0.03692090929681634,0.041568018368473444,0.7973222975266168,0.36114522752558087,-0.4361770700010359,0.4947955261611503,0.46649302374740464,-0.028302502413745656
Liu2024,16,0,left_hand,late,7,0.1213967933719828,0.08651851041202326,0.5606630701065836,0.6405313294039487,-0.1303336036171349,0.16230767255268325,0.29264127616981817,-0.05648608562691583,0.10413283427878872,0.16061891990570454,0.5653808341981883,0.6778419348863279,0.11246110068813964,0.37311873517710886,0.7580399122110408,0.38492117703393197
Liu2024,16,0,right_hand,early,6,0.03659298735709246,0.02372307925495284,0.4959484358428249,0.4302390265127628,0.33362634431240046,0.02445656878371196,-0.3091697755286885,-0.021702327641734773,0.030475727416498923,0.0521780550582337,0.7151096786302856,0.38117807419921734,-0.3339316044310683,0.48167505049777376,0.484968430039648,0.003293379541874253
Liu2024,16,0,right_hand,mid,7,0.07136179246612723,0.01667120651024095,0.39217560433372733,0.5780973973744079,-0.06484987783587334,0.107732464184786,0.17258234202065936,0.10646236848553421,-0.029306514442305105,-0.1357688829278393,0.8619618169220535,0.4564864419709751,-0.40547537495107844,0.5547643054018926,0.6128387042382947,0.058074398836402086
Liu2024,16,0,right_hand,late,7,-0.11506353136553868,-0.024028019704319187,0.4917508932996563,0.454449826206376,-0.18640767718111842,-0.134157121182423,0.05225055599869541,-0.1710147452915533,-0.07785109452301961,0.0931636507685337,0.44644848106417445,0.5354674827035215,0.08901900163934706,0.5183367268513668,0.45379116443985607,-0.06454556241151072
Liu2024,17,0,left_hand,early,6,-0.0026903082177669032,0.0009152662680969253,0.15592778214211495,0.2506855939297257,0.31367575853143564,-0.03353021284616446,-0.3472059713776001,-0.03386309087625129,-0.004341192132897127,0.029521898743354164,0.4962919617849815,0.2638343986402993,-0.2324575631446822,0.4013001766625515,0.33291851561639263,-0.06838166104615889
Liu2024,17,0,left_hand,mid,7,4.263951175471903e-05,-0.0002679295278961213,0.46817605524434186,0.4095466185980936,-0.12771522607243085,0.021651519766460885,0.14936674583889173,0.06966067017650417,0.012041862098223706,-0.05761880807828046,0.35550231724323555,0.35071706367410127,-0.004785253569134285,0.5347044807884205,0.3402416577602039,-0.1944628230282166
Liu2024,17,0,left_hand,late,7,0.038455273822064595,0.023033899152064753,0.43127637214400055,0.36015245990135253,0.047813780883388945,0.039396734017731576,-0.00841704686565737,0.14402515000204452,0.010715005469063257,-0.13331014453298126,0.2681816374997196,0.4619665196482391,0.19378488214851947,0.41430957108633965,0.5162168064866468,0.10190723540030716
Liu2024,17,0,right_hand,early,6,-0.030032770237599624,-0.0011860047842638468,0.3127434072854315,0.3208353411174255,-0.10012535707792974,0.016150325564227283,0.11627568264215703,0.18134567633044918,-0.012414559017786441,-0.1937602353482356,0.6250793233142363,0.16955235800107052,-0.45552696531316583,0.5361383605340956,0.39056062856808216,-0.14557773196601342
Liu2024,17,0,right_hand,mid,7,0.06681690838179578,0.045053989102705416,0.3774621382743873,0.44461469060422715,0.1388523816383464,0.06384441545696964,-0.07500796618137676,0.07336120041479673,0.041552947282267154,-0.03180825313252957,0.583547884320254,0.32403288406630776,-0.2595150002539462,0.6224720302642179,0.5176057899044038,-0.10486624035981418
Liu2024,17,0,right_hand,late,7,0.04294560750895113,-0.03410423842211845,0.30107864501321213,0.43661797943043673,-0.41732306886815346,0.1216148719840304,0.5389379408521838,-0.11402180811780936,-0.015017386498448762,0.0990044216193606,0.7365508760659746,0.543612519993357,-0.19293835607261756,0.6064596568076365,0.30554584758215403,-0.30091380922548244
Liu2024,18,0,left_hand,early,6,-0.04379993303696984,-0.06783492643096839,0.5272846883560962,0.4978534270408324,-0.222824057879733,-0.0021323775960325722,0.22069168028370043,-0.12527314574464124,-0.05559289148467709,0.06968025425996416,0.7134472193176967,0.3835992017648317,-0.329848017552865,0.4232120260817201,0.4765403089387717,0.0533282828570516
Liu2024,18,0,left_hand,mid,7,-0.05782870864464986,-0.0368456695647292,0.6711442798858365,0.5137716246970784,-0.1505514060589102,-0.04407768131582422,0.10647372474308599,-0.08031400783997789,-0.030318947435980233,0.04999506040399765,0.6226855154942514,0.6351325932678087,0.012447077773557247,0.6520385547579318,0.5031911332792897,-0.14884742147864216
Liu2024,18,0,left_hand,late,7,-0.029145603891716228,-0.13414755979570273,0.3021966268143617,0.6385585287661086,-0.3332394448291829,-0.02181420837608595,0.31142523645309694,-0.11396833357565422,-0.1470175595330031,-0.03304922595734888,0.5847091516265052,0.28041542098144023,-0.30429373064506493,0.30878151804467796,0.6173861064842018,0.3086045884395238
Liu2024,18,0,right_hand,early,6,-0.031922911408170225,-0.06005972372544673,0.3303644492587738,0.4336255326304589,-0.2703990520022961,0.02002597573660531,0.2904250277389014,-0.15608423209718728,-0.03102356215378222,0.12506066994340506,0.5692711622372439,0.45405654932171313,-0.11521461291553081,0.41374104141267226,0.30748323314047693,-0.10625780827219533
Liu2024,18,0,right_hand,mid,7,0.026308131639468907,-0.04817497457830476,0.32876876741784294,0.3393435699530825,0.08393897173481574,0.04594963595314365,-0.03798933578167209,0.005934488354561638,-0.036427439027095165,-0.042361927381656804,0.28012718543505,0.4495117343035681,0.16938454886851811,0.3036434373617618,0.2548469564840479,-0.04879648087771388
Liu2024,18,0,right_hand,late,7,-0.10197649296565583,-0.013464241386296554,0.6371302672873815,0.49126128403250746,-0.223254661110962,-0.017155161520205495,0.20609949959075652,0.03443183132495251,-0.03211764698666246,-0.06654947831161498,0.5287479076571316,0.46681065544758116,-0.061937252209550486,0.41163668632823724,0.4571494370591028,0.04551275073086558
Liu2024,19,0,left_hand,early,6,-0.20867671574626828,-0.07480676375988536,0.8803120552320383,0.38729375553679696,-0.46218834837598366,-0.17526430484655975,0.2869240435294239,-0.06267159824965646,-0.07406245970940868,-0.011390861459752225,0.6529465386708554,0.8331808712657564,0.18023433259490096,0.38009451842366526,0.3987966629393687,0.018702144515703456
Liu2024,19,0,left_hand,mid,7,-0.10559204329217228,-0.042032297271299084,0.5894042406289994,0.4336098758155963,-0.21041421514077033,-0.07819016012538398,0.13222405501538637,-0.06726740019818306,-0.032442104353117354,0.034825295845065704,0.2862928933276952,0.4153885108063879,0.1290956174786927,0.43786612085494653,0.3986491898652762,-0.03921693098967033
Liu2024,19,0,left_hand,late,7,-0.14563964480354813,-0.04022384880451571,0.7613833728707433,0.31789088010065325,0.10134340354236646,-0.18887804111865314,-0.2902214446610196,-0.08869366095886318,-0.023107358650114082,0.0655863023087491,0.24440971116505722,0.8221491831292819,0.5777394719642246,0.6578905985138112,0.27438448323683007,-0.3835061152769811
Liu2024,19,0,right_hand,early,6,-0.013060568966659365,-0.046569157487681485,0.18405311102522875,0.4698582791262631,-0.24192126918860443,0.029372794496671874,0.2712940636852763,-0.13346736063918221,-0.047654781204434477,0.08581257943474774,0.48149302017980966,0.16726103492827676,-0.3142319852515329,0.5568767590824324,0.4309445181181295,-0.1259322409643029
Liu2024,19,0,right_hand,mid,7,-0.13488874691979547,-0.06061806515377804,0.7250625259559298,0.39509009486349905,-0.39721277077656303,-0.10864716687559506,0.28856560390096797,-0.021610026014542642,-0.07715221727848826,-0.05554219126394561,0.6077611713670932,0.6466119977251858,0.03885082635809267,0.33305981645024535,0.43637898017701976,0.10331916372677441
Liu2024,19,0,right_hand,late,7,-0.1914284770140158,-0.055692606161223505,0.7165176963916388,0.4393926091050047,0.008951788942057573,-0.22608798628207744,-0.235039775224135,-0.17480471386311958,-0.006647054088080448,0.16815765977503913,0.4291331166397482,0.7516879759747833,0.32255485933503514,0.43842438429600156,0.32677760064967093,-0.11164678364633063
Liu2024,20,0,left_hand,early,6,-0.06020855181396643,0.028453325153603846,0.2802577043948699,0.33558567136364614,0.025411946216070458,-0.10217751343481966,-0.12758945965089014,-0.07525259242157263,0.040514870913074263,0.1157674633346469,0.21162109904866855,0.40750051099164675,0.1958794119429782,0.5148045841580313,0.4139893993731083,-0.10081518478492302
Liu2024,20,0,left_hand,mid,7,-0.01840109213740125,0.019747218280346816,0.26948387072366875,0.4794769877085821,-0.04783070399737712,-0.024184348545458402,0.02364635545191872,0.09105682809609855,0.00936243809202442,-0.08169439000407414,0.11043684641151955,0.31504339721831354,0.204606550806794,0.43430952930124245,0.4462707772449444,0.011961247943701958
Liu2024,20,0,left_hand,late,7,0.0853846612011005,0.03470571983541389,0.6466872329130827,0.3177495100993041,0.11182391301065354,0.1430807976882111,0.031256884677557564,-0.028037325149091172,0.058998706406049574,0.08703603155514075,0.484783844499577,0.649190480491414,0.16440663599183702,0.5114974553640912,0.35986041392986506,-0.15163704143422613
Liu2024,20,0,right_hand,early,6,-0.011062602958740944,0.053413754863158185,0.29884838971993377,0.38019978931005355,-0.08897472341488533,-0.004129700215483213,0.08484502319940211,0.04695871953109294,0.04867950138878842,0.0017207818576954748,0.3624328357928611,0.3182329663560749,-0.04419986943678622,0.4267248959351023,0.44637204314859985,0.01964714721349753
Liu2024,20,0,right_hand,mid,7,-0.01487096622834351,-0.020745823481030008,0.27260089274638644,0.361223427194504,-0.073056484130892,-0.030877334383733836,0.04217914974715816,-0.01553053917038908,-0.023040516935376402,-0.007509977764987321,0.12552306290727472,0.35096928932151644,0.22544622641424172,0.3133657568022438,0.4217322475901294,0.10836649078788557
Liu2024,20,0,right_hand,late,7,0.07975893423429692,0.04494724894091941,0.6504853926517846,0.354070476545635,0.32350267799195975,0.08459050259083066,-0.23891217540112908,0.007618504251541613,0.052281240337706106,0.044662736086164494,0.6359695533008273,0.5911243540997881,-0.04484519920103913,0.3962838829768253,0.3387447856927053,-0.057539097284120044
Liu2024,21,0,left_hand,early,6,-0.04364358903488688,0.02415632974261598,0.33866543792620357,0.5394470456809253,-0.30641773370733993,-0.0006256508617552526,0.3057920828455847,0.01162955849144833,0.035436619563835224,0.023807061072386893,0.6188664147368335,0.16580543226980862,-0.45306098246702486,0.44258229112049235,0.5016025971255277,0.05902030600503533
Liu2024,21,0,left_hand,mid,7,-0.13215012890699812,0.017342047537894,0.664228846831747,0.2986292846790345,-0.05525774757837382,-0.11438399990804869,-0.059126252329674875,0.02932562654315253,0.020063281841215003,-0.009262344701937528,0.567395301215752,0.5588283891921276,-0.008566912023624362,0.28786622793862454,0.4428466073028469,0.15498037936422238
Liu2024,21,0,left_hand,late,7,-0.0498047343977878,-0.012152333741832696,0.3225650797463141,0.5047678174163293,0.0855104591438524,-0.06450020007760957,-0.15001065922146195,-0.09306047382696514,0.045150194114714305,0.13821066794167944,0.39466217946673243,0.32224510895629177,-0.07241707051044066,0.3837999723666212,0.5112271922930195,0.12742721992639827
Liu2024,21,0,right_hand,early,6,0.10995859340526962,-0.030116930335513915,0.5927439918208242,0.3613447064433769,0.49003224823127156,0.06188629791112037,-0.4281459503201512,0.03429126630446942,-0.052549489891698754,-0.08684075619616818,0.7097266961183176,0.46549393431439917,-0.24423276180391845,0.35138836178562066,0.47741852932759815,0.1260301675419775
Liu2024,21,0,right_hand,mid,7,-0.03568656977342896,0.0031283322963657693,0.48909904877559546,0.31333360898794343,0.03416650566064241,-0.04019728667917847,-0.07436379233982088,0.019121401497331554,-0.0008942989207107392,-0.020015700418042293,0.15983939101970662,0.5113220033115652,0.35148261229185856,0.3101507443647111,0.38220932276891506,0.07205857840420399
Liu2024,21,0,right_hand,late,7,0.0789567069929156,-0.012915657920387687,0.47017973209009023,0.2103103425937142,0.30550086857899333,0.05413331019519607,-0.25136755838379726,-0.03873843458503493,-0.014994734796816553,0.02374369978821838,0.5766912567949634,0.37300890162335637,-0.203682355171607,0.4660399978470467,0.38630897146077897,-0.07973102638626772
Liu2024,22,0,left_hand,early,6,-0.10216997222220181,0.02667555892220713,0.5364864219126443,0.445532771418758,-0.03652474783352244,-0.11902691191669569,-0.08250216408317325,0.06772426011577469,0.038775675974547515,-0.028948584141227175,0.6160637140377874,0.46591781789200143,-0.15014589614578594,0.4108200843234087,0.46108897451682634,0.050268890193417626
Liu2024,22,0,left_hand,mid,7,-0.01973800213853071,-0.031212319010826176,0.24810221700930674,0.29726156960272443,-0.13018215997746155,0.007778522880081074,0.13796068285754262,0.0625241469607693,-0.03969594760140893,-0.10222009456217823,0.2516661955230838,0.4314126144691924,0.1797464189461086,0.4741403654613046,0.3567386356027071,-0.11740172985859754
Liu2024,22,0,left_hand,late,7,-0.06549705482063983,-0.0744091143811042,0.4572372397994964,0.540789934777721,-0.01671152297779677,-0.04777235743225193,-0.03106083445445516,-0.11219881055239167,-0.07083114905387894,0.04136766149851273,0.13201023357648795,0.3396854623118972,0.20767522873540928,0.31398966005932205,0.5123034888990596,0.19831382883973758
Liu2024,22,0,right_hand,early,6,0.07579345332690209,0.05607636637113496,0.6270715918690368,0.43745598941326325,-0.4198126634733369,0.14517220749863122,0.5649848709719681,0.08618507139854778,0.07182911564592125,-0.014355955752626534,0.843061731271844,0.7225064401267185,-0.12055529114512553,0.48196692959278586,0.5077585107830286,0.02579158119024272
Liu2024,22,0,right_hand,mid,7,-0.046502990674459094,0.0013128576647705205,0.3790594309625036,0.4872794198526557,0.05437182614190264,-0.025317428772993898,-0.07968925491489653,0.09774046522887438,0.016353821675520387,-0.08138664355335398,0.4903476311494691,0.5942299619931117,0.10388233084364262,0.6088703801498863,0.45972013131062284,-0.14915024883926342
Liu2024,22,0,right_hand,late,7,-0.05885113904516294,-0.05123921384249615,0.44540770187951917,0.4277304854462339,-0.32956856200106144,-0.0035159066364313673,0.3260526553646301,-0.1382862424769814,-0.05027496930802832,0.08801127316895307,0.6701162016895583,0.16962663410551912,-0.5004895675840392,0.39889652594022923,0.41945569586708736,0.020559169926858134
Liu2024,23,0,left_hand,early,6,0.08353306547931524,-0.009189106948357796,0.5962016241279087,0.41417884214276757,0.3077138117413515,0.058744978978645244,-0.24896883276270623,-0.005376420022601235,-0.012999055327841891,-0.0076226353052406565,0.6290713294259156,0.5801741644458536,-0.048897164980062024,0.5842707581058804,0.30843075309572,-0.27584000501016037
Liu2024,23,0,left_hand,mid,7,-0.024913143098090375,0.01365059106549642,0.3391546867132424,0.5075466984956601,-0.008772601609429775,-0.03171063169498303,-0.022938030085553257,0.08798294452390455,0.006938732785028083,-0.08104421173887646,0.41078777126881194,0.3585362579060701,-0.052251513362741864,0.6248798553279165,0.30450118884630056,-0.3203786664816159
Liu2024,23,0,left_hand,late,7,0.03083489454045473,-0.035767995907556985,0.29815452783421426,0.5576941118487759,-0.04927295354921294,0.04522146801198261,0.09449442156119556,-0.18283133714555355,-0.02001969637478654,0.162811640770767,0.11346607003715817,0.31878151812176486,0.2053154480846067,0.5387862508266705,0.42350919454038954,-0.11527705628628099
Liu2024,23,0,right_hand,early,6,-0.06484670867454254,0.026836381166225925,0.4389558213537137,0.45490613104192895,-0.09360008938345703,-0.1043130479244292,-0.010712958540972178,0.03056117837170522,0.04098849407921195,0.01042731570750673,0.3537352204011333,0.5165342735235546,0.16279905312242132,0.4984337470701276,0.43398014871864304,-0.06445359835148456
Liu2024,23,0,right_hand,mid,7,0.15953769795449801,0.08270553589340858,0.7415772967073752,0.6300655624794049,0.0953041329300657,0.15705205436960126,0.06174792143953556,0.009245643689370552,0.09250148923239244,0.0832558455430219,0.373136743622052,0.6815384653798169,0.30840172175776487,0.35554707613933595,0.5752146783648732,0.21966760222553722
Liu2024,23,0,right_hand,late,7,0.19095545610834108,0.11174060706318233,0.8195335012678351,0.606014989849307,0.18904653267684632,0.18240896161511866,-0.0066375710617276595,0.09871001105477467,0.11026046245482994,0.01155045140005527,0.4435271997491296,0.7921768580027269,0.3486496582535973,0.5463160374360359,0.5263960457417783,-0.01991999169425751
Liu2024,24,0,left_hand,early,6,0.09028366478028184,-0.0006784082450709601,0.5459508614337434,0.497426808799798,-0.31964952733669083,0.13828672859567676,0.4579362559323676,0.2837339034700179,-0.03685047443441386,-0.3205843779044318,0.7279670181622349,0.6326546970582354,-0.09531232110399945,0.5472908760053821,0.5941657269333076,0.04687485092792554
Liu2024,24,0,left_hand,mid,7,-0.003058183342389803,0.03933764885891386,0.43305601396872584,0.5353418333494678,0.16594186088172852,0.01841322227780643,-0.1475286386039221,0.20287195560290824,0.03688024378974285,-0.1659917118131654,0.3961834466243606,0.6872559075203509,0.2910724608959903,0.578172182675842,0.5652450195455917,-0.01292716313025033
Liu2024,24,0,left_hand,late,7,0.05603150985155225,0.012277334629864915,0.31116989101423315,0.33603433230846325,-0.1078970229370657,0.07490600136638485,0.18280302430345055,-0.19368510714556236,0.032078614118785924,0.2257637212643483,0.22529600414934145,0.3313482867251799,0.10605228257583846,0.5829939715964048,0.4588145927719265,-0.12417937882447827
Liu2024,24,0,right_hand,early,6,-0.005026305636005977,-0.05854194617213619,0.24470518611148184,0.7741883894229774,-0.10764622554083227,0.031309000217760806,0.13895522575859307,-0.05850804522464717,-0.07599859145513917,-0.017490546230491996,0.2034867402311223,0.2789685478696215,0.07548180763849921,0.46590293946906886,0.7693291723650562,0.3034262328959873
Liu2024,24,0,right_hand,mid,7,0.1297422165089709,-0.0022144454369577163,0.6016353307336141,0.3806288851399805,0.003869728667603739,0.14779703694967616,0.14392730828207242,0.016865120538322204,-0.004528649002175376,-0.02139376954049758,0.4972566626108452,0.6465893572516266,0.14933269464078136,0.4186448280600626,0.35224588865544404,-0.06639893940461855
Liu2024,24,0,right_hand,late,7,0.07016079425116292,-0.04528880638315053,0.4349397855273863,0.5857079910181958,0.292101410816067,0.039408917635463864,-0.25269249318060316,0.018754182771196268,-0.05941006704480811,-0.07816424981600438,0.5271567212701626,0.26150689910301,-0.26564982216715255,0.3683442833632289,0.5663219039737699,0.19797762061054103
Liu2024,25,0,left_hand,early,6,0.33728034860703576,-0.03799446912424614,0.8696977951880571,0.3935184883164913,0.5537279371328402,0.32805614458528426,-0.22567179254755593,0.010458346124542816,-0.049954929577325856,-0.06041327570186867,0.7859527925091108,0.8133947903073367,0.02744199779822598,0.5466924252555289,0.34864001876183665,-0.1980524064936922
Liu2024,25,0,left_hand,mid,7,0.27410623156985553,-0.06181110879770973,0.8816869680211843,0.41207583763884414,0.21939463312088012,0.2701164683422113,0.050721835221331196,-0.04389287807937725,-0.04989913632047432,-0.006006258241097066,0.41929615721140595,0.7968371885062935,0.37754103129488753,0.34621528780658883,0.489362034500731,0.14314674669414218
Liu2024,25,0,left_hand,late,7,0.36077242109776547,-0.023331632181917347,0.9217935375202989,0.37665291910434406,0.4016114535021784,0.4008088429466416,-0.0008026105555368201,0.07146378172230522,-0.02931867391368028,-0.10078245563598551,0.9258372885610422,0.941637306568505,0.01580001800746278,0.32712334961964945,0.3486529224186881,0.021529572799038665
Liu2024,25,0,right_hand,early,6,0.285970393500992,-0.07138584612788525,0.7710532018488938,0.5386053693484947,0.47989510306104577,0.24629644181490454,-0.23359866124614123,-0.065376372540394,-0.08072297620516974,-0.015346603664775749,0.7797632497223896,0.8539385217098363,0.07417527198744667,0.47975877614141127,0.45631714138557616,-0.023441634755835106
Liu2024,25,0,right_hand,mid,7,0.2520335883298015,0.04948215307143858,0.7796225816437694,0.48737664479893666,0.07100489701145121,0.3111995535199275,0.2401946565084763,0.052770604437737845,0.03900293737135935,-0.013767667066378497,0.28514685885562135,0.8638896156269191,0.5787427567712977,0.6667435138929622,0.49292207884807687,-0.1738214350448853
Liu2024,25,0,right_hand,late,7,0.2807331414704266,0.17838488969107436,0.901349469593953,0.6702408324479212,-0.029270223331316347,0.39724127268110465,0.426511496012421,0.19980241918669073,-0.07068700433064863,-0.27048942351733934,0.6631139219308799,0.8246493091360905,0.16153538720521055,0.8292687401023443,0.4168440487456728,-0.4124246913566715
Liu2024,26,0,left_hand,early,6,-0.016149793667908047,0.02779066746403177,0.2735043076993474,0.5092103331925409,0.580359932646745,-0.03896181005901782,-0.6193217427057628,-0.0032049193654371593,0.042249209138309936,0.045454128503747096,0.9565097913885847,0.318179147449469,-0.6383306439391156,0.4992823184277284,0.46638851939965165,-0.032893799028076764
Liu2024,26,0,left_hand,mid,7,0.04968854534936538,-0.1090526618860629,0.6320609161178845,0.6110690370202603,0.07440440824142114,0.04226801689840757,-0.03213639134301357,0.017717731940935028,-0.13475103905634195,-0.152468770997277,0.7718467712681871,0.5139497891017476,-0.2578969821664395,0.3493912201900632,0.6234059675613368,0.2740147473712736
Liu2024,26,0,left_hand,late,7,0.029937320563862967,-0.03866329646600964,0.538967348156172,0.36446894592525386,0.15480009730736818,0.00974805945804492,-0.14505203784932327,-0.1410838686212278,-0.016429047707236362,0.12465482091399144,0.24430882728052994,0.42089313040737825,0.1765843031268483,0.5820929017059248,0.3892540861020195,-0.19283881560390526
Liu2024,26,0,right_hand,early,6,0.043622578851717844,-0.1079712913813565,0.5197792052228596,0.6428568037584497,0.009290316439491166,0.06829466816338964,0.05900435172389847,0.07455451694823521,-0.14417838888739118,-0.21873290583562638,0.22758987726675228,0.6508140873548475,0.4232242100880952,0.37120498970711746,0.7486182594894121,0.3774132697822946
Liu2024,26,0,right_hand,mid,7,-0.08158554540086585,-0.09783310172289555,0.5246941769013289,0.627897419410811,-0.10741922210815609,-0.10844397194930597,-0.0010247498411498773,-0.10618778000621337,-0.10053855963853595,0.005649220367677427,0.5578421760576092,0.6612139798073217,0.10337180374971244,0.507575077972213,0.5305027833585099,0.02292770538629685
Liu2024,26,0,right_hand,late,7,-0.09799594342594305,-0.13875871896084319,0.639875941193297,0.7011786246163998,0.1780342632432115,-0.12819424964822937,-0.3062285128914409,-0.11193054587337421,-0.15750619993160578,-0.045575654058231566,0.36012984844263063,0.6722119954710222,0.31208214702839154,0.3377974536391472,0.7178870974487541,0.3800896438096069
Liu2024,27,0,left_hand,early,6,0.17889954069012926,0.024817592058577257,0.774421464780221,0.370606761978402,0.2185996513000866,0.18091153492714757,-0.037688116372939034,0.035087620032411074,0.02848224227442196,-0.006605377757989115,0.3112227262220126,0.817526887444839,0.5063041612228265,0.4644945876373312,0.4345392057014101,-0.02995538193592112
Liu2024,27,0,left_hand,mid,7,0.02813541452237972,-0.04945213762701531,0.42520795901947284,0.5004533705856284,0.08905213966993432,0.030864742470292618,-0.0581873971996417,0.024200883078110247,-0.059795556786016744,-0.083996439864127,0.2171140595366976,0.4460722606712298,0.2289582011345322,0.5231262490439644,0.4678216895227716,-0.05530455952119284
Liu2024,27,0,left_hand,late,7,-0.018712881636134097,0.00162776909350217,0.2146292205302454,0.34190311103456683,0.03345889749792624,-0.020164791026372232,-0.053623688524298475,-0.10289397266032761,0.016504193712996003,0.11939816637332362,0.0781234533034802,0.1834217614452098,0.10529830814172961,0.378370935813886,0.3482648857807728,-0.030106050033113174
Liu2024,27,0,right_hand,early,6,0.24371432749246355,0.03132977353837226,0.8661775601096761,0.3013675596882029,0.15570063305939275,0.242060580338219,0.08635994727882626,-0.07814616558410162,0.045762474206932205,0.12390863979103382,0.3138755686784599,0.8721738972761754,0.5582983285977156,0.44614839692292857,0.3291215159458425,-0.11702688097708608
Liu2024,27,0,right_hand,mid,7,0.05231773809202558,0.05131783246236329,0.3446883060043169,0.4142342250523666,-0.11811757715017632,0.08638628082538725,0.20450385797556359,0.07111294804162653,0.05054049775980132,-0.020572450281825208,0.247574628987852,0.4028582280863295,0.15528359909847747,0.5057453426672347,0.3166724510822012,-0.1890728915850335
Liu2024,27,0,right_hand,late,7,-0.10138756718830469,-0.016976884326746607,0.4687168535906294,0.46136396325563866,0.07057772268359115,-0.14977906144158304,-0.22035678412517418,-0.05341011389741986,-0.020437762375768546,0.032972351521651316,0.2530945724866135,0.5244931088435201,0.2713985363569066,0.5035068391312243,0.5186341358564774,0.015127296725253148
Liu2024,28,0,left_hand,early,6,0.000791713629588249,-0.04104810441102422,0.2857954385606484,0.44332611495473223,-0.31541561260874595,0.07310066411720059,0.3885162767259466,0.07179062078998331,-0.05562912195828972,-0.12741974274827303,0.6265095939986534,0.5094505037807131,-0.11705909021794025,0.3415875702317477,0.3863212615275084,0.044733691295760714
Liu2024,28,0,left_hand,mid,7,-0.1299301261551072,-0.10759023762033894,0.5799903734912503,0.581822685179837,0.09381949777203281,-0.16803941472998993,-0.26185891250202276,-0.20906260924167494,-0.09452098380699857,0.11454162543467637,0.19768913735575036,0.6042453363097361,0.40655619895398576,0.3792114035050804,0.4975685390156058,0.1183571355105254
Liu2024,28,0,left_hand,late,7,0.09304168689563205,-0.0815482464065981,0.5631944348634276,0.4898726704466627,0.3784983584243335,0.04714040995567932,-0.3313579484686542,-0.13935385979954001,-0.07544136550756117,0.06391249429197884,0.5078315667938125,0.3246043260513464,-0.18322724074246605,0.43237799812386746,0.4416902466792145,0.009312248555347069
Liu2024,28,0,right_hand,early,6,-0.021631028177266406,-0.07292236101740944,0.49702317650753053,0.4403572803544803,-0.25646572768846293,-0.00024650020468258493,0.25621922748378034,0.07377480299234748,-0.07615582702848554,-0.149930630020833,0.403502485629736,0.41334030512995706,0.009837819500221057,0.6127112067600904,0.4902671671075769,-0.12244403965251349
Liu2024,28,0,right_hand,mid,7,0.15023316034114617,0.0180630882766841,0.5113373454528252,0.3080840407495345,0.14539368090199098,0.11829796476319016,-0.027095716138800824,0.11374920232151602,-0.003846224501254879,-0.1175954268227709,0.4177669644612202,0.4541190515244321,0.03635208706321191,0.5513901029411399,0.35997688010790185,-0.19141322283323803
Liu2024,28,0,right_hand,late,7,-0.04919336852682937,-0.0658131573164306,0.4315689426767964,0.4753253983798079,-0.023210080589054938,-0.06905873144567162,-0.045848650856616685,-0.054944341822506876,-0.07044556454588073,-0.015501222723373856,0.6440108487861675,0.4856916555020559,-0.15831919328411165,0.550126257176459,0.47526268104184266,-0.07486357613461636
Liu2024,29,0,left_hand,early,6,-0.12665327834990198,0.014707718487122629,0.7793289161728674,0.5113789947406601,-0.4806160970807521,-0.11106117849101861,0.3695549185897335,0.05553728783468908,0.031444347520670636,-0.024092940314018443,0.6897518470877034,0.6047553746431146,-0.08499647244458886,0.33548866294427065,0.5205273927419702,0.18503872979769959
Liu2024,29,0,left_hand,mid,7,0.11433172661632901,-0.04865705386546882,0.5073854416266798,0.45997027070667984,-0.03184925260378543,0.13279069391933349,0.16463994652311892,-0.14575668209647602,-0.035207697140199404,0.11054898495627662,0.32498231304089614,0.543754693015984,0.21877237997508786,0.37339531627251626,0.42376482204914023,0.05036950577662397
Liu2024,29,0,left_hand,late,7,-0.040999419022073186,0.003834846225485424,0.47104589288324705,0.45721080684078613,-0.09832483380919044,-0.05196245247699963,0.04636238133219081,0.046208531802246794,-0.012971709928298266,-0.05918024173054506,0.2490251292688857,0.5134132070221145,0.26438807775322876,0.3820093091052553,0.39570605027102734,0.01369674116577202
Liu2024,29,0,right_hand,early,6,-0.03550830606382905,-0.007277253962064991,0.3013487763131522,0.4976661667383301,-0.02268406460064261,-0.042941405777103245,-0.020257341176460636,0.11027841393257061,-0.013867141652840026,-0.12414555558541064,0.3380486911388865,0.31724858499308295,-0.020800106145803576,0.510264978532056,0.42956504212621655,-0.08069993640583945
Liu2024,29,0,right_hand,mid,7,-0.11962214120098759,-0.09741578878390686,0.6085934115110357,0.5010230154115975,0.13811957930492227,-0.13867045236279474,-0.276790031667717,-0.032834483483981096,-0.10789475819886743,-0.07506027471488633,0.2724633076444174,0.769052179010387,0.49658887136596963,0.5625969277314776,0.49690271568079547,-0.06569421205068215
Liu2024,29,0,right_hand,late,7,-0.04445864342256905,-0.04020766164537816,0.34173432582873353,0.36853331279483503,0.3111225372673237,-0.04555068186929429,-0.356673219136618,-0.13487875048348894,-0.02921331699106224,0.1056654334924267,0.4444335560823085,0.25517342147704025,-0.18926013460526825,0.33968181864849245,0.33570614787283254,-0.003975670775659912
Liu2024,30,0,left_hand,early,6,-0.05598233722069501,0.032953914130183025,0.4359360931137718,0.37996391866324825,0.15023386429074764,-0.10078212091911967,-0.25101598520986734,-0.009550585271189078,0.04140972592319822,0.0509603111943873,0.4960350750350574,0.5162490099041005,0.020213934869043104,0.3745912952426316,0.3657216281290695,-0.008869667113562074
Liu2024,30,0,left_hand,mid,7,-0.002513470143508535,-0.03840558451046652,0.30953737573963225,0.3347385574549563,0.08934207250977626,-0.008719137532635314,-0.09806121004241157,-0.0496922542436144,-0.03648285307154767,0.013209401172066725,0.5688157138137035,0.32739289356817963,-0.24142282024552392,0.5766908689344377,0.28131546298404003,-0.29537540595039763
Liu2024,30,0,left_hand,late,7,0.04354826220540679,0.0206121611893284,0.65414187656832,0.2937978283588365,0.36728689902280776,-0.005712734362492972,-0.37299963338530073,-0.03239233586457986,0.029345768345366043,0.0617381042099459,0.6891640873998336,0.5645547586601184,-0.1246093287397152,0.3091745876184254,0.3353616471276825,0.026187059509257093
Liu2024,30,0,right_hand,early,6,-0.0970172453144256,0.0237056673874394,0.6428041004122125,0.3065821870375732,0.22810487622913203,-0.18895699593263915,-0.41706187216177115,0.19646143869630195,-0.02155673228457161,-0.21801817098087356,0.5413803427135362,0.8041425246412998,0.26276218192776357,0.43838978489262537,0.37971121916714384,-0.058678565725481524
Liu2024,30,0,right_hand,mid,7,-0.1457848617167921,-0.06389373277041693,0.5862687029322887,0.38125528850969537,-0.12735834042433047,-0.1375870135383765,-0.010228673114046016,0.0374576895907701,-0.09031893364775835,-0.12777662323852845,0.6583759405600508,0.5320069823130044,-0.12636895824704641,0.3724591882320657,0.38580017897251295,0.013340990740447256
Liu2024,30,0,right_hand,late,7,-0.053029119149240876,0.009883514138983088,0.4816191511319187,0.20016494174448712,-0.06907966344298316,-0.07648227842264871,-0.007402614979665545,0.11305976362000175,-0.007186968342315268,-0.12024673196231703,0.268878136311689,0.5371128256501139,0.26823468933842487,0.5121953035311718,0.28567607237516773,-0.22651923115600409
Liu2024,31,0,left_hand,early,6,-0.19897799260348747,-0.037123987292830396,0.8612574513395408,0.39211891497332274,-0.13409966552820354,-0.18502645343915664,-0.05092678791095309,-0.21008628607110527,-0.011029383738322221,0.19905690233278306,0.32770308804723786,0.6956637336619349,0.36796064561469705,0.44874079367424013,0.41984272669567535,-0.028898066978564785
Liu2024,31,0,left_hand,mid,7,-0.1445126550111525,-0.034350777109723216,0.746913315665849,0.3521171359158854,0.38440752396328187,-0.22519650243487516,-0.609604026398157,0.20346262577084265,-0.07361856640413303,-0.2770811921749757,0.785202290110777,0.850749782008535,0.06554749189775799,0.5453368189970854,0.4860848200754233,-0.05925199892166211
Liu2024,31,0,left_hand,late,7,-0.18733694557551797,-0.06769656952104146,0.8934520571079743,0.5637586670214626,-0.05249700620444256,-0.18387688624621415,-0.1313798800417716,0.013493599053984975,-0.07443294835670915,-0.08792654741069413,0.11355205212507019,0.8310775890922778,0.7175255369672076,0.3174198327725167,0.4854457299145859,0.16802589714206922
Liu2024,31,0,right_hand,early,6,-0.2855053440138016,-0.07009783220578568,0.9534545675544963,0.5679639993356228,-0.23411013023863442,-0.3049244482607831,-0.07081431802214866,-0.0007054653159737079,-0.07662009600647478,-0.07591463069050107,0.4779882413077028,0.9295281199377707,0.45153987863006795,0.5097143573530372,0.5268839815741568,0.017169624221119673
Liu2024,31,0,right_hand,mid,7,-0.17853235728536013,-0.08620655279434453,0.756152315735465,0.4419437706009266,-0.15483846570707696,-0.1884996753512214,-0.03366120964414443,-0.00048005386793248086,-0.10552179248150517,-0.10504173861357269,0.36458311645581243,0.7560932081045746,0.39151009164876216,0.37771493607489093,0.49986732755651986,0.12215239148162893
Liu2024,31,0,right_hand,late,7,-0.16004527811177877,-0.02496214930807333,0.9271182755647446,0.40515822647505845,-0.13026750269949486,-0.15361418396264026,-0.023346681263145402,0.028558598754206046,-0.03185477806762962,-0.06041337682183566,0.2919053024905661,0.8594232115787899,0.5675179090882237,0.2539487300349708,0.40186917491188756,0.14792044487691675
Liu2024,32,0,left_hand,early,6,-0.031730836798659325,-0.050281776277202615,0.34390363053463546,0.3693721456249148,-0.13462202341349355,-0.055309084118863816,0.07931293929462974,-0.08304216056310419,-0.06408976061380936,0.018952399949294832,0.45819358221454126,0.39737451920126976,-0.0608190630132715,0.6681585176863094,0.3422583212191548,-0.3259001964671546
Liu2024,32,0,left_hand,mid,7,0.14524483889916553,0.0010564591968937433,0.6684831618007065,0.46202947056314564,-0.1404297090711355,0.15220048459190919,0.29263019366304466,-0.22592280900177883,0.03200397927450939,0.25792678827628823,0.3241250402096103,0.6360859888399507,0.3119609486303404,0.5126425838749852,0.3619449103079236,-0.1506976735670616
Liu2024,32,0,left_hand,late,7,0.08753419975071781,-0.034497170924934796,0.5333052283241496,0.30320999732539966,0.0005066244911534901,0.08364153404878462,0.08313490955763113,-0.08256775520407116,-0.025473916225278743,0.057093838978792416,0.5354829477740606,0.4666079160614208,-0.06887503171263976,0.46398258604314424,0.3574567696001624,-0.10652581644298181
Liu2024,32,0,right_hand,early,6,-0.07215893457876554,-0.037332342483093445,0.6078727864613305,0.4333678402318583,-0.48477263390888076,-0.013934598083519805,0.47083803582536093,0.12529137204585325,-0.06666673315177728,-0.1919581051976305,0.7999125970323155,0.46483990813396964,-0.3350726888983459,0.6065118302962182,0.5758968104717341,-0.030615019824484113
Liu2024,32,0,right_hand,mid,7,0.03287041691021794,0.006369608980210979,0.187277309539715,0.3250319339356039,0.11727651027887902,0.02907129042075028,-0.08820521985812874,0.01624208013039808,0.009664500280333038,-0.006577579850065043,0.31620883185086,0.165592618085374,-0.150616213765486,0.4601883732198455,0.2952413190734499,-0.1649470541463956
Liu2024,32,0,right_hand,late,7,-0.07133952763713278,-0.031300962519979686,0.38539127435005743,0.5760133890712621,-0.3670664774125576,-0.020520661616803118,0.3465458157957545,-0.0038828395109910797,-0.04501250296349643,-0.04112966345250535,0.7576671888279043,0.11995673625276645,-0.6377104525751378,0.5454139177321546,0.44468916021866206,-0.10072475751349258
Liu2024,33,0,left_hand,early,6,0.0612495087724559,-0.019954975580863933,0.4409224871366515,0.3255640917294314,0.12428121380846921,0.10048397071073752,-0.023797243097731693,-0.13741670002263476,-0.022020052555410216,0.11539664746722454,0.20627787756066954,0.5200850952548428,0.3138072176941733,0.4039897446677194,0.3312394027287671,-0.0727503419389523
Liu2024,33,0,left_hand,mid,7,-0.028332392084433982,0.004375964218316953,0.20999119776451974,0.3640403107655565,-0.3319211267634922,0.06673120271985808,0.3986523294833503,-0.07158687180983964,0.023654328192888013,0.09524120000272765,0.5468167350954636,0.48308867409054707,-0.06372806100491651,0.30013345840739425,0.37323113945427416,0.07309768104687991
Liu2024,33,0,left_hand,late,7,-0.1215756425156306,0.03995099735389188,0.7174150068476561,0.5526699007654104,-0.43147986299049496,-0.07306360762758822,0.3584162553629067,-0.23208400534452409,0.08321069331164725,0.3152946986561713,0.6023311904096476,0.5302299954140784,-0.0721011949955691,0.4721929348474909,0.6440443605327684,0.17185142568527745
Liu2024,33,0,right_hand,early,6,0.009321473557865289,0.007754390780236591,0.2226512395407726,0.36882560760681093,0.070188759062222,-0.007541546155492477,-0.07773030521771447,-0.1297089481342981,0.04276540852512163,0.17247435665941974,0.5910838831547149,0.17679950941382952,-0.41428437374088545,0.488855126502287,0.30993672959685226,-0.17891839690543476
Liu2024,33,0,right_hand,mid,7,0.005773868145064521,0.025029412501474477,0.4601853508669852,0.2506294935431686,0.01661030532179711,0.07548487569680021,0.0588745703750031,0.025639776252747257,0.03108981078386958,0.005450034531122323,0.8678201145232727,0.4339925428153555,-0.4338275717079172,0.5665026257317253,0.21571050313755627,-0.35079212259416903
Liu2024,33,0,right_hand,late,7,-0.09711263794230837,0.010258524902526784,0.49260925537790645,0.4464690716092766,-0.07031931983969841,-0.029971326400084455,0.040347993439613955,0.22992834908124957,0.003465344459431833,-0.22646300462181773,0.27542853576178555,0.4763530520652599,0.20092451630347435,0.5208507543494537,0.36483140557815064,-0.15601934877130308
Liu2024,34,0,left_hand,early,6,0.015853526720975612,0.05717865902342707,0.20600300936624297,0.5747268450114591,-0.05160874915742385,-0.004335096571700198,0.04727365258572365,0.07812880324084841,0.06374287489932316,-0.014385928341525245,0.5703792459354907,0.20794691808067509,-0.3624323278548156,0.4561804267761722,0.5636254524011953,0.10744502562502312
Liu2024,34,0,left_hand,mid,7,-0.20253820815671816,-0.07133771207934193,0.8416538871320962,0.4219205399680112,0.03704635815723928,-0.2400755197601825,-0.27712187791742177,0.09475310839033867,-0.0880011758767367,-0.18275428426707535,0.23557154230262575,0.8679722543569265,0.6324007120543007,0.4831175343519891,0.4818321007029712,-0.0012854336490178975
Liu2024,34,0,left_hand,late,7,-0.08721639960472358,-0.07266695766589468,0.40049387680790477,0.5153891552957572,-0.4817283241398672,-0.021394392409954756,0.46033393172991244,-0.034224313742137934,-0.08044510332556544,-0.046220789583427506,0.7430348854592831,0.12531459294410713,-0.6177202925151759,0.36362050153129916,0.4510800633603102,0.08745956182901105
Liu2024,34,0,right_hand,early,6,-0.21112948288317482,-0.08009356370556261,0.8655157814348133,0.5340265665259418,-0.38195631005419034,-0.10622337978781064,0.2757329302663797,-0.04923458365680819,-0.07030157737385914,-0.021066993717050952,0.5392644023756745,0.5850498731701199,0.04578547079444539,0.47929288844960194,0.5545633681934147,0.07527047974381273
Liu2024,34,0,right_hand,mid,7,-0.13659754660929094,-0.0796895031353157,0.706358562305999,0.5424067078461697,-0.3566538013523941,-0.08941624551027492,0.26723755584211917,0.09680610524590876,-0.10113400644793485,-0.19794011169384362,0.7358925592461818,0.597177680850164,-0.13871487839601782,0.46379668686480685,0.5197142847867253,0.05591759792191847
Liu2024,34,0,right_hand,late,7,-0.02079681930975247,-0.04143569590776638,0.2230491554044067,0.3861419353300898,-0.004272330197440626,-0.019751550050389255,-0.015479219852948629,0.01794691220359514,-0.054091709978967624,-0.07203862218256277,0.08550686309197313,0.2360117903361005,0.1505049272441274,0.5534874687638606,0.382676190712267,-0.17081127805159357
Liu2024,35,0,left_hand,early,6,-0.23750381884245023,-0.008250949307859903,0.9380007737405625,0.4174814393312755,-0.24557465036707932,-0.21489247755396673,0.030682172813112585,0.004939301736168837,-0.016680403198645704,-0.021619704934814542,0.6515358535665101,0.880243074150306,0.2287072205837959,0.5078543240930283,0.39244006600527,-0.11541425808775835
Liu2024,35,0,left_hand,mid,7,-0.04719626762759039,0.018647392226332903,0.29991547985374456,0.5167936787798729,-0.6144079226642298,-0.006036922493627041,0.6083710001706027,0.06232535830313021,0.01612046664159319,-0.04620489166153702,0.82545386157972,0.33704040627435394,-0.48841345530536606,0.3725418547756295,0.5771820486015224,0.20464019382589294
Liu2024,35,0,left_hand,late,7,0.07426700284800805,0.05354030787423166,0.5343154397783032,0.5415407768711847,0.370589404633827,0.026733468680379464,-0.34385593595344754,-0.05496814574988466,0.059304444595526036,0.1142725903454107,0.49353401464778063,0.3432398202340918,-0.15029419441368885,0.506145854062565,0.46385605280804526,-0.0422898012545197
Liu2024,35,0,right_hand,early,6,-0.0950057728451337,-0.06027335513718125,0.49392416681991896,0.45694699191692856,0.4715417383189226,-0.1547702333510143,-0.6263119716699369,0.027434734563525964,-0.06548014259110976,-0.09291487715463573,0.8838320893847433,0.5636281160259734,-0.32020397335876993,0.4356198739628971,0.3974879036890576,-0.038131970273839466
Liu2024,35,0,right_hand,mid,7,-0.02144962102947193,-0.004540243617709541,0.21708233326200424,0.506085705798461,0.10803887463158027,-0.051831459629034266,-0.15987033426061453,-0.01173998933876926,-0.0020718544446029696,0.009668134894166291,0.21295645578737388,0.2815659507888887,0.06860949500151481,0.3845343100403858,0.4820732318924216,0.09753892185203583
Liu2024,35,0,right_hand,late,7,0.03806629895451233,0.05650524001793545,0.6982697990845492,0.5854010308306736,-0.1934596151508071,0.06334246290445208,0.2568020780552592,-0.11857718363555786,0.10059146643502291,0.21916865007058078,0.34856801112570773,0.5655248464379705,0.21695683531226279,0.5591767417096043,0.6045022904152333,0.04532554870562899
Liu2024,36,0,left_hand,early,6,-0.01760287031982505,-0.03489812774792515,0.4410767071519317,0.5755639846882741,0.19697599405200056,0.003856084106809526,-0.19311990994519104,-0.16232446139105028,-0.010987432846491537,0.15133702854455874,0.5384355984816076,0.3196047518753752,-0.21883084660623242,0.5417169105988217,0.4125603629198475,-0.12915654767897417
Liu2024,36,0,left_hand,mid,7,-0.009282251407070554,-0.009484363545710596,0.3726067561329421,0.3096560564717604,-0.04189090438095899,-0.009330919570062934,0.03255998481089606,-0.06669368504927163,-0.004538689663476182,0.06215499538579545,0.060071950256247036,0.40554214606215516,0.3454701958059081,0.3303472288223322,0.2847479810472748,-0.04559924777505742
Liu2024,36,0,left_hand,late,7,-0.006203813241869254,-0.02551003122926341,0.41669385320178587,0.4564734906009255,0.25894758134048507,-0.027746795865611136,-0.2866943772060962,-0.15942646563713436,-0.01938141571336554,0.14004504992376882,0.6964353362955227,0.44057535952189336,-0.2558599767736293,0.7048439822292362,0.541303028390581,-0.1635409538386552
Liu2024,36,0,right_hand,early,6,0.07634835784468114,-0.0035572066986844808,0.6211319131947655,0.43681523906854874,-0.01797299341458508,0.09650947090693313,0.11448246432151821,0.04080749754562878,-0.008321061842615905,-0.04912855938824469,0.36467090116564377,0.5352254736517881,0.1705545724861443,0.368764981469673,0.36388460316698595,-0.004880378302687061
Liu2024,36,0,right_hand,mid,7,0.022596459739290593,-0.03161498621471241,0.43154350943815223,0.4798140205501819,-0.0507972579827626,0.05782205352541711,0.10861931150817972,-0.048156492155940964,-0.018685457992829287,0.029471034163111677,0.12130198490294818,0.49122316859861065,0.36992118369566246,0.4371680358454136,0.41470740667872485,-0.022460629166688728
Liu2024,36,0,right_hand,late,7,-0.04094283895259571,-0.0412306021470944,0.4175664600019272,0.5215008553777676,-0.03078635868974243,-0.029548549107569946,0.0012378095821724833,0.07779682411348353,-0.06577399860450417,-0.1435708227179877,0.3918850084049459,0.44806266488237156,0.056177656477425675,0.35036838538557313,0.5675704910040567,0.21720210561848352
Liu2024,37,0,left_hand,early,6,-0.015181241026855332,0.05139013910355937,0.7880229284679948,0.580861363934339,-0.1282153421390972,-0.016055261467664797,0.11216008067143239,-0.006133600286419886,0.05196646505299538,0.058100065339415266,0.34785840734365914,0.7419571218161104,0.39409871447245126,0.5452334428439467,0.546937705921493,0.0017042630775463419
Liu2024,37,0,left_hand,mid,7,0.055882688052298825,-0.024377137511757574,0.4633781773463871,0.26341897196569675,-0.018182730209465398,0.08644881124320197,0.10463154145266737,-0.003511933507635259,-0.009025482968068441,-0.005513549460433182,0.5463424742683622,0.516763962650943,-0.0295785116174192,0.46391136867118615,0.28352988853704836,-0.1803814801341378
Liu2024,37,0,left_hand,late,7,0.061344654316959346,0.027358224458872697,0.3548182358078332,0.4633141638342971,0.40809529972161107,0.0015458310885391063,-0.40654946863307195,-0.055508693802670636,0.0417279906298613,0.09723668443253194,0.5621459865317256,0.43941318954882536,-0.1227327969829003,0.4284979848363104,0.41594187656819853,-0.012556108268111876
Liu2024,37,0,right_hand,early,6,-0.047286441315958,-0.004024189489334194,0.44935433587989726,0.3019315587475186,-0.1421338791788039,-0.05253985416660599,0.08959402501219792,0.017017676905643375,-0.009484102327487946,-0.026501779233131323,0.2314544768099229,0.5644851335270066,0.33303065671708365,0.43587608344196244,0.47128915191082943,0.03541306846886699
Liu2024,37,0,right_hand,mid,7,-0.030504993687270006,0.01000939333292478,0.6173744114129844,0.4607247864628811,0.00972469584234583,-0.054821707533834856,-0.06454640337618069,-0.011972689778869613,0.011431984718026682,0.023404674496896295,0.6985528391769498,0.6685295890516157,-0.030023250125334022,0.541441173866394,0.48047582280789636,-0.06096535105849765
Liu2024,37,0,right_hand,late,7,-0.05128345526661822,0.0022997414519858542,0.6533164212162592,0.36689782164442303,0.1179167814588053,-0.05878349026092016,-0.17670027171972547,0.06352261104200466,0.007024804860771139,-0.05649780618123352,0.5604618678485563,0.5678818465500047,0.007419978701448393,0.5448938057574175,0.36116296614474325,-0.18373083961267428
Liu2024,38,0,left_hand,early,6,0.027619034118251853,0.0039134046067746415,0.3460764189827986,0.5225093776510314,-0.2016027260348583,0.03392189280102616,0.23552461883588444,-0.06602375919387808,0.016763714603738995,0.08278747379761708,0.4671123721967725,0.1985494726968892,-0.2685628994998833,0.46443527206859603,0.42173089964748584,-0.04270437242111019
Liu2024,38,0,left_hand,mid,7,-0.0780504681234713,-0.03519209078439131,0.5517042452080616,0.44130655133815133,-0.03829779805491429,-0.09989072478424983,-0.06159292672933554,0.03761722622662109,-0.06500588226266724,-0.10262310848928832,0.0776311612204378,0.5635929168786243,0.48596175565818656,0.4476999231052854,0.48833303215208335,0.040633109046797955
Liu2024,38,0,left_hand,late,7,-0.027778057979028582,-0.016950144742793327,0.3354175988504422,0.2688400178880391,0.30978816801085035,-0.10975989488517515,-0.41954806289602553,-0.05940484494834586,-0.0034540432974217525,0.05595080165092411,0.5296417843148972,0.5995134985647748,0.06987171424987759,0.41951031722934157,0.22114257307481716,-0.1983677441545244
Liu2024,38,0,right_hand,early,6,-0.166924455906665,-0.0015662946240389425,0.6796836383289158,0.4873565981115091,0.19950416340287858,-0.24889158124780436,-0.44839574465068294,-0.05644770600897645,0.010727081660957248,0.0671747876699337,0.37192726706928353,0.8557919232728401,0.4838646562035566,0.3944124789287294,0.577009895173044,0.18259741624431464
Liu2024,38,0,right_hand,mid,7,-0.05447179476049092,0.031137355317949107,0.3968132344866658,0.3598007158012092,-0.026512414027481543,0.002061492016871097,0.02857390604435264,0.025113777045842556,0.021741160670640063,-0.0033726163752024925,0.5080447990208353,0.41966092680110295,-0.08838387221973237,0.21135046681057185,0.3876347265882864,0.17628425977771456
Liu2024,38,0,right_hand,late,7,-0.10105632573815904,-0.03467561645027809,0.7012772801582103,0.3985676799370771,-0.06953480727116673,-0.10983715688408677,-0.040302349612920035,-0.021523057715194686,-0.020678682780965716,0.0008443749342289704,0.16648971733351625,0.7146536246167461,0.5481639072832298,0.48253318084059504,0.32735564395504013,-0.1551775368855549
Liu2024,39,0,left_hand,early,6,0.11122442505410252,-0.02838302760092061,0.696051558345173,0.49042741084514574,0.15572190000644393,0.16353901271319898,0.007817112706755058,-0.017582097887736996,-0.02849216312865849,-0.010910065240921495,0.23016001584747153,0.7164784240383201,0.48631840819084854,0.4540620399132585,0.45722370815450164,0.003161668241243143
Liu2024,39,0,left_hand,mid,7,0.05672309469734091,-0.01315723086608046,0.32556751340627876,0.339849609607158,-0.07407975322631286,0.07040391601679731,0.14448366924311018,0.22845958413720535,-0.040354965490697975,-0.2688145496279033,0.12790439537353393,0.3378579084611265,0.20995351308759258,0.5438987357061504,0.36920993198545443,-0.174688803720696
Liu2024,39,0,left_hand,late,7,0.205286251649187,-0.024054282774456655,0.5282591859977754,0.3421605723349041,0.49519194007735834,0.20291731538841712,-0.2922746246889412,0.11576624649544869,-0.048958313457917416,-0.1647245599533661,0.7925026229054417,0.5169943059728174,-0.27550831693262434,0.533354067909426,0.37393235166606087,-0.1594217162433651
Liu2024,39,0,right_hand,early,6,-0.006332351102032082,-0.027215444072368374,0.21362176282314843,0.33822075701034726,-0.354705390474266,0.06181592574409918,0.4165213162183652,0.0920923454540571,-0.04965267269137954,-0.14174501814543664,0.554355558809843,0.5014793856982602,-0.05287617311158277,0.44666586349574167,0.3634224283536103,-0.08324343514213134
Liu2024,39,0,right_hand,mid,7,0.06920913593408706,0.05537323509835889,0.6190583191142249,0.5654477823010626,0.06492307221389308,0.07700428388454464,0.012081211670651557,0.20272319574978237,-0.0370035373081298,-0.23972673305791217,0.6500339472200778,0.3832222071407912,-0.2668117400792866,0.8357884533866817,0.4209405908132563,-0.41484786257342543
Liu2024,39,0,right_hand,late,7,0.13421829241661198,0.059890614674542555,0.7024113869565649,0.5613181115007717,-0.07462193455361532,0.1603405280922961,0.23496246264591142,-0.03923667750599004,0.07055215384315978,0.10978883134914982,0.16091605352138372,0.7494083897195302,0.5884923361981464,0.48351133751535413,0.561731634053612,0.0782202965382579
Liu2024,40,0,left_hand,early,6,-0.013022700838480214,0.029603499122124028,0.2167132729987969,0.33362314134531446,0.062322404275433126,-0.01814835171474862,-0.08047075599018175,0.05335823267744846,0.04489750300425442,-0.008460729673194035,0.2865834610612143,0.1871606336127664,-0.09942282744844788,0.5175102735636314,0.3305693157848548,-0.18694095777877662
Liu2024,40,0,left_hand,mid,7,0.01731402169178256,-0.10299197975521196,0.3435087022554424,0.6481600791284342,-0.30021522323908884,0.04973806014355208,0.3499532833826409,-0.152100981841918,-0.06462457435375403,0.08747640748816397,0.4792744237596437,0.4830263569424486,0.003751933182804923,0.5173676488399749,0.4988406818804324,-0.01852696695954248
Liu2024,40,0,left_hand,late,7,0.002018206434856702,0.03901910500850186,0.23524357142029223,0.3809564668377833,-0.113937880169341,0.02718132884767956,0.14111920901702057,0.1743427449645002,0.03009418806474746,-0.14424855689975274,0.6246366022031787,0.2411056522540983,-0.38353094994908044,0.5039851973716756,0.3917088030732911,-0.11227639429838449
Liu2024,40,0,right_hand,early,6,0.0009649353919299643,-0.029147253515175102,0.6250350210058098,0.46665801508899823,0.15245289220487632,0.014276122549838463,-0.13817676965503786,-0.06962861895043222,-0.026892764625160295,0.042735854325271924,0.7173978113816888,0.5298692462616691,-0.1875285651200197,0.4294357388762533,0.37498119296243565,-0.054454545913817654
Liu2024,40,0,right_hand,mid,7,0.09800339863366297,-0.1002982114357046,0.5915140462923864,0.5423090239709196,-0.04412445158200613,0.11373915741375258,0.15786360899575871,-0.07844939921054217,-0.11551743991932406,-0.03706804070878189,0.27114962973833245,0.681424953155485,0.41027532341715256,0.45621424113996617,0.551444628941033,0.0952303878010668
Liu2024,40,0,right_hand,late,7,0.022078735310382815,-0.02530865002690042,0.2043349804316602,0.4860430790565517,-0.03408532736810066,0.04107148516059897,0.07515681252869963,0.07477428877212411,-0.04560054363544595,-0.12037483240757006,0.09710908140606171,0.20668846690636847,0.10957938550030676,0.41789526716072684,0.5494344956757091,0.1315392285149823
Liu2024,41,0,left_hand,early,6,0.12579876323242536,0.09937406675554282,0.8009877690996823,0.5827371660345938,0.6275486100860977,0.03683230799203128,-0.5907163020940664,0.09090734212186607,0.08239531252234711,-0.008512029599518967,0.8780828811212903,0.7704435741826962,-0.10763930693859414,0.692839749978948,0.4755868349098153,-0.21725291506913275
Liu2024,41,0,left_hand,mid,7,0.0008580557286862311,0.07470539488728128,0.3751628330635859,0.519446469530976,0.043197549970653365,-0.04099266256099932,-0.08419021253165268,0.23213070892968213,0.048194474122539924,-0.18393623480714222,0.7603312363406406,0.34439248156938207,-0.4159387547712585,0.5853232639378256,0.4611954323061117,-0.12412783163171393
Liu2024,41,0,left_hand,late,7,0.035026731043415034,-0.03795341040654215,0.26708319399354463,0.32099997774947175,0.006057005516872792,0.03512086776695051,0.02906386225007772,-0.3419652302297821,-0.009531721401546508,0.3324335088282356,0.11908127159138568,0.22016700585335236,0.10108573426196668,0.6285650764997738,0.33900600995075825,-0.28955906654901553
Liu2024,41,0,right_hand,early,6,0.15690771438267398,0.07103589153402376,0.6973069627274624,0.3885343231069745,0.1710551599357758,0.15563180086321982,-0.015423359072555987,0.18039736193852418,0.052162237319157,-0.12823512461936717,0.4287682622086234,0.5954639084897351,0.16669564628111166,0.3943997571489869,0.337205530949943,-0.05719422619904391
Liu2024,41,0,right_hand,mid,7,0.013922386780965877,0.09200929377152979,0.5443961805254229,0.5179616756701885,0.272769809376019,-0.024525600792678178,-0.2972954101686972,-0.050671689521943904,0.10611583780831092,0.15678752733025483,0.4985224644069283,0.6250815510188195,0.12655908661189114,0.31210779545466455,0.5195851921048467,0.2074773966501821
Liu2024,41,0,right_hand,late,7,0.0794553548420667,0.02013793790566746,0.3185096786773287,0.48813866458068567,0.4056572485960621,0.06131937075770888,-0.34433787783835323,0.1843489306995417,-0.003485258010617571,-0.18783418871015928,0.6068518661204931,0.27365824824451446,-0.3331936178759787,0.4493475806934695,0.4046075608757551,-0.04474001981771436
Liu2024,42,0,left_hand,early,6,0.030587925552727855,-0.04047782485325968,0.2168544095210576,0.3320504762774848,0.22146302099584403,0.01928505836607736,-0.20217796262976667,-0.15588588938730774,-0.01837904915953194,0.1375068402277758,0.5790883909226928,0.2667528841877764,-0.31233550673491645,0.4689314193704386,0.46268130240205496,-0.006250116968383623
Liu2024,42,0,left_hand,mid,7,-0.04732901663796056,0.003464682487201761,0.20489012963099545,0.3171979162404297,0.33897359373317715,-0.14207647213551494,-0.4810500658686921,-0.05951919044152868,0.012591938018249585,0.07211112845977827,0.6421941596710932,0.5278184754319721,-0.11437568423912103,0.2541335401871115,0.3226518056032789,0.0685182654161674
Liu2024,42,0,left_hand,late,7,0.009952693865171953,-0.032916809025504055,0.38268566791763065,0.48309123992526853,-0.27774056976733813,0.05302876489982253,0.33076933466716063,-0.181908220521433,0.020017283858402846,0.20192550437983584,0.4667675885303231,0.423890847779252,-0.04287674075107106,0.6166826924075874,0.27548398491719855,-0.3411987074903889
Liu2024,42,0,right_hand,early,6,-0.01373379927180549,0.06776359759715932,0.29441907242795107,0.45948604684338584,0.2828723361330554,-0.07138021839721627,-0.35425255453027166,0.2195040483690668,0.029429704381234743,-0.19007434398783207,0.469427957649756,0.3415918140919821,-0.1278361435577739,0.5270814169310253,0.5351590389976378,0.008077622066612555
Liu2024,42,0,right_hand,mid,7,-0.1276369058217438,0.02338413512416003,0.8436457126716104,0.40003915771547527,-0.24407288686711018,-0.11351108929130195,0.13056179757580821,0.15868651385103247,-0.009141178752670294,-0.16782769260370275,0.42286633596957446,0.8086028881690003,0.3857365521994258,0.3763496174336294,0.3620982533802528,-0.01425136405337657
Liu2024,42,0,right_hand,late,7,0.038646267679131166,0.01061476054487067,0.26374641303409013,0.3240361548832062,-0.07075603980879244,0.044652625931284926,0.11540866574007737,-0.014879673891434998,0.006625792092045297,0.021505465983480295,0.17198322683778847,0.22978198023568816,0.057798753397899694,0.4206299609220998,0.28586662472992674,-0.13476333619217307
Liu2024,43,0,left_hand,early,6,-0.019711983675799214,-0.045557240289982384,0.19420917854420872,0.40339684163201955,-0.32920341202158404,0.02257729116669701,0.35178070318828103,0.0291833283241358,-0.032926580214181246,-0.06210990853831705,0.5651508648809982,0.17043664149564858,-0.3947142233853496,0.27653570532658067,0.3762960727643394,0.09976036743775873
Liu2024,43,0,left_hand,mid,7,0.05019749911151479,-0.032244898149169615,0.4762728577802693,0.3912289174227656,0.052200537739941905,0.035652403266737964,-0.01654813447320394,-0.008655686204513537,-0.037483522168021734,-0.028827835963508196,0.12286406231905819,0.4893337887779673,0.3664697264589091,0.5106470509064476,0.3523274677833553,-0.1583195831230923
Liu2024,43,0,left_hand,late,7,-0.08228906647018558,-0.059453547180929184,0.4524736383063973,0.45510470558232047,-0.2802579682007212,-0.05241404260214206,0.22784392559857913,-0.03533750512895498,-0.055188178327329265,-0.01985067319837429,0.5732243752771331,0.3947553482343339,-0.1784690270427992,0.3336620611161512,0.398355120358647,0.0646930592424958
Liu2024,43,0,right_hand,early,6,-0.129662997485473,-0.08405489199597374,0.7318890281719093,0.5954858202852047,-0.2784691119445814,-0.0995088602053623,0.1789602517392191,-0.0547699602058378,-0.07863031390864303,-0.02386035370280523,0.8133015505557344,0.6075891540223703,-0.20571239653336404,0.38644911690411243,0.5452026914112693,0.15875357450715688
Liu2024,43,0,right_hand,mid,7,0.038184086169376553,-0.060066462770094496,0.3733946242724764,0.47481127137549184,-0.04565126664037232,0.043545265484395156,0.08919653212476747,-0.018257040681421272,-0.057900297766444064,-0.039643257085022796,0.38257768637677225,0.3598581712315913,-0.022719515145180946,0.5630838056319039,0.4983827750510884,-0.06470103058081544
Liu2024,43,0,right_hand,late,7,0.06488985262915253,-0.09794267609205545,0.31503185851900295,0.5954923489917806,0.04627576256640173,0.06679220744770858,0.020516444881306856,-0.157991867701718,-0.08772789790168392,0.07026396980003408,0.1529140651308862,0.31242896609830584,0.15951490096741963,0.44045950100516784,0.5150336756492062,0.07457417464403837
Liu2024,44,0,left_hand,early,6,-0.04850129102696778,-0.07511898071666888,0.31430199925500013,0.5096233730716931,-0.3034749017846433,-0.06427913447047583,0.23919576731416747,-0.060336793185804476,-0.08963899897009092,-0.029302205784286446,0.5551866184121896,0.33113295268647264,-0.224053665725717,0.4207251632586666,0.47552938550981544,0.05480422225114884
Liu2024,44,0,left_hand,mid,7,-0.03313334033683987,-0.09225441650399892,0.5429668627243706,0.522653626456006,0.13873957337278975,-0.04413143949333628,-0.18287101286612603,-0.10615687897649731,-0.09150742849645573,0.014649450480041584,0.475992987980721,0.5846492344601276,0.10865624647940664,0.548208366121242,0.5101614278112174,-0.03804693831002459
Liu2024,44,0,left_hand,late,7,0.027504474395572524,-0.07863926377693685,0.3423477426684078,0.42003600125145535,-0.09075190123123514,0.05219374154639441,0.14294564277762956,-0.09157875932262192,-0.08609419457634931,0.0054845647462726105,0.2543757654309633,0.44712029793226166,0.19274453250129836,0.5916145120812248,0.41908980894981274,-0.1725247031314121
Liu2024,44,0,right_hand,early,6,-0.045412049830864665,0.009411591019230146,0.5310245165589345,0.4373138892615922,-0.13168047192092366,-0.043972757297737426,0.08770771462318624,-0.04107905737858589,0.008446859948807138,0.049525917327393025,0.26393136556003705,0.6120201662376619,0.3480888006776248,0.46065608070185987,0.4889477685031383,0.028291687801278442
Liu2024,44,0,right_hand,mid,7,0.0654991454804427,0.0068803841955912305,0.370134358709161,0.4597506996303454,-0.18188625971134648,0.12528843589540556,0.30717469560675204,-0.19615829450753297,0.03289521997891423,0.2290535144864472,0.6275105787627498,0.6469053080797947,0.01939472931704489,0.5638388076887785,0.46544201966074555,-0.09839678802803292
Liu2024,44,0,right_hand,late,7,-0.015951117207691573,0.012259566429140892,0.3355770281211131,0.4121439767813381,-0.20230746068042307,0.02619877475449539,0.22850623543491846,-0.09533210979861752,0.03309918295789081,0.12843129275650833,0.4124858294845265,0.36319085203290136,-0.049294977451625144,0.3914250484605659,0.40433723559121254,0.012912187130646624
Liu2024,45,0,left_hand,early,6,-0.0008046147258932148,0.04614072237177068,0.1667973926860266,0.3806316238885825,0.3626418214627074,-0.02605537405996196,-0.38869719552266935,0.17412241600106493,0.020864822025736078,-0.15325759397532884,0.6222521128000426,0.26495429441148877,-0.3572978183885538,0.547409067212118,0.27471571052770766,-0.27269335668441036
Liu2024,45,0,left_hand,mid,7,-0.05421916481793283,0.030671529652364558,0.5306444770521523,0.5681965257805587,0.07699950052120838,-0.1045175815642556,-0.18151708208546397,0.11989735837612793,0.009073386140391113,-0.11082397223573681,0.6323160505175706,0.5044134165192584,-0.12790263399831214,0.5467990607863529,0.4420086385166562,-0.10479042226969665
Liu2024,45,0,left_hand,late,7,-0.04272903634098092,0.03577036068751387,0.573004499612148,0.43761118513803515,-0.04435247134039552,-0.01397245406261053,0.03038001727778499,0.06979207436294395,0.028217060947816335,-0.041575013415127614,0.8362181869703624,0.25780515661725056,-0.5784130303531119,0.33809624638133706,0.37141789338499187,0.03332164700365481
Liu2024,45,0,right_hand,early,6,0.05201182999753205,0.05106851097285671,0.38075738989717806,0.5436531505703204,0.4329264928499535,0.003163329820297438,-0.42976316302965606,0.1238094937426561,0.06293305676293738,-0.060876436979718715,0.8960984879514353,0.21201215440629267,-0.6840863335451426,0.4554793092832356,0.5723926962557291,0.11691338697249348
Liu2024,45,0,right_hand,mid,7,0.02528254930259297,0.003764152857749319,0.14470560842689312,0.26460230054611855,0.11935904353837676,0.01393592729133685,-0.10542311624703991,-0.020005774723529893,0.0020098685097561264,0.02201564323328602,0.18424132103299085,0.18303002443323899,-0.0012112965997518599,0.32798384648485274,0.3031474551818799,-0.024836391302972827
Liu2024,45,0,right_hand,late,7,-0.04240385714851714,-0.014026184747174772,0.35522526175284713,0.28806012067009024,0.017559031971632957,-0.06863368064697034,-0.0861927126186033,-0.2274345619536416,0.01107912614043132,0.23851368809407292,0.2303155226530051,0.5076604049005601,0.277344882247555,0.5605995580301087,0.4645228400396586,-0.09607671799045014
Liu2024,46,0,left_hand,early,6,-0.10981503514712618,-0.1112203546631074,0.6055085762751151,0.5625828262224666,0.14217763325824895,-0.1354842033493129,-0.27766183660756183,-0.21198265155797094,-0.10787259316766849,0.10411005839030245,0.19203885989726072,0.6923928567962256,0.500353996898965,0.4623088347387715,0.5389868592030761,0.0766780244643046
Liu2024,46,0,left_hand,mid,7,-0.03293596913212762,0.025698185468148036,0.5998187862358128,0.39613620189754345,0.09889108133687807,-0.04529164101512205,-0.14418272235200014,0.038172911305641544,0.03967832324277814,0.0015054119371365957,0.2737880110731743,0.5699185253212199,0.2961305142480456,0.3069321870285581,0.3250739440493655,0.018141757020807392
Liu2024,46,0,left_hand,late,7,0.013752976417636637,-0.053110708762736054,0.19580237814593698,0.5257091992676723,0.18506658516208618,-0.014043781322810495,-0.1991103664848967,-0.06244580195247651,-0.0512346367386817,0.01121116521379481,0.4177099719679285,0.213625493142771,-0.20408447882515748,0.421757288613478,0.43234845514065806,0.010591166527180063
Liu2024,46,0,right_hand,early,6,-0.006089529925788397,-0.05307903161691937,0.7097805006977305,0.5444965238881957,-0.16099920402765464,-0.02020328328821382,0.1407959207394408,-0.18220686279212878,-0.030956175962873256,0.15125068682925552,0.3137974256981667,0.37059808466273014,0.05680065896456343,0.47443127455517264,0.5229111052682932,0.048479830713120564
Liu2024,46,0,right_hand,mid,7,0.0770364491869153,-0.03135656443032132,0.5754329648516795,0.2863821821450875,0.01532805034560077,0.09907917849204158,0.08375112814644081,0.08650661624314235,-0.05298514502678569,-0.13949176126992804,0.04890526989935408,0.6502782084361692,0.6013729385368152,0.40108821855291205,0.3250818682590178,-0.07600635029389424
Liu2024,46,0,right_hand,late,7,0.0143338591013858,-0.012904466001799344,0.2563001391848075,0.35855561451969425,-0.34698165762362065,0.05525176473192312,0.40223342235554377,0.0016294400367443057,0.004734549513575204,0.0031051094768308985,0.5115517584382124,0.33408997100463733,-0.1774617874335751,0.28561524548714123,0.2683795414575357,-0.01723570402960556
Liu2024,47,0,left_hand,early,6,-0.04265129428858151,-0.048602540969743986,0.405911695933304,0.42792960096331534,0.22012068229913057,-0.12096334855225946,-0.34108403085139005,0.04677283449482368,-0.07240824300107106,-0.11918107749589474,0.6317522052725204,0.6326386076150269,0.000886402342506476,0.4092267229387999,0.4599497040040705,0.05072298106527057
Liu2024,47,0,left_hand,mid,7,-0.08948856186264154,-0.005811665830157051,0.30415516322278113,0.5187374476635569,-0.022691544096531208,-0.09158714130318854,-0.06889559720665733,0.12193481875840367,-0.009869416861808502,-0.13180423562021218,0.6118854605624916,0.2908876575922951,-0.3209978029701965,0.5194422400709282,0.5663995717566501,0.046957331685721915
Liu2024,47,0,left_hand,late,7,-0.03384798611247015,-0.08194381892988843,0.21750167381422555,0.6189687282121412,0.3234153665457973,-0.07869556150073773,-0.40211092804653503,-0.1403771714540572,-0.07186375469392736,0.06851341676012984,0.5906659064767747,0.40662703527120914,-0.1840388712055656,0.6961813025014838,0.5541007466535712,-0.14208055584791257
Liu2024,47,0,right_hand,early,6,0.09422976767337149,-0.007775428984146119,0.5163436886077177,0.28915639905347523,0.04569586799806627,0.08456620071537599,0.03887033271730972,-0.054921350675836714,-0.01067324322343093,0.04424810745240578,0.5190160479602288,0.39253090151825665,-0.12648514644197217,0.4249931546874298,0.2946620091577846,-0.1303311455296452
Liu2024,47,0,right_hand,mid,7,0.05768630389401508,0.00027195207049132643,0.5368689361465795,0.3335515373627565,0.16923957542579035,0.03290167916991464,-0.13633789625587572,0.2880874077756935,-0.04913234362689182,-0.33721975140258537,0.3815335796206257,0.5542807279514057,0.17274714833078003,0.5480810513549011,0.2830226690909601,-0.2650583822639411
Liu2024,47,0,right_hand,late,7,-0.07205275516019499,-0.04350516082876172,0.45859570957896034,0.5879784248482912,0.036157622020905944,-0.07991819939359307,-0.11607582141449901,-0.1429174919354253,-0.03373145742206439,0.10918603451336091,0.08944475763402103,0.42249182234050975,0.3330470647064887,0.3925018518479695,0.5347261765663931,0.1422243247184236
Liu2024,48,0,left_hand,early,6,0.07868715918220096,-0.025511785179974957,0.5415718537569483,0.39759846533066856,0.09689333855314793,0.07571770638219974,-0.021175632170948186,-0.006665680491107575,-0.016992880998310485,-0.01032720050720291,0.13476160165525364,0.5438663691706727,0.409104767515419,0.38808220112091757,0.4396911089293896,0.05160890780847205
Liu2024,48,0,left_hand,mid,7,0.040336952124937965,-0.04558104329346656,0.2833362032595063,0.33133240621870347,0.30491865375380134,0.01796310618592093,-0.2869555475678804,0.024286573780566315,-0.06467379704610743,-0.08896037082667374,0.6898626059131032,0.13623222658043224,-0.553630379332671,0.29405972583143924,0.36063227337375486,0.06657254754231562
Liu2024,48,0,left_hand,late,7,0.06182019861508045,0.027620304217032113,0.36646251746513825,0.3004137767766285,0.10282017002916269,0.08173377261165268,-0.021086397417510006,0.08418656307696225,0.04016066933134365,-0.0440258937456186,0.6001289639719438,0.420707460158261,-0.17942150381368283,0.37150412170443714,0.29307118540297306,-0.07843293630146408
Liu2024,48,0,right_hand,early,6,-0.034532128890886866,0.05191420803608538,0.41495683917603604,0.5385428035294246,0.15890119120008472,-0.057104051401483,-0.21600524260156773,-0.08970032145066417,0.05070021451387265,0.14040053596453683,0.4039497814108653,0.46010025404405,0.056150472633184734,0.4195657514998327,0.5714240709278223,0.1518583194279896
Liu2024,48,0,right_hand,mid,7,0.03602619293256321,-0.0492478950796157,0.51354858255031,0.3066564434635681,0.22187204829181867,-0.033397165420425035,-0.2552692137122437,0.03842136715172694,-0.04801462677866049,-0.08643599393038742,0.636432052112686,0.24480894647162738,-0.3916231056410587,0.38917698061759287,0.32591703206733086,-0.06325994855026201
Liu2024,48,0,right_hand,late,7,0.037671826874576625,0.02129191952972922,0.6505583186300732,0.3997383411964504,0.1542769646316819,0.03535884264661955,-0.11891812198506234,0.00037600948012305596,0.019729323808284006,0.01935331432816095,0.4291588892772598,0.5867232760762751,0.15756438679901524,0.42514421440617517,0.37937621067500843,-0.04576800373116674
Liu2024,49,0,left_hand,early,6,-0.04265422482985673,-0.04859244148085144,0.40592033165217234,0.4279104004336949,0.22012525025249324,-0.12096636798113013,-0.3410916182336234,0.046773294849943636,-0.07239592130013858,-0.11916921615008222,0.6317701924646446,0.6326857366037703,0.0009155441391256458,0.409227581486588,0.4599436929810795,0.05071611149449151
Liu2024,49,0,left_hand,mid,7,-0.08948774040698443,-0.005809659040250036,0.3041562667921251,0.5187357176780163,-0.022688106104779726,-0.0915865033106639,-0.06889839720588417,0.12193511857710185,-0.009867206557294683,-0.13180232513439652,0.6118827043115349,0.2908890896634402,-0.3209936146480947,0.5194464672348148,0.5664143247500446,0.046967857515229805
Liu2024,49,0,left_hand,late,7,-0.0338499253518718,-0.08194372843861797,0.21750798985770747,0.6189709030847202,0.3234153643346669,-0.07869792611055591,-0.4021132904452228,-0.14037717125308502,-0.0718634488377025,0.06851372241538252,0.5906659029709751,0.40663384489525395,-0.18403205807572115,0.6961813023147004,0.5541008644446554,-0.14208043787004498
Liu2024,49,0,right_hand,early,6,0.0942295468628796,-0.00776967399257671,0.516335270059628,0.28916607088151575,0.04569038051290737,0.08456694202899354,0.038876561516086164,-0.05492256770838068,-0.010665359555061414,0.044257208153319266,0.5190209605831009,0.3925278368629574,-0.12649312372014349,0.4249956472376502,0.294676183144067,-0.1303194640935832
Liu2024,49,0,right_hand,mid,7,0.05768540263301418,0.0002718264302317505,0.5368682915939418,0.3335521459257158,0.16923828874984687,0.03290061951209228,-0.1363376692377546,0.28808751980539166,-0.04913254431522255,-0.3372200641206142,0.3815311944978058,0.5542766358706775,0.17274544137287173,0.5480818398836289,0.2830177999378809,-0.265064039945748
Liu2024,49,0,right_hand,late,7,-0.07205281398526872,-0.0435051933862783,0.45859586441274913,0.5879784968425844,0.03615673750392898,-0.0799181859313657,-0.11607492343529469,-0.14291770786553631,-0.0337314630806738,0.10918624478486252,0.08944306995270349,0.4224918141529082,0.3330487442002047,0.39250073066955404,0.5347261769152999,0.14222544624574585
Liu2024,50,0,left_hand,early,6,0.0006939018250185971,0.011922690554461502,0.2352872012301995,0.4539153248922172,0.429768225422983,-0.07484871732711239,-0.5046169427500954,0.08353450951314464,0.0151442342457059,-0.06839027526743874,0.7797529185759176,0.466474161302977,-0.3132787572729406,0.3143012892110625,0.43492725035334834,0.12062596114228585
Liu2024,50,0,left_hand,mid,7,-0.15913631331569345,-0.06171136703918883,0.6984912747194925,0.5936742230093502,0.20255422452677613,-0.23067307860074446,-0.43322730312752056,-0.043653204951265207,-0.06512454709617112,-0.02147134214490591,0.3418003675329731,0.7849970429619785,0.44319667542900537,0.35262750952371213,0.5144692585691674,0.16184174904545523
Liu2024,50,0,left_hand,late,7,-0.11289881114586293,0.014371916301172226,0.6763634618266796,0.2661102612685891,-0.14261797328767697,-0.12593749401319443,0.016680479274482546,0.12153898099888925,0.000593165550986356,-0.1209458154479029,0.5120259694603864,0.6230403444748751,0.11101437501448874,0.5208412344622855,0.281408606689093,-0.23943262777319246
Liu2024,50,0,right_hand,early,6,0.13082884912811896,0.02622975767922526,0.5482652147137193,0.44985795853691624,0.01922354659516288,0.17204739041625347,0.1528238438210906,-0.062297451721428324,0.025491370909999162,0.08778882263142748,0.0369761950698297,0.5429722822017069,0.5059960871318772,0.5705804706946619,0.39478031506677536,-0.17580015562788653
Liu2024,50,0,right_hand,mid,7,0.132312691120331,0.08016571987757766,0.7304502742664425,0.41526441337619296,0.25990425919100785,0.12570698863901408,-0.13419727055199376,0.10795693247285221,0.0863929786615379,-0.021563953811314304,0.39089635775136633,0.6115302358293958,0.22063387807802948,0.42545383333066894,0.4551193944282286,0.029665561097559634
Liu2024,50,0,right_hand,late,7,0.022747577097833135,-0.003252302771509959,0.44348472224957136,0.377099212107331,0.03378275240528612,-0.03171736030469913,-0.06550011270998525,0.0004830661581479496,0.00637356084201949,0.005890494683871541,0.634264271031181,0.27299704590248886,-0.36126722512869214,0.5028007695406411,0.3490947044397255,-0.1537060651009156
