dataset,subject,session,task,stage,n_trials,mu_ERD_C3,mu_ERD_Cz,mu_ERD_C4,beta_ERD_C3,beta_ERD_Cz,beta_ERD_C4,LI_mu,LI_beta
PhysionetMI,1,0,left_hand,early,7,-4.416572645605852,-4.871087622594271,-5.355825142922122,1.0214402303544972,1.0795353136902894,0.7417427701655014,0.09611279827545283,-0.15863212162691412
PhysionetMI,1,0,left_hand,mid,8,-2.439413155715369,-3.262270049676424,-4.124855633884711,-0.7685174080448076,0.0757510453452438,-1.4903653231066563,0.25676012549023386,0.3195597120236017
PhysionetMI,1,0,left_hand,late,8,0.7558554021595696,1.8900071404488303,1.940821528593389,0.938077135312388,1.0728083158568615,1.1498533904579156,0.43941716299807426,0.10142878440239125
PhysionetMI,1,0,right_hand,early,7,-2.5640380130357627,-1.791264922489194,-0.6681113193006116,-2.937218567854573,-1.8566245169075626,-1.1990524361627186,0.5865838792679395,0.4202253986752044
PhysionetMI,1,0,right_hand,mid,7,-3.859020487784685,-3.646561968367088,-1.9513400770418134,-0.4717019474544704,-0.12722801044770973,0.12764373791029246,0.3283239292052156,0.5740563717160716
PhysionetMI,1,0,right_hand,late,8,0.1745957175757309,0.7161828409387943,0.8629100819383457,-0.41602350712623226,-0.40461360430266197,0.4029430615769881,-0.6634318234028107,0.01597189195397337
PhysionetMI,2,0,left_hand,early,7,-2.533973843874515,1.0315297386630442,-2.539338020900187,-1.510881178561379,0.7008608493423927,-0.9245109456403711,0.0010573324031026854,-0.24077035771527053
PhysionetMI,2,0,left_hand,mid,8,-3.5188555392309717,-1.5206352173848472,-0.7073767191430614,-1.1921520683233728,-1.5440123733081745,-1.9819834050288714,-0.6652447495087684,0.24883353068460803
PhysionetMI,2,0,left_hand,late,8,-1.3535487373276998,-1.0079649647622795,0.29498524713594443,-0.7668572571239834,1.7675344485056035,1.2939277140504362,-0.6421241540471866,0.2557619859902612
PhysionetMI,2,0,right_hand,early,7,1.6459752195933197,0.8756366573866623,0.6751310515497292,-0.37226502436024905,-0.9304820559605101,-0.4372396197130177,0.41826786653998826,-0.08026463569848025
PhysionetMI,2,0,right_hand,mid,7,1.0690433161270898,2.179871245563082,0.5845336562041638,-0.0426216584284964,0.9084855642177311,2.4632336187690327,0.29300701934658197,-0.9659823463738393
PhysionetMI,2,0,right_hand,late,8,-1.705744174562481,0.5271737299299954,0.8359840136544228,-1.075089792839422,0.08450768833706371,-0.17996066830390778,0.34219243620940454,0.7132216211610063
PhysionetMI,3,0,left_hand,early,7,-3.083672977060007,-2.31267141476541,-2.968439813478895,0.8992859155762164,1.7552586831883386,2.3867644826571057,-0.019040154664872223,0.4526645628687258
PhysionetMI,3,0,left_hand,mid,8,-0.5107447913875436,-0.9815345424802391,-2.3648022102176127,1.5145358311389652,0.8806122495736061,0.7694215420762986,0.6447668627204207,-0.3262382642517204
PhysionetMI,3,0,left_hand,late,8,-2.0210433313174265,-1.6026366680328237,-1.9684756140331467,-0.4163888518364843,-0.9372516146390203,-0.2413861918332985,-0.01317645510758703,-0.26605244709016485
PhysionetMI,3,0,right_hand,early,7,-1.858331909086578,-3.206954221064811,-5.25046059357778,-0.4299991584497834,-0.7896610880174305,-1.0367263023675597,-0.4771736807931643,-0.41366101572933306
PhysionetMI,3,0,right_hand,mid,7,-2.9503413147297195,-3.2492825873727047,-3.31752086435881,0.15042437259050226,0.434929307587583,1.1320447314708357,-0.05858130557722083,-0.7654144304698856
PhysionetMI,3,0,right_hand,late,8,-0.46349437137206106,-0.7660414923998606,-1.7429603383811565,0.65045894436205,0.7569262870301168,0.32576236277438275,-0.5798741126901256,0.3326055057537163
PhysionetMI,4,0,left_hand,early,7,1.19299482012119,1.8981752418206075,1.394366076450981,1.5354379033813201,2.4572541376919697,2.7514135815824408,0.07782882418783364,0.28365239207987164
PhysionetMI,4,0,left_hand,mid,8,2.1193481164191867,0.8841066351064044,1.9860945963518062,2.3497871013076637,3.3072198356760296,3.647773775417154,-0.032457771156533886,0.21641909115865487
PhysionetMI,4,0,left_hand,late,8,-1.795785006759432,-0.7683410130782681,0.07836866536807308,0.5001737870981775,1.7373965816483694,2.3025002665348353,-0.9163690080129765,0.6430738804965073
PhysionetMI,4,0,right_hand,early,7,-1.751627854997798,-2.304585678597853,-1.569285060907264,0.8502439368756995,1.553767636579638,2.2270002020717308,0.05490743018801485,-0.44739910225873397
PhysionetMI,4,0,right_hand,mid,7,1.1633254632987968,-0.03645869276486503,0.624606353197492,0.43204164429644515,1.511450054209758,2.2595580266322486,0.3013085315283459,-0.6789703543488872
PhysionetMI,4,0,right_hand,late,8,0.5616665418011527,1.318057555380217,-0.2112397164105842,0.25652861649214487,1.8745679557514103,1.427304864316431,0.45338852114012695,-0.6953040553998724
PhysionetMI,5,0,left_hand,early,7,-2.4969147553487714,-3.1101605868535787,-2.8250548207230106,-0.9051856261175849,-0.3612727452683306,-0.6093515451803422,0.06165763646030534,-0.19532969315221166
PhysionetMI,5,0,left_hand,mid,7,-1.6279242216346466,-2.6694480006327623,-1.9355061475731037,-1.8754233478107853,-1.391870530836124,-1.0394031561623138,0.08631624420006309,-0.2868164504847617
PhysionetMI,5,0,left_hand,late,7,0.026354073716628346,0.7121268732756781,-1.2471011493284618,-0.2437498832739002,-0.5079486810509097,-0.10962434225544973,0.9586101289786846,-0.3795566606974014
PhysionetMI,5,0,right_hand,early,8,-0.044874513533844085,-0.9178520651202631,-1.6227284542874636,-1.3841723132588273,-0.6620053492875471,-1.1536986906179814,-0.9461808183365472,0.09081376566767119
PhysionetMI,5,0,right_hand,mid,8,-2.8404656910296002,-2.7341099389525327,-2.7202259184351414,-1.217037764213234,-0.7773938802471844,-1.3279756270166527,0.02162316867020662,-0.043590286473819954
PhysionetMI,5,0,right_hand,late,8,0.520070212141669,-0.011708632381109474,0.16824310636252465,0.5781218981994808,1.1065533196744173,0.6102185002710189,0.5111438298821772,-0.027009602730706857
PhysionetMI,6,0,left_hand,early,8,-0.7728046503248216,0.2562389477043398,-0.3690994037032882,1.4472613604506053,2.2398641924272096,2.16130193125679,-0.3535369238750382,0.19787392185889457
PhysionetMI,6,0,left_hand,mid,8,-2.8949305460894146,-3.203028050262845,-3.675861663575016,1.6898629473069815,1.855506093867013,0.9264764043848557,0.11884885300999094,-0.29177657799951956
PhysionetMI,6,0,left_hand,late,8,1.106488456692477,0.005828250552966485,0.4820289262994996,3.411104268093312,2.0368541575315104,1.1653992423111206,-0.3931084022617406,-0.4907032236895925
PhysionetMI,6,0,right_hand,early,7,-4.617480212694659,-3.673212594259282,-3.3455674598106873,-0.8687480227229935,-2.4904342129956514,-2.2262642352937965,0.15972687910378922,-0.4386141634995227
PhysionetMI,6,0,right_hand,mid,7,-2.4358273446767043,-4.546440284136643,-4.679113408128993,-0.3857560611058335,-0.7753708082438433,-0.8719673839210839,-0.3152923040951077,-0.3865804718340482
PhysionetMI,6,0,right_hand,late,7,-2.550092393612823,-4.259794482963217,-3.730598244590836,1.1507169441711373,1.34050126501627,1.0644490176730506,-0.18795796815677102,0.03894422719743595
PhysionetMI,7,0,left_hand,early,7,-0.01955037483391881,0.0027261344278162497,-0.1717875537086738,-1.2969837376398063,-0.7475251568065093,0.8439984971072535,0.795645589112074,-0.21157823413049923
PhysionetMI,7,0,left_hand,mid,8,2.625648316606801,1.694990863080745,0.9587740033285217,0.6057238554826756,-0.2814814734045956,-0.48919893777628765,-0.46503290195680863,-0.10642295367654138
PhysionetMI,7,0,left_hand,late,8,0.18867307461869343,0.7873747114429972,2.7552806543424704,0.2281957920263341,-0.35819716162437376,-0.7020339107816855,0.8718233423558115,0.5093775411868803
PhysionetMI,7,0,right_hand,early,7,-1.1114295950766,-1.5332964602603947,-0.8669474760192575,-0.00960520200857719,0.1486107893004558,0.3915025323207177,0.12357710905025786,-0.9521066228022835
PhysionetMI,7,0,right_hand,mid,7,2.9166597109792085,4.886339017929743,3.4790646941795487,-1.4363123427997588,-0.8420957151608788,1.9088463191661706,-0.0879345243123214,-0.14125906245914996
PhysionetMI,7,0,right_hand,late,8,1.9272939977144579,2.159655520703938,2.449025207838697,-0.5780932080920196,-0.3619456476023658,-0.863189084248202,-0.11921690023483875,-0.1978071039041699
PhysionetMI,8,0,left_hand,early,7,-3.141325277056648,-5.232445781015224,-3.8457467346325402,-0.6986674161627017,-1.591218503445477,-4.05890086028566,0.10081783276276725,0.706292216710225
PhysionetMI,8,0,left_hand,mid,7,-4.051162954088861,-3.4057501176862606,-3.4632203302452056,-1.7940372186677778,-1.4630661219178793,-1.306303800008772,-0.07824229901466352,-0.1573160551438969
PhysionetMI,8,0,left_hand,late,8,0.01694394218696843,-0.23705981273738358,-0.22188907881240383,-0.8267630994036803,-0.2940005829730752,-1.0323320625253822,0.8581105567725247,0.11057473943851069
PhysionetMI,8,0,right_hand,early,7,-1.8173460651686686,-3.8071583147220736,-2.332559467158347,-0.19055211617755594,0.42359163569027675,-0.4904094370130811,-0.12415063378581967,-0.4403439804061586
PhysionetMI,8,0,right_hand,mid,8,0.937052196865657,1.0461868340506992,2.062320152075345,0.6121769655761305,-0.6504269412823758,-0.5679929186633869,-0.37516780989429,0.03743871751244965
PhysionetMI,8,0,right_hand,late,8,0.19370332758397,-0.19475493390077436,-0.3249093721304921,-1.5561158153251133,-1.6033044733879138,-1.5535425104763685,-0.25299427611155983,0.000827520125730086
PhysionetMI,9,0,left_hand,early,8,-1.7629183070197934,-1.188499793584868,-2.0846956788408093,0.8268888549871547,1.3913556116644985,0.6743131216477393,0.08363036754817374,-0.1016357130580326
PhysionetMI,9,0,left_hand,mid,8,1.0235597765229731,-0.5428130603988053,-0.28464708029934616,1.542132746945884,2.1621076377607547,1.083459907034025,-0.5648286372833056,-0.17469306947389443
PhysionetMI,9,0,left_hand,late,8,-1.0078281389400636,-0.5465279041193537,-0.8564336880606986,0.8995161063153986,0.9099702941665865,0.9901697365759906,-0.08120879196616361,0.04797285781740516
PhysionetMI,9,0,right_hand,early,7,-3.8010441438354805,-3.6931534430299595,-3.437068354472354,-0.020804535119383644,-0.857803141986817,-0.33032713202337266,0.05028600887983139,-0.8815000920385496
PhysionetMI,9,0,right_hand,mid,7,-1.1955789067682001,-0.36647824448896177,0.9096827118994761,0.45555607125865666,0.3776949562195642,0.10803252339588447,0.1358007918510644,0.6166262964845681
PhysionetMI,9,0,right_hand,late,7,-2.086507115110367,-1.4288345476763415,-0.7361326400911057,-0.07171767881625246,0.32174215426755265,0.25665788893665764,0.47840836668258263,-0.5631972298851586
PhysionetMI,10,0,left_hand,early,8,0.4340332760326022,-1.347437531377727,-2.432595076605555,-1.2410258570809514,-0.5573123258773665,-1.1106067763672796,0.6971820392181906,-0.055458951733645796
PhysionetMI,10,0,left_hand,mid,8,-0.33317805528963546,-2.491733106309309,-2.251374867928141,2.1004832308905463,1.5257929680934763,-0.11842144284255995,0.742177416994172,-0.8932613516529967
PhysionetMI,10,0,left_hand,late,8,-1.5526431365486748,-2.497670628809588,-2.195444751629601,-0.17841461363650585,0.6868745438647618,0.9764220505961766,0.17150121188683065,0.6910132503369188
PhysionetMI,10,0,right_hand,early,7,-1.210771967070285,-0.86241014360021,-1.9420465370405142,-0.9988115471840727,-1.0213347662389844,-0.3055853382391959,-0.23194312296022038,0.5314534377471541
PhysionetMI,10,0,right_hand,mid,7,-0.3065018390987627,-0.8020396813390728,0.21946916067967617,2.6420554854394314,2.5975583370256095,1.9333761263558407,0.16547048878312373,0.15488797980427568
PhysionetMI,10,0,right_hand,late,7,-1.3162170624807839,-1.4037112036057824,-0.323992126023252,1.2417867337158188,1.2331269687188389,1.3191374545507366,0.6049380429105493,-0.03020422126875811
PhysionetMI,11,0,left_hand,early,7,-5.970350660103995,-5.514047479141361,-5.103449041503739,0.2206030551021961,-0.321046828999343,-0.8437691174052054,-0.07828402553410795,0.5854775974037182
PhysionetMI,11,0,left_hand,mid,8,-3.8410747163750907,-5.031937527505607,-5.11516426704613,0.4775807073907467,0.9218531531955207,0.46089941859574474,0.14225720785582993,-0.01777479174369014
PhysionetMI,11,0,left_hand,late,8,-3.3008053871382153,-2.0317051480109205,-2.81288931797162,-0.16998914947391366,-0.10838318141349743,0.09615083861511631,-0.07980707128846234,-0.27744162532274835
PhysionetMI,11,0,right_hand,early,7,-4.440360175228304,-4.63610427577257,-3.8595923847446207,-2.1503234079782807,-1.8028223911088166,-1.799423930984983,0.0699724228888337,0.08884099332931059
PhysionetMI,11,0,right_hand,mid,7,-1.7851613784236253,-1.2597350912074738,-1.4842775928838763,-0.1335483173929934,0.6275781157963702,0.9208482233521449,0.09202917937306557,-0.7466829371450416
PhysionetMI,11,0,right_hand,late,8,-0.7483764668768296,-1.7905632860277665,-1.9621710256975995,-0.9426595914701358,-0.566548672450891,-0.487760923798339,-0.4478042027103276,0.31801743810030375
PhysionetMI,12,0,left_hand,early,7,2.199729728408932,0.9603640509524176,0.2933977964920456,1.2384333226924944,0.20475643976188515,0.532676202821403,-0.7646347460676334,-0.3984830467592409
PhysionetMI,12,0,left_hand,mid,7,-3.3931468117919903,-1.8847259001338867,-2.0480621715588536,0.23353977233186715,-0.488743366910996,-0.8592532728997391,-0.24720326757322914,0.5725818839149533
PhysionetMI,12,0,left_hand,late,7,-2.298688899873398,-3.1231915420479983,-4.813172626648259,0.6081153141308702,-0.01566431302242461,-0.26334746333929265,0.35356196368529,-0.3956197094182622
PhysionetMI,12,0,right_hand,early,8,0.7401147233632474,0.922640056259246,0.12886308491868204,-1.5569938530047867,-0.5431641222874621,0.21101843582857582,0.7034145551462139,0.7612930213648933
PhysionetMI,12,0,right_hand,mid,8,-0.32637082907287945,0.36180423787292343,0.7096742366517048,-0.6362452492297143,-0.39645849202013533,0.3897634940211976,-0.3699678906445565,0.24023358166280187
PhysionetMI,12,0,right_hand,late,8,-0.43245760838440345,-1.0579966022909406,-2.036012834969705,-1.794898927751492,-2.1600896980592768,-1.0645518921981676,-0.6496149187860732,0.25541514141732363
PhysionetMI,13,0,left_hand,early,7,-3.32475158723255,-2.629398208680812,-3.8657057174729137,-0.8767118153180393,-0.0033075731752638987,-0.9341354471172568,0.0752322289552239,0.03171091951840931
PhysionetMI,13,0,left_hand,mid,8,-1.7250965341363345,-2.334387276871426,-2.3445691493945,2.123442699304461,1.7021181459341577,1.0908349466090057,0.15221707713364604,-0.3212565516884581
PhysionetMI,13,0,left_hand,late,8,-5.34880213689588,-5.138598361546118,-5.0949914224302635,0.34290602615340193,1.4344620374392067,0.001893648090465494,-0.02430254035794945,-0.9890159519749072
PhysionetMI,13,0,right_hand,early,7,-3.104806435438403,-3.79695350033039,-2.0328892339841564,1.1368008283648818,1.9647841957437804,0.2768727433099703,0.20863773769899505,0.6082932455447337
PhysionetMI,13,0,right_hand,mid,7,-0.83703958365226,-0.33408966888794567,-0.8952339394962904,-1.5540496451796992,-0.5086765905960187,-0.2239877566072441,-0.03359420730408513,0.7480505681352547
PhysionetMI,13,0,right_hand,late,8,-0.8937884924337822,-0.677282632635422,1.1043230625390597,-0.14644966993045952,1.2651411192450337,1.9026883284831673,-0.10536677473352532,-0.8570621695133895
PhysionetMI,14,0,left_hand,early,7,0.6913891367536049,1.0034523608045665,1.6588712570239024,2.5994092570236096,2.406179158398388,2.6905193608419,0.4116489061517523,0.01722331441497852
PhysionetMI,14,0,left_hand,mid,7,2.612058930872824,3.767997385740954,2.281527971153774,2.229984272150692,1.5779106884504743,1.0869889247763334,-0.0675436987912008,-0.3445898653728268
PhysionetMI,14,0,left_hand,late,8,2.1352610835002466,2.730806041168917,1.6287548813262351,0.6385408706144637,0.5484476028239773,1.0937707199883593,-0.13456537031382146,0.2627875099626166
PhysionetMI,14,0,right_hand,early,7,-1.5047998900537702,-1.119242333563683,-1.172764641055043,-0.9951704572067488,-0.2017020301783607,2.004094507567848,0.12400644135408655,-0.33639043639377914
PhysionetMI,14,0,right_hand,mid,8,0.8834307300718833,0.6645982782199793,0.2821824145398949,-0.4537001032232214,0.5452916909251603,1.2147737812933457,0.5158214955891233,-0.4561495898334914
PhysionetMI,14,0,right_hand,late,8,1.7059907101330443,3.211405417811381,2.3465721252578984,0.6985917237352385,1.8902558741311841,0.6178266279960758,-0.15806822525505854,0.061352149666512035
PhysionetMI,15,0,left_hand,early,7,1.0378234602378262,0.8736760829747633,0.22174073389608684,1.462428728630965,1.3479606631818635,1.1558291627870483,-0.6479088006331307,-0.11710059839745829
PhysionetMI,15,0,left_hand,mid,8,0.3750213405806275,1.0881038173840945,-0.6634657983333607,0.8706257880736584,1.3009555535716557,0.5030279247999326,0.2777544824044502,-0.2676059183101801
PhysionetMI,15,0,left_hand,late,8,-2.23773045979321,-1.5317343873215175,-1.685333117732672,1.2888590532516797,1.3061821531575117,1.4992063139720908,-0.14080764462372358,0.07544559865533762
PhysionetMI,15,0,right_hand,early,7,0.486654685976512,0.10846987071845336,-2.082721225351026,-1.0459060817675279,-0.25127228460260004,-0.9230238903536464,-0.6211884109047565,0.062410645961927025
PhysionetMI,15,0,right_hand,mid,7,-0.810822450190429,1.3408002504802976,-0.14506866178857747,0.34235058885923586,1.4255987517275561,1.822009469318619,0.6964745043224891,-0.6836472863508154
PhysionetMI,15,0,right_hand,late,8,-0.4944377515472606,-0.4016211184782757,-0.4743430340036182,-0.6305036649977472,0.314721069483867,0.705255981744678,0.020742275077447903,-0.055962400817566565
PhysionetMI,16,0,left_hand,early,7,3.1421179343281045,0.44667482929825103,0.15580398574318693,0.26346179396302893,0.775108622761271,0.10681880829009957,-0.9055138420379469,-0.4230385948379932
PhysionetMI,16,0,left_hand,mid,7,1.0532453191321898,1.3796745113857636,2.5454178770587026,3.4018949266315572,2.797551630514114,1.4694734058751238,0.4146463496517111,-0.3966896750264948
PhysionetMI,16,0,left_hand,late,8,0.1287923302487778,-0.5104435638028213,0.2542542182826385,-0.3286393526501358,-0.6538000603683161,-0.2623253509838382,0.32753692342321344,-0.11221313431837464
PhysionetMI,16,0,right_hand,early,7,-1.20975113134525,-0.7852660895830414,-0.7034556431463271,1.3851448001132052,0.5271749257576582,-0.5576723527882702,0.2646318709243896,0.4259137027327337
PhysionetMI,16,0,right_hand,mid,8,0.8670683401518843,0.5703346791178355,0.15781556206993114,1.4707997309486514,1.7475320875848617,1.3064221794220532,0.6920323136546345,0.05918776274693044
PhysionetMI,16,0,right_hand,late,8,2.3181713016275416,2.9290644223583646,2.912720909624105,2.896835379234513,0.9300377315667572,0.89638130781377,-0.11366122336026876,0.5273766927819274
PhysionetMI,17,0,left_hand,early,7,1.0539492721135155,0.3240977033187113,0.036874352855872594,-0.9926143297066018,-1.4157867769908132,-1.5857843339744702,-0.9323917230763912,0.23005364244993223
PhysionetMI,17,0,left_hand,mid,8,0.07160261143811109,1.374758171566352,0.6058859168814457,0.5094053967579105,1.3669629719797303,0.28776852016742194,0.7886233981977103,-0.2780282594359497
PhysionetMI,17,0,left_hand,late,8,-0.5025867780850399,0.9649948223508094,1.4865762763334307,-1.682194505588697,-1.6463660767483161,-0.5526260573180827,0.4946751328719298,-0.50544033244504
PhysionetMI,17,0,right_hand,early,7,0.255095944772106,1.5455308079209682,1.112383802901067,-0.3770175945029083,-0.034597033667677066,1.0779022030166356,-0.6269108259831081,-0.481734188859515
PhysionetMI,17,0,right_hand,mid,7,5.343872338648821,4.037173098967473,2.8228524333706235,-0.5494682052820156,-0.03052075240291133,-0.18510931540283188,0.30869411859153506,0.4960114890794527
PhysionetMI,17,0,right_hand,late,8,0.9972484592982506,0.7917054082827735,1.5052014696196094,0.39784925903244983,0.5044823901917903,0.052656605574231435,-0.20298228725839648,0.7662334290799795
PhysionetMI,18,0,left_hand,early,7,-3.137862559678225,-3.7332368624393797,-3.527507031733014,1.957848841314394,2.0341954119220866,2.391713488773416,0.05845804448066486,0.09974903554267797
PhysionetMI,18,0,left_hand,mid,7,0.3696947440316786,-0.6206744517604365,-0.18958462867724732,2.189151226711751,1.393004409465416,1.3058526730175295,-0.322039617663798,-0.2527317791441208
PhysionetMI,18,0,left_hand,late,8,0.16889749891767403,-0.5010546493998829,-0.4889379733024378,4.138537855174424,5.0302556148186826,4.548681355027237,0.4865053465491417,0.04721228852740003
PhysionetMI,18,0,right_hand,early,7,-4.005625556056833,-3.859990660237546,-3.514845686178858,-1.6207865225976446,-0.777169835120176,-0.16713557677184385,0.06525919108921098,0.8130393076624711
PhysionetMI,18,0,right_hand,mid,8,-1.9924908087315074,-3.0393578872298055,-3.5112301951566716,0.9142660155679166,1.529605375300591,1.1224379111567984,-0.27594774250951853,-0.10221019012991703
PhysionetMI,18,0,right_hand,late,8,0.15182930132124794,0.07701756565182105,-0.43785148090437354,1.4285310853563549,2.216039441755922,2.3943711662624656,-0.485045787830489,-0.2526457694535932
PhysionetMI,19,0,left_hand,early,7,-3.3711216677007854,-4.016708885794048,-4.937343986138287,-1.559930398909491,-0.7860154891051484,-1.2986907141629442,0.1885092126142209,-0.09138660718340787
PhysionetMI,19,0,left_hand,mid,8,2.1971435453537524,1.424169397420259,-0.5474717930149279,0.3373401858128115,0.9865566665608096,-0.36782952123428914,-0.6010575432108973,0.04323687633882031
PhysionetMI,19,0,left_hand,late,8,-2.8341357569595407,-2.8108084861372524,-3.6934383342335435,1.6475537462597873,1.5907584096268428,1.6541600121206415,0.1316419492554458,0.002000859657832557
PhysionetMI,19,0,right_hand,early,7,-2.530322196930033,-1.497956204000145,-1.6125588719719148,1.044861816145623,0.7420120243560773,1.2598503007532458,0.22152779905925885,-0.0932821427158994
PhysionetMI,19,0,right_hand,mid,7,-0.902881900606039,-1.593131255034194,-4.2616722911225695,-0.017807503352611814,1.1610330667667774,1.1518596858189187,-0.6503543705468066,-0.9695511620442655
PhysionetMI,19,0,right_hand,late,8,-1.0922552146999882,0.9940246867936445,-0.9543016174869263,1.439613932538135,2.2738615744011423,2.9511945998837916,0.0674076551617905,-0.3442602099782027
PhysionetMI,20,0,left_hand,early,7,-2.604413097803803,-1.9030742775728797,-1.151762458329839,-1.8356232277315938,-1.056199539033101,-1.5269992998077282,-0.3867366202045216,-0.09178072334800791
PhysionetMI,20,0,left_hand,mid,8,0.4222756496515392,0.5152974516684565,1.5099654465079522,1.4985713114933643,1.4326092099426742,0.5181980927672091,0.5629161904372583,-0.48611071580868137
PhysionetMI,20,0,left_hand,late,8,-0.9857101476038614,-0.013095529090244806,-2.2350873327690475,-1.5620674283943892,-1.7743618203043632,-1.5388028908328362,0.38790926557124955,-0.007502583199722717
PhysionetMI,20,0,right_hand,early,7,-1.0017564903433147,-2.4101818514307363,-2.422979574186211,-0.9368858772245411,0.06364283180474407,-1.2296593569178518,-0.4149876244662192,-0.1351337950759207
PhysionetMI,20,0,right_hand,mid,7,3.115849876632164,1.128933365679517,0.3781933934332397,3.3416625225520256,1.7159529317953124,2.911027095253782,0.7835210590130096,0.06887203005758057
PhysionetMI,20,0,right_hand,late,8,0.3980332766936379,0.9123428461421924,2.252677650521772,-1.2173365818012447,-0.449480822861587,-0.07802949597767211,-0.6996780957086296,0.8795251823925103
PhysionetMI,21,0,left_hand,early,8,0.9818752693062768,1.0598225932519387,-0.925136767767037,1.239610560386246,1.4330990874285752,0.6672170688411317,-0.029752566022769416,-0.30018103512431316
PhysionetMI,21,0,left_hand,mid,8,-1.6448256878489744,-1.781056602211458,-0.0970004199875294,1.0391989802030843,0.6204741573092019,2.3013825327423634,-0.8886221540128226,0.3778334842745359
PhysionetMI,21,0,left_hand,late,8,5.25652348546865,5.468953291478418,3.694494094068311,2.79551291338627,2.6690368142377423,3.1465167729156143,-0.17450858268576241,0.05907137427106946
PhysionetMI,21,0,right_hand,early,7,6.311641587717346,4.557524475709819,2.0416823867732323,3.0834138332959484,1.904797256802825,1.0845439926828713,0.5111688728922444,0.47958015029666345
PhysionetMI,21,0,right_hand,mid,7,1.2034305189154053,0.8709480062772335,0.32775737878770744,1.5421201742159696,1.6936764612190593,2.321549731888042,0.5718913671152102,-0.20173295768375346
PhysionetMI,21,0,right_hand,late,7,1.4596566965614433,1.092662709573149,0.48180914125599006,2.265680422772069,2.381456758832711,2.2874301058505178,0.5036645694496148,-0.004776884492858656
PhysionetMI,22,0,left_hand,early,7,1.4125939218925867,0.7031311042195121,0.32328917755424635,0.3916526122752208,1.578630100333438,0.7336371512239612,-0.6275219481573757,0.3039079800080213
PhysionetMI,22,0,left_hand,mid,7,0.8471847124520379,1.0611376380618454,0.025669871264449893,-0.8644313540322253,-0.32588307614165923,-0.5148551293402486,-0.9411817919196774,-0.25344714742453855
PhysionetMI,22,0,left_hand,late,8,-1.6958229334756092,-0.16278775896089137,-0.8041995398691335,1.267666927409683,1.3472231691533103,0.8150111410820391,-0.3566461514298254,-0.21734313774930072
PhysionetMI,22,0,right_hand,early,7,-0.6792126795767727,-0.4800271862101092,0.5403482256106945,-0.5435396473499288,-0.5508155115714469,-0.49154691737150974,0.11386430425525353,0.05023032058426076
PhysionetMI,22,0,right_hand,mid,8,-0.21179866812030418,-0.34292209769357157,0.36895112076820546,-0.3572976754436542,-1.050837529412245,-0.6171177190924892,-0.2706026857946407,-0.2666419733367602
PhysionetMI,22,0,right_hand,late,8,-3.322648434517051,-2.808575623649674,-2.272951345878318,0.048772380444339264,-0.7565615659901215,-1.0344256165919303,0.18759331078616998,-0.9099474323664094
PhysionetMI,23,0,left_hand,early,7,0.4999797474089552,0.8907482603597767,0.364320985223363,0.37591185100855234,0.9653388410849951,0.27079473605043486,-0.1569578238958901,-0.16254220547861772
PhysionetMI,23,0,left_hand,mid,7,-1.5345872486956842,-1.2344899150932178,-1.493766322441225,-1.4273931948058818,-1.3691822341403501,-2.7405244122597066,-0.013479577366236714,0.3150569040107133
PhysionetMI,23,0,left_hand,late,8,-2.599464464369885,-1.4249796107067914,-0.2751589267828606,0.8459526274338358,0.7891091518612047,1.2426564681720853,-0.8085600168497066,0.18993685394401805
PhysionetMI,23,0,right_hand,early,7,-0.34536284367570846,-0.7370578801497614,-0.5830078157978095,-1.3600451091579226,-0.624025497364004,-0.21405625951525556,-0.25598070091623776,0.7280273510013079
PhysionetMI,23,0,right_hand,mid,8,-1.0187316379727833,-0.24033772754303423,0.3396421556702046,-0.5167493306141643,-0.7443562699750763,-0.20276225401303713,0.49992828592588345,0.43638918859633424
PhysionetMI,23,0,right_hand,late,8,1.5157090640415023,0.8008824215306769,1.7325456231686784,-0.41019458375570245,-0.7752065499429994,1.7864228083487035,-0.0667547898817657,-0.6265215915797449
PhysionetMI,24,0,left_hand,early,7,-4.804746484067109,-5.256852430853823,-2.9649388405647605,0.2320228827520701,-0.32615719740306115,0.015236951519416524,-0.23679307032804692,-0.8767535247743744
PhysionetMI,24,0,left_hand,mid,7,-0.25616069727358076,-0.24520741416106503,-0.22442232295298023,0.7224543268847015,1.2392988448433717,0.5616920760574563,-0.06604139760418112,-0.12518997090901515
PhysionetMI,24,0,left_hand,late,8,-0.8996800265061498,-1.3673673526689907,0.28552570420604656,0.7396607447275573,-0.9958391298500154,-0.25133006335475616,-0.5181837265763595,-0.4927701421547792
PhysionetMI,24,0,right_hand,early,7,-2.29443510561912,-2.5108625390172046,-2.750183183155737,-2.423865765040857,-2.316083798630479,-2.276432886522042,-0.0903434217313795,0.03136670442627987
PhysionetMI,24,0,right_hand,mid,8,0.39008067118966594,-0.07818462640482282,0.033750799503314916,0.15067827059513453,1.2279052646672868,0.6202923962356272,0.8407348116545896,-0.60912061359084
PhysionetMI,24,0,right_hand,late,8,1.124145175654403,1.4879048483879984,2.814116717716693,-0.8739363221896672,0.6723491800605029,-0.37959828125509487,-0.42911608923389766,0.3943553210067852
PhysionetMI,25,0,left_hand,early,7,-1.5904416730295234,-1.027208508191023,-1.7249464927003735,1.7493550644178484,0.7942647796255977,1.2732030971461101,0.04056985575963116,-0.1575327725125936
PhysionetMI,25,0,left_hand,mid,7,-1.876527533759844,-0.9966424943637692,-1.2389783001857442,1.7857832359746395,1.1297660381696344,1.5382928629846293,-0.204637470624372,-0.07445388301052935
PhysionetMI,25,0,left_hand,late,8,-0.16819913722943758,0.7382566210825448,1.4051109021025188,2.281646346164404,1.528177529233417,2.385505834385407,0.7861843717709236,0.022253289415724173
PhysionetMI,25,0,right_hand,early,7,-0.5899711539449454,-0.4989373448103522,-1.287720424124249,2.6901471194598834,1.4287863717731373,1.4269615467866792,-0.37159950991354507,0.3068137557381526
PhysionetMI,25,0,right_hand,mid,8,-2.249881937899079,-1.739572328976597,-1.058971199130088,1.8626478995619733,0.40727722539537436,-0.8624398899891064,0.35991646937773814,0.3670369862607756
PhysionetMI,25,0,right_hand,late,8,-2.5960091265460963,-2.0307796785074066,-1.4974151981344657,1.9263891398908788,1.4961727123288793,1.5101868000784022,0.26838017299791206,0.12110960068474347
PhysionetMI,26,0,left_hand,early,8,-0.32496266604842516,-0.15089588480413665,1.9625101077219917,0.3313237150000064,0.31282530918122964,0.8562550885678184,0.7158762545507437,0.4420181397569313
PhysionetMI,26,0,left_hand,mid,8,1.6976559700975409,1.2832488585711428,1.5440837778708532,1.2747062996582892,1.4697674625857657,1.0329787090268734,-0.04737338718289517,-0.10474895391773752
PhysionetMI,26,0,left_hand,late,8,2.8820470974127237,2.6460759645458585,2.6966964233047883,1.4908495728974287,1.2090246515585577,1.7876998104304203,-0.033224448017659794,0.09054316492609228
PhysionetMI,26,0,right_hand,early,7,3.5186697751165736,1.2031314111537537,1.1636822653987835,2.0330242437690083,1.4546721628805888,1.2727882635822065,0.5029496905274536,0.22996947906036616
PhysionetMI,26,0,right_hand,mid,7,2.3634548990167166,0.0635021119233473,0.05845657043462368,0.3212718229379301,0.4812202333679067,0.07549083348495524,0.9517269139091477,0.6194660346033468
PhysionetMI,26,0,right_hand,late,7,-1.6356847224189246,-1.148855452388536,-0.7338107561588447,2.1933466741985375,2.4060140567298722,1.8280548301826174,0.38061856391530546,0.09083694916261144
PhysionetMI,27,0,left_hand,early,7,0.46738148530473606,-0.9124982038958377,0.14788580064735513,0.5969480897337297,0.6083470810676189,-0.4217469284654953,-0.5192794935667342,-0.17198588207287233
PhysionetMI,27,0,left_hand,mid,8,-0.6256136784248795,-0.733220430204774,1.0165478436500457,0.48740666278647826,0.30767040707928217,-0.046031014862696756,0.2380607266520336,-0.8274174592782705
PhysionetMI,27,0,left_hand,late,8,1.8056202695131187,-1.456402163575899,-0.23853876798522394,0.8410613115044488,0.9906270005853326,0.4808867328416531,-0.7666142764731755,-0.2724574390069582
PhysionetMI,27,0,right_hand,early,7,-0.6699035503317577,-0.4068492512695584,-0.03080521013560508,-0.33988151092722846,-0.3711569436035191,1.264747020103983,0.9120741401461615,-0.5763735913273283
PhysionetMI,27,0,right_hand,mid,7,-0.5889631774595581,-1.9794512957192807,-0.5034265778073668,-0.9317517895678621,-1.0219419161852612,0.07699305680427683,0.07830227191327922,0.8473487977040468
PhysionetMI,27,0,right_hand,late,8,2.54187599336818,1.5137046067555207,0.8421119121800575,1.6068464160127618,-0.08563057626627008,0.8451271840665545,0.5022961454446287,0.3106555600441894
PhysionetMI,28,0,left_hand,early,7,-0.9469306617026622,-1.3019795256133968,-0.3869982563160503,0.5078015508131981,1.1809896643291997,0.46819028893536047,-0.41976180126470364,-0.04058564863415514
PhysionetMI,28,0,left_hand,mid,7,0.7749113403845717,-0.07795403115396875,-0.25987977093936904,1.0671715507813269,0.7543354599722917,-0.44155150378059,-0.49771549427618944,-0.41466858023349834
PhysionetMI,28,0,left_hand,late,8,1.4598808699916992,0.3663427577153492,1.8802125331114656,0.7396213880318435,0.41782134664233517,1.2466344992361649,0.12584428409374748,0.25526072166949826
PhysionetMI,28,0,right_hand,early,7,-3.727647553393259,-4.993665212412767,-4.324235817932849,0.7726840842080291,-0.4235431532711406,0.7500638333544772,-0.07409300868218302,0.014854888713136841
PhysionetMI,28,0,right_hand,mid,8,0.03231764903174615,0.6525060224885486,0.4722076626273424,0.5921647870405761,0.38032579406014133,0.8955717111796828,-0.8718888892790242,-0.20393861715570244
PhysionetMI,28,0,right_hand,late,8,0.9005088669173258,0.23431684047717494,-0.9528979380169015,-1.1672426070019983,-1.5482326495687981,-0.30739709116145764,-0.02826636384419385,0.5830885448909374
PhysionetMI,29,0,left_hand,early,7,-0.41762728061297205,-3.312951209833557,-5.282131449881397,-0.890076871533305,-1.1387193796105506,-2.900698226183725,0.853457909234432,0.5303984812660881
PhysionetMI,29,0,left_hand,mid,8,-0.9416007011867735,-0.9052206068206272,-1.9538660293805759,-1.4246584628422667,-1.5273373840637372,-1.271204339351713,0.3496035086528019,-0.056922082001230875
PhysionetMI,29,0,left_hand,late,8,-0.41044164575059106,-1.6642225847988257,-2.4082131145564407,-1.1862629361216976,-1.4460832884229224,-2.454627935711155,0.70876770611958,0.34836666196231053
PhysionetMI,29,0,right_hand,early,7,2.8958189482906023,1.6748513530819094,-1.5614837749212782,-0.9318808560242557,0.17842923251280368,0.2824973915143825,0.29935933371108747,0.5347456328586878
PhysionetMI,29,0,right_hand,mid,7,-1.6373917519435852,-3.142328761974766,-2.571350183523819,-1.5427598696075004,-0.0767830303805591,1.2299245106851935,-0.22190917046010625,0.11282761252807395
PhysionetMI,29,0,right_hand,late,8,-4.879346351149687,-5.73882498888554,-3.5328420284745263,-4.226653416729909,-2.8751602055103445,-2.5086220026800734,0.1600658784504433,0.25507960804375496
PhysionetMI,30,0,left_hand,early,8,1.0029156364154248,0.3739586136105114,0.06714192451634915,0.3343394220028674,1.3508250739516168,1.2933777971879539,-0.874507826554893,0.5891922527316189
PhysionetMI,30,0,left_hand,mid,8,0.971152950669292,-0.5648022092156608,0.1853932772334756,-0.6919477096207981,-0.009776915075762838,-0.22922514811249117,-0.6794018729892708,-0.5023189270327815
PhysionetMI,30,0,left_hand,late,8,-0.3402998956960611,-0.9672264692295982,-1.746443067325209,0.2627666169982537,0.8547281263766031,0.3779304348005947,0.6738458912032355,0.17974769429483423
PhysionetMI,30,0,right_hand,early,7,-0.41586548717674665,-0.8982294361500179,-0.6334860787082676,-0.04171076684131135,-0.12295311452125178,-0.5939404093215962,-0.2073857786146072,-0.8687620871148313
PhysionetMI,30,0,right_hand,mid,7,-1.1770372349323108,-1.0352203178864412,-0.48670196215030587,-1.3139271130663341,-0.6666074943634505,-0.13698889633000771,0.41492998060784686,0.8111690884339993
PhysionetMI,30,0,right_hand,late,7,1.5420768994170264,1.6065428129686976,0.9951680320790507,0.5943028209513727,0.47660977199555976,-0.41863784750790545,0.21555225534158146,0.1734207924642422
PhysionetMI,31,0,left_hand,early,7,3.7392885497069566,3.0733226149759183,1.6536823067304318,0.08532282091765404,-0.3286218530152331,0.5303363858476101,-0.3867267779663623,0.7228245107680634
PhysionetMI,31,0,left_hand,mid,7,-1.7787164903565886,-1.9270377267445598,-1.3547887604171194,0.8865668796861994,0.6553187352540251,0.5427787136074861,-0.13528866110398102,-0.24052137404118734
PhysionetMI,31,0,left_hand,late,8,1.1715374641028133,1.2906485880152505,1.238930219768366,1.9821709231658713,0.7179525903611896,0.8124546123075876,0.027958373437855354,-0.41855922949623847
PhysionetMI,31,0,right_hand,early,7,3.989578061982123,2.727021392167139,2.6892308167286885,1.368877201199807,1.5541290445091305,1.6830995442223429,0.19469747807852172,-0.10295699123325813
PhysionetMI,31,0,right_hand,mid,8,1.2564447002162458,3.1311119484188636,2.9086116253639736,0.20125652168808972,0.6835431724090453,0.585930618734079,-0.39667336909725226,-0.48866918334017556
PhysionetMI,31,0,right_hand,late,8,-0.7325913332517078,-1.6301091013892355,-1.4062150592609521,1.7731918630191181,1.8444782485809696,0.8666404930747501,-0.3149531104673174,0.34341247763391397
PhysionetMI,32,0,left_hand,early,7,-0.9677622947526583,0.12902598760209047,0.43790587849417445,-0.6161510716279311,0.20335031377110527,0.5677547694297124,-0.3769427424927846,-0.040878506144529106
PhysionetMI,32,0,left_hand,mid,7,-1.5993261729559596,0.7589468583848304,0.9527108239857973,-0.5069893603314207,-2.364003074862952,-0.9795855166406179,-0.25337224724603763,0.317909419585924
PhysionetMI,32,0,left_hand,late,7,-2.951844303238356,-0.2752235033782755,0.8823953315879213,-1.360962926981045,0.09342649389644597,-0.6044978639472076,-0.5397286473317148,-0.38487924385231426
PhysionetMI,32,0,right_hand,early,8,-1.8702041653831296,-1.8455309701748126,-1.408339879096137,0.1766564933709056,-0.8237945444479926,0.08780590506971794,0.1408748151682528,0.33596680974341303
PhysionetMI,32,0,right_hand,mid,8,0.5018090122387987,-0.43713909832866116,-1.3871756288335402,-2.492375136389536,-1.8816186053581607,-0.23806477884321375,-0.4686997434199023,0.8256216681311441
PhysionetMI,32,0,right_hand,late,8,1.4748786307943456,-0.5553354815681777,0.41081663388528233,0.6760904906104247,1.291353735541455,-0.12663793910945587,0.5642809932440718,0.684481240676508
PhysionetMI,33,0,left_hand,early,7,-1.188014698284895,1.0560471180238526,-2.0004006382464503,-0.08067458754617755,-0.4988075043151174,-1.816387922337048,0.25479300976056163,0.9149478869295208
PhysionetMI,33,0,left_hand,mid,8,0.4427884670862388,-0.7387061874033216,-1.584966128163261,-1.303718651066435,-0.2686923151375576,-0.5856792765594684,0.5632721354708536,-0.3800360760473623
PhysionetMI,33,0,left_hand,late,8,-1.1968248587906478,-1.211000461512653,-3.255553681690951,-0.10532643615458134,2.7442306304898336,0.6200859552550075,0.462388542254904,0.7096094927468339
PhysionetMI,33,0,right_hand,early,7,-3.2914111634411265,-2.9995376735195967,-6.731287985225316,-1.092066960499913,0.4565202600938161,-1.3705870242518543,-0.34320862781178835,-0.11309752221647
PhysionetMI,33,0,right_hand,mid,7,-4.256681476962592,-1.1597753995894304,-2.3242637546829923,-0.0189230803964178,1.7053110914885738,0.7671325231239748,0.2936383231070277,-0.9518530742312128
PhysionetMI,33,0,right_hand,late,8,-5.2996544649608115,-1.4298175971173106,-2.0427115999725522,-1.5386734029397324,0.05925551330651835,0.37493277909608197,0.44358219628182183,0.6081400837687461
PhysionetMI,34,0,left_hand,early,7,-5.654810539939751,-3.3867869993680335,-4.6306755862647035,-1.6417283627036239,-1.63625374769407,-3.1695399607578243,-0.09957088475048806,0.31754861615263696
PhysionetMI,34,0,left_hand,mid,7,-0.8940256757573126,1.1254538486358798,-3.6945058631641743,-0.2047141381661262,-0.9228650955035455,-0.6136921768616848,0.6103216603508629,0.499724930252598
PhysionetMI,34,0,left_hand,late,7,-3.6032380165151143,-2.964569526869146,-3.4387296542867,0.08215677258550877,1.2705564243500211,0.0014963689973764055,-0.02336113568236294,-0.9642244398940172
PhysionetMI,34,0,right_hand,early,8,-5.552556888578446,-5.423083230775227,-6.469569314894397,-2.464872859417613,-2.620540324975055,-4.193522243121949,-0.07627705871620712,-0.25961952648995196
PhysionetMI,34,0,right_hand,mid,8,-4.891342260082437,-4.736102777893079,-5.833857962080553,-0.6683813753162273,-1.7199274632446746,-1.2516201700761953,-0.0878786113522117,-0.30376996110217286
PhysionetMI,34,0,right_hand,late,8,-3.545767619770859,-0.8440562173722457,2.5418158510766222,-1.4122926704668477,0.3055854611463326,-0.41564114466521557,0.16491794708064547,0.545233923433725
PhysionetMI,35,0,left_hand,early,7,-5.439307506077318,-4.353661230722291,-3.609579570023063,-1.1348671978475389,1.531880057503102,1.8843696778424406,-0.2022047485692325,0.24824235754063503
PhysionetMI,35,0,left_hand,mid,7,-1.2854037344367815,-1.1723744277625445,-1.5310152991702988,-1.0933494123793985,0.46337422184275756,0.5577785253000449,0.08720703908145178,-0.32436667980560296
PhysionetMI,35,0,left_hand,late,8,-2.4218886316728847,-2.797068588605523,-3.2016711835863494,-0.31418885043567746,0.9883419296213274,1.0038677557236988,0.13866351164213914,0.5232543898836367
PhysionetMI,35,0,right_hand,early,7,-0.8943690768575193,-2.6319453268007393,-2.916645962916555,-0.30137644409138215,0.9199087935411013,0.7003816670936317,-0.5306399646690769,-0.39830495859948933
PhysionetMI,35,0,right_hand,mid,8,-2.1247305708566295,-1.9718955559909217,-2.1801547263576673,-1.4403087108128796,-0.689773695914677,-0.7098820129271719,-0.01287471132782629,0.339703213217849
PhysionetMI,35,0,right_hand,late,8,-2.414645988856475,-3.398740133857136,-3.354154936179695,0.5932723590482,-1.1721856664640904,-1.4776217976158774,-0.1628603516626515,-0.4270374879961231
PhysionetMI,36,0,left_hand,early,7,0.06470360262278493,-0.08616935920310086,0.589054096243934,-0.908313172179461,-0.569547423643653,-0.5860123689119163,0.8020563192297456,-0.21568312553377955
PhysionetMI,36,0,left_hand,mid,8,-0.09522567886896469,-0.00712005136096841,0.8442798094589866,1.834959397842629,1.9810036669102526,2.257429983313365,0.7972855293513209,0.10323323274565797
PhysionetMI,36,0,left_hand,late,8,-0.0729848322284478,0.29548037135510763,0.4761671034679992,-0.46778063152523247,-0.2591875529243144,-0.7650323947934756,0.7341907494657676,0.24111666321036856
PhysionetMI,36,0,right_hand,early,7,1.6945549036938548,1.085223341532631,0.33317561683998775,0.045850388101967794,0.6617032388484737,1.0993722927104437,0.6713807742536988,-0.919927558421316
PhysionetMI,36,0,right_hand,mid,7,0.6430218291148011,1.7038691428117712,1.5121568682087727,1.5179129926402695,1.3057521647345347,1.4638060453858095,-0.40327748236065714,0.018146225906743776
PhysionetMI,36,0,right_hand,late,8,-0.8581790104984715,-0.8287303475785011,-1.1461133078987498,1.4468225832073922,1.403345262546673,2.076193684073133,-0.14365883397214818,-0.17864552789918367
PhysionetMI,37,0,left_hand,early,7,0.5039783367832074,-0.11171475080769591,-0.23176443633690816,0.3405633725532166,0.3777385847860915,0.26134054838843174,-0.3699851502338281,-0.1316203822710521
PhysionetMI,37,0,left_hand,mid,8,-0.9736745749350804,-1.3779416784618563,-1.4158861879453772,0.5639010118103811,0.8817371604767666,0.8762796845739584,0.1850597900164882,0.21690241616751482
PhysionetMI,37,0,left_hand,late,8,-0.25556193306789643,0.9982757365352803,0.9848060423638891,2.551263570549815,2.5862483649582817,2.6204141331498745,0.5879256186392066,0.013371011606270607
PhysionetMI,37,0,right_hand,early,7,-0.2126378247047591,-1.3053337569987298,-1.4288309700432968,-0.4062188675826052,-0.3279747136044735,-0.24624372452333976,-0.7409176155098383,0.2451866896198842
PhysionetMI,37,0,right_hand,mid,7,3.3797996548314955,4.1231687973078675,3.9242353001095336,1.60823131051762,0.9308240059749,0.8823693810392255,-0.07453902516029699,0.291440507480413
PhysionetMI,37,0,right_hand,late,8,0.9069833913408588,0.9112488285584668,1.0201292107979514,1.4151089199028095,1.1385886087457948,1.051987450369893,-0.058712614577641924,0.14718576619395643
PhysionetMI,38,0,left_hand,early,7,0.14685543215679667,-2.3601528257539406,-2.3457921947525153,0.4013644014395647,-0.48171581746143005,-0.360125517143618,0.8821691196369494,-0.054155522337938716
PhysionetMI,38,0,left_hand,mid,8,-0.5369553116798864,-1.0219579664602498,-1.2263809422467329,-0.3391717771459992,-0.027944944721651793,-0.41067787317410764,0.39097797089558206,0.09536057794730296
PhysionetMI,38,0,left_hand,late,8,0.6661265064995691,-1.1232200858792991,-1.1334787311348296,-0.5035226917599289,-1.4009960273642148,-0.7743681356287042,0.25969707959374483,0.21194724781165172
PhysionetMI,38,0,right_hand,early,7,-3.0321509185708493,-3.57860640859397,-2.227636019349067,-0.7567257496093639,-1.8116237933399435,-1.5922365955292666,0.15295579625511277,-0.3556935885537121
PhysionetMI,38,0,right_hand,mid,7,-2.3204643963512916,-2.057135794246032,-1.770143893948228,-0.31734133278005505,-0.6755383595476221,-1.2342181569771715,0.13453268153494322,-0.5909388781093923
PhysionetMI,38,0,right_hand,late,8,-0.7271556304867258,-2.081217014410115,-2.465605367196969,-0.20220042526769175,0.973467250176809,1.4145339465673088,-0.544497298097623,-0.7498656194979101
PhysionetMI,39,0,left_hand,early,7,-3.8568653341110744,-4.79876215270893,-3.1348639429844107,1.2164694720599936,-0.46947606748494736,-0.9947079767762773,-0.10326506684003052,-0.1002911346624071
PhysionetMI,39,0,left_hand,mid,8,0.9892310933647486,-0.871941674685476,-0.35377602958038634,0.6936217205815258,1.759033685526355,3.2085209899119427,-0.47315837193092986,0.6444918743149659
PhysionetMI,39,0,left_hand,late,8,-2.4305667291492297,-2.6972183730463124,-2.485484041407886,2.649385114567748,2.094028203099315,2.8426214679493182,0.011171022192765683,0.03518501853160697
PhysionetMI,39,0,right_hand,early,7,-4.172313236446361,-4.030601069580716,-0.6750805135443839,0.042537041803892235,-0.42139602545713173,0.9272317005000266,0.7214666072688347,-0.9122738443748242
PhysionetMI,39,0,right_hand,mid,7,-1.7104408331471384,-2.29725745791557,-1.2443691615674113,0.6748362087901943,0.6751643886541375,1.1207383306563012,0.15773321208924368,-0.24833395220872356
PhysionetMI,39,0,right_hand,late,8,-1.7457067885934832,-0.03237496967792605,-0.44820678276466974,0.11235609487055208,0.664949015460908,1.3317402366569107,0.5914088972181295,-0.8443925208899192
PhysionetMI,40,0,left_hand,early,7,-1.4734388557670328,-0.20421666819910236,0.5892058465783852,1.5273903475143864,1.2422228178296952,0.47865368158025656,-0.4286889584925571,-0.5227884586398835
PhysionetMI,40,0,left_hand,mid,7,-1.2299259160157285,-3.6538822162832276,-1.4523575491433376,-0.7869576948435447,-1.435263886198747,0.5004099581972649,0.08292622163795739,-0.2225842291201302
PhysionetMI,40,0,left_hand,late,7,-3.880612854712904,-1.9376998688620304,-2.9940842865804163,-0.11841282209665614,1.9516199391315359,-0.9468924568114915,-0.12895529067127856,0.7776922269304443
PhysionetMI,40,0,right_hand,early,8,-1.1572511842189572,0.16354965979289904,-1.2112119533808163,-2.7859219449882158,-1.5240697278926723,-2.1427855387044086,-0.02278303103190516,0.1304878425858547
PhysionetMI,40,0,right_hand,mid,8,-3.7965419053485565,-2.901275317247986,-1.880145256677742,-1.622084570248679,-2.2154382846786302,-1.595121174860388,0.3375906746262824,0.008380998147004421
PhysionetMI,40,0,right_hand,late,8,-0.8088912210707482,-2.9427081956785575,-1.670619571459242,-0.8182915020277522,-0.3651739889679953,0.7536577269096791,-0.34753966507611844,0.04111696098592364
PhysionetMI,41,0,left_hand,early,8,0.5239751471856506,0.7741813248783641,0.03684409031731749,0.40720357823926656,0.9562702213003303,0.5505065270859822,-0.8686061823365233,0.14963082048512835
PhysionetMI,41,0,left_hand,mid,8,1.4889955410895341,0.6296945894761474,0.3325000574388614,0.831108036952264,1.5384519280987583,0.8022288244195532,-0.6349153325349877,-0.017681112338611825
PhysionetMI,41,0,left_hand,late,8,-0.5732865825096696,-0.9288244449653914,-1.44345174223405,2.418733787075195,1.2567786619474848,0.293360744320875,0.4314715246138629,-0.7836648089328468
PhysionetMI,41,0,right_hand,early,7,-0.5891717633577832,0.22300911012371913,-0.05725154090845282,0.961444256786403,2.296362801519297,1.4647158421159028,0.8228667174261612,-0.20743543905334214
PhysionetMI,41,0,right_hand,mid,7,1.2325473016556818,0.8293550980615418,1.4711473163608015,1.3963644871742873,2.286905626458467,2.040255817736735,-0.08824961706665092,-0.1873617896170577
PhysionetMI,41,0,right_hand,late,7,-2.676556557457566,-3.618010535321166,-3.9910656841092456,1.4585054244750262,1.130865014786101,0.1293199037178264,-0.19714811052984693,0.8371106677520898
PhysionetMI,42,0,left_hand,early,7,3.1590833601448547,1.271677922139046,0.5818594904555717,3.91473170512979,3.4480568046167908,2.9268806116516664,-0.6889236143438103,-0.14438863936430188
PhysionetMI,42,0,left_hand,mid,7,3.831800881430668,1.1814893591130016,-0.6487713505230268,1.4572566752642062,-2.402050798777789,-3.57301844485571,-0.7104069226264259,0.42060557704467383
PhysionetMI,42,0,left_hand,late,8,3.171234413279897,1.1000070865218068,0.1091017488406969,0.8248032375618702,-1.0076704271924184,-1.5828302350130878,-0.9334813607821417,0.3148431877550322
PhysionetMI,42,0,right_hand,early,7,1.1192937068688218,0.9592711047606538,1.2996460837433312,0.063227411031778,0.5032802137903293,1.5965769529532712,-0.07455843984809075,-0.9238134175283472
PhysionetMI,42,0,right_hand,mid,8,2.423212570779325,1.120486445191898,0.7361450424123499,0.49861504569016174,0.08101817726099972,-0.20669435432178024,0.5339906825750727,0.4138902605912226
PhysionetMI,42,0,right_hand,late,8,1.2873751909175102,-0.6847979647905329,0.8311697232274347,-0.35686819678110604,-0.9687299754772914,-0.3106003189083032,0.21533905873041279,0.06931844242123401
PhysionetMI,43,0,left_hand,early,7,-1.4156545435807928,-2.1509005352785877,-1.6669781471228957,-0.42086130127059673,2.424776896650839,1.3163683420890548,0.08152888415801884,0.5154799448889354
PhysionetMI,43,0,left_hand,mid,8,-2.7357937991575434,-3.5924054649079302,-1.4681633814148392,3.093953855955055,3.8526126962371077,4.136295664667923,-0.30153266631752706,0.14416401615736454
PhysionetMI,43,0,left_hand,late,8,-0.9734222904242336,-1.724861114412249,0.025104335001491812,0.7260024873700043,1.58762544514864,1.558490622187478,-0.9497172446637796,0.3644082493988046
PhysionetMI,43,0,right_hand,early,7,-2.7721165515854445,-3.543012660607626,-1.6093327628364555,-0.2865986729831262,3.7636763265169075,1.4319504794161906,0.2653879356590046,-0.6664643864471407
PhysionetMI,43,0,right_hand,mid,7,-4.079575611719915,-2.829862908922809,-1.3474302538207503,0.05737268416697013,1.7496361842543824,0.784289018940268,0.5034351216104637,-0.8636680653161186
PhysionetMI,43,0,right_hand,late,8,-2.2345110909012296,-2.3383685492308968,-0.61765171899163,0.8620902282636181,0.46195511428311664,-0.8363055604287499,0.5668888768556436,0.015181778008717504
PhysionetMI,44,0,left_hand,early,7,-2.4260933223850776,-1.917922667980007,0.6843034486027303,0.4569820775600574,0.997574551296835,-0.42680989410458686,-0.5599896096950953,-0.03413946315742205
PhysionetMI,44,0,left_hand,mid,7,1.4607906608507355,1.579394121021231,1.6350736990118528,-0.6314769187687886,-0.3073777628182368,0.3907729506334961,0.05629543736497971,-0.23546490475565773
PhysionetMI,44,0,left_hand,late,8,1.2498428521752538,1.308615732121795,2.4674620055089855,1.1395942764728,2.4242889981137865,2.03813343817181,0.3275542899896214,0.2827615335190859
PhysionetMI,44,0,right_hand,early,7,-1.906610829574338,-0.9707263945868736,0.1732604501302523,-0.050426096990939424,-0.6428234475847138,0.8170490506962815,0.8333931029088867,-0.883740537984562
PhysionetMI,44,0,right_hand,mid,8,-1.6850888204494687,-0.45573414746502605,-1.3793188316330882,-0.5405636298019987,0.44770167776041936,-0.8376724585772363,0.09978110732381858,-0.2155717959211392
PhysionetMI,44,0,right_hand,late,8,-0.12199500017060605,0.37264945896470425,1.8992721747097023,0.09224641409143586,0.4245987322392655,1.7248003302863402,-0.8792885951083333,-0.8984655575021825
PhysionetMI,45,0,left_hand,early,7,1.3096827234917403,1.5057622874677612,0.06249389172568416,-0.24743745682614462,-0.5157676999822487,0.17080475179177482,-0.9089127579749903,-0.18322566076628763
PhysionetMI,45,0,left_hand,mid,8,0.8862751881431464,1.4390092414505546,0.9866304290994656,1.623061919220056,0.03695161627920701,1.246515763769532,0.05358264721532917,-0.131220059900323
PhysionetMI,45,0,left_hand,late,8,0.7660674260893452,-0.6822549895995917,-0.6461688999767001,-0.1559695375593277,0.009289583787614686,-0.1879104246395581,-0.08489976068427363,0.0928838274727887
PhysionetMI,45,0,right_hand,early,7,-1.5943278622851385,-2.640006201436371,-4.0814453002658455,-0.024728970482444452,0.003091412550953957,-0.055644821538164094,-0.43819887912202415,-0.3846508952544201
PhysionetMI,45,0,right_hand,mid,7,0.6201885822788572,-0.4005836041872713,-0.5410066822754241,1.8539371750636349,0.15722819523360348,0.6554361919363354,0.06818999561957963,0.4776096689669353
PhysionetMI,45,0,right_hand,late,8,0.7118305966275854,0.08021229489867121,-0.26694584437245783,-1.8141628850951188,-1.7496916832953398,0.10087440658693049,0.4545315289777269,0.8946501908604311
PhysionetMI,46,0,left_hand,early,7,-0.055269212538968736,-0.9121589181249146,-2.613893922161861,-0.648430479295502,-0.4297935068811132,-1.8732993138820895,0.9585868605628233,0.4857256466971228
PhysionetMI,46,0,left_hand,mid,8,-2.250337128311103,-2.151704945731406,-3.341529922215471,-1.2410270523571973,-0.7739864912690549,-1.3376873729210321,0.19513925922141026,0.037483918194394734
PhysionetMI,46,0,left_hand,late,8,-2.2698471445069885,-4.064121278413535,-4.4588783656937405,-0.33020370969648266,0.07355318628654081,-0.6245822252877398,0.32532627729696906,0.30831886478943743
PhysionetMI,46,0,right_hand,early,7,-2.423292630046791,-2.9996742356265895,-3.217781960315104,-1.4312644825702165,-1.8178437306902808,-2.567352659766023,-0.140840068242626,-0.28412026877172675
PhysionetMI,46,0,right_hand,mid,7,-4.583253908105951,-5.460846518345902,-6.0397965479584474,-1.9767399710791473,-1.7569291058096574,-2.4829978512801496,-0.1371115242158148,-0.11351740850388847
PhysionetMI,46,0,right_hand,late,8,-2.325814838786108,-2.5302346902865787,-3.529458907095556,0.4049126775305296,-0.12006060979649713,0.2755372378733312,-0.20556580623681975,0.19013220036982664
PhysionetMI,47,0,left_hand,early,8,-1.0466382867980606,-0.7454943003691097,-0.7711294425785775,0.247579320712975,0.3572086687676089,0.21544217136427204,-0.15156438293354593,-0.06940746790073718
PhysionetMI,47,0,left_hand,mid,8,0.987584102265773,2.568084989492803,0.543803179841954,1.8821421688593767,3.0074647524737115,2.891151221210614,-0.28979013186855024,0.21138634688793814
PhysionetMI,47,0,left_hand,late,8,1.7231558813276042,1.5755768109519963,1.212782855400965,3.4350615363612063,3.912392795364599,3.727587358444823,-0.17383640180970977,0.04084045251690904
PhysionetMI,47,0,right_hand,early,7,-0.18829210752282988,-1.2871337373270875,-0.9512887685369734,0.5603424598814237,0.7115042099893972,1.034489496374061,-0.6695414753293057,-0.2973021920164491
PhysionetMI,47,0,right_hand,mid,7,0.23403547058162846,0.6175266253611008,-0.42688026869328116,1.239390394137207,1.1164860519101285,1.4566462497713297,-0.2917842421535045,-0.08058342089859706
PhysionetMI,47,0,right_hand,late,7,1.8446962275935668,1.8606638042856944,0.951173778821999,2.9955284228250525,4.013879434322215,3.8820085905412642,0.31958654970411327,-0.12889500499864417
PhysionetMI,48,0,left_hand,early,7,0.6580214379325237,0.6045748368883682,-0.9771229345019284,-0.6200886814988011,-0.7355195317160099,-0.1871793223804005,0.19515187890982183,-0.5362647312145677
PhysionetMI,48,0,left_hand,mid,7,1.176842774404774,0.590382572274072,-0.2388087577769549,0.03437959954515606,0.6242606224203298,-0.35091164536819847,-0.6626164669084698,0.8215396794033695
PhysionetMI,48,0,left_hand,late,8,-0.7226592223407181,-1.494602760030865,-0.7893229021294871,0.9239441940534867,0.7105345202279595,0.16165711218217224,0.044090256564460216,-0.7021795916168874
PhysionetMI,48,0,right_hand,early,7,-2.4375995905231873,-2.07436626511877,-2.4910737341181353,-0.23443399492124373,0.4938687351750414,1.388033931422053,-0.010849601925856886,-0.7110155570845595
PhysionetMI,48,0,right_hand,mid,8,-0.20669552059248852,-1.556606840378118,0.6162437915995703,0.03339528724846168,-1.0220820792130747,-0.5155679026703461,-0.49766521654697765,-0.878333236684227
PhysionetMI,48,0,right_hand,late,8,-2.227100190405501,-1.2737844431708978,-1.7941520235393558,0.22920182058894814,1.5186773041725479,1.2216644111213364,0.1076650117505119,-0.6840483077219814
PhysionetMI,49,0,left_hand,early,7,-3.6805491673342914,-3.9048021292836856,-3.687558809610929,1.040031549177135,3.273637490197035,1.818027276394265,0.0009513490164056821,0.2722112366114747
PhysionetMI,49,0,left_hand,mid,8,-1.6413186164933813,-1.2021367539151024,-0.6874964325620954,2.063424112724439,2.6007235373654782,2.767140654724093,-0.4095740382295014,0.1456799724002773
PhysionetMI,49,0,left_hand,late,8,-2.978749732607671,-3.0797367460613843,-3.2549961546956876,0.7289498321298892,2.163986674777619,0.9550756855568889,0.044314674849140714,0.13427697564678961
PhysionetMI,49,0,right_hand,early,7,-3.337445368622904,-4.939715457242748,-6.522238937555152,1.5622005565648844,1.0595374019925619,2.780163688622052,-0.32301171822881425,-0.28048387083307313
PhysionetMI,49,0,right_hand,mid,7,-0.6621524688169295,-1.2446679057125312,-2.4971924957168454,0.8960238595782469,1.3953875899533263,0.3140060855613669,-0.5808292691997036,0.48099452113123253
PhysionetMI,49,0,right_hand,late,8,-3.3427812216332033,-4.345493824613342,-3.340928335991202,1.678968284322839,1.691024994604895,1.6114291676800885,0.0002772241411788771,0.020526127201331935
PhysionetMI,50,0,left_hand,early,7,-1.3881748240547191,-2.0345858205595695,-1.6033774870089978,0.5304165124179688,1.3483995812347167,1.711843246766451,0.07193678751943947,0.5268911104118481
PhysionetMI,50,0,left_hand,mid,8,2.9626980797845865,1.4264261711445754,0.10406779520898779,1.6192517606078625,1.2880119162044894,0.7921928085508827,-0.9321318943467077,-0.34297240858640465
PhysionetMI,50,0,left_hand,late,8,1.5453376377156816,1.473847002146798,1.294097385386573,2.0258333268064086,2.175300024217087,1.698945365128162,-0.08848247988947233,-0.0877603714781959
PhysionetMI,50,0,right_hand,early,7,1.5515000139848856,0.8401145044730366,1.6134698034617139,1.562436395348915,2.1149080665613704,1.989304643345448,-0.019579899035758776,-0.12018563384718264
PhysionetMI,50,0,right_hand,mid,7,-1.4005358184446677,-1.160861581569941,0.08719848085863584,1.500643071178704,0.9223191043027194,0.6045878678115333,0.8827768091392793,0.4256327354741227
PhysionetMI,50,0,right_hand,late,8,0.004938008934845056,-0.48436026404504895,-1.4230404797113962,1.8634137930122456,2.3893076730861758,2.653082300256815,-0.9930839169159665,-0.17484095877364164
PhysionetMI,51,0,left_hand,early,8,-0.9058620362787446,-0.3297257302403769,-0.47765321218942214,0.0308738087475372,-0.5116624249804537,-0.7609970013910121,-0.30950784573096457,0.9220231170230018
PhysionetMI,51,0,left_hand,mid,8,0.2529717420803311,-0.1573662464889286,-0.7577294294237176,-1.7519861313221898,-1.8072930510790894,-2.5144735853456597,0.49941337912198575,0.1787166654930896
PhysionetMI,51,0,left_hand,late,8,1.9492283617947883,-0.44610884999502576,-0.1453529652345,0.7964012365674867,-0.059572019437438194,-0.480429589399192,-0.8612104831081906,-0.24746555357408062
PhysionetMI,51,0,right_hand,early,7,-0.05276665056235341,0.6628812988143286,1.2322496283922906,-0.8304349656048978,-0.5484743002093287,-0.29213386628963395,-0.9178739578221081,0.4795261404209722
PhysionetMI,51,0,right_hand,mid,7,-0.5793038640199724,0.6294436515849685,1.2646230942867525,-2.221325143232301,-2.0201417805076582,-1.4704581750194063,-0.37166289433509214,0.2033886887403992
PhysionetMI,51,0,right_hand,late,7,-0.43918151851168247,-0.3124249578539522,0.04742584807042295,-0.49998045573185085,-0.7910320083918981,-2.119307309269684,0.805075503054799,-0.6182317480251676
PhysionetMI,52,0,left_hand,early,8,-5.786036708773294,-4.787651449499131,-4.860777564181312,-2.14999268670336,0.5159672051486611,-0.14339811086004256,-0.086904788688045,-0.8749466414425359
PhysionetMI,52,0,left_hand,mid,8,-0.7496840126724997,-0.38496569586190693,-2.467190468709385,-1.0262834514294559,-0.5119273918433807,-1.6579347770418165,0.5339053376117708,0.23532040685533284
PhysionetMI,52,0,left_hand,late,8,-2.675356246760449,-3.3203747183265553,-4.424816623214265,-3.4985391036954656,-0.9427420425089106,-1.2113009765720055,0.24639687068070593,-0.4856296791702466
PhysionetMI,52,0,right_hand,early,7,-3.369968858825719,-4.265081019901063,-6.456445714157512,-1.3615620766072554,-0.16369293110204225,-2.512032987949645,-0.3141000038628291,-0.297003401793107
PhysionetMI,52,0,right_hand,mid,7,-3.04239967532191,-2.1105348535612505,-2.2065927354569164,-0.9477531021486839,0.5787283197620442,0.16544720183197562,0.15923188194150573,0.7027539406154347
PhysionetMI,52,0,right_hand,late,7,-4.411662338680885,-3.6167259219880283,-3.94248959471553,-1.4061695311035456,0.09361711030435813,-0.5631650962974162,0.05616042749830753,0.42806561316534014
PhysionetMI,53,0,left_hand,early,7,0.07261064021669432,0.12600617913335124,-0.4228265840715498,1.8317039942438809,1.83287348328662,0.9211326389148794,0.7068825810534993,-0.3307756604082097
PhysionetMI,53,0,left_hand,mid,7,-2.4403457426188373,-2.3125353820271286,-2.572019819010078,0.8808042789291138,0.5826451663471802,-0.07448437816891358,0.026269846995846287,-0.8440589080264347
PhysionetMI,53,0,left_hand,late,8,0.25661688466646637,-0.4922749877994632,-1.61550995034372,0.4784941507826551,1.180622961872152,0.7945772600585421,0.7258552360154912,0.24828387990193831
PhysionetMI,53,0,right_hand,early,7,-1.2233889971495882,-1.1281588797869817,-0.27810011334951096,0.44654284491233004,0.27288255845253107,-0.21973713062636463,0.6295675920592329,0.3404060194103695
PhysionetMI,53,0,right_hand,mid,8,-2.232355849193561,-0.925769488214919,-1.0047467615116255,-1.5673068868105853,-1.7198983232525311,-0.8251616874153296,0.3792308231509866,0.3102006050948349
PhysionetMI,53,0,right_hand,late,8,-3.841342546534596,-1.9283415364277787,-2.22986242405932,0.9267636805960081,0.6815466266846526,0.682824593646709,0.26543003082263467,0.15155371771335013
PhysionetMI,54,0,left_hand,early,7,-4.177325152636548,-4.138602523042033,-2.574440386970862,-0.8222096577036007,-0.479548096791006,-0.19878161388183457,-0.23740231444098506,-0.6106105518940261
PhysionetMI,54,0,left_hand,mid,8,-2.5312778200637447,-4.237784715069463,-6.038876423330102,1.0816416932143933,1.5844153868244617,0.35498421086068754,0.4092806854637568,-0.5058084225632404
PhysionetMI,54,0,left_hand,late,8,-2.0901265874425574,-2.235010768730462,-4.34046684992725,0.38122330780131175,-0.2293094938294769,-1.53193160747985,0.3499428605464925,0.6014715747728289
PhysionetMI,54,0,right_hand,early,7,-4.585710490165135,-4.522625070631439,-2.9454265928510743,-0.2104822280322102,-0.2844157828091181,-0.6261927902124523,0.21780029751591368,-0.49686025411921536
PhysionetMI,54,0,right_hand,mid,7,-0.23345665692867115,0.4200454006339768,0.6695913976440099,-0.8349378041308284,0.13985229037546945,1.5013257265638753,-0.48295850758652714,-0.28523662406992756
PhysionetMI,54,0,right_hand,late,8,-2.999194421183672,-3.755749398160264,-5.817039635668309,-2.3572817986617447,-2.192954864780568,-1.3566317387560147,-0.31962005503864843,0.26943278291865413
PhysionetMI,55,0,left_hand,early,7,0.7309782810346176,1.2956991478696744,0.8686519284352431,-0.655716478330251,0.49288312503932963,0.43698516014304645,0.08606592110201046,-0.20017478741297756
PhysionetMI,55,0,left_hand,mid,8,0.4793239286816436,1.1409168843992707,0.8475642194710324,0.10805598725931598,0.2641978910240318,-0.08633140898276315,0.27752172728504765,-0.11175919167875609
PhysionetMI,55,0,left_hand,late,8,-3.029982460367558,-3.536250907347554,-4.814928286488104,-0.3276382884117234,-0.10512193164747821,-0.3984823261981469,0.22752914388936477,0.09756511020484739
PhysionetMI,55,0,right_hand,early,7,-0.18228029740610868,-0.17148650939290336,0.25801110826701706,-0.43812950790947414,-0.5049155213499716,-0.8214385221312269,-0.17200156506604916,-0.30431783363806614
PhysionetMI,55,0,right_hand,mid,7,-1.563313525461202,-0.049177402432112896,0.19602785928647798,0.3770705007601171,1.398958058745262,0.6284007834561945,0.7771576784518239,-0.24996266590743094
PhysionetMI,55,0,right_hand,late,8,-3.469685171692693,-2.8895596017312957,-2.919482609997826,-0.7719113702694631,-0.03665428316787632,0.7412754479782016,0.0861149026750536,0.02024596164982409
PhysionetMI,56,0,left_hand,early,7,-0.025755819183455295,-1.1332522844630446,-1.5019875651696117,1.178697141622724,0.834829136904024,0.18578762584642913,0.9662825322010977,-0.7276809089030315
PhysionetMI,56,0,left_hand,mid,7,0.8474967589535944,2.0605054010850283,2.484060188486105,1.3463040213423239,1.2236142592265253,1.2944277070685717,0.4912308135060423,-0.01964467413165426
PhysionetMI,56,0,left_hand,late,8,-1.720953333060658,-2.125742225175701,-0.965503651065227,0.4461840925234911,0.7824708653319783,0.9356352429915858,-0.28120669210761173,0.3542077736852991
PhysionetMI,56,0,right_hand,early,7,2.05753468436266,2.279179480777479,0.96185056329435,0.5711646861029224,1.5264485923515383,1.2048003173105808,0.3628831802495365,-0.35678384990119494
PhysionetMI,56,0,right_hand,mid,8,3.448830113747156,1.4706862510682592,0.9851525252140985,-1.9716766114851065,-1.8667681353620298,-1.208936884400421,0.5556353709833697,0.23980899536249004
PhysionetMI,56,0,right_hand,late,8,2.8115161077362822,2.3590655492145904,0.7097606720227233,-1.003778177972811,-1.3194785525630808,-0.876756453430263,0.5968731136941192,0.06754553860450664
PhysionetMI,57,0,left_hand,early,8,-0.9226887752644829,-1.9595518154085225,-2.159485391296474,1.5663083994219802,0.22606305435087665,0.7102334205973284,0.40127408420011196,-0.37604184175162264
PhysionetMI,57,0,left_hand,mid,8,-0.049198448298341774,-1.3773867923184415,-0.1910660214744228,2.1958386537283423,0.3845785849549425,0.16987561365612638,0.5904642218229579,-0.8563853496610638
PhysionetMI,57,0,left_hand,late,8,-1.9252090251062484,-0.9289968288360979,-1.5960490425542666,0.9949317681190515,0.7691690212515316,0.8682891106730946,-0.09347794913840894,-0.06796975006422988
PhysionetMI,57,0,right_hand,early,7,-2.9494514610851836,-4.758048045359539,-4.912079255572595,0.9509112910072315,-0.039623867941598966,0.7105222911511492,-0.2496495740109244,0.14468769768322076
PhysionetMI,57,0,right_hand,mid,7,-2.1143478533665236,-4.124565540826386,-2.7814785928111476,-0.6195839101658722,0.36353667076432333,1.439630573260981,-0.13626519378877786,-0.3982327580225755
PhysionetMI,57,0,right_hand,late,7,-0.13350966077576384,0.24876374382675145,-0.033764858447054714,1.3323090362524985,0.3796884070806876,1.7591795148409946,0.5962940607579553,-0.13807926878380555
PhysionetMI,58,0,left_hand,early,8,0.43982730705375184,0.2819410377597409,-0.2596310403316901,1.6914864136901229,2.2441071480552224,2.381449314242897,-0.2576225838116465,0.16940186308879576
PhysionetMI,58,0,left_hand,mid,8,0.3839712188663735,0.5965433731939025,0.2594814123685334,-0.0024664679916184262,0.04333491812157425,0.08489848736847677,-0.19347159441856765,0.9435364447574591
PhysionetMI,58,0,left_hand,late,8,0.4860620489409078,0.9665944896551915,1.1062521816199902,0.5216676730785303,0.7955675130313484,0.6808953981560562,0.3894897883696099,0.13240696383105957
PhysionetMI,58,0,right_hand,early,7,2.775566362929481,1.9405635749066479,1.1304167525477236,1.1874938068130405,1.1191491627064996,1.248281226585876,0.4211870767856008,-0.024956089515381828
PhysionetMI,58,0,right_hand,mid,7,0.8627065501302935,1.308524342427787,2.936370884567798,0.8674198684670672,1.1022972260729886,0.6406530955234355,-0.5458336583240231,0.15036856860266593
PhysionetMI,58,0,right_hand,late,7,3.3204131528478635,2.9405405194258605,1.365471887666647,-0.04179296567294377,0.3250227033068537,0.1658139304411935,0.4171978715394528,-0.597383647121558
PhysionetMI,59,0,left_hand,early,8,4.162097096717337,4.3577351389233145,2.7950568006011975,0.7820198449447603,2.7331695902112156,3.7031473864087,-0.19649418660165505,0.6512862042342287
PhysionetMI,59,0,left_hand,mid,8,0.7017719857494391,4.053097764220407,3.153440730863708,0.8734870435514341,1.7645894781938607,2.0813701614506694,0.6359360495334977,0.4087788458455729
PhysionetMI,59,0,left_hand,late,8,0.09344941645654015,-1.2310454097899737,-1.69869465910722,-0.34915843958259374,0.6143579254795675,0.9984648454541967,0.8957121609464983,0.4818159593123064
PhysionetMI,59,0,right_hand,early,7,-1.0034230542887823,-1.0670549503903757,-1.4158145600716998,-0.9579279828254194,0.24551891783161592,1.3989190758529493,-0.1704634151416052,-0.18711061093409312
PhysionetMI,59,0,right_hand,mid,7,-0.5670682611823337,1.0099937267250252,1.4285436382482375,-1.097754728629817,0.2296562664431804,0.8467126037510749,-0.43168482674998965,0.12910585881191175
PhysionetMI,59,0,right_hand,late,7,1.8051624558387327,1.4482618857463125,1.032716399422565,1.1554666479851827,0.9336810002989981,1.4948839367289657,0.27219134283483876,-0.12806505324290543
PhysionetMI,60,0,left_hand,early,7,-0.9781739277132608,-2.5797096785260267,-5.957935925574548,0.09764904779002613,0.041372856066218135,-0.7943874210045606,0.7179473946048899,0.7810648976672898
PhysionetMI,60,0,left_hand,mid,8,0.7282320557466594,-0.23708782880957988,-3.2587610925181543,1.3332486646842172,0.2524533973977455,-1.2678199292095207,0.6346961087386896,-0.025154559794500174
PhysionetMI,60,0,left_hand,late,8,-0.5685463090616175,-0.6114199460207271,-3.3779664883479246,0.8164993864941357,-0.2934031419513046,-0.8539030225125421,0.7118740831476301,0.022391991185314992
PhysionetMI,60,0,right_hand,early,7,-2.328321305879247,-2.398526610416972,-3.925555517042676,1.6778132108584032,1.7183807195333678,-0.6151074807890432,-0.2553990518823766,0.4634725195426684
PhysionetMI,60,0,right_hand,mid,7,-0.6265941957146574,-2.921838261722797,-0.8139042158725067,-0.18260062652799394,0.040724376428617544,1.5368663769411017,-0.13003139652994702,-0.7876078736496953
PhysionetMI,60,0,right_hand,late,8,-0.9408499700744345,-1.3354647425771895,2.368868312826197,0.9644837392836259,1.7548659436157614,1.9564851750000531,-0.43146220333298263,-0.3396138284339461
PhysionetMI,61,0,left_hand,early,7,1.0222573202252285,1.2368634162613212,1.21885628573317,-0.47340918543797744,-0.3075770451468539,0.16968935977576752,0.08772378383016737,-0.47227571563120757
PhysionetMI,61,0,left_hand,mid,7,1.6986507267053703,3.1630877757561566,3.617789805335447,0.805589160850687,1.2594025670245232,2.16084597774485,0.36098195156400603,0.4568637956250112
PhysionetMI,61,0,left_hand,late,8,-2.890643316353735,-2.373875374263445,-2.5705875116004555,-1.0776386769123716,-0.19600427661028588,-0.2818405739120594,-0.05860506813134912,-0.5853698042965461
PhysionetMI,61,0,right_hand,early,7,1.0988017829016674,1.3610753000695923,1.4118985893903258,0.20890786902809272,0.3933312113700704,0.5071618396860585,-0.12470496676703617,-0.4165152736226498
PhysionetMI,61,0,right_hand,mid,8,-1.3581282056289896,0.10524259975652761,1.1369316705298191,-0.06347038628468496,-0.14669240007090706,0.6632617925342214,0.08865379833677846,-0.8253266110003887
PhysionetMI,61,0,right_hand,late,8,1.2485632219027156,0.8221791275613739,-0.024026628171399667,-0.1259843466728393,0.6514832118296001,1.0492547805819825,0.9622397928602049,-0.7856021915010278
PhysionetMI,62,0,left_hand,early,7,-3.8623133334425552,-3.4001455941955387,-2.8210810293914714,-0.7735966322485684,-0.32539150287922436,-1.970270944749247,-0.15579393456733856,0.43612684611041314
PhysionetMI,62,0,left_hand,mid,8,-1.9013417136227277,-2.4347591858947397,-4.029965403888488,-1.837464786356554,-1.6772015079993121,-2.31378557325801,0.3588793579717608,0.11474152258686744
PhysionetMI,62,0,left_hand,late,8,-1.2493545166617914,-0.46047724295805337,-0.5592850319758229,0.17726997038200154,0.4762710881311609,0.6747950847469916,-0.38154063655512455,0.5839050802167568
PhysionetMI,62,0,right_hand,early,7,-1.869230364399067,-1.4714710597100134,-1.8753422751769162,0.47803564910374163,1.078959579360635,0.12503426438332044,-0.001632205158274403,0.585340732186923
PhysionetMI,62,0,right_hand,mid,7,-1.9025749031906918,-1.3290736932917944,-1.7370063421679718,-2.1781790766076976,-0.7902002301635125,-0.29950442351285467,0.04549110182218339,0.7582383516714041
PhysionetMI,62,0,right_hand,late,8,-2.2541373749117026,-1.2281418020479107,-0.6183324528993791,0.007546848167290211,0.41274203692804545,0.5247676831819988,0.5694767987376431,-0.9716451544234166
PhysionetMI,63,0,left_hand,early,7,-0.005968954123142372,0.9565638196084357,1.433275812406197,0.4685126433197758,-0.06252201833618345,0.5973665423703766,0.9917054357091236,0.12088977886097697
PhysionetMI,63,0,left_hand,mid,7,-1.4058637609913966,0.11167954448797804,1.7603346382339953,-0.8466177783229349,-0.258242339418724,0.4434139063583675,0.11195472694614451,-0.312553464191988
PhysionetMI,63,0,left_hand,late,8,-0.4228807091814925,-0.6821574800849454,-1.5243594812926176,0.1305168380435292,-0.12234748431328363,-0.6902994345066576,0.5656614820809236,0.6819828202527526
PhysionetMI,63,0,right_hand,early,7,-1.5881939823320457,-1.162517896386619,-1.2313069263919634,-0.9638496468534844,-1.018797230123657,-0.7513226693950592,0.12657809573169984,0.12390998586268469
PhysionetMI,63,0,right_hand,mid,8,3.613913603829951,2.3376155206715494,2.6430808683968126,1.4845277703268038,0.4606104384612253,1.211839193060336,0.1551595961515425,0.10113184925093431
PhysionetMI,63,0,right_hand,late,8,1.5465895428598302,1.3102890461513468,0.39773879622890307,-0.06725185806547657,0.633885755332737,1.0026607721281753,0.5908728086375422,-0.8742853272919974
PhysionetMI,64,0,left_hand,early,7,-3.7506948794069426,-2.0597862030662673,-2.0355253598669685,-0.3612322732321899,0.1344148283051619,-0.1812816136915035,-0.29642313092375544,-0.331697794062177
PhysionetMI,64,0,left_hand,mid,8,-0.5253553378366744,-0.956415725064449,-0.285510205023705,0.39786527926643306,-0.6644741488567663,-0.36810851912205733,-0.2957890305301426,-0.03884827419290332
PhysionetMI,64,0,left_hand,late,8,0.03127585097428076,-0.12685641838516426,0.5544244065123662,0.5266354268135249,-0.3354697803487514,0.9299721532496578,0.8932018534241679,0.2769014331359153
PhysionetMI,64,0,right_hand,early,7,0.6024151095007813,0.7377045719026564,1.4430873505179278,-0.7420966030497905,-1.2810070811598842,-0.10773938199338327,-0.4109856905327101,0.7464466464363477
PhysionetMI,64,0,right_hand,mid,7,0.5620355975041968,-0.6792360379660174,-1.4101691026303398,-0.5994187259619885,-1.3340554703258305,-0.863888891540957,-0.43004334441971787,-0.18073449657172727
PhysionetMI,64,0,right_hand,late,8,-1.6695873757045854,-2.877652893775785,-0.5131652653006433,0.9604390471212683,-0.16616416517523358,-0.3085432927670953,0.529799890596569,0.5137153874115556
PhysionetMI,65,0,left_hand,early,8,1.4962284521053235,0.6959513216857793,1.4637827760357336,0.8433429447851313,0.017560463147834438,0.3405096281242482,-0.010961335471003069,-0.424743188609325
PhysionetMI,65,0,left_hand,mid,8,1.300717156603462,0.44980358317260566,0.16594285661090014,2.642989333429589,2.116236174934564,1.7188055416227026,-0.7737132599023869,-0.21188153461613818
PhysionetMI,65,0,left_hand,late,8,0.8804489123642113,1.6907723229888387,0.05985963970703445,0.38926043490547513,0.605711929551684,-0.7203179751746405,-0.8726808565652628,0.2983633578858675
PhysionetMI,65,0,right_hand,early,7,-0.26285298282439895,0.43376761605310826,-0.6833119147015702,0.507022737264748,0.6873188832345339,0.6559390066114953,-0.44438229845197885,-0.12804915564152403
PhysionetMI,65,0,right_hand,mid,7,0.7343548205441801,1.7946794521753906,1.7576486168345353,-0.04502709313374601,-0.1923889547924013,-1.3178463632390156,-0.41063097303217844,-0.9339232957789289
PhysionetMI,65,0,right_hand,late,7,1.6695201441121905,1.2261029182420504,3.165394718169832,1.0808219389512765,0.8318251580477726,0.9349636497394792,-0.30939005477163795,0.07235803749670205
PhysionetMI,66,0,left_hand,early,7,5.867081374123029,6.22231780272154,7.155944667345942,3.797764983462684,5.207706512227268,4.093335637248483,0.09896803470397819,0.03745620135802568
PhysionetMI,66,0,left_hand,mid,7,3.136830038268347,3.086498326025339,4.007644492197414,0.07294453997431072,0.8288236246347779,1.329495159140014,0.12188642428714733,0.8959747930404751
PhysionetMI,66,0,left_hand,late,8,2.8115467840100026,4.584024351986701,3.2659357783946055,0.9616622113511759,-0.2995170856168529,-0.43655009831505787,0.07476598899607867,-0.37555964098289707
PhysionetMI,66,0,right_hand,early,7,2.7913327692834486,2.744913157368124,4.30954191469874,2.711964889678854,3.523177879753693,2.649969739098377,-0.21380593419568358,0.01156208623800674
PhysionetMI,66,0,right_hand,mid,8,1.5252566788436999,2.2269138047795622,1.9446499179329206,2.5391664564506384,2.9082536141293076,1.727253531694488,-0.12086585831411638,0.19030309416610872
PhysionetMI,66,0,right_hand,late,8,4.643464152045182,3.6042492038843776,2.805350680351183,1.7127143174238775,2.28158730757755,1.1536573070159521,0.24676589673026647,0.19503996119734857
PhysionetMI,67,0,left_hand,early,7,0.49235188643971817,-1.8437038724206565,-0.4460134528618362,1.3274339797008572,1.2193087207128142,1.521099680270366,-0.049382081410181536,0.06798785750401323
PhysionetMI,67,0,left_hand,mid,7,-1.9803109314703768,-2.2164073671149067,-0.36743573119329376,-0.9468507989900975,-1.8298156695779617,-0.5701408583292283,-0.686988603126017,-0.24832696926399242
PhysionetMI,67,0,left_hand,late,8,1.0140871832488656,1.690314889971885,5.47252458747395,1.0790965468455127,1.2946955782977998,0.6187154731023408,0.6873291576271215,-0.27116139380219023
PhysionetMI,67,0,right_hand,early,7,1.1389619686492825,-1.1668133313577436,-0.5942570529640216,0.5740674953784289,-0.7298051900926783,0.7219490580422477,0.3142735620211703,-0.11410468660566377
PhysionetMI,67,0,right_hand,mid,8,-0.29289176472875517,-1.988240831996199,-1.3660409088721557,-0.009334734154991281,-0.6778477506639116,-0.3923510515422847,-0.6468913182679092,-0.9535222082166173
PhysionetMI,67,0,right_hand,late,8,0.3302993361753709,-1.0178978993079075,-3.0023986143680372,-0.2729816622020974,1.2936816425220843,1.2575487087863504,-0.8017826151202726,-0.6432848803571272
PhysionetMI,68,0,left_hand,early,7,-2.877378777131568,0.16878684848753092,-2.4213737187213478,-0.4347123545414605,0.5845633787105219,-0.4768717476196177,-0.08605894666095729,0.0462484953151449
PhysionetMI,68,0,left_hand,mid,7,-0.280404205746419,0.047859319774205336,-1.4152969420278194,-1.6166875328185475,-1.099777022066593,-1.0819740711158752,0.6692763862140745,-0.19814024141563538
PhysionetMI,68,0,left_hand,late,8,-1.4285631304649526,-0.17628852469659828,-1.1281099194676054,0.8249465954987258,0.8028172221629908,0.11839915834472237,-0.1175172597862182,-0.7489803545257253
PhysionetMI,68,0,right_hand,early,7,1.5791950272247248,-1.0194715587845045,-1.249257203865375,-1.2345772825217287,-1.1436559255257617,-0.4114734333984832,0.11664960070129592,0.5000476845351
PhysionetMI,68,0,right_hand,mid,8,-1.1494028434382892,-2.155547485600198,-1.6049595522428364,-1.6237540352178572,-1.271025195421095,-1.0299761589187708,-0.16539461529058982,0.22375216501324385
PhysionetMI,68,0,right_hand,late,8,1.031412315195725,-0.26428216831346685,0.00739460813502979,-0.7811728400134833,-0.19371200100110364,0.7407202088661642,0.9857632675159301,0.02658046909216033
PhysionetMI,69,0,left_hand,early,8,-1.2593097579255044,-1.5161890837322602,-3.3613515123788136,-0.7467344418431882,-0.6711150040819424,-1.5697597305533146,0.454922278757488,0.35528916865725374
PhysionetMI,69,0,left_hand,mid,8,0.42769822382659317,1.444928783401628,0.1678705971852188,-1.5186591575614694,-0.9375535553876628,-0.10376944165052082,-0.43626801382912084,-0.8720813455816528
PhysionetMI,69,0,left_hand,late,8,-3.7105776122156255,0.20940156850691583,-1.402563847741032,-1.947108563318157,-2.266115955430025,-0.7289558596201171,-0.4513885998558229,-0.4552030561209467
PhysionetMI,69,0,right_hand,early,7,1.723659865107301,1.2191199177312166,-0.366362391723947,-0.40850200933579056,1.463019008656976,-1.0580383960586104,0.6494177126329733,-0.44290384658589627
PhysionetMI,69,0,right_hand,mid,7,-1.3350653056851711,-0.5498368242874944,-0.6436875239969783,-0.3049351394243676,-0.771031930505434,0.07174440068527875,0.349400779782713,0.6190692987232865
PhysionetMI,69,0,right_hand,late,7,0.6783823683399642,1.4801795897883296,1.2042097388532074,0.7004228388085539,1.9735890762502262,0.4700685628088697,-0.2793103022710635,0.19680133974617248
PhysionetMI,70,0,left_hand,early,7,-3.1935549988068397,-3.0107826186103672,-2.0496303649585927,0.6833658495350521,0.4489536338458045,0.843753385497702,-0.2181736014434418,0.1050262037719732
PhysionetMI,70,0,left_hand,mid,7,2.0592480650356495,-1.411860578837694,-1.8477718650717532,1.8397900852095255,2.1713270258874315,1.594376861486334,-0.054127238597956914,-0.07146222869546649
PhysionetMI,70,0,left_hand,late,8,-1.264486421909167,-0.647709241342151,-0.4916590168045837,-0.5677715802463659,-0.5158701960727866,-0.596885420414848,-0.4400702744020013,0.02499778059287266
PhysionetMI,70,0,right_hand,early,7,-3.6008200564123882,-3.529872633627563,-3.9764293755231526,0.34326543054344977,-0.6544223211566249,-0.4144387518048448,-0.049570668417974764,-0.09393286050079992
PhysionetMI,70,0,right_hand,mid,8,0.279283299125426,0.20660949590435207,0.25195589317852046,1.6349462510805537,1.8324518404982728,1.2517792382387969,0.05144086946670579,0.13273413570477816
PhysionetMI,70,0,right_hand,late,8,0.515085827679444,-1.5031058646771027,-2.255558128754929,-0.23124697121786864,0.0014565164063387315,-1.6410399766916262,-0.6281833134977589,-0.7529791344472407
PhysionetMI,71,0,left_hand,early,7,-1.382445550591475,0.2668017257269157,-0.6095419916617966,0.7603503379367054,-0.13402450624066073,-0.4079641648498452,-0.3880062211912204,-0.3016192748154566
PhysionetMI,71,0,left_hand,mid,7,-0.1891883341839073,-1.495772836563255,-2.341299929281291,2.0623784146679007,1.4581528399492452,-0.05426564509451217,0.8504728617671304,-0.9487248270730949
PhysionetMI,71,0,left_hand,late,8,1.7561379720688297,0.7432295417698301,-0.1462554500983282,1.7880162921164096,2.974962655284679,1.1206379190584739,-0.8462405847348676,-0.22944575896780928
PhysionetMI,71,0,right_hand,early,7,-1.6132370998542094,-1.8037320857231074,-1.5324056864232634,0.33552554710609245,-0.6299852916041039,-0.1067931537245019,0.025696310395943344,0.5171212362309633
PhysionetMI,71,0,right_hand,mid,8,0.7892445726802741,0.59906690442385,-0.21230525930231606,1.7058312811624763,1.674165407846028,1.0295120775487763,0.5760465380298591,0.2472520319834163
PhysionetMI,71,0,right_hand,late,8,-0.3473731486251413,-1.2811784573152352,-2.709851135761917,1.8700823395656918,0.5832749161924927,-0.5687119186552784,-0.7727525910355079,0.5336122210898289
PhysionetMI,72,0,left_hand,early,7,-0.634178274915214,-1.8362105990624695,-3.2770583275492506,0.10920549095686125,-0.09134844362202355,-1.5301449549787667,0.6757146962085498,0.8667698035796926
PhysionetMI,72,0,left_hand,mid,7,-2.2228396341515726,-2.3355412335664854,-4.556804485050681,0.09386230029534197,0.21850843684076546,-3.083426766394443,0.3442606735490035,0.9409167385622038
PhysionetMI,72,0,left_hand,late,8,-2.438365537252568,-2.3226972973609206,-3.087517763935119,-0.1997996026372686,-0.5014049405342207,-1.7336867871513062,0.117474834574054,0.7933271175918476
PhysionetMI,72,0,right_hand,early,7,-4.690346019344083,-3.1395978609146478,-5.0485609266688956,-0.638439006312956,0.06197801013366729,-0.3149319762247787,-0.03678183900005974,0.33932963768946345
PhysionetMI,72,0,right_hand,mid,8,-5.381938679155063,-2.0478208694048625,-1.7748236120765055,-1.4317697135940628,0.5191594308791804,0.6814836419187461,0.5040149330512176,0.3550383912643782
PhysionetMI,72,0,right_hand,late,8,-2.9408912830945533,-2.1190639559179374,-0.1184639421742325,-1.0958120174874764,-0.8272544063507735,-0.050460069637559724,0.9225562685916443,0.911957954478123
PhysionetMI,73,0,left_hand,early,7,0.4275761554795366,-0.5983992322848378,-1.0740845285385967,1.64262937767098,0.9553388541103356,-0.27753634468493665,0.4305289336930215,-0.7109245921290399
PhysionetMI,73,0,left_hand,mid,8,3.923045748162234,4.526545019851797,3.7262769376135143,-0.3651387878766157,0.21134367113317926,0.9909474491653353,-0.025723690662785084,0.4614814634899654
PhysionetMI,73,0,left_hand,late,8,3.9847047424014344,3.605141457085548,2.979532502913117,1.1423334072101283,2.3017540301159345,2.0415998824883794,-0.14433342864138984,0.28243885579757366
PhysionetMI,73,0,right_hand,early,7,3.0249085997668557,3.0361077729783696,3.2494864997859545,0.19798628951524,1.1359053061679965,1.1344252290821217,-0.03579275714325114,-0.7028151036645773
PhysionetMI,73,0,right_hand,mid,7,1.6402488107050242,2.6693998078583903,0.6022549652542768,0.6151993261955837,1.683208951087852,1.6134819417723303,0.4628727302841277,-0.44792525065146227
PhysionetMI,73,0,right_hand,late,8,3.838203362221649,2.9504737852175515,4.381404322081108,0.9757725585486516,1.595747579110927,1.5835181761504384,-0.0660859959164264,-0.23746642355318137
PhysionetMI,74,0,left_hand,early,8,2.2015006260256498,1.695287470335261,2.484157527913235,1.528019410491808,0.37870546246211684,0.48325526087525544,0.06032384194522954,-0.5194537397054905
PhysionetMI,74,0,left_hand,mid,8,-2.7020444911036647,-2.122285697316231,-0.5551246052250702,1.9429909387038808,1.3888133302779333,0.9528430738344458,-0.659136760292384,-0.34192148465081623
PhysionetMI,74,0,left_hand,late,8,2.521891140093655,1.7451158110954135,-0.7666509821609094,0.8541479662555267,1.212263826994096,0.5609197156722571,-0.5337441616011247,-0.2072185340165476
PhysionetMI,74,0,right_hand,early,7,0.8451659570227499,-0.2098651082368806,1.0986648367930827,1.122902080209789,1.6702132783373516,1.7392658568064054,-0.1304120094078263,-0.21534857148849712
PhysionetMI,74,0,right_hand,mid,7,0.06769956923038437,0.6854503578825986,0.34842860521593294,0.42374003798402043,0.9829287448240508,-0.8701518021556804,-0.6746215546665996,-0.34501474568651824
PhysionetMI,74,0,right_hand,late,7,-0.32022104801240353,-0.8012079801534622,0.2711443191425171,0.583155465757273,-0.7035101604699824,-1.2715307893361956,0.08298884512969758,-0.3711545937694089
PhysionetMI,75,0,left_hand,early,7,-0.030579942917379484,-0.9723383573007318,-2.045630516927255,2.0785375716701204,0.2371565240753529,-0.9544565527063258,0.9705425403553087,-0.3706176052005688
PhysionetMI,75,0,left_hand,mid,7,0.05060103616665769,0.1703870202653889,-0.5858784579181936,0.5046811152989222,2.1053590727586413,0.9283455673395119,0.8409971204511049,0.29564310083923545
PhysionetMI,75,0,left_hand,late,8,-0.6722002275979606,0.17472101901196063,0.023069380850110566,0.03211579393079042,1.5918748619982082,1.6523923198208719,-0.9336390356494819,0.9618692321294156
PhysionetMI,75,0,right_hand,early,7,-1.2741117656436038,-0.41839627944023855,-0.8947489697281884,1.1165107996240144,0.43196509939029715,1.53656970337922,0.17491339564980596,-0.15832874399389962
PhysionetMI,75,0,right_hand,mid,8,-2.693274959465803,-1.6110690720306584,-1.375775329218238,-0.4156675609815541,-0.8792996206091319,-0.218540322054532,0.32378553637233454,0.31082432779506414
PhysionetMI,75,0,right_hand,late,8,-0.2856667495669435,1.1614377043337025,1.7793534730710743,0.1224640024510451,-0.1418696689821791,-0.6211301803905618,-0.7233278914799095,-0.6706160288047031
PhysionetMI,76,0,left_hand,early,7,-1.252777117815586,-1.844227795615923,-1.7775248968153738,1.1102575207578849,1.107655171325296,1.0263190074846276,0.17316682511056355,-0.03928645296047633
PhysionetMI,76,0,left_hand,mid,8,-2.1313972913970236,-2.107731258233366,-2.1239453824273875,0.2469311713878093,0.12245807389726426,0.25321212503270885,-0.0017511889266813934,0.01255830816858247
PhysionetMI,76,0,left_hand,late,8,0.046623942858450396,-0.16918831324020245,-0.016122602188510582,1.6062936605977742,0.8408596962749739,-0.016279373764952032,-0.4861039065515384,-0.9799338785741059
PhysionetMI,76,0,right_hand,early,7,-0.9376199201196672,-2.48494597526589,-3.4469690048831536,0.35440222226563334,0.24773883289229534,0.422546041599363,-0.5723111396952387,-0.087707023109547
PhysionetMI,76,0,right_hand,mid,7,-1.6957618329825865,-0.6243052517983257,0.312690860693829,1.719527658211484,2.4166271207615373,3.0079645445042678,0.6886251175560851,-0.2725413033050862
PhysionetMI,76,0,right_hand,late,8,-1.147598465320527,-1.4119262804718133,-0.8421624025350999,0.8013388619326679,0.6106862092366153,0.9162548996294149,0.15350390477555056,-0.06690524864985271
PhysionetMI,77,0,left_hand,early,7,-0.4981365455453667,-2.5107807220682488,-2.092384096142214,0.22220630929657595,-1.5791614508309333,-1.3297410808319416,0.615415883950758,0.7136419562802642
PhysionetMI,77,0,left_hand,mid,7,-2.702171705829042,-3.5517559810414014,-3.4812392371782788,1.3440125269570073,1.2138135429159658,0.711609941331554,0.12599316761087445,-0.30764529741298724
PhysionetMI,77,0,left_hand,late,7,-0.33002238317936666,-1.422521044325683,-1.501466476310267,1.9877753477742162,1.3908772030740706,1.6653186410693468,0.6396130050484375,-0.08826947997769624
PhysionetMI,77,0,right_hand,early,8,-1.6812197578816948,-2.6298255083794793,-1.2591176817288745,0.7553907340644828,0.7396783355552871,0.4380129932028172,0.14355565809097245,0.26594331290418277
PhysionetMI,77,0,right_hand,mid,8,0.17354956420301254,-0.9324843496201977,-2.2897719257605536,1.660281520830056,1.3697936636523487,1.5520447604199132,-0.8590930457838213,0.033694198824668
PhysionetMI,77,0,right_hand,late,8,-0.44555947781851846,-1.0122709425613856,-2.130759827203229,2.008795054322347,1.5395475953255549,0.9366051969171196,-0.6541116025874306,0.36402178513906036
PhysionetMI,78,0,left_hand,early,7,1.6275145789031313,0.9289755866223001,1.231740152942484,1.4799270797740323,0.28356401125209196,-0.677426212515245,-0.1384187360267756,-0.3719839815421297
PhysionetMI,78,0,left_hand,mid,8,0.6174200185760846,1.5714402025979255,0.5305915298464925,0.37797665847772677,0.6159754662949866,0.5879973062789893,-0.07563381121810026,0.2174185386602598
PhysionetMI,78,0,left_hand,late,8,1.3188714993783788,1.0597846662006605,0.7948232239188404,-0.14393632868806355,-0.6748817417977682,-0.4606303721396543,-0.24792997289696542,0.5238363988919701
PhysionetMI,78,0,right_hand,early,7,-1.9925508360010888,-1.1490107670460326,-1.4025253067686976,-1.2110252883918022,-0.3302990018882862,-1.0270653814994508,0.17378859984890763,0.08219501978500712
PhysionetMI,78,0,right_hand,mid,7,1.0367841612201085,0.768055104519659,0.7469485533027455,0.7518743660310062,0.8610449467379705,1.8161037087381793,0.16248825037382,-0.41442306426343917
PhysionetMI,78,0,right_hand,late,8,1.5875546181867977,0.535037010757258,0.9653821932922422,1.1847894969506474,1.5872964573982629,1.6346287298325968,0.24370850939083796,-0.15955037411926784
PhysionetMI,79,0,left_hand,early,7,1.1716370208683133,3.542826915953067,2.063583622785106,-0.10577271816242408,0.2526697313578495,1.3374899537878282,0.27569884720738835,0.8534255472435996
PhysionetMI,79,0,left_hand,mid,7,0.06100747459196202,0.2962439708551382,-0.20631373018497928,1.4471933274543323,2.124433882877388,1.2265338232374627,0.5435642702353672,-0.08252880409273494
PhysionetMI,79,0,left_hand,late,8,-0.04183829199640596,0.9041454636392392,0.7164132666335583,0.500978117564851,1.4175786568568507,0.34296040990340493,0.8896453518090991,-0.18723840957407858
PhysionetMI,79,0,right_hand,early,7,-0.9954403810403897,0.24497344986678568,1.2824105355959285,1.5451390659284712,1.4322582735058373,1.5703092663217735,-0.12598285184497723,-0.008079158345445012
PhysionetMI,79,0,right_hand,mid,8,1.957945609093096,1.4134336528944555,1.1667735660899274,2.700583300890868,1.7293435964142303,0.8489984662283923,0.25319780711392326,0.5216346477250388
PhysionetMI,79,0,right_hand,late,8,0.06436154936845606,2.6269614783317,1.7298807552281241,2.266609206650143,2.473271054878411,1.6439384681709033,-0.9282576838105184,0.1592285250704006
PhysionetMI,80,0,left_hand,early,7,-3.6578588997958508,-4.6771341639387884,-6.051878925090514,-0.9457013893194528,-0.4463607845155996,-1.0241106188097635,0.2465586680578248,0.039805437862457785
PhysionetMI,80,0,left_hand,mid,8,-2.403855395087914,-2.402426140149605,-2.9155920294560014,0.6806610805584239,1.2097776964464295,0.03428953120752806,0.0962010888587668,-0.9040786016733889
PhysionetMI,80,0,left_hand,late,8,-4.105405740496622,-3.7446024698279006,-5.082897443431199,0.8480756602757828,0.5673821047582954,-0.799557342468008,0.10638435447411065,-0.029447284514802528
PhysionetMI,80,0,right_hand,early,7,-0.4804850555382041,-2.7846703600306073,-4.431499674498,-0.33350411712634054,-0.5524768609800389,-0.46883583065224366,-0.8043621542224694,-0.1686712893962119
PhysionetMI,80,0,right_hand,mid,7,-0.7228310844340415,-2.854897107752517,-4.0517943127361224,-0.8955165171834825,-1.057001469652547,-1.643341340639293,-0.6972197714767527,-0.2945516706071586
PhysionetMI,80,0,right_hand,late,8,-2.227265352679754,-3.240447169539027,-5.329821525261809,0.2406077932319639,0.027652708990299257,-1.3558309410393434,-0.41054922653306125,-0.6985693367784777
PhysionetMI,81,0,left_hand,early,7,0.26345463579357703,0.3760163224870797,0.25240123324325137,1.9775233079906769,2.1662245018595816,2.115759827588229,-0.02142730792413749,0.03377155085999233
PhysionetMI,81,0,left_hand,mid,7,2.2754862334040418,3.098827046555815,3.057444140665667,1.7745927985258294,1.9015474193860464,1.9942829477731703,0.1466281860839093,0.05829063201753852
PhysionetMI,81,0,left_hand,late,8,4.651999428685186,4.215303838662629,4.246418820835288,2.9639819242963497,3.010923616488852,3.04179783117507,-0.04557895532408294,0.012956836588592518
PhysionetMI,81,0,right_hand,early,7,1.48069827624389,1.1619593038336693,1.1121203610194652,0.2674787452143081,0.339340668800606,0.3706429171585283,0.1421533731389127,-0.16166849995439322
PhysionetMI,81,0,right_hand,mid,8,-0.43298309880871133,-1.2464995980789326,-1.1928128958888133,1.5836243148792093,0.598431998938613,0.5917781668788359,-0.46735863512904424,0.45593684677550605
PhysionetMI,81,0,right_hand,late,8,3.1976323730911775,2.2764753541608584,2.2484378380603443,0.8372423295412069,1.516185994146423,1.591575782619327,0.17428980865638433,-0.3105763454666885
PhysionetMI,82,0,left_hand,early,7,0.23959987685498202,0.43037890337420726,2.0469219094851647,1.955592705507161,2.4727165944745773,2.8420575421992953,0.7904241470285831,0.18477062539436132
PhysionetMI,82,0,left_hand,mid,8,1.696704329187141,0.29554418297785423,0.2486156214863352,0.9526451192901073,0.9754813527945078,0.04534554596779184,-0.7443961633146632,-0.9091263124067925
PhysionetMI,82,0,left_hand,late,8,-0.11846073976686422,0.9820600412971014,1.7074263698639216,1.0275853406971929,1.2825451671985477,0.8185333150456512,0.8702430844250626,-0.11323867239043907
PhysionetMI,82,0,right_hand,early,7,-0.28096825735044517,0.18860834535763585,1.7921983011678173,-0.5744371097653601,0.4221076509083887,-0.16538410303894416,-0.7289477237648873,0.5529079183548873
PhysionetMI,82,0,right_hand,mid,7,-0.2866992478823411,-0.23924894074278452,0.17700471813359173,-0.09971204952077081,0.5277742498707731,0.3889346784271882,0.23656155174006052,-0.5918849188267145
PhysionetMI,82,0,right_hand,late,8,0.0049758731460802785,-1.374501614464349,0.21436470727016266,-0.24643440528665517,0.4871051812179225,-0.37258197606410515,-0.9546287956689313,-0.2037871283829071
PhysionetMI,83,0,left_hand,early,7,0.7210028980997986,-1.181482803965568,-1.0085698179158769,0.27297768481781454,-0.14583525816288034,-1.4233431038536903,0.16626471795793063,0.6781532282798934
PhysionetMI,83,0,left_hand,mid,7,-1.7119010166598745,-1.9304958727643846,-1.2171175127322853,-1.7671670261583046,-0.7351929181195622,-0.9777188311604236,-0.1689246752666561,-0.287606930136262
PhysionetMI,83,0,left_hand,late,8,0.32200195468384973,0.23116463888954164,-0.08792260189530321,0.7168910901052699,0.9518084201142036,2.6027302301052826,-0.5710303250479891,0.5680886336398153
PhysionetMI,83,0,right_hand,early,7,-0.66015366359246,-1.8904910430928847,-2.077062148956014,0.6590411219020498,1.2967044596046686,-0.446819667825691,-0.5176458790234545,0.19190612059643328
PhysionetMI,83,0,right_hand,mid,8,-1.1970175319908392,-1.9389904597085614,-1.685924802808722,1.0322212851486978,1.0684788189795988,0.9315910912909748,-0.16958621229303028,0.05124226482377212
PhysionetMI,83,0,right_hand,late,8,0.8495804017691713,2.2839924242842518,3.6110511424832943,1.4351439766972884,0.8644109851949988,1.7040198177677195,-0.6190761808767381,-0.08565205853371351
PhysionetMI,84,0,left_hand,early,7,-1.0506958267070157,-0.18604311625038328,-0.04558372895069967,-0.24402951312449053,0.06498707063772995,-0.11037910366808878,-0.9168392246020648,-0.37710823925768655
PhysionetMI,84,0,left_hand,mid,8,0.6835890983821853,0.6715115722993199,0.8581257613510931,0.351726639948845,0.7192514892295513,1.564653045597332,0.1132094316059866,0.6329259357092367
PhysionetMI,84,0,left_hand,late,8,3.292655394030562,4.5105521901960675,0.5186041720770639,2.7046822278433953,1.7894154185283215,1.2939414574718229,-0.7278568079231058,-0.35280658581412905
PhysionetMI,84,0,right_hand,early,7,1.4175926766466385,0.7384450875103302,-1.8846937890382154,0.2256940097196543,0.603873407649829,0.15009780344169416,-0.1414477869335015,0.2011651228961246
PhysionetMI,84,0,right_hand,mid,7,4.398735709105236,3.9242312732334206,2.5708271121346344,1.3850261133266806,0.995180465295462,0.5036696605080138,0.26227019453788647,0.46664818391011365
PhysionetMI,84,0,right_hand,late,8,-1.293200647049103,0.49626566430113916,0.39498781716366493,-0.03366878774336572,0.2274551927085861,-0.5857277516141418,0.5320572015069956,-0.891285192589904
PhysionetMI,85,0,left_hand,early,7,-1.6990950052609008,-0.7791046182683659,-1.4034663420607956,-0.614271639795546,0.2024144496149717,0.043502565123401706,-0.0952853562284299,-0.8677279686613367
PhysionetMI,85,0,left_hand,mid,8,0.10053190349738339,-1.9417653777714348,-0.856770212361641,-0.6939317785456787,-0.15555132504682415,-1.0198034010130137,0.7899682830907102,0.19015284645743863
PhysionetMI,85,0,left_hand,late,8,-2.7347740182825717,1.442434913028607,-1.9443583444757837,-1.009297086506601,-0.8344810045722453,-0.4900338260363659,-0.168923555165436,-0.34632999034851447
PhysionetMI,85,0,right_hand,early,7,-2.6535256890158982,-2.1559152981353327,0.2924122433000894,-1.7977952799045875,-0.5461938237170555,-0.09387162912925413,0.8014810562758831,0.9007524753105731
PhysionetMI,85,0,right_hand,mid,7,-1.23329044390956,0.28076724209265513,1.9706245018178592,-0.36501303833246135,-0.5145311162563216,1.2851379301110217,-0.23013534079347864,-0.5576004313390034
PhysionetMI,85,0,right_hand,late,8,-1.6072939852363772,-0.11072904142750561,-0.08743281187062901,-0.2168380823576873,1.0946541168639117,1.1824831248376946,0.8968178091951082,-0.6900810460919271
PhysionetMI,86,0,left_hand,early,7,-5.172371692674969,-4.059127265084591,-2.575110625548085,0.7595560470622669,0.6338063917558557,1.277351277382163,-0.3352393668608703,0.2542065729284594
PhysionetMI,86,0,left_hand,mid,7,-1.310996608757483,-0.5325593608560971,-0.5044113847378716,-1.1548907517889477,-1.4743943825200216,-1.2714058370716275,-0.4442996984202027,0.04802178176304363
PhysionetMI,86,0,left_hand,late,8,-1.3458242825072952,-1.2567347755536353,-1.2852478573147343,1.1176138387726726,0.5437128741592794,-0.1809332216401013,-0.023023475592219376,-0.7213297428241262
PhysionetMI,86,0,right_hand,early,7,-1.1527172178416527,-0.3582283797121018,-0.17827509294335744,-1.9380947983260917,-1.5014665206489017,-1.0822507817878175,0.7321170205134965,0.2833596334714774
PhysionetMI,86,0,right_hand,mid,8,-1.4806608430510984,-1.266274571676329,0.8111976341845826,-0.5630248153793205,-0.32340129522191874,0.49562839122102265,0.29210495129436925,0.06366241913603436
PhysionetMI,86,0,right_hand,late,8,-2.6546032224469247,-1.9510504650772473,-1.8528184279590607,-0.6609432266125179,-0.7629745612603236,-0.503127323417351,0.17788102748622303,0.13557245580271532
PhysionetMI,87,0,left_hand,early,7,-1.9808900888555863,-1.2580834905638345,1.9253836923489271,2.7448855419216396,1.8661288179400155,2.540381671872265,-0.014209550998123722,-0.03869319407647818
PhysionetMI,87,0,left_hand,mid,7,-0.00811326582208251,-0.2199399726204271,0.027955853669756232,1.773291134067941,1.500094551924916,1.2504791594073983,0.5501267601545818,-0.17290069149388135
PhysionetMI,87,0,left_hand,late,8,0.8307777189402313,1.5364526438758253,1.9247291693887045,1.5383439970986204,1.3669157912607928,-0.502529752544677,0.39700552195385547,-0.5075346991625437
PhysionetMI,87,0,right_hand,early,7,-1.3594349632468672,-2.8849269825393926,-3.3624096359048017,2.4313844123897446,2.896087037636736,1.4953701087276328,-0.42419326400911017,0.23836842833652974
PhysionetMI,87,0,right_hand,mid,8,-1.3286025548249891,-0.8886277307916435,-1.1309549532160088,-0.746966872613906,-1.8096048077314832,-0.4204129942343763,0.08035900805848764,0.27973231991842296
PhysionetMI,87,0,right_hand,late,8,2.4664538859434777,0.6793685067089176,-0.3841719285557543,0.6254148274307153,0.6116962205245255,-0.04896617067080056,0.7304648497872095,0.8547818790605082
PhysionetMI,89,0,left_hand,early,8,0.016911218322557597,-0.605882344142404,-0.05157472578320621,2.263734268093846,2.4004945885721543,1.2732259772079222,0.5061404630286949,-0.28004507322400374
PhysionetMI,89,0,left_hand,mid,8,2.624020792280681,2.5603545057142636,3.017934420394316,1.882228442403615,2.385208336438852,1.9245208712442086,0.06981863791273711,0.011109853934685993
PhysionetMI,89,0,left_hand,late,8,0.25369668235832876,0.14534922530633754,-0.5944413406757956,2.9310068995168925,4.01054327733433,3.618184426243517,0.40175613999533794,0.10492555378916775
PhysionetMI,89,0,right_hand,early,7,-0.4694105073037062,-0.5976684618422597,-1.2245657463893131,1.5567996299041593,2.0997634069972406,0.9904336870739922,-0.4457885625251836,0.22234553036628057
PhysionetMI,89,0,right_hand,mid,7,-1.3502346574683997,-1.4523333211554352,-1.8580128448331312,1.4591837381444983,2.202765010939339,0.8236287629301918,-0.1582727601285318,0.2784087501339262
PhysionetMI,89,0,right_hand,late,7,-4.7179752556223065,-3.7604629667117613,-2.9510870440947308,0.568393734958318,1.40877420400365,0.43402004915041476,0.23039168838056875,0.13405011776387107
PhysionetMI,90,0,left_hand,early,7,-2.7010767158124014,-3.4847044130759306,-3.8071021973078265,0.3666476864037377,0.6017123850908213,1.2938923815563308,0.16994392690491686,0.5583994707768117
PhysionetMI,90,0,left_hand,mid,7,-2.758955307781128,-2.2906796526311664,-3.2973394531768094,-0.2373109619633405,0.14903541585828492,-0.6661586681089098,0.08889662188610582,0.47466753930762945
PhysionetMI,90,0,left_hand,late,8,-0.3770233898384091,0.8930777764478122,0.22619645639040306,-0.6865956163731166,0.3880866445930831,0.9788645359575684,-0.25003642434999507,0.17548838930516808
PhysionetMI,90,0,right_hand,early,7,-2.480369757699362,-2.8657639169305646,-2.3721887442725804,0.5864464859830341,0.0860423843931242,0.9047701946814231,0.022293603133856057,-0.21346576444983847
PhysionetMI,90,0,right_hand,mid,8,0.5205839973804554,0.8879964118911864,1.2682409500825962,-0.511645878600945,-0.5877188943812974,0.6771348719859951,-0.41795981980376745,-0.13920901167296218
PhysionetMI,90,0,right_hand,late,8,-1.545583218930949,0.4910954921924598,0.9481517880824961,-1.242513871499118,-0.8877566290772951,-0.0844544976672786,0.23957294145858374,0.8727106091905823
PhysionetMI,91,0,left_hand,early,7,1.3043382704818793,0.7920420426004579,-1.1216350785132323,2.974339847345946,3.0064241057628687,3.1458306351950682,-0.07531129393664876,0.02802059000453229
PhysionetMI,91,0,left_hand,mid,7,1.184060339338979,2.388442388859675,0.9595283644425899,0.37191388608275605,0.32556825367399284,1.3505677334691235,-0.1047458285725641,0.5681650452914405
PhysionetMI,91,0,left_hand,late,8,-2.688890045463963,-1.1336190662839263,-0.30801923159678174,0.14368187671752053,0.2602195139538757,0.35380305865681133,-0.7944420714003894,0.4223669240982853
PhysionetMI,91,0,right_hand,early,7,0.19080661538079235,0.0412217342751906,-0.9476902527612306,0.2636324942295006,0.6128550811680464,0.8285785760152099,-0.6648095911020284,-0.5172499136628718
PhysionetMI,91,0,right_hand,mid,8,-1.859932209986986,-1.4008077526107687,-2.0688962312788184,1.7812053093460245,1.5288333526334097,1.4461183399061883,-0.0531873621909812,0.10382812691174544
PhysionetMI,91,0,right_hand,late,8,3.6353996142318743,4.317159885377265,3.3224645744534445,1.488561603486838,1.6682320729580664,0.1305994451509539,0.04497573268062862,0.8386825754475407
PhysionetMI,92,0,left_hand,early,9,1.6641113988891159,2.729183046330079,2.6462044534346894,1.0922038792149413,1.4894684875285564,1.111214778812148,0.22784712030235582,0.008627910782161024
PhysionetMI,92,0,left_hand,mid,9,1.86826047607408,2.8643918730624875,0.9212747172306999,1.8097940294887072,1.7275148642288634,1.0703742057691896,-0.3394779750821068,-0.25672799757591525
PhysionetMI,92,0,left_hand,late,9,3.9313730740628268,2.228046580322127,0.2783782095392737,2.1586155431937293,0.5027407294821935,0.6825952875978695,-0.8677460064571426,-0.5195039521880962
PhysionetMI,92,0,right_hand,early,10,-0.5208718018905982,-0.11610057161255352,0.15209002206774408,2.2861873909101824,2.6955655406867773,2.477636505656109,0.5479980686774922,-0.04018811755067621
PhysionetMI,92,0,right_hand,mid,10,3.36619374628142,3.2719186013761843,1.338740078629064,1.2148805581165234,1.7202515991402811,0.5436103917172772,0.4309207617156932,0.38173080530365516
PhysionetMI,92,0,right_hand,late,10,1.7289413619010439,1.2893138701255284,1.4427345654277566,0.5894714338556287,1.6123329643649194,1.5737716982353125,0.09023834812604323,-0.4550113899718159
PhysionetMI,93,0,left_hand,early,7,-3.666939869825427,-3.88454288581503,-5.77665727192833,-0.6843697981092088,-0.2901059194463282,-1.8852975367257812,0.22340188494223615,0.4673475520883677
PhysionetMI,93,0,left_hand,mid,8,-2.5967394695132033,-1.6748974987086274,-2.2535178349842617,-0.7227040448576945,0.2833119563637036,0.12573914566701982,-0.07076359314189061,-0.7036003186276804
PhysionetMI,93,0,left_hand,late,8,-0.26393254547054035,-0.835034278015059,-0.065605983981177,2.861355380431481,1.2830830620324118,0.6596151977096746,-0.6018311783430512,-0.6253219485532262
PhysionetMI,93,0,right_hand,early,7,-1.7564327500713304,-1.0309029427964618,-2.120004935801819,0.3939914305712575,0.31602445871853924,-0.3714202489602488,-0.09379028252032784,0.029488943289739354
PhysionetMI,93,0,right_hand,mid,7,-0.8851307351116248,-1.6274130203793988,-1.554961563961958,0.8152165470682989,2.409543904425207,1.3492639296531952,-0.2745104474550592,-0.24673236295196793
PhysionetMI,93,0,right_hand,late,8,-1.620632204167787,2.1770817092772767,0.6539749117219249,-0.2076101943994159,0.22893078633370256,-0.019615528559068354,0.4249776964527584,0.8273476408949328
PhysionetMI,94,0,left_hand,early,7,-2.407906078739259,-1.7270583039226144,-3.0318629295156923,-1.8845775093107195,-1.4261718669732812,-1.8518247319998244,0.11470282098919399,-0.008765859561043154
PhysionetMI,94,0,left_hand,mid,7,-1.3679822044675485,-0.7730001907860137,-1.6406395017803916,0.4779241824454078,0.3344079309210102,-1.5828375312574536,0.09062531748229484,0.5361674479222985
PhysionetMI,94,0,left_hand,late,8,0.996521983748764,2.41157748594751,1.8621704195581756,0.3374533725578547,0.15559762721893777,0.016976013878249208,0.30281272472968,-0.9042065103633294
PhysionetMI,94,0,right_hand,early,7,-1.0193973872334963,1.014419351657356,-0.011262018850869764,-0.8203573325315274,0.2424125139618655,-0.2589266903571999,0.9781459931682843,0.5201880415793113
PhysionetMI,94,0,right_hand,mid,8,-2.2380485679773323,-0.4072054094555656,1.0258567532335672,-2.0396895517477143,-0.8831727308327569,0.40519295754095597,0.3713930691758073,0.6685378900609459
PhysionetMI,94,0,right_hand,late,8,1.3373341515501904,2.431148257027807,3.672647394269301,-0.30016011703261003,0.204954753457935,0.8396556046069394,-0.4661321047515195,-0.4733181665526607
PhysionetMI,95,0,left_hand,early,7,3.1712086899286343,1.227617362582684,3.1643611619955516,1.1776928994551665,0.477469294613551,0.7687540983032678,-0.0010808069507753841,-0.21009500984246707
PhysionetMI,95,0,left_hand,mid,8,0.7689379059340808,1.7973743693186321,-0.45384884076958687,1.454570959113613,0.6318269906488636,1.3594892205835412,-0.25768112552241557,-0.033788097076269466
PhysionetMI,95,0,left_hand,late,8,-1.7016990812797386,-2.0739321173946754,-2.0489059087131696,-0.7861470135788435,-0.7686419700339421,-0.8792676715857464,0.09257355236283828,0.055914397078647045
PhysionetMI,95,0,right_hand,early,7,0.4170596249266869,0.9484578753225394,0.029731247425577898,0.8329446489432427,1.5746607141077795,2.405015755836746,0.8669120196254286,-0.48551276432310847
PhysionetMI,95,0,right_hand,mid,7,0.435144129860631,0.7552291076448376,-0.697962011007691,0.5963771477149642,-0.558095932120963,-0.6837641075160039,-0.23194462695759227,-0.06826352907849456
PhysionetMI,95,0,right_hand,late,8,-1.1887268728236187,0.2054457216386163,0.4321775948264957,-0.9958400878548062,-1.3911393142107593,-0.4971309313201979,0.4667451371109617,0.3340380691449646
PhysionetMI,96,0,left_hand,early,7,-3.197226826169751,-4.3640090842617365,-2.22419882798344,-0.046956648884493246,-1.3919465682919097,0.005458785345007496,-0.1794782517105816,-0.7917107651495844
PhysionetMI,96,0,left_hand,mid,8,-4.441315158429226,-5.710970124204248,-4.707330014580517,-0.5865491415661481,-1.599199536877156,-1.426040127895753,0.029076967258068572,0.4171198759069488
PhysionetMI,96,0,left_hand,late,8,0.08632651172166772,-2.5432927642360816,-2.4100366855127078,0.526634091888044,0.6563025326117896,0.9494732915768058,0.9308381794625833,0.2864555820432496
PhysionetMI,96,0,right_hand,early,7,-2.3900119836430376,-3.1822547851967644,-2.7835904344699314,-0.9674577777768986,-1.0822626524877719,-1.1735104302607025,-0.07607435187693616,-0.09624274275079991
PhysionetMI,96,0,right_hand,mid,7,-3.265169844100607,-3.8027270308493466,-2.5036591381012228,-0.7925509835372218,-1.6145585623560486,-2.7249445324014805,0.13200438223230757,-0.5493663147850716
PhysionetMI,96,0,right_hand,late,8,-2.9989247553048037,-4.976280851778809,-4.546700979107996,0.5386678726652594,0.20996827704760362,0.3260527954648551,-0.20512231566752098,0.24587717749382174
PhysionetMI,97,0,left_hand,early,7,1.5554114147071179,-1.1493123538106238,-1.5100492107066117,1.745664321714337,2.485187253510085,0.7068736355493996,-0.01479784265517482,-0.42355743489650294
PhysionetMI,97,0,left_hand,mid,8,-3.7836700258108302,-4.884407987439637,-4.791922502301915,0.7155539430857459,-0.17436911280585896,0.1772089697505932,0.11757233954223031,-0.6030100103786926
PhysionetMI,97,0,left_hand,late,8,-4.117214939120524,-5.877088397005255,-4.967796160335738,-1.070531489475994,-0.6185343479995725,0.4738689025837177,0.09362467606298482,-0.3863393132764805
PhysionetMI,97,0,right_hand,early,7,-2.975946706371187,-4.11108755503925,-4.323641067451159,-2.108096146522732,-0.9442973666970202,-0.8125566955154486,-0.18462609161479637,0.44357872060658526
PhysionetMI,97,0,right_hand,mid,7,-1.6113755931135318,0.5728889741959465,-0.8164599881672162,-1.3177096054664064,-1.3166647059083425,-0.7688650922960728,0.32741739641486617,0.2630361202783118
PhysionetMI,97,0,right_hand,late,8,0.8095550948912464,1.3054218036317162,-0.5618100567271805,0.5578696268874181,1.1482457239088282,1.0693558976539161,0.18065577783691505,-0.31433028984145917
PhysionetMI,98,0,left_hand,early,7,3.473140439632149,2.4947227271592216,1.2974760235252043,1.148116506520124,0.8499523010456477,0.6461969226547921,-0.45605519389563703,-0.27972793142173097
PhysionetMI,98,0,left_hand,mid,8,3.6919996585120334,5.514022477528847,7.275639169966102,1.3385913031980676,1.5157440371230433,1.807972467652827,0.3267466742384817,0.14917262087710023
PhysionetMI,98,0,left_hand,late,8,4.296717141772426,3.99205921085718,4.3960107914721664,2.3764561326084195,1.2591131803296594,0.7149204983062825,0.011422610998786754,-0.5374743464404427
PhysionetMI,98,0,right_hand,early,7,2.3773929163956162,2.1802743688716917,0.6077464626714555,-0.5116800537120145,1.158255169371746,1.074746230044493,0.5928187025817261,-0.35492741269968814
PhysionetMI,98,0,right_hand,mid,7,2.740822857933639,4.186825492876438,4.116370612504489,0.5163992697838881,0.7968677335399617,0.09328309311089122,-0.20059923356413067,0.6939944509203712
PhysionetMI,98,0,right_hand,late,8,2.131375422025138,1.8760267032387197,2.180540494884492,2.2921383991963875,0.6943398043867723,0.8699838137858558,-0.01140214090598289,0.44974687555459064
PhysionetMI,99,0,left_hand,early,7,0.1503746857803004,1.062589182195313,1.2676584579227121,2.161635663899417,1.53020213509368,1.8180635704886112,0.7879109011689021,-0.08633117056737535
PhysionetMI,99,0,left_hand,mid,7,2.217978814834967,0.9898018196393102,-0.30225304674691317,-1.3699922567930718,-2.1037218846934125,-2.0268103065680747,-0.7601386988598761,0.1933636228551004
PhysionetMI,99,0,left_hand,late,8,3.2328354332877143,2.517880783553039,3.583064612689373,0.9805213617039773,2.0516741389221416,1.8364022022663202,0.051384142525442766,0.303835308671289
PhysionetMI,99,0,right_hand,early,7,-0.9130295883765484,-0.07000358165023243,-0.4905511427883149,-0.054454632472323565,0.6393753552991003,-0.014916069497986755,0.3010004599005923,0.5699605431592542
PhysionetMI,99,0,right_hand,mid,8,0.10131351457339285,1.0868819463874155,0.4196847016101822,0.8626983976537664,0.8234559825208456,0.3122857315804347,-0.6110792266601743,0.4684426388227597
PhysionetMI,99,0,right_hand,late,8,-0.6357430508456929,-0.4011813678228039,0.07786088939193422,-0.46074310688970554,-0.5236740577942867,0.35967297286985334,0.7817812234444589,0.12319375072399001
PhysionetMI,100,0,left_hand,early,6,-1.5844292581495607,-2.6466499312453204,-1.1425774178313581,-0.296082839912375,-0.7981521505938244,0.0034411597605544055,-0.16202814764260381,-0.9770224772351327
PhysionetMI,100,0,left_hand,mid,6,-5.091292781715811,-1.3779194445607017,1.3825862945325305,1.7742982050245875,2.948373265445927,0.9625934620368369,-0.5728723758202326,-0.2965790545371752
PhysionetMI,100,0,left_hand,late,6,-0.3083109085290094,0.31003873533754117,-5.257103424351844,0.10764993112089338,0.6487817483320197,-0.9418346361018948,0.8892046880651862,0.7948518072909574
PhysionetMI,100,0,right_hand,early,6,-3.3669747098825673,-3.955588446950049,-3.90992192353276,-0.3364003932202518,0.8478859670337137,-0.8453062163545882,-0.07461246751217991,-0.43065327638087164
PhysionetMI,100,0,right_hand,mid,6,-2.5485127590686343,-2.905761213475744,-4.243329915191864,-0.4976937830493237,-1.6885839628731478,-2.598991719510051,-0.24953716353681038,-0.6785635592390732
PhysionetMI,100,0,right_hand,late,6,-6.755985375877171,-5.982364311223425,-3.329911609548302,-0.2614294457997935,-1.259115096992965,-1.5679268993992725,0.3396895458361,-0.7141842304416143
PhysionetMI,101,0,left_hand,early,7,0.8862048880971266,-0.38074797312067593,-2.0903799390777853,3.319680782250823,2.049053952920212,1.1472936698038232,0.4045492135776106,-0.4863218126192283
PhysionetMI,101,0,left_hand,mid,7,1.522732375000751,2.9008792594502024,2.3973983024945142,1.6201267124179661,0.966172568935123,0.512199617175819,0.223121625132309,-0.5195860876759941
PhysionetMI,101,0,left_hand,late,8,0.6720817106575347,-0.48735839217908683,-0.7358437431630616,1.2764399742942472,1.3507380006173184,0.7998766775701656,0.045287932207276956,-0.22952341893330927
PhysionetMI,101,0,right_hand,early,7,1.7776685458965897,0.5639261311820292,0.7877508410253073,1.8089438612845115,1.555946396716092,1.679089293809364,0.3858697372904121,0.037228593221801706
PhysionetMI,101,0,right_hand,mid,8,3.575260228531635,-0.17335550691282417,-0.5770844784977378,-0.8686650145190203,-0.5052823965371127,-0.8470314336178041,0.7220440405533722,0.012609212384107591
PhysionetMI,101,0,right_hand,late,8,-0.46169421330404503,-0.5637586535761789,0.481864084675089,0.3325812483636803,0.4900264278776809,0.3445410335546283,-0.02137639127782862,-0.01766266671518405
PhysionetMI,102,0,left_hand,early,7,-1.5788538101303105,-1.1035517210538235,-1.6468748135173965,-1.7184396619563416,-0.717665964189705,-1.223914341435082,0.021087019809548264,-0.16807131974985287
PhysionetMI,102,0,left_hand,mid,7,0.5080118668623521,-0.23023536476435172,-0.37133795472830705,1.1787021268550066,1.2647350043648313,0.39675462135563716,-0.1554260986677806,-0.4963306713354599
PhysionetMI,102,0,left_hand,late,8,1.929913780638307,-0.2952799055606674,-1.0938367430746812,0.9302979388724197,1.1738775793387526,0.5123061034749936,-0.276503313023646,-0.28974813817744993
PhysionetMI,102,0,right_hand,early,7,-0.26390256568871334,-0.15869573031660636,-2.16317264141648,0.2405100511036244,-0.6531049958287504,0.06598983955870952,-0.7825344967340557,0.5693973044094199
PhysionetMI,102,0,right_hand,mid,8,0.601800901659633,0.6754664115283527,-0.13124126485835058,1.5925961060841978,1.6514068610046664,0.6935968183747353,0.6419271063716335,0.393229844293314
PhysionetMI,102,0,right_hand,late,8,2.419437072468888,2.312019587222138,1.8822107441200964,0.3729825737260475,0.3391963549132796,-0.42786677653891697,0.12488849651452599,-0.06853249340179998
PhysionetMI,103,0,left_hand,early,7,-1.566715012893585,-1.7842806993960558,0.17836576241244792,1.7302932812261964,0.7032186706006708,1.6968319472925042,-0.7955787893185997,-0.009763674129922338
PhysionetMI,103,0,left_hand,mid,7,2.286561816786228,1.3608732578157945,2.331109456454826,2.0921535704341223,1.655474181273232,1.1247650295624454,0.009647208957196098,-0.30071899888070186
PhysionetMI,103,0,left_hand,late,8,2.091252182429735,4.4693390250756035,2.6484564694171295,0.5307318462644035,0.500005762160497,0.8994761728258528,0.1175608730233398,0.25782566007146607
PhysionetMI,103,0,right_hand,early,7,1.9613061803829226,2.599770658706462,1.7189349545322392,1.526933089347144,1.868865419236416,2.026733610390518,0.06585743079475433,-0.140643612154249
PhysionetMI,103,0,right_hand,mid,8,1.4580507720249196,2.0102385292036162,1.4148804468070444,1.4527224249440844,2.262512769964287,2.266720982018997,0.015026578058985628,-0.21884956107976944
PhysionetMI,103,0,right_hand,late,8,2.0590472606275307,4.2979111348378884,3.259433943070123,1.231189768128486,1.5510706394960794,1.45800193201559,-0.22570102938561257,-0.08434213294461389
PhysionetMI,104,0,left_hand,early,7,-0.5867189294773623,0.11188296772124866,-0.2355794889642884,-0.01837741210005874,0.4938238274573751,-0.12327698893824454,-0.42702190912457694,0.7405317171177831
PhysionetMI,104,0,left_hand,mid,7,-1.4590048546254297,-1.9755724209451966,-1.471115816337509,1.2613422941385741,1.7642297254208863,1.695069152926621,0.004133263804490103,0.14670720451262084
PhysionetMI,104,0,left_hand,late,8,-0.583284456122119,-0.7270291524359915,-0.9901164761947969,0.9450919532170687,1.9791254497917437,1.4473925326603492,0.25856856425882263,0.2099493570003515
PhysionetMI,104,0,right_hand,early,7,-1.0864792213052534,1.052598218725999,2.0276428793846266,0.9481186088042989,0.8520530270402854,0.7047486668668903,-0.3022243918666113,0.14724106739821682
PhysionetMI,104,0,right_hand,mid,7,-2.5294364355741985,-3.2243173447250015,-3.1724191504367725,-0.37933737079997065,-0.8757863644225079,-0.4592638122960084,-0.11276727464653412,-0.09530924008592777
PhysionetMI,104,0,right_hand,late,7,-0.609141940780506,-0.11134585761703329,-1.8779222856745548,0.6710404356323646,-0.3058682500805142,-0.5987837888824267,-0.5101518213313317,0.0569028731339156
PhysionetMI,105,0,left_hand,early,7,-4.529085871478554,-3.6460153427221664,-3.6722861228765304,0.10414622197154642,-0.36481159522805534,-0.23443396467742866,-0.10447029462774633,0.38480616363106557
PhysionetMI,105,0,left_hand,mid,8,-0.9941476244328183,-2.0754257650269947,-3.396441761023844,1.4292399758137022,0.9875162493304448,0.5047931283278957,0.5471461632345664,-0.47798915411849346
PhysionetMI,105,0,left_hand,late,8,-1.146662790788294,-2.483694643369101,-2.2284350529965904,0.2121779049595881,-0.06726532603946811,-1.1533301700533634,0.320515822733951,0.6892322955211002
PhysionetMI,105,0,right_hand,early,7,-1.9106425845423527,-1.579502788408173,-1.0498916213016543,-1.7686899464460952,-1.1060266359676638,0.5946778838624679,0.2907417727319622,0.496753847423889
PhysionetMI,105,0,right_hand,mid,7,-0.10288243514714587,-1.2129044245670872,-1.2731272991068496,-0.026438855927148612,-0.24848635172822942,-0.16238367845668963,-0.8504626346950611,-0.7199607979691265
PhysionetMI,105,0,right_hand,late,8,-0.2640254482329737,-1.0248933668909253,1.241215884660233,-0.45822402960204506,-0.4116697512954343,-0.46977926479035276,-0.6491918704816676,-0.012451717852869682
PhysionetMI,106,0,left_hand,early,8,0.6564592616902356,0.730788337546687,0.17174063048005123,0.797031379535703,0.025295928434873993,1.4222563188008197,-0.5852676821050841,0.28172324828987105
PhysionetMI,106,0,left_hand,mid,8,-0.7631442181093177,-2.713814686135255,-2.5015914685714398,0.8643274672773706,0.09664631945280006,1.0760142082333073,0.5324924947384007,0.10909766234868036
PhysionetMI,106,0,left_hand,late,8,1.6228353911750208,1.3955625252393569,0.7190392497864914,1.242358865663781,0.9181626530057637,1.9024263152155834,-0.38592848890385295,0.2098926990514596
PhysionetMI,106,0,right_hand,early,7,0.37495672553754106,0.9281090056947393,0.0623011133773982,0.752322032511761,2.219121312247219,3.0322846122948173,0.7150371802047086,-0.6024305281268088
PhysionetMI,106,0,right_hand,mid,7,0.92984366573277,2.030296977695897,1.1485180933915629,1.3525445236799196,1.6303983014678498,0.9315895570712485,-0.10521480521799342,0.18429520848015823
PhysionetMI,106,0,right_hand,late,7,-1.0598099538717656,-0.14030585098419948,-0.6822758308059331,-0.5107772319916472,-0.5422735439044357,-0.021824991155493554,0.2167138532363833,0.9180439352035373
PhysionetMI,107,0,left_hand,early,8,1.7423167228047884,0.922397786623781,0.9992884390019591,2.529157937337215,1.9294973703794422,2.9083132741208266,-0.2710194356772971,0.06973008629170144
PhysionetMI,107,0,left_hand,mid,8,-0.6705900454104514,-0.35390150043881174,-1.0339516282573353,0.9660911739431941,-0.37000250344705116,-0.4776273891323334,0.21317260144482844,-0.33833726136366576
PhysionetMI,107,0,left_hand,late,8,-0.19427680543546433,-0.6152685926475895,0.32562592688135805,2.1650728534781436,2.3175146766242047,3.4696429594812144,0.2526417217708546,0.23152367382977374
PhysionetMI,107,0,right_hand,early,7,-1.6807692296504189,-1.2725309606998254,-2.316756268901354,-1.0540565615875244,-1.0002131534260568,-0.8459406834207214,-0.1590951801261408,0.10953483154440037
PhysionetMI,107,0,right_hand,mid,7,0.6323267236676599,0.7883938381742859,0.23502579970179024,-0.2826940568114607,-0.10416453344362253,0.9944277279262185,0.4580616453647402,-0.5572950674088986
PhysionetMI,107,0,right_hand,late,7,4.860673080543307,4.706576466375014,4.446576431132093,3.166164958621185,2.892343696948346,3.5558395542058716,0.044491839279881165,-0.05796999910385396
PhysionetMI,108,0,left_hand,early,7,1.9952845302173738,0.8222058002789046,-0.04503180854523186,0.9941840037459234,-0.07165277662259806,-0.12228249366396403,-0.9558580131034559,-0.7809473119925235
PhysionetMI,108,0,left_hand,mid,7,0.9544502356274464,0.16498838583413125,-1.6163359405149238,3.036176508086288,3.6890360350291553,2.5405276586681365,0.2574643161807722,-0.08887845483591666
PhysionetMI,108,0,left_hand,late,8,0.8584687474178212,-0.6183191370448468,-1.6483663278594647,2.4401924602664744,0.950201237614184,1.6222498280107556,0.3150975459980236,-0.20134258512816577
PhysionetMI,108,0,right_hand,early,7,-0.1865770748490796,-0.9609704855073543,0.29286167001415986,1.696541400355116,1.2279061287917146,1.479887643222861,-0.2216854526335749,0.06820670449739154
PhysionetMI,108,0,right_hand,mid,8,0.9364101871366615,-0.6271957533617354,-2.7126643361146003,1.2700440676747635,0.945183596618215,0.47456523965004066,-0.4867683950163143,0.4559638795258496
PhysionetMI,108,0,right_hand,late,8,-0.1672115400782601,-1.218193625704821,-2.1295997877373307,1.4251496797953749,0.31251058558966377,0.3758456054548867,-0.8543967995514125,0.5826245537309553
PhysionetMI,109,0,left_hand,early,7,-3.0479769130410657,-1.4883817550757905,0.03993720162978003,3.3222118788390063,2.1562601724431425,-0.8121351317886493,-0.9741332173456274,-0.6071277376083848
PhysionetMI,109,0,left_hand,mid,8,0.5403920006255228,-0.44902999451704134,-0.4765452390800653,0.9236293904306339,-0.3404062683383352,-0.10497250913180764,-0.06278338431577322,-0.7958928343872161
PhysionetMI,109,0,left_hand,late,8,-0.46285176906778724,-0.6438694476339943,-1.278771599320063,-0.0362714097952959,1.0074858092301082,1.1961587701440426,0.46848236252568176,0.9411383940677578
PhysionetMI,109,0,right_hand,early,7,-1.8294995171554973,-0.17542346254051808,2.5715658432296453,0.8789005962193597,-0.17148582435279747,0.38911567166612304,-0.16861061250160775,0.38626075781345587
PhysionetMI,109,0,right_hand,mid,7,-3.8674014591066785,-3.643019272236361,0.5239281925951622,1.0415382989682727,2.015521685196696,0.6919058507363044,0.7613806140050925,0.2016981327558517
PhysionetMI,109,0,right_hand,late,8,-2.9051306488725914,-2.6568943092389685,0.8701100401902959,-0.7707120897656071,-0.4488357484286152,0.401880166378582,0.5390439381991935,0.31454405523693935
Cho2017,1,0,left_hand,early,33,-0.7107386060312475,-1.7177491054091718,1.3710305853067295,-0.8881101254134935,-0.7524013036160532,0.0014491810970509915,0.3171782837515742,-0.9967417999307193
Cho2017,1,0,left_hand,mid,33,-0.18741249429194237,-1.6760251300923488,1.2309385518188418,0.3235277718421292,-0.18448481499975564,0.8528029800271378,0.7357318629885876,0.4499374069273931
Cho2017,1,0,left_hand,late,34,-2.357957661817962,-3.862346681097148,-0.7041803879735336,-0.8231749587278385,-0.4182030110634089,-0.18347258343161044,-0.5400727357661214,-0.635478008443696
Cho2017,1,0,right_hand,early,33,-0.0924055900863319,-2.547798441892816,-0.3133719018486743,-0.7781012974360312,-0.8621149043308254,-0.2380672618525756,-0.5445504399680572,0.5314413938977993
Cho2017,1,0,right_hand,mid,33,-0.33605889863472266,-2.869567069633758,-1.0447880458932115,-0.4635253891640176,-0.917229664142748,-0.7201137547160803,-0.5132568457837157,-0.21677921592803878
Cho2017,1,0,right_hand,late,34,0.623615325318713,-1.3883661472154725,1.1698845030532379,-0.3003899135017136,-0.3377438913621917,-0.21278748127133215,-0.30458278785027854,0.17070594520073104
Cho2017,2,0,left_hand,early,33,-2.187049201332527,-2.089946135198277,-2.456519579430554,-0.1860072229114513,0.6796477804915229,0.21558653205592687,0.05803087901149695,0.07365480358846299
Cho2017,2,0,left_hand,mid,33,1.0760210904856664,0.6164495014766209,-0.18996850452101624,0.21721607105240875,0.4133725228904283,-0.41717542723105505,-0.6998893114599201,0.31519866946467007
Cho2017,2,0,left_hand,late,34,1.2645487068005627,-0.2678144904771846,-1.1120389023793482,0.34060745912556284,0.11652777303280352,-0.8732601860990367,-0.06417175778924519,0.43880626447945076
Cho2017,2,0,right_hand,early,33,0.5666888336722479,-1.3655027626795695,-1.107487147035752,0.35715843189101854,-0.045808022356917055,-0.6513540965597349,-0.323023576729851,-0.2917124541037193
Cho2017,2,0,right_hand,mid,33,0.40582675654086575,-0.8469619185968607,-2.32688529513229,0.1488063293162724,-0.38321216036135364,-1.1280692016202571,-0.7029860820554508,-0.7669211670034434
Cho2017,2,0,right_hand,late,34,-0.8671297968290372,-0.05330277186200344,-0.7807702671206685,0.36029989665909967,0.23910465048362017,0.48174064020412927,0.05240580518055274,-0.14422196821713704
Cho2017,3,0,left_hand,early,33,1.14925925621308,-0.4995499196874584,-1.2942597268836893,-0.9718113231001785,-1.7123569957738243,-2.3371731678584586,0.05934084067840737,0.41262261835585845
Cho2017,3,0,left_hand,mid,33,1.0887921954056579,0.6810165994807528,-0.5236296983069942,-0.5446225915317643,-1.377221261061197,-1.799636678736741,-0.3505053480744789,0.5353563503499468
Cho2017,3,0,left_hand,late,34,0.23997156072799952,0.8987531905955997,0.9553530899647183,-0.018329636450712432,-1.3609094320608972,-2.412573661413905,0.5984830387477904,0.9849194853067056
Cho2017,3,0,right_hand,early,33,0.050366542688453114,-0.9567995859144934,0.5225640080444434,-0.665253357907517,-1.9483687974849968,-0.9289856337592359,-0.8241792390926828,-0.16542831860861132
Cho2017,3,0,right_hand,mid,33,-0.3554430489493331,-1.5540077601313347,-1.2832527134058662,-2.0598080055218357,-3.2387405344181808,-1.901169143855452,-0.5661878707265636,0.04005043596157164
Cho2017,3,0,right_hand,late,34,-0.885221043992555,-0.9692299324783742,-0.6433483089284439,-1.1688931147049804,-1.9943177358062054,-0.3891284725172043,0.15823471444191115,0.5004838498919824
Cho2017,4,0,left_hand,early,33,1.0125740971500545,-0.5752564353295183,-1.4638806347714768,0.17971161629944934,-0.7614333828270036,-0.9642768425029797,0.18223896112619203,0.6858156829876092
Cho2017,4,0,left_hand,mid,33,-1.1460528104770684,-1.9142428824801319,-2.0094708421620973,-0.7523471816057852,-0.7256334764111506,0.1339722731870355,0.27362115665426795,-0.6976885197259901
Cho2017,4,0,left_hand,late,34,-2.811537137585637,-3.8831379714499814,-4.314826911113862,-0.42855568249438425,-0.7764956429621389,-1.1661502223431586,0.21094765342539054,0.46252700112997647
Cho2017,4,0,right_hand,early,33,-1.145323901904535,-2.016699392111918,-3.0013326178891866,-1.4711485555261805,-1.9741994760185255,-1.5249125457951485,-0.44759162161735555,-0.017944891125637203
Cho2017,4,0,right_hand,mid,33,-0.2373936865923218,-0.6113970782439805,0.19943865195305754,-0.20164058212596503,-0.1534832231414464,0.4319066506285068,0.08688696163304169,-0.36345525100222525
Cho2017,4,0,right_hand,late,34,-1.6229882639712268,-1.8178248598693283,-1.166572148727898,-0.7044326310505384,-0.2268436368264784,0.400032585151054,0.16361578446752814,0.27560854016422354
Cho2017,5,0,left_hand,early,33,-7.989955713358498,-7.961188648885158,-6.916526490482128,-1.4960541689608513,-1.4921218980853685,-1.3666017390811096,-0.07201090157943521,-0.045221093291748914
Cho2017,5,0,left_hand,mid,33,-8.710836285721015,-8.049982145023952,-7.435206646323721,-2.444908379656757,-2.5206690028310996,-2.447621354379775,-0.07900571333584017,0.0005545136913822723
Cho2017,5,0,left_hand,late,34,-6.937645521206885,-7.268643613027912,-6.578239760383614,-2.4924187947916296,-2.849552230270138,-3.234142931496938,-0.026591359229188226,0.12952346838423517
Cho2017,5,0,right_hand,early,33,-7.566344306137085,-9.537139160739768,-9.618190851858367,-2.7346907328957695,-2.347452730433899,-2.870039635163808,-0.11940075927899736,-0.024149047925546844
Cho2017,5,0,right_hand,mid,33,-9.040328141820812,-10.294019917375763,-8.866333316696918,-3.6851812270365256,-2.627768858711257,-2.0134502423316505,0.009716765212039478,0.29335657055398684
Cho2017,5,0,right_hand,late,34,-7.526649844443801,-8.451866776893183,-6.9532912548381045,-3.095354688039489,-1.758216407623225,-2.0750702572550717,0.03959674874880056,0.1973308657565846
Cho2017,6,0,left_hand,early,33,-1.0642881955224355,-2.334991060332029,-0.780720815746795,-0.609367703258345,-1.415475457038096,-1.2759146639560177,-0.15369430612188012,0.35355285356142313
Cho2017,6,0,left_hand,mid,33,-2.57249351212137,-3.036876987444047,-3.3751905413211705,0.8410180364884313,-1.9151768303917849,-1.3671452967615874,0.1349595946905076,0.23826464843014647
Cho2017,6,0,left_hand,late,34,-1.9584670275218536,-3.5425546863442654,-1.5291738849955214,-0.16282378602907602,-0.8165838649743385,-1.2329397563399613,-0.12308983444527519,0.7666885814301837
Cho2017,6,0,right_hand,early,33,-1.6738003029010877,-2.5058983901471086,-1.2585853149171224,-0.6050503580204923,-1.1099272923087533,-0.09087109157205564,0.14159631170640466,0.7388466999393125
Cho2017,6,0,right_hand,mid,33,-1.4466376027786507,-3.405389697930987,-2.96291687463728,-0.16990593625495234,-0.7361220715234481,-0.5561099330004025,-0.3438622381522754,-0.5319498004107872
Cho2017,6,0,right_hand,late,34,-0.4396288334809902,-2.3110811367392645,-1.8940126460843538,-0.174540793415112,-1.1885188317306923,-0.9672106351270618,-0.6232250434947926,-0.6942578059429775
Cho2017,7,0,left_hand,early,40,-1.9556646454491684,-2.6538119357143692,-1.7503379227120572,0.08617609159805777,0.5085600256651687,0.14882590746191812,-0.05540382634947453,0.2665926933152225
Cho2017,7,0,left_hand,mid,40,-2.254462637041056,-2.2974813549632254,-2.646876522171405,0.48017851483051055,-0.023177232441582846,-0.4541383923318148,0.0800625854247967,-0.02787076023036327
Cho2017,7,0,left_hand,late,40,-2.344385426024016,-3.3472086696891368,-3.167492660804883,-0.4586926195055182,-0.7047218582973545,-1.0320460149951862,0.14933335277276027,0.3846102745446738
Cho2017,7,0,right_hand,early,40,-0.6013623208606029,-1.765487563723541,-0.8354237749831366,0.6616538082537354,-0.1858902953070023,0.21387592339994904,-0.16290626336071495,0.5114365265563646
Cho2017,7,0,right_hand,mid,40,-1.3135090999636432,-2.1854550702059847,-1.6253619365874783,-0.943910343600262,-0.9709792116425255,-0.37961377668010704,-0.10611314098008412,0.42635911070560395
Cho2017,7,0,right_hand,late,40,-2.874403494583171,-3.489397017255945,-3.2485111031933074,-0.5025767405692648,-0.5828447729793564,-0.9447995309990306,-0.061099596056099284,-0.3055340889004613
Cho2017,8,0,left_hand,early,33,-0.9238308379101557,-0.8817318122436822,-0.47904006790929177,0.42269449208772697,0.5636079611468792,0.5811487918359877,-0.3170575198015472,0.1578476464263541
Cho2017,8,0,left_hand,mid,33,0.5236985990013366,0.04360691869934916,1.6670825186899638,0.42987457465107703,-0.07107561897008724,-0.03960894111928459,0.5219069629801965,-0.8312658920333276
Cho2017,8,0,left_hand,late,34,1.4640500588456393,0.34873757187570376,1.8720483804057186,0.36164070184871105,0.4898102173442498,0.7218873131336956,0.12229804635250416,0.33247558559049706
Cho2017,8,0,right_hand,early,33,0.03780124041739951,-0.17864069001423774,0.5291765047149847,0.13439435902337676,0.2624922507747132,0.3032516717080374,-0.8666570575584999,-0.3858307875029931
Cho2017,8,0,right_hand,mid,33,-1.1948802208972622,-0.9851922320840392,0.030550597252378454,-0.11185297875138817,0.5199091931005405,0.5164959972505444,0.9501390093999612,-0.6439781617435336
Cho2017,8,0,right_hand,late,34,0.366414929379343,0.37979344481973554,1.5170438178068046,0.4116904416000686,0.4285975623680824,0.5909767192117364,-0.6109127105366549,-0.17880936428246985
Cho2017,9,0,left_hand,early,40,-1.4263033404397771,-2.5440141465185357,-1.6874157357651232,-0.14847311618749848,-0.739267118099639,-0.16800297273560655,0.08385868761275603,0.061710370014251816
Cho2017,9,0,left_hand,mid,40,-2.9996427161772314,-4.474979845574074,-3.2676714576934804,-0.8414582067103884,-1.2214678004578996,-0.8330894329612025,0.04276612502269272,-0.004997632525299277
Cho2017,9,0,left_hand,late,40,-1.5970089091312072,-2.25639071260773,-2.433184538095856,-0.30623762931884546,-0.2577474189640247,-0.6422940606878387,0.20747778981675724,0.35429120071531306
Cho2017,9,0,right_hand,early,40,-2.2098284936450616,-2.6570456407380294,-1.3400434040312443,0.1409980422697927,-0.7261938404211047,-0.5818750831211613,0.24501872593857987,-0.6098954648686482
Cho2017,9,0,right_hand,mid,40,-2.3821630946608683,-3.6215927677353767,-2.1802190346411803,-0.6392639952589756,-1.1543532754189498,-1.3518335901261442,0.044262855301553036,-0.3578777856482322
Cho2017,9,0,right_hand,late,40,-2.0183448316330854,-3.2896443421477644,-2.12058074798338,-0.7025256491408373,-0.514308629003783,-0.5808904401637821,-0.024701076253651394,0.0947745707652454
Cho2017,10,0,left_hand,early,33,-1.550759721173029,-2.3407581255468597,-2.295823203450043,-0.8513007399019534,-0.9320203447806117,-1.0386081373939047,0.19369489671148138,0.09910922147736384
Cho2017,10,0,left_hand,mid,33,-0.5571131486563912,-0.925553690880576,-0.2510992726405977,-0.1476031661807094,-0.5672177482359446,-0.4685214576651823,-0.378630503506385,0.5208658752855536
Cho2017,10,0,left_hand,late,34,-3.1818243468931438,-3.4702255039686314,-2.571243592571938,-1.2225522723561424,-1.3947160067614572,-0.9985879274902999,-0.1061313304042047,-0.10083305181785741
Cho2017,10,0,right_hand,early,33,-1.9965272006495176,-2.2894546047491944,-0.8074321592412004,-1.1180927214210314,-0.9413582959374499,-0.8131841525727748,0.4240771312229936,0.15787926265472102
Cho2017,10,0,right_hand,mid,33,0.4630751047118145,-1.333970268264191,-0.4171275412056297,-0.7519208712565071,-0.9991439940848782,-0.8585601170547034,0.052201119502763106,-0.06621577440042976
Cho2017,10,0,right_hand,late,34,-2.3702711287319214,-2.9046476158856853,-1.6648544420787654,-0.8717093795098273,-0.4738453468042537,-0.17995529088272863,0.17481901722117474,0.6577705880039566
Cho2017,11,0,left_hand,early,33,-1.2967458678542547,-2.2914655276387625,-1.5850392892829677,0.15486282765468865,0.5331815207587389,0.20145500447238224,0.10003987310251292,0.13076016021863812
Cho2017,11,0,left_hand,mid,33,-0.0018041815877721295,-0.943007528326925,-1.2012913454379124,0.13292509875648573,-0.1591971594919411,-0.07834250986322512,0.9970007675246996,-0.2583575837766555
Cho2017,11,0,left_hand,late,34,-1.9740978329003573,-2.195152344898184,-1.0883893666680289,0.06757368089240193,0.26265722827768384,0.32062666116497907,-0.28921213657877703,0.6518618168429452
Cho2017,11,0,right_hand,early,33,-0.6212973490087871,-2.2210144873719995,-1.6583657471428304,0.5223098076261776,0.5205457820375214,0.4881490353905937,-0.4549217820320714,0.033807188161761634
Cho2017,11,0,right_hand,mid,33,-0.09547506791773058,-1.7217918669381773,-1.7894826231125553,0.1153392242269846,-0.5388935790236367,-0.5423444709549167,-0.898697919457762,-0.6492562456027309
Cho2017,11,0,right_hand,late,34,-0.3747787653951092,-1.8354313563469393,-1.128570049679231,0.7599889847401861,0.2289129981429094,0.6682614478970634,-0.5014081075035451,0.06422370667429009
Cho2017,12,0,left_hand,early,33,-0.7992987087725967,-0.85071970181439,-0.17512672669407017,-0.3570654023353649,-0.44520039665429767,-0.014479004337442468,-0.6405538683209776,-0.9220604370438384
Cho2017,12,0,left_hand,mid,33,-1.4230751689789125,-1.7694334955503868,-0.8937857237154376,-0.3470723729400771,-0.863901500041167,-1.1437729932468244,-0.22845111112732694,0.5343952085013678
Cho2017,12,0,left_hand,late,34,-1.4081517594461095,-2.4053821074391477,-1.6326478788510408,-0.5146541291480382,-0.9163378371073334,-0.8158079790163891,0.07382798806522133,0.22635281983628827
Cho2017,12,0,right_hand,early,33,2.155407664734412,1.6090548294089864,1.9515336286286915,0.6470803450573459,0.4766317595286605,0.7932148105143825,0.04964133196527174,-0.10146147120728749
Cho2017,12,0,right_hand,mid,33,-0.02126128285091402,-0.7026292166860268,0.02427063928093262,-0.8318768308944742,-0.5695457719594955,-0.09186649327313337,-0.06609333164772659,0.8010995243599406
Cho2017,12,0,right_hand,late,34,-2.9009355245032102,-3.3211206127391346,-1.6569115489821837,-1.3127778497052827,-1.5004271056046923,-1.639293590308986,0.27294113985481283,-0.11060563649574998
Cho2017,13,0,left_hand,early,33,0.5562660624867422,-0.5206786102710897,-1.0748656706512927,-0.1916406231905316,0.04974778260363566,0.21506261382168756,0.3179385193903673,0.05758988003936705
Cho2017,13,0,left_hand,mid,33,-0.6567209171153326,-1.3892052874046656,-1.918359563724722,0.328730855623365,0.6298537548122256,0.48589386969015985,0.48994144299436093,0.19292688913451217
Cho2017,13,0,left_hand,late,34,1.221861703898091,0.37378800767322307,-0.03555917898691896,0.5810023307658642,1.088383671082906,0.7586180088360326,-0.943441087274879,0.132586579062357
Cho2017,13,0,right_hand,early,33,-2.6888475644836856,-4.217501064273467,-4.122117228991697,-0.5025770708609415,-1.0541261777865916,-1.25908136051592,-0.21043562960140733,-0.4294273374343722
Cho2017,13,0,right_hand,mid,33,-1.0831654690776527,-1.910081314391764,-1.306602136577854,0.22369475433929273,-0.25294666112234715,0.10244028630539395,-0.09349723670679402,0.3717922115765583
Cho2017,13,0,right_hand,late,34,2.395764081947897,1.6750654635576314,1.6174909246376543,0.7326888226754058,0.6632512192349351,0.9541707775976322,0.19392566782652368,-0.13129839311248961
Cho2017,14,0,left_hand,early,33,-2.3591984737857707,-5.179024182194011,-6.08966225459536,-1.0061131640183196,-1.3379725260130924,-1.6543041604085844,0.4415345335588666,0.24364260089529202
Cho2017,14,0,left_hand,mid,33,-4.084521089401077,-4.840166807680554,-6.722795355582281,-1.9729762691957926,-1.8627405325200033,-1.8088252468174595,0.2441192760119338,-0.04340550969776434
Cho2017,14,0,left_hand,late,34,-1.9724231626880984,-3.3772535307602514,-5.299632245482632,-1.4040396275791753,-1.4637205265993969,-1.6617689978820667,0.4575335164603051,0.0840657072207554
Cho2017,14,0,right_hand,early,33,-6.465901191253768,-6.2968519273349965,-1.2901358353742747,-2.0766606630664057,-1.7860435669822492,-1.2971007646967743,0.6673208673591996,0.23106550805712525
Cho2017,14,0,right_hand,mid,33,-5.212936667009445,-4.759035996788013,-3.1657590512680334,-2.365450076033018,-1.8656587766207082,-1.9413756422339228,0.24433129983174487,0.0984656592906532
Cho2017,14,0,right_hand,late,34,-3.044720963150829,-4.236495766512663,-2.1419943663449352,-1.534764470573319,-1.7695946215381577,-1.9198480539029068,0.17404591142148804,-0.1114693994192511
Cho2017,15,0,left_hand,early,33,2.1788798679772152,2.457523299210506,2.174083818409744,-0.4506001454341681,-0.05388826467377808,-0.3486800646682289,-0.0011017894733351364,-0.12751483081619408
Cho2017,15,0,left_hand,mid,33,1.0320947174973074,-0.1501143000803423,-0.08725497793126312,-0.6857573882168118,-0.27328004237718795,0.3153628595572817,-0.8440970176029656,-0.36998005932161604
Cho2017,15,0,left_hand,late,34,0.9100049075215049,0.18772352626585237,-0.8154212287500674,-0.6887625161856352,-0.8503189288206653,-0.6170365201579329,-0.05481757623993157,-0.05492881678680499
Cho2017,15,0,right_hand,early,33,1.719719911208346,2.059637917557122,2.2683605958848845,0.3372537839935153,0.8420070185365855,-0.1652513493180317,-0.13757011266465705,0.3422899056612108
Cho2017,15,0,right_hand,mid,33,-0.8898531968542098,-0.28729501462368995,-0.4462237132671871,-0.5478797038623295,-0.04958129047214787,-0.40565158911855737,0.33203888206309484,0.14915935721327508
Cho2017,15,0,right_hand,late,34,-1.4710438717955896,-1.10311611807085,-1.2467008824484096,-1.1919306361564224,-0.4959057088495156,-1.2849172193254448,0.08254748316479998,-0.037542307236684114
Cho2017,16,0,left_hand,early,33,-1.8900068213303303,-0.7223438292269351,-0.44826301036372485,-1.0777468792991083,-0.39751226553285574,-0.8248581787363022,-0.6165857299377956,-0.13291707571929487
Cho2017,16,0,left_hand,mid,33,-1.3338099938059766,-1.573576385983719,-1.1180206083898492,-0.3760696795248406,-0.6045064507992389,-0.7506201250202285,-0.08801153930572098,0.3324343967474016
Cho2017,16,0,left_hand,late,34,2.049595919961266,0.6629876404640042,-0.015720192822324043,1.0430382680441719,0.5390692878069928,-0.11252119484118399,-0.9847769620107825,-0.8052524366678181
Cho2017,16,0,right_hand,early,33,-1.2687837606325036,-1.8297988535306693,-1.2870116483887952,0.19742573482598705,0.14975924031462726,-0.06250642890506486,-0.007131982353498187,0.5190558335848013
Cho2017,16,0,right_hand,mid,33,-0.7376087309784688,-0.03956984854469037,-0.6097147999613107,-0.06111674710791429,0.33581204559207284,-0.7439912333089767,0.09492443951301735,-0.8481775150799833
Cho2017,16,0,right_hand,late,34,0.16016102627455978,-1.5519629050704489,-1.5207774505916054,-0.3271583316899988,-1.1535877136198593,-1.0129163015601443,-0.8094385624711811,-0.5117311773949081
Cho2017,17,0,left_hand,early,33,1.1352941032209964,0.48705658066231206,0.8985215412906266,1.1864627246437784,1.20697827753845,0.27771766349831845,-0.11641790767482553,-0.6206510266802368
Cho2017,17,0,left_hand,mid,33,0.18451732260707626,-0.28417912660910083,-0.4234974575822095,0.032083668557847715,-0.3893236607543027,-0.21686354768421082,0.39304987767030025,0.7422452113169898
Cho2017,17,0,left_hand,late,34,-1.14458314231906,-2.020429682709432,-0.7252757787406247,-0.07268978154911578,-0.084672365335922,-0.20618401205126094,-0.2242454544863769,0.4786904813775403
Cho2017,17,0,right_hand,early,33,0.5215383472385892,-0.3730682384888769,-0.8953196405332114,0.8927920172374202,0.5575195271500827,0.8399173659754332,-0.2638099912062772,0.030515591232007335
Cho2017,17,0,right_hand,mid,33,-0.9916044201716426,-0.8482929956302488,-0.6113055912711057,-0.6770447839415735,-0.004945342688830804,-0.18517394181960634,0.23725525836490177,0.5704710735524052
Cho2017,17,0,right_hand,late,34,-0.0981910868996963,-0.967894119426285,-0.9238854827276003,0.2244337293772303,0.2688185817460558,0.05739726508669591,-0.807859626533652,0.5926830887009297
Cho2017,18,0,left_hand,early,33,0.8882543627046394,-0.25678769127467266,-0.35292306724633393,-0.1812822886573334,-0.36229147357838887,-1.0248743019919373,-0.4313092411609927,0.6994050522747637
Cho2017,18,0,left_hand,mid,33,1.420583604909889,0.1947895747535077,0.19182525601184214,-0.11028962160645797,0.47559629360630534,-0.31528454589831356,-0.7620637536038031,0.48169024331007404
Cho2017,18,0,left_hand,late,34,3.9281928427588553,2.6463384325527493,2.777189360165844,0.3044644765040049,0.7814733832816456,-0.11984006171996438,-0.17165367279004257,-0.4351224136249669
Cho2017,18,0,right_hand,early,33,-0.691183072828179,-0.8071773831225566,-0.2718986607640014,-1.1058340227765338,-1.3802514379096167,-1.4900600595337523,0.435357039220645,-0.1480129868839896
Cho2017,18,0,right_hand,mid,33,-1.1634189998432578,-1.5695702954447472,-0.01569942358730096,-0.6966398907807452,-0.40453289112632523,-0.32132668689977684,0.9733709129204773,0.36868912212828703
Cho2017,18,0,right_hand,late,34,1.2443807166296919,0.018449280106507638,0.8543521572743614,-0.5043166020554943,0.10551838797263348,0.2578373404662245,0.1858400200449527,0.3233982635761883
Cho2017,19,0,left_hand,early,33,-0.6133434192239703,-0.6193918070107791,-1.625500368618721,-0.7984287977584281,-0.37761814384632303,-0.5184499093225677,0.452089134083824,-0.21260795465093657
Cho2017,19,0,left_hand,mid,33,-2.4721587022302836,-2.440659004258222,-2.9946730602058977,-1.780088754315748,-1.2978505988692874,-1.4550984652852026,0.09557900822299431,-0.10045486303282065
Cho2017,19,0,left_hand,late,34,-2.7395644745080943,-2.7657055757238855,-2.7844505358053704,-2.3355305260514285,-1.4789416687008519,-2.046654171119668,0.008125622615701225,-0.0659206251891308
Cho2017,19,0,right_hand,early,33,-1.2069279134440511,-1.1230613444644333,-2.070760040254011,-1.0835861372965157,-0.12716321963861563,-1.7946278413541208,-0.26354922708104006,-0.24704268318193476
Cho2017,19,0,right_hand,mid,33,-1.838382029577857,-2.2012896609734423,-2.2129074314720434,-1.8050570950184197,-1.0330032462920757,-1.5311486829315812,-0.09244597442245643,0.08210177378661188
Cho2017,19,0,right_hand,late,34,-1.838740989104151,-2.9025669271646963,-2.543452234573769,-1.5947522518434827,-2.1369712881983927,-1.9793445619971999,-0.16081245383291493,-0.10760545396095154
Cho2017,20,0,left_hand,early,33,1.703847602613869,1.8753796943699788,1.835985267531822,-0.4571685468806661,-0.19273165269828244,-0.8343491043269516,0.03732878634818559,0.2920444463872464
Cho2017,20,0,left_hand,mid,33,-1.140776229764109,-1.4516284110598896,-1.536966414979011,-1.0787727131387168,-1.3832887450425055,-1.1600237228314432,0.14795678217721667,0.036292272217021394
Cho2017,20,0,left_hand,late,34,1.2720702005504945,-0.008659434879905248,-0.07401848612702458,-0.5818898200093109,-0.6188076565317081,-1.2770073529382424,-0.8900243544729277,0.3739408198823182
Cho2017,20,0,right_hand,early,33,-0.5310203954837359,-0.7250967565383014,-0.9576864992321116,-0.823086219585285,-0.4330707181662861,-1.3792930468407114,-0.28660181884212627,-0.2525481581371924
Cho2017,20,0,right_hand,mid,33,-2.230056873912495,-2.4301681770779346,-2.8042733703047564,-1.4446912023617966,-1.056537725150375,-1.8726481047618755,-0.1140601566716531,-0.12900606865299608
Cho2017,20,0,right_hand,late,34,-0.984371234762754,-0.889468456294774,-0.5590432082051545,-1.182288434212667,-0.05177341633074098,-0.6703620421507241,0.27557603111430984,0.27632108624548246
Cho2017,21,0,left_hand,early,33,2.985042739653361,2.1236955298212123,2.9652740082170226,-1.58748205925511,-1.341331035890699,-1.7447434517206917,-0.0033222990092777564,0.04719410254425716
Cho2017,21,0,left_hand,mid,33,1.1279297709196836,0.7533056592183133,2.6685783103276424,-1.306074209825062,-1.2895483270071704,-1.4030737514689202,0.40580673251241584,0.03580444591056148
Cho2017,21,0,left_hand,late,34,4.473609406011696,3.3481398208207658,5.277034900972749,-1.5019258337968304,-0.17087836443261573,-0.6066023450984621,0.08239716983477234,-0.42462012016716294
Cho2017,21,0,right_hand,early,33,3.2505255353210685,1.2165526144224883,1.972253318564278,-1.5554218617498787,-1.2266265012362043,-1.5045789330635584,0.2447494432596651,0.01661533185628475
Cho2017,21,0,right_hand,mid,33,1.2683502298513534,0.6300789616123872,2.51061224397779,-2.494664608126604,-2.236408567152178,-1.973521457644777,-0.3287309738399383,0.11663416491852328
Cho2017,21,0,right_hand,late,34,2.1778873259373794,1.8538294588813584,3.6927122554390746,-1.9609008397528616,-1.5287100325547132,-1.7479808963340995,-0.2580358119309034,0.05740812421897343
Cho2017,22,0,left_hand,early,33,0.8026673216648684,2.3021209090215025,1.357980264117148,0.711940838465557,0.6391811670525999,0.17552681869671016,0.25701227081476674,-0.6044321902209528
Cho2017,22,0,left_hand,mid,33,-0.3531263756018982,0.32101984538633593,0.5903002553762252,0.4553901520083721,1.1654220408917504,0.5953727310770879,0.2513962103533483,0.1332199503066486
Cho2017,22,0,left_hand,late,34,2.2502144681337093,2.5580327400996534,2.5432109208687153,0.5357921728735809,2.1621191096709778,0.9295089030332488,0.06112465073665879,0.26869340139944187
Cho2017,22,0,right_hand,early,33,-0.2692958946551267,2.3369847491894475,0.5916495835205761,-0.2769981472149253,0.9864749598166659,0.2888308615701134,-0.37441823789875694,-0.020912173415420232
Cho2017,22,0,right_hand,mid,33,-0.7658462526066634,1.0450313472801778,0.98518035935008,-1.1264765869916473,-0.2213167314119022,0.08947777787739002,-0.12526029315928802,0.8528270789388923
Cho2017,22,0,right_hand,late,34,-0.7253074293369253,-0.5578317677614107,-0.44976914623786013,-0.251275106164221,0.21628562223293285,-0.3705277071844277,0.23448538489016035,-0.1917852387607983
Cho2017,23,0,left_hand,early,33,-1.3853393426747862,-3.635856077573139,-3.5230993136232627,0.2518898226831318,-0.5277255780350135,-0.692591132951592,0.4355274906421623,0.4666068782427632
Cho2017,23,0,left_hand,mid,33,-1.456315795707822,-2.1461232134719936,-0.5092712678824982,-0.017428078692542093,-0.9356112480575225,-0.3990849513514923,-0.4818125563440891,0.9163143650478375
Cho2017,23,0,left_hand,late,34,-0.7353831573303534,-2.054122762086711,-1.9156789552910776,-0.5652261241196798,-1.3271943259305314,-1.5107509631934373,0.44521619932685047,0.45546015168092513
Cho2017,23,0,right_hand,early,33,-4.423001535507482,-5.1222270290862575,-4.672692736428926,-1.4444177255954014,-1.923846211571933,-1.2566263565930886,-0.027451582414311598,0.06952547359025586
Cho2017,23,0,right_hand,mid,33,-0.9657353565258995,-0.828030963092052,0.29238123206512484,-1.7672764954760731,-1.4665849994842524,-0.7054212690211282,0.5352080487348709,0.429431870607471
Cho2017,23,0,right_hand,late,34,-0.83881115266481,-1.0538384107332828,0.12036577425528368,-1.1130148668396134,-0.8089042724077825,-0.37453258599127565,0.7490227905256711,0.4964428391463837
Cho2017,24,0,left_hand,early,33,1.1979221466969039,1.3636402334043978,2.3282363379460618,1.3978289243584772,1.0423878045028474,1.5549543345950358,0.3205511596180016,0.053212645987516544
Cho2017,24,0,left_hand,mid,33,4.423936972739856,4.106190029267672,3.5388762993688574,0.6647582258816431,1.1238503488356355,0.9804009280379354,-0.11114924375673785,0.19186149948123626
Cho2017,24,0,left_hand,late,34,1.690270591076294,1.278911116288252,1.9703348257554956,0.8627176622945385,1.3552099044269383,1.496870419371146,0.07650762723330988,0.26875570444013486
Cho2017,24,0,right_hand,early,33,1.3863886394366736,0.005168216647524554,1.830681629928914,0.47646708628320594,-0.1334792986221213,0.605168522832243,-0.13810484487174593,-0.11898779539468733
Cho2017,24,0,right_hand,mid,33,2.7667308287832366,2.3106788288795483,2.546585393347652,1.5466069584376716,1.6687901827415654,1.528335014613371,0.041432774981214254,0.005942207685360226
Cho2017,24,0,right_hand,late,34,2.660412007068423,3.4779326021653967,3.245180939542075,0.6547520766257378,1.3380456619501702,1.5275011545051134,-0.0990195121404835,-0.39993024889559403
Cho2017,25,0,left_hand,early,33,0.55258006876618,-0.6547930105704406,0.2189935920269473,-1.0137045460407277,-0.44501050487200877,-0.01533391315263404,-0.4323455992475529,-0.9701975897681144
Cho2017,25,0,left_hand,mid,33,1.2340647756141419,0.2737486195277368,-0.36377166528700366,0.00300561628146608,0.1254258276091431,-0.24597132339592398,-0.5446697096458205,0.9758562677703357
Cho2017,25,0,left_hand,late,34,1.9684497261286003,1.7162189583703522,2.439787319467434,0.1181640581057351,-0.2706396357980424,-0.05630292587253347,0.10692201632163018,-0.3545721420902593
Cho2017,25,0,right_hand,early,33,1.0081522754949606,0.7562719158676646,1.6313544860355709,0.8790089227587315,0.9785196625808568,0.692171930106062,-0.2361055556376917,0.11891501370577585
Cho2017,25,0,right_hand,mid,33,-0.4475177715767809,-0.8661662201786776,-0.12315452482636605,-0.381618943737918,0.28351347178355985,0.3725080917119869,0.5683879326100508,0.01208132263882523
Cho2017,25,0,right_hand,late,34,0.3100717526416234,-0.5434071600801618,-1.0700541763884859,-0.2926993954634287,0.03284150549762733,0.07404882719093088,-0.550661651781982,0.5961871244801211
Cho2017,26,0,left_hand,early,33,-1.946867959552354,-2.2605643584984114,-2.419833652046932,0.27886736400118506,-0.4314632693164025,-0.5343711908552972,0.10831188722358259,0.3141806611704515
Cho2017,26,0,left_hand,mid,33,-3.6712622239119024,-3.5348495919549245,-4.608333438136168,-0.14569487632022432,-0.05187671573250008,-1.0617206855468995,0.11317837880895606,0.7586665586868457
Cho2017,26,0,left_hand,late,34,-2.9863554229236033,-3.669681515980596,-4.63542029313207,-1.14428817900063,-1.785573935078606,-2.0609145793499026,0.2163622929410825,0.285980784822795
Cho2017,26,0,right_hand,early,33,-2.3831423784008905,-2.8786940345105356,-2.237443565118177,-0.9745432533559161,-2.0824778057550315,-0.6427856374029809,0.03153254047510441,0.20512687175041128
Cho2017,26,0,right_hand,mid,33,-3.158684683457673,-3.511470813069244,-4.4993201799805105,-1.0899953161024154,-1.859752697543098,-2.398745689950668,-0.17506328612083666,-0.37513543469622035
Cho2017,26,0,right_hand,late,34,-4.502990024920675,-4.542699553697673,-4.552405607361488,-1.0590569514796988,-1.9157646259865497,-2.0694093280038417,-0.0054570318567471405,-0.3229545362691062
Cho2017,27,0,left_hand,early,33,-0.3506911250554627,-1.144031024192513,-0.457185576574684,-0.206795484941804,-0.7863281689671566,-1.1622692444535418,0.13182017912428357,0.6979025454360567
Cho2017,27,0,left_hand,mid,33,0.19821885990648258,-0.40490038169449627,-0.05729620519026386,0.7094445110783392,0.7062910616244348,0.29750471554298663,-0.5515238589273034,-0.40909688854676185
Cho2017,27,0,left_hand,late,34,0.0911930419789117,-0.09666925265641296,0.36145970743168243,-0.2718513830261977,-0.22445740681964463,0.3380581950427977,0.5970728462484519,0.10855184833498455
Cho2017,27,0,right_hand,early,33,0.47202108578271756,-0.08279667430487257,-0.29929925142919966,0.22640650853276229,-0.422003100418443,-0.5375012263502428,0.22393009236325018,-0.40724121986423617
Cho2017,27,0,right_hand,mid,33,0.5795541281507006,0.45171333289403165,0.7137189752014421,0.2212546895666221,0.14293001019394683,-0.48070482910147155,-0.10374053763508141,-0.3696084070875387
Cho2017,27,0,right_hand,late,34,1.0091447537383953,-0.3623003459474307,0.25622760072579437,-0.3838338304869091,-0.8495215185446794,-0.4895821315043546,0.5950162814576557,-0.12107438565280448
Cho2017,28,0,left_hand,early,33,0.5497406602923232,1.3074454217975033,2.0130389675212514,1.652188752007891,1.1106414770192126,1.7905187143280117,0.5709809346648099,0.0401805740606088
Cho2017,28,0,left_hand,mid,33,0.2013368124798901,0.7055335882602736,2.1980962298209485,2.2382765518912535,1.4147101708100602,1.6193698793453148,0.8321796783403247,-0.16043633950858172
Cho2017,28,0,left_hand,late,34,0.38009970346942623,0.6086136507355616,0.9034852263871707,1.6244824383071133,1.1119431221062654,1.566763956894098,0.40775293534820284,-0.018086501092428483
Cho2017,28,0,right_hand,early,33,0.22133534659503945,0.5536666214325102,1.0868880782328756,1.5918168736216032,1.240988420710643,1.19479788958548,-0.6616245476201374,0.1424735809478015
Cho2017,28,0,right_hand,mid,33,2.441768582962676,0.6715945938681888,1.3821780599483489,2.042618465424447,2.3068409169723845,2.4127939020692106,0.277093438261916,-0.08308443890525932
Cho2017,28,0,right_hand,late,34,0.3536144756734764,0.7015846639165596,2.1469259247831345,2.2423327022685475,2.3331595574404655,2.246494266581243,-0.7171695561416206,-0.000927093947165866
Cho2017,29,0,left_hand,early,33,0.8246092437282925,1.4953402939488702,0.1233295326147523,1.6897083287894923,1.4837815595409793,2.2417444052171858,-0.7397943080448031,0.14041529016809384
Cho2017,29,0,left_hand,mid,33,0.7927715662718534,1.893138964259749,1.8368244953973865,2.268559077826558,2.1774793982951794,2.0223739787795654,0.39703928080223067,-0.057373325521351874
Cho2017,29,0,left_hand,late,34,2.366966437784246,2.862863862817339,1.659875535067341,1.2514891871248193,1.4298860954223729,1.534439343661205,-0.17559440064547208,0.1015640399276696
Cho2017,29,0,right_hand,early,33,0.19089063385414093,0.9379671618776659,0.6302252299769822,1.6490397700689183,1.5262282010192187,1.5795112380311807,-0.5350458022732807,0.021535522239945357
Cho2017,29,0,right_hand,mid,33,0.2728029932661936,0.8714463401783732,-0.0659592674003657,1.0283169934145924,1.2559912352481952,1.2510338847492743,0.6105866853611015,-0.09771066555320862
Cho2017,29,0,right_hand,late,34,-0.6691054022847889,-0.12014107522317014,-0.14559356940804813,0.5783754450984913,1.5111609529722503,1.3609283738706208,0.6425831516504216,-0.40352260492536757
Cho2017,30,0,left_hand,early,33,-1.0663793944009865,-1.6337815066699877,-1.6460796329278655,-0.08229289654138136,0.17392565995191353,0.26841601669815157,0.2137176018830966,0.5307054173146971
Cho2017,30,0,left_hand,mid,33,-1.8132727580327768,-2.4584803477057466,-1.4877165431918922,1.2123960804565397,1.0738328716412673,1.1890847154229813,-0.09862383217058689,-0.009707079512589136
Cho2017,30,0,left_hand,late,34,-2.5081143574624423,-2.1916854670690373,-0.5330378144467771,-0.6805434507188561,-0.559212060317415,-1.3966020926121598,-0.6494500871279066,0.34473205028521775
Cho2017,30,0,right_hand,early,33,-2.339554565134825,-2.5243705021358864,-2.154599632519296,-0.6392710623098921,-0.06334579003631496,-0.8923519296756597,0.04115455867359252,-0.1652370516047692
Cho2017,30,0,right_hand,mid,33,-2.045395848390932,-1.8208056215532984,-1.3174266177633136,-0.6938653025140814,-0.05558012442869279,-0.5832747316798302,0.2164756652943771,0.08659236095754548
Cho2017,30,0,right_hand,late,34,-0.7646752903183133,0.3810088222035625,0.5025927478865138,-0.6099059324038381,-0.6502239940132065,-0.7375162530002487,0.20680908421162236,-0.09470700570225568
Cho2017,31,0,left_hand,early,33,0.04427866457540019,-0.8135965581642298,-2.1744978489990197,-0.2707444248625433,-0.10161940598878756,-0.2645952360733685,0.9600873145136479,-0.011486518257258282
Cho2017,31,0,left_hand,mid,33,0.5427046956676257,-0.5742294019425292,-1.088405222739747,0.36291697319096294,0.30820742458735795,-0.33585849375662147,0.33455778848120005,-0.03872270953148839
Cho2017,31,0,left_hand,late,34,0.6782341163616558,0.15998716178272734,0.33502607975002,-0.03173086194851759,0.6497008056401237,0.7674937399843179,-0.338716588225488,0.9205958828800314
Cho2017,31,0,right_hand,early,33,0.0829851184455332,-0.37281780595468034,-1.1967630063523502,-0.21455049127565204,0.7732605818241749,-0.382149735812151,-0.8703102324003961,-0.2808767902678159
Cho2017,31,0,right_hand,mid,33,-0.7881798794074307,-1.528056951149336,-1.3879544498041647,-0.7594317446158559,-0.07211982295321892,-0.028659330589922143,-0.27561468166077313,0.9272689883401132
Cho2017,31,0,right_hand,late,34,0.7364479101929396,0.33316198741564085,1.6105296385251056,0.7177249703320583,-0.1063473736652837,0.9004936500741191,-0.37242867057232937,-0.1129443682313984
Cho2017,32,0,left_hand,early,33,2.731752588639423,2.4672530746812664,1.7906137434646072,-0.44709320199478436,0.03061696754287537,0.4222986510451596,-0.20810760917215462,-0.028519419480326734
Cho2017,32,0,left_hand,mid,33,3.1825296679486454,2.328940959606852,2.2166035624531846,-0.12981669339650395,-0.4529999581984157,-0.35425983483401247,-0.17890392110653136,0.4636521879256023
Cho2017,32,0,left_hand,late,34,5.026785969601273,3.647636611264117,4.738943699271751,0.6198080178181438,0.35146839072853764,0.3197819064136239,-0.029474732568830157,-0.3193160161331325
Cho2017,32,0,right_hand,early,33,1.0916230918220828,0.6355068712972328,2.354909013246279,0.9679086871933392,0.15856512109833557,0.7335959002986799,-0.36653827177946424,0.1377091714104816
Cho2017,32,0,right_hand,mid,33,1.153049267823572,1.6340154410896983,2.2585520494341713,-0.27670233845647263,0.5272471460531503,0.33194467401323996,-0.32404219567461245,-0.09076251821660966
Cho2017,32,0,right_hand,late,34,2.3785516922345087,2.9683347177152526,3.813550277823517,0.0928101211490423,0.2898206541814525,0.21103747285201005,-0.2317466011586952,-0.38910083224999403
Cho2017,33,0,left_hand,early,33,-2.8373255520936733,-2.6994824929387793,-4.232473462714342,-0.10222597420303654,0.1595758731854846,-0.6551594728463221,0.19733911921660968,0.7300556154035145
Cho2017,33,0,left_hand,mid,33,-1.9844556061140575,-2.6385063372112962,-3.809891257284026,0.09407888168715756,0.5953345830404402,-0.6294673406649983,0.31503734488194673,0.7399505967115159
Cho2017,33,0,left_hand,late,34,-0.9264953657243895,-1.1484709338455854,-3.6236837440393033,0.26890392146086256,0.40955743605300143,-0.8694859186355657,0.5927653204963591,0.527571466312305
Cho2017,33,0,right_hand,early,33,-2.2072812997095643,-3.0200548847004947,-4.492798851451961,-0.5275654566787917,-0.908592545149673,-1.250761887199008,-0.3411179419019606,-0.406672277187856
Cho2017,33,0,right_hand,mid,33,-4.682320093825576,-3.9686766159357454,-4.811084955743388,-1.7821032509035515,-1.492289561335999,-1.5761843271397042,-0.013563611922748258,0.061316643967646224
Cho2017,33,0,right_hand,late,34,-0.9764600209705149,-2.0142604617032127,-4.243308119518752,-0.21883777322190756,0.35659435633678893,-0.8783983695924142,-0.6258607682604891,-0.6011108918439263
Cho2017,34,0,left_hand,early,33,-1.4460643691100765,-2.3262487970053463,-1.199237427287849,-1.077432009344658,-1.265735181356333,-0.8609192706498495,-0.09330766801668101,-0.11169943287855548
Cho2017,34,0,left_hand,mid,33,-2.6457560878530524,-3.0215412306881797,-2.217624029571458,-0.4138703325127766,-0.47430405361256844,0.14637854328659602,-0.08803179022500905,-0.47745171972816314
Cho2017,34,0,left_hand,late,34,-1.4353246532804997,-2.848181105943594,-1.7574106161414789,-0.027690633799954786,-0.488117109607316,-0.07694829643736423,0.10088088603703445,0.4707393560474485
Cho2017,34,0,right_hand,early,33,-1.0933330872040776,-1.9883926589021828,-1.332750533586807,-1.6598845862680802,-1.1231897735874066,-0.8659099216944126,-0.09868474620206256,0.3143465005053601
Cho2017,34,0,right_hand,mid,33,-2.0879996255323503,-2.462067918686572,-1.1471748835235978,-0.6185604430268681,-0.3115688597034662,0.016947776782018475,0.29081112606914467,0.9466638628620251
Cho2017,34,0,right_hand,late,34,-0.9467880032846312,-2.3569936978861876,-0.7383016880841319,-1.068298886982591,-1.2276950890221716,-0.6966177963089775,0.12372416511025608,0.2105941284324133
Cho2017,35,0,left_hand,early,33,1.9937590384334174,1.6253397936377827,0.8813551285499392,0.13702167467057,-0.9703426522412573,-2.176247119710264,-0.3869077348850605,0.881534152016048
Cho2017,35,0,left_hand,mid,33,0.6570144277773498,1.2736380171762773,1.5048353450890801,-1.446382645426236,-0.8104652016800556,1.0919118454266068,0.39217383555176066,-0.13964920196495026
Cho2017,35,0,left_hand,late,34,0.9636204474524104,1.293470763342598,1.8282162267483988,-0.667832440465914,-0.2224412270227936,0.29575271875600795,0.3096870913996026,-0.38614098416620884
Cho2017,35,0,right_hand,early,33,-0.06320985268982955,-0.156885219954038,-0.19760537054550342,-0.8376154017723767,-1.5558991370882869,-0.8751930161093253,-0.5152901590196256,-0.02193918125613975
Cho2017,35,0,right_hand,mid,33,0.1819352871730722,-0.5433557668501281,0.8314244933996359,-0.1869950676087963,-0.5576816614516075,0.08265400090023921,-0.6409265679159872,0.3869513337668392
Cho2017,35,0,right_hand,late,34,1.5945936022529335,0.6118336583965631,-1.1124511456398012,0.9254223439607783,-0.08834393984604288,-0.549967620714322,0.17810657063886737,0.25447829539028766
Cho2017,36,0,left_hand,early,33,0.7296819964364388,0.38882105913266607,0.7742597897657263,-0.03829495770403239,0.2772202822476414,0.5146339760096189,0.029640637515536895,0.8614832562773268
Cho2017,36,0,left_hand,mid,33,-0.23965434259386578,-0.5698662995429912,-0.3769731650363802,-0.21797686664026833,0.19591405378119878,0.5131592463245349,0.22269331280766694,0.40373108980663436
Cho2017,36,0,left_hand,late,34,-0.9963809715972431,-1.3770032380992432,-0.9441684189698213,-0.8022589273146611,-0.6884656088467681,-0.9723746205777685,-0.026906067364852997,0.09585961758986146
Cho2017,36,0,right_hand,early,33,-0.6943922200754876,-0.7028686153326169,0.2403282172551207,-0.8218307013657576,-1.2150715669898584,-1.5230944585766157,0.4857751951129807,-0.299055922632555
Cho2017,36,0,right_hand,mid,33,-1.0686399475907837,-1.9100235955771456,-1.2236230271585442,-0.08182406652685788,-0.8758797573472981,-0.47375781203443557,-0.06761138720774773,-0.7054473168248564
Cho2017,36,0,right_hand,late,34,-2.1593314934837586,-2.4527360335153325,-1.2481588194972415,-0.5149944401806769,-0.4155280000532277,0.009890134673941143,0.26740286553871057,0.9623150111558125
Cho2017,37,0,left_hand,early,33,1.900835016492862,1.0494412935038808,2.175171196871968,1.7767874176560665,1.5211496680471959,0.8255920775042169,0.0673051428330958,-0.3655098504736967
Cho2017,37,0,left_hand,mid,33,-1.7263727657794112,-2.697460843646188,-0.7896925478417864,-1.7703260612390652,-1.2110523295734579,-0.6339058059134065,-0.37227977066681395,-0.47267498233089056
Cho2017,37,0,left_hand,late,34,0.4481084439852763,-1.0418053065114452,0.5379743186109253,-0.0564144567647804,-0.46962122686116536,0.28784609107437703,0.09113421107681287,0.6722572068226772
Cho2017,37,0,right_hand,early,33,1.4834601671168453,0.9705872174411201,1.8996048434737518,0.0827051836316259,0.3052916096738952,0.5618289511517229,-0.12300818194571386,-0.7433644576189091
Cho2017,37,0,right_hand,mid,33,-0.2425893759251311,-0.8814084915306183,0.448079938077384,-0.5083128403642624,-0.6210812541307974,0.15267882433686158,-0.29752380478786494,0.5380310146395043
Cho2017,37,0,right_hand,late,34,0.39101044372689714,-0.6159614040141191,0.920953867730641,-0.9658455927752264,-1.0819626866825183,-0.11424425402204519,-0.4039312802762132,0.7884541654366864
Cho2017,38,0,left_hand,early,33,-1.2160380413129617,-0.29547407217098043,0.14563530846521403,0.2113857705375533,-0.039035113640521736,-0.3661013328157582,-0.7860936200463366,0.2679117185125233
Cho2017,38,0,left_hand,mid,33,0.1188879327386648,0.3127067794887615,0.2702318100701558,-0.9081097780672316,-0.1796108730322675,-0.24854009596213375,0.38893908656248305,-0.570241433397115
Cho2017,38,0,left_hand,late,34,0.061842223870954366,-0.5633847430301063,-1.4563890910469859,0.02537729245898265,-0.07554617905959861,-0.14800594282016272,0.9185338580975101,0.7072693629447455
Cho2017,38,0,right_hand,early,33,0.6920501583772247,0.4642130803668885,0.5731258298101014,-0.37578260466679264,-0.31395235478065137,-0.10867674610456779,0.09399824979093342,0.551348339415756
Cho2017,38,0,right_hand,mid,33,-1.5190535303377473,-0.9056009513651286,-0.4254534165948172,-0.099779785910515,0.07491915335008441,-0.8000014963528038,0.5624048376212133,-0.7782132438684921
Cho2017,38,0,right_hand,late,34,-2.119365587686163,-2.5583424292661667,-1.4127701606533067,-0.290435775024555,-0.7034663667355133,-0.6244386477993764,0.20004764181700588,-0.3650805667338026
Cho2017,39,0,left_hand,early,33,3.4805512772684826,4.03147005876711,2.9114118986648454,0.10398097963550162,0.21093643834013706,0.25866865377407483,-0.08903984002075134,0.42654854682803156
Cho2017,39,0,left_hand,mid,33,6.831557261556004,6.2859260894777345,7.018650684148321,0.3028619955953696,0.5715900362407508,1.0799049859458159,0.013508347551586402,0.5619478919610739
Cho2017,39,0,left_hand,late,34,7.301184576026823,6.7899791548400215,7.0239846302771065,0.8079514409173572,1.0634463133314955,0.81949863091257,-0.01935055298528214,0.007095265283456009
Cho2017,39,0,right_hand,early,33,3.231926353648818,3.282995707607193,3.0987325027321155,0.0972206732769204,0.3133821356712128,0.6094825304804894,0.02103949271922159,-0.7248613767136866
Cho2017,39,0,right_hand,mid,33,4.8383813516628695,3.6491830733103665,4.28597772014613,-0.2999557979252113,0.1572958403460073,0.7415065125617345,0.06054163664201562,-0.42397186167022394
Cho2017,39,0,right_hand,late,34,3.797742262871637,3.4321367910297305,3.6145130673512194,-1.1642573116077428,-1.1896634030609199,-1.07430445784798,0.02471976306230516,0.040183324394766996
Cho2017,40,0,left_hand,early,33,-0.9602915460803895,-1.4404403216559587,-1.1216236927850651,-2.047943246189736,-2.616538809922074,-2.295123313081914,0.07749217820827041,0.05691371834136267
Cho2017,40,0,left_hand,mid,33,0.39986793704903767,0.2572167956999887,0.3036948716967361,-1.2573063468726422,-1.7049004425475116,-1.0341828846538377,-0.13669435643385874,-0.09737050436417298
Cho2017,40,0,left_hand,late,34,0.3674482837437197,0.5858103391524297,1.641090524640203,-1.6539063984886149,-1.475364692983501,-1.213872983588668,0.6341138321948881,-0.15344046953193718
Cho2017,40,0,right_hand,early,33,-3.863757305934193,-4.78406387772607,-4.102673070858237,-2.4829246373187748,-2.0995610308382853,-1.452376962493076,-0.029990316066785195,0.2618726033285403
Cho2017,40,0,right_hand,mid,33,-1.0106004047411408,-1.6159676270855952,-0.785721467729969,-2.2391119214118502,-3.0146945553382114,-2.206974363717059,0.1251885535980348,0.007228280252293738
Cho2017,40,0,right_hand,late,34,0.3596625442307936,-0.9030320869603945,0.050794270587975206,-1.8096607502533695,-1.9334064870779069,-1.2394254623009837,0.7524988317691708,0.18701842066796617
Cho2017,41,0,left_hand,early,33,-0.37598721410694785,0.18855536069740425,-1.3775259987489814,-0.06340329880891207,0.22004047084053152,0.1463283662780857,0.5711612420706187,0.3953864927109404
Cho2017,41,0,left_hand,mid,33,0.645447191663089,-0.5004698987052629,-0.5860610588125007,-0.30835203653644466,0.192401387389879,0.1707593011794125,-0.0482222777051264,-0.28718321718913953
Cho2017,41,0,left_hand,late,34,1.8203638312844515,0.0050814249036386875,-0.38414581198518494,0.8419260510156308,0.5886197504268169,0.06669760335764535,-0.6514909216587177,-0.853189815086533
Cho2017,41,0,right_hand,early,33,-1.400411592613624,-2.5211612168363584,-0.6440490343812878,-0.21417119988321692,-0.08488170045418764,0.3869474450867412,0.3699570186118427,-0.2874245319942772
Cho2017,41,0,right_hand,mid,33,-1.8169324585500854,-0.8716889909310184,-1.1899820684232079,-0.916634796624253,-0.010783258838781277,-0.22149477790346084,0.2085028970736839,0.6107740579619436
Cho2017,41,0,right_hand,late,34,-0.2536208018846052,0.018734101817492074,0.09608647329936613,-1.6441257219353544,-0.7795595275947936,-0.24765853736939517,0.45047483928484067,0.7381746505699205
Cho2017,42,0,left_hand,early,33,0.588930385182045,-1.222666855246397,-0.23607716285675484,0.30667618392091056,0.3008060171005846,0.514668902810634,-0.42769696248730027,0.2532342644398208
Cho2017,42,0,left_hand,mid,33,0.26018566698323964,-0.43555332576416506,0.3811373655122703,0.2722053041025328,0.1629364449394788,-0.3265957006516767,0.18859715369707616,0.09083217315486902
Cho2017,42,0,left_hand,late,34,-1.4357710238598795,-1.8338848055975483,-0.7213731328223671,-1.177652106728607,-0.8351453506904005,-0.41370042885583613,-0.33117763076913603,-0.48006438597981715
Cho2017,42,0,right_hand,early,33,0.5078461780886053,-0.11573328382122833,-0.05640125325574978,-0.20816116671705653,0.1454970531011307,0.30111546915122106,0.8000832609149138,-0.1825222205131884
Cho2017,42,0,right_hand,mid,33,-0.5682292081905445,-1.5159427907661323,-0.8051423342876711,-0.6698688523702324,-0.9325462007734403,-0.8985421519740195,-0.1725047583770541,-0.1457993465809651
Cho2017,42,0,right_hand,late,34,-0.13443704404708187,-1.032852642198213,-0.3419492921776316,-1.445526936061901,-1.3886238272219602,-0.9234223159408932,-0.4355965575651299,0.2203950209906784
Cho2017,43,0,left_hand,early,33,1.3965842219775164,1.7179907418123952,1.3772811398985112,1.8631115826995615,1.8659261833117327,1.0276872631957463,-0.006958910963850859,-0.28899427599054417
Cho2017,43,0,left_hand,mid,33,1.1402271022486674,0.8181018508927362,-0.9627775703174191,0.4153336495143722,0.597778105630981,-0.6334774699189981,-0.08437904786712833,0.2079915214118631
Cho2017,43,0,left_hand,late,34,1.8564193589640106,0.761654232813823,-1.580311799050199,0.7331780056810326,0.0802451259476402,-1.6290075176295842,-0.08034016838062782,0.37923757601098207
Cho2017,43,0,right_hand,early,33,-0.06296934974480946,1.0128539686721605,0.769462549773311,-0.18319698932915918,0.11745668356135117,1.2995626954118524,-0.8487099070055789,-0.7528972614855555
Cho2017,43,0,right_hand,mid,33,-1.5587041544515787,0.00048597690100209357,-0.08214106102375503,-0.41935864765109193,0.09167052406957832,0.13806618503497314,0.8998795739548661,0.5046285097501914
Cho2017,43,0,right_hand,late,34,-2.2794513705174744,-0.03962484578057821,-0.4934131975255309,-0.6014948069434237,-0.08565238128779173,-0.2758784910579481,0.6441130207280441,0.3711263114881877
Cho2017,44,0,left_hand,early,33,-0.27456050973530116,-1.4367628222626037,-1.6967666127820942,-0.6741731770547423,-0.8099906415711097,-0.8284280487475488,0.7214460181680188,0.10265855573919451
Cho2017,44,0,left_hand,mid,33,-4.808250973397736,-5.1494303471764376,-5.334778630725443,-2.8623425442407258,-3.667852747067358,-3.4157357069221246,0.05191029484067278,0.0881469042821977
Cho2017,44,0,left_hand,late,34,-2.710081525842217,-2.477274729014582,-4.210205130408446,-1.3517899130544129,-1.0276034329372454,-1.7997673264026595,0.21677188808519382,0.1421447809164402
Cho2017,44,0,right_hand,early,33,-2.1178385226225296,-1.5993076196827836,-2.633740602890408,-1.0407043103850582,-1.5063350800384927,-1.3049197376732908,-0.10857486882577928,-0.11264184791545934
Cho2017,44,0,right_hand,mid,33,-3.7263744946224855,-4.621684298925933,-4.469924001217382,-3.466293682900691,-3.541644174437501,-3.8674239138088145,-0.0907177193427368,-0.05469671085891046
Cho2017,44,0,right_hand,late,34,-3.436781210762764,-2.951277381908205,-4.144405275202681,-1.72231248423383,-1.629393102974227,-2.1730898009133757,-0.0933394879218306,-0.11572035021859392
Cho2017,45,0,left_hand,early,33,0.5691366369517252,1.0730618512026615,-0.2638966791449007,-1.83610633706784,-1.4692554847194639,-1.3847184599101234,-0.3664198680997518,-0.140146672237883
Cho2017,45,0,left_hand,mid,33,-1.8412418456046709,-2.104469059375263,-2.8843126496546865,-0.9721797584950921,-1.1250995499171899,-0.3454019879307651,0.22072982230898336,-0.47570313740650844
Cho2017,45,0,left_hand,late,34,-1.043724001588898,-0.980476774446774,-2.569248535048046,-1.2348732792338313,-1.8225823917273871,-1.4227439164630151,0.42223529738732773,0.07069138382058174
Cho2017,45,0,right_hand,early,33,-2.251506710869064,-2.4500257493013944,-3.014344751541852,-1.8604232907322575,-1.1476641577384783,-1.5063718659634133,-0.1448650889828804,0.10515977607509888
Cho2017,45,0,right_hand,mid,33,-2.4297865748749,-2.726035784725758,-2.2060025734490636,-0.7337943866228305,-1.2394539781752663,0.0746919595903451,0.04827311904527497,0.8152301274098427
Cho2017,45,0,right_hand,late,34,-2.901470466105694,-2.7611608173711453,-2.798265713557715,-0.9081524380115349,-0.9800845630709107,-0.8757212867136609,0.01810693500450288,0.018180183299056095
Cho2017,46,0,left_hand,early,40,4.041158672869474,3.2568518781103273,3.7090012461807036,0.7848340038713102,0.11975164797972056,0.18408991699037686,-0.04285813843302967,-0.6200116169561355
Cho2017,46,0,left_hand,mid,40,2.5276520299706027,1.3986939612527842,2.7189816284658566,0.566218924016776,-0.06996555440042472,-0.08847489485573082,0.03646711605023167,-0.7297213069520054
Cho2017,46,0,left_hand,late,40,0.8150069264191995,0.27426905502591564,1.0065270043078474,-0.4816093331454091,-0.9476511313728654,-0.6498530153470333,0.10514219617759445,0.1486957850836059
Cho2017,46,0,right_hand,early,40,1.320967618019221,0.798749018820481,2.232315044205186,0.34092056776046986,-0.4088593315872844,-0.4255341193297423,-0.2564804190431189,-0.11039602600709696
Cho2017,46,0,right_hand,mid,40,-0.7858682916808972,-1.7454330397747495,-0.7605352766251301,-1.1325543118388393,-1.8307317989303449,-1.5036065999139563,0.016381891231354053,-0.14075479475507535
Cho2017,46,0,right_hand,late,40,-0.9404339800454498,-1.508500273282279,-0.5613952639816222,-1.224312433609267,-2.0483317063310205,-0.9468044372025926,0.2523846952450175,0.12781808300485645
Cho2017,47,0,left_hand,early,33,0.2653238735021774,-0.17913072482822315,0.24927144979902816,-1.0676666098761987,-0.678565336139219,-0.0057974379574189955,-0.031194266594127905,-0.9891986360062659
Cho2017,47,0,left_hand,mid,33,1.3334775416109086,0.5088307329693209,0.42215363344481094,0.9230927689220796,0.8472657520148329,0.16391929181051598,-0.5190861959586555,-0.6984039133842875
Cho2017,47,0,left_hand,late,34,0.4507567260722919,0.5320923737331726,-0.11007315890446542,0.4740537878723752,0.39312575849982856,-0.04523660259364699,-0.6074632901952889,-0.8257753140663715
Cho2017,47,0,right_hand,early,33,-2.1149016776339447,-2.9785862624622164,-1.9972967895409819,0.048269208387571726,-0.3198123163055091,0.6906266291060772,0.028599030185855093,-0.8693477322830726
Cho2017,47,0,right_hand,mid,33,-2.8876395209227512,-3.355115772870274,-2.491490345824276,0.8849935294791994,0.4272099415442378,0.8072831620319748,0.07364558672349776,0.04592060378603369
Cho2017,47,0,right_hand,late,34,-3.3302820784174716,-4.117970059937683,-2.520544092844947,0.9698912481787938,0.13171940740269233,0.044892902272716737,0.13839720440674266,0.9115222636208057
Cho2017,48,0,left_hand,early,33,2.7234381103195786,1.6833805790081293,1.2276587087237043,0.14317677461199294,0.3007204509252077,-0.15426928973222345,-0.3785732089344401,0.03729252610783856
Cho2017,48,0,left_hand,mid,33,4.0469338936412775,3.07055180587413,2.883500537528154,0.3050340530379617,0.8913839865134963,0.3883365301919833,-0.1678730774625924,0.12014134889595633
Cho2017,48,0,left_hand,late,34,3.44041979675085,2.3346613533447345,2.0373783033042496,0.22897226496562204,-0.049921148925732114,-0.8507111752927274,-0.25613238527949533,0.575852964993456
Cho2017,48,0,right_hand,early,33,2.536832216932216,1.6186817579012431,1.342543802626932,0.36679921389059633,-0.3139354394783154,-0.42777767086714136,0.3078558016247682,-0.07674330596105502
Cho2017,48,0,right_hand,mid,33,2.9036473482842067,3.3283424200319094,3.5434020389319927,-0.349533614626127,0.4488923473577764,0.34489940405072006,-0.09923216842674577,0.006673373026295336
Cho2017,48,0,right_hand,late,34,3.960073177212749,2.7548515184581692,2.522413207908095,0.006578333970520022,0.301365712253368,0.4634568496289318,0.22177601060674712,-0.9720091848438057
Cho2017,49,0,left_hand,early,33,2.2482065832899587,1.3423076492339723,1.89383994294859,0.8677133223495631,1.007492079972681,0.7162399178033015,-0.0855535151757878,-0.09562997234163499
Cho2017,49,0,left_hand,mid,33,0.13055974255725197,-0.7135200650723045,-0.6674753072799028,1.097997331441935,1.0349569423123166,0.5118070809546573,0.6727969715518292,-0.36413755980118623
Cho2017,49,0,left_hand,late,34,-2.038567099664099,-3.0800695778026044,-3.06216100877209,1.104748283291588,-0.32655974263625503,-0.2219552132978228,0.20067603827285946,-0.665403439625495
Cho2017,49,0,right_hand,early,33,1.147778037820304,1.3365518043407485,1.2893576224055763,0.6877955784098199,0.5719250144570068,1.0884573631204877,-0.058092615399238934,-0.22556572622223664
Cho2017,49,0,right_hand,mid,33,-3.379348709036061,-4.3104350380607475,-4.5518957301536105,-1.018029231980264,-1.4093566693617068,-0.8688236854441587,-0.14783897156463727,0.07907640556306461
Cho2017,49,0,right_hand,late,34,-3.0109376250313846,-3.71027191700849,-3.7916511140179674,-1.0755025034983572,-1.3312034892849365,-0.6615112804012758,-0.11476711571655086,0.2383350247041001
Cho2017,50,0,left_hand,early,33,-3.348374736414938,-3.476609979238769,-5.051220272575751,-0.8494284512961294,-1.1609245206334904,-0.7073582206171767,0.2027294809259417,-0.09125863757835685
Cho2017,50,0,left_hand,mid,33,-4.683609306657275,-5.15528946999443,-5.874361231546231,-0.14767653034208217,-1.3003242626083311,-1.0752216431584039,0.11278227388306086,0.758481068101745
Cho2017,50,0,left_hand,late,34,-4.054839761102163,-4.457684308288466,-6.000975860761565,0.38698753748773534,-0.48658028682183563,-0.8614111567130242,0.1935333913072193,0.38002572529845585
Cho2017,50,0,right_hand,early,33,-2.2244225044745516,-2.488113838751226,-3.3605448350473837,0.40813589245848847,1.1280961521699702,0.205849921053792,-0.20342506258417664,0.32946359175227186
Cho2017,50,0,right_hand,mid,33,-1.1907968970699356,-2.752597867599374,-4.212671140235676,0.3505395063805393,0.27271881790363944,0.17473935334053706,-0.559247176498997,0.33467966545113265
Cho2017,50,0,right_hand,late,34,-3.5715618510484575,-3.419761512326107,-5.2134799987013585,0.7073591013534369,0.27153429876033386,-0.4689410827670057,-0.18689929720706566,0.2026846733554701
Cho2017,51,0,left_hand,early,33,1.92774914609074,0.6394829975124148,1.524501381392103,2.12742325894618,2.2349350894053925,2.0102935839841036,-0.11680721358095042,-0.028307803411488735
Cho2017,51,0,left_hand,mid,33,4.062043033610287,2.2841772095022685,2.6050870405917066,3.449913799793453,3.236050558313439,3.411664822109591,-0.21852820880999044,-0.005574369950635854
Cho2017,51,0,left_hand,late,34,2.618265720388999,1.206591252757484,1.5499322906686146,2.8439018913744176,2.643302361207908,2.296436662374343,-0.25630582493592047,-0.10650372991499125
Cho2017,51,0,right_hand,early,33,1.0555104768922912,-0.11578690756997309,1.080826846440825,2.4932841984481633,2.1076792142625695,1.8891114784592302,-0.011850361491150312,0.13786357155575027
Cho2017,51,0,right_hand,mid,33,1.7981713501510335,0.1991270576659805,0.6706061729513437,2.6707197400134595,2.4269598411218714,2.210422506536411,0.45673016974925323,0.09430113080650325
Cho2017,51,0,right_hand,late,34,1.596435824272722,-0.2762027946901269,0.7062203436931412,2.0359044303803753,1.2617463145179144,1.5530194528376449,0.38660373744204524,0.13454868179309226
Cho2017,52,0,left_hand,early,33,-1.7057109480415356,-0.27561046141481144,-0.9479611349982927,0.6257045536510636,1.3670820767558987,-0.3765807644144382,-0.28554764467176635,-0.24855576026740175
Cho2017,52,0,left_hand,mid,33,0.18361724720745573,0.004331098933070171,0.3059195420653709,-0.6543535133937534,0.19833543562056366,-0.7991580353255676,0.24983269396277014,0.09962392253394928
Cho2017,52,0,left_hand,late,34,-0.2556006312094527,-1.215201665174611,-1.0358816896087617,0.3743631899571489,0.7172201909637765,-0.4032113364670894,0.6041747887845375,0.037100169217993625
Cho2017,52,0,right_hand,early,33,0.5121727238700178,-0.23972356882774284,-0.8713335732331485,-0.34453388551101644,0.9680391559800995,-0.010651029377597923,-0.2596018898614009,0.9400254406584915
Cho2017,52,0,right_hand,mid,33,0.24973497651626736,-0.1519064290819387,-1.120752287722527,0.2170062407444082,1.3363685341255276,0.15796839043133465,-0.6355530138326724,0.15744491868145535
Cho2017,52,0,right_hand,late,34,0.10241475620329611,-0.44548164767439896,-0.47488167668538744,0.23721666738695404,0.07371314467202461,-0.05000242196138682,-0.6451917927473351,0.6518168616519523
BNCI2014_004,1,0train,left_hand,early,20,-1.4727178395290872,0.14813391281520288,-3.507375281164664,0.7674551335716502,0.9550283156480657,0.578132987393126,0.40855811173107937,-0.14069843752988964
BNCI2014_004,1,0train,left_hand,mid,20,0.7075723601985581,2.289924723747555,-2.901577062464596,1.3413269306090811,0.5949086719768613,-0.07614769596829112,0.6079007670031862,-0.8925586468490698
BNCI2014_004,1,0train,left_hand,late,20,0.21654553870317433,2.1710710577746504,-3.4620631728607214,1.6497774139405403,0.012570164852002953,-0.32293754070720626,0.8822676964677149,-0.672595840624252
BNCI2014_004,1,0train,right_hand,early,20,-1.295317439401774,1.2493700949747315,0.7626436638594405,-0.009162063481978289,0.3573073547973221,1.231869335311132,0.2588356867864095,-0.9852347595864404
BNCI2014_004,1,0train,right_hand,mid,20,-2.029841864361432,0.8603493576387011,-1.2318092893117147,0.24480281063234424,0.42255743751717556,0.32671316465024036,0.24467134511028363,-0.14332119758751408
BNCI2014_004,1,0train,right_hand,late,20,-2.031412741802659,1.2991093837047942,0.7052289381243539,1.1489515771513612,1.161767205356817,1.2520543986436565,0.48460264761942623,-0.042941509738706946
BNCI2014_004,1,1train,left_hand,early,20,-2.2372794569720105,-1.088055773537898,-5.6845854167897905,0.8079641921046896,0.8990552425260819,-0.9759916898729225,0.4351634387548928,0.09418814639180723
BNCI2014_004,1,1train,left_hand,mid,20,-2.5256241204798426,-0.8743072266742177,-4.399294311137818,0.6334160895950199,1.4532191630238707,0.4426649799922993,0.2705692795027314,-0.17726462716779723
BNCI2014_004,1,1train,left_hand,late,20,-0.8867073436881207,0.33186820772869363,-2.8521611037891565,0.7686399291898635,0.31484200926881256,-0.04838535922234062,0.5256814428512949,-0.8815572543259411
BNCI2014_004,1,1train,right_hand,early,20,-0.8558332350624844,0.9049918008378948,-0.10847683928333966,1.3772590871244907,1.1811296631108559,0.6183793035142877,0.7750166835974851,0.380269184622819
BNCI2014_004,1,1train,right_hand,mid,20,-2.049891468458584,-0.6486769908803921,-1.4640105830186865,0.5453922485421658,1.3450276024698575,1.2008889521037758,0.1667322756459842,-0.37536721080152763
BNCI2014_004,1,1train,right_hand,late,20,0.7491500421892663,0.5551152057829044,-1.3927208297461073,0.36992232875783604,0.486316657930195,0.15440108511286668,-0.30047132905604007,0.411046384623435
BNCI2014_004,1,2train,left_hand,early,26,-0.3363665293844964,-1.1268837905766562,-1.4676206413216475,-0.6129091990012334,0.3141186321994324,-0.9257424980813332,0.6270854528828709,0.20331651384992602
BNCI2014_004,1,2train,left_hand,mid,27,-1.369948001478113,-1.42557219340305,-1.9581375423759344,-0.6103144259888803,-1.0019969819862133,-1.0544887633525182,0.17673510285335878,0.266802911123299
BNCI2014_004,1,2train,left_hand,late,27,0.42439691185893236,-0.4549352819079633,-0.7113687301038604,-1.0079343216085024,-0.6828346565133333,-0.4162127700224686,0.2526681629046224,-0.41549187935944076
BNCI2014_004,1,2train,right_hand,early,26,-1.7675815850113965,-2.7944388069745756,-1.4261148553202512,-1.113617766504173,0.2853316514663288,0.9001973494533879,0.10691896868435183,0.10597815825277716
BNCI2014_004,1,2train,right_hand,mid,27,-1.9148666366201472,-1.6351256243341306,-1.1678405766889106,-0.6493983328844565,-0.6991406337199471,0.81231202260791,0.24232793069224356,-0.1114541530825902
BNCI2014_004,1,2train,right_hand,late,27,-1.2355555734312427,-0.6750699667194873,0.370920179188279,-0.1985077802086894,0.11589165522236745,0.3017194786368069,0.5382187641693863,-0.20632961639540762
BNCI2014_004,1,3test,left_hand,early,26,-1.1992712006475175,-2.0478479591722243,-1.4397067473477476,-0.11579299188481226,1.1716469528703692,0.27665475482573754,0.09110934287377438,0.4098934553434167
BNCI2014_004,1,3test,left_hand,mid,27,0.004235677780028963,-2.5055524458838527,-0.7020587417261568,0.09709084879828805,0.2220710777799995,-0.9144398765160673,0.9880059146354564,0.8080318345878917
BNCI2014_004,1,3test,left_hand,late,27,-0.4680027265135292,-1.202803701608234,-1.0923202133504777,0.4654167238333813,-0.8226818880752631,-0.5348764194323259,0.4001206871260652,0.06943933992407071
BNCI2014_004,1,3test,right_hand,early,26,-1.449203186598768,-1.8079701145064593,-0.7865596963935501,0.0016080992590072041,-0.2403251334667804,0.26408187450446363,0.29638361708480637,-0.9878949195091661
BNCI2014_004,1,3test,right_hand,mid,27,-1.285921584773382,-0.17369790084526038,0.3312668876060317,-0.17805165665357128,-0.13307920482591828,-1.0490765321233506,0.5903175254290187,-0.7098075681383617
BNCI2014_004,1,3test,right_hand,late,27,0.9744454101928737,-0.4541656582266564,0.172435492898912,-1.311425545942488,-1.2224260522473667,-0.06821655368182178,0.6992966010087764,0.9011097824567722
BNCI2014_004,1,4test,left_hand,early,26,-0.6789814306406172,-0.17168449609543332,0.4299940643322013,1.2367826342215633,0.30630201207559743,-0.11365828388364432,-0.22452016968555175,-0.8316723340357349
BNCI2014_004,1,4test,left_hand,mid,27,-0.3017561117500226,0.27555037414443495,-0.707305453926802,0.5260538698840141,0.24794414597020223,-0.06704582765360716,0.401907431589428,-0.7739138025800314
BNCI2014_004,1,4test,left_hand,late,27,0.07923731459784424,0.2036158956867291,-1.4195256412953097,-0.06909811391488342,-0.17718164987401377,-0.28791667940355326,0.8942630463526174,0.6129117604756962
BNCI2014_004,1,4test,right_hand,early,26,-0.8719803939871966,-2.0157067423812145,-0.6616236169878055,-0.42019980371984383,-0.2286755014444687,0.2554690867107221,0.13716498880676178,0.24380390949204142
BNCI2014_004,1,4test,right_hand,mid,27,-0.5060489105238277,0.8855722052750392,0.732437743797081,-0.1640481843532059,0.09864975395527348,0.2535707295163552,-0.18279472974812766,-0.2143642018836118
BNCI2014_004,1,4test,right_hand,late,27,1.2834222403559095,-0.9936922915681546,-0.11113400218181965,-0.47504049738917487,-0.6533600947490888,0.57346412338035,0.8406173967145495,-0.09387047423686076
BNCI2014_004,2,0train,left_hand,early,20,-1.3720491274021687,-0.12526887721912994,-0.6855550516168354,0.0033085392353365607,0.011183956589442986,1.352629827702266,-0.33363757849317277,0.9951199268108198
BNCI2014_004,2,0train,left_hand,mid,20,-0.5100370331213309,0.052458557589741606,-0.3690917887685485,1.2418853832124899,0.33875485481572803,0.5983380144718146,-0.16032376694213005,-0.349711545647393
BNCI2014_004,2,0train,left_hand,late,20,-1.1157648070584003,-0.39110231695856623,-1.6304405982234773,0.1066431391586472,0.6318318915412884,0.4467508661268019,0.1874134360726194,0.6145851305214662
BNCI2014_004,2,0train,right_hand,early,20,-2.211145733081775,-2.788797797855539,-1.0699137561997372,0.9961272283160769,1.536421012115959,0.68845379802524,0.34782422586673223,0.18264092108354218
BNCI2014_004,2,0train,right_hand,mid,20,-2.443444712718414,-1.305698826374364,-0.3821839650581672,1.2634786590961318,0.4952760801999421,0.2606827211373337,0.7294874814486252,0.6579329137739951
BNCI2014_004,2,0train,right_hand,late,20,-3.0206767247200923,-0.9995843811330418,-1.1719331027254156,0.22756378670136526,0.35907783369333524,1.326480682627834,0.4409529381657457,-0.7071334943206704
BNCI2014_004,2,1train,left_hand,early,20,-1.370645637173494,-1.4863109965647516,-1.0007901327055988,0.6004592190788244,0.24728527917157347,0.5573636979265477,-0.15596269111128078,-0.037221167865410895
BNCI2014_004,2,1train,left_hand,mid,20,-0.550199208422711,-1.3069407073173085,-1.9025575774467107,1.8165852475670181,1.267723604800763,0.7788313810144426,0.551362604239879,-0.3998409562166385
BNCI2014_004,2,1train,left_hand,late,20,-1.2363158997419474,-0.6517061251548741,-0.36062396843998756,0.7749280361895534,1.0951073981533888,0.3667884700659526,-0.5483562335374011,-0.3574789046907786
BNCI2014_004,2,1train,right_hand,early,20,-2.8158794174333894,-1.8865905786158954,-0.7625030913952165,0.73511217524752,0.7267591966741709,1.3489859636386337,0.5738280692385656,-0.2945512866871032
BNCI2014_004,2,1train,right_hand,mid,20,-2.4791083595949646,-0.9504879092696374,-0.8994865165066074,0.7259261084253665,1.099562703084294,1.0394158498889285,0.4675381041573771,-0.17758017928883862
BNCI2014_004,2,1train,right_hand,late,20,-0.32920846575368856,-0.6552421257822444,0.3621149923441559,1.1223572690346606,1.8025585621978955,1.4261975901928594,-0.047599320122896804,-0.11922063206059232
BNCI2014_004,2,2train,left_hand,early,26,-1.031282165158078,-1.2175476495482844,-1.6559591547761665,-0.018408286634127524,-0.559140323558418,-0.4419482706043275,0.23246032464005656,0.9200259609874856
BNCI2014_004,2,2train,left_hand,mid,27,0.26966785553180866,0.29610148366327693,0.5990549387374569,0.16574876558823956,0.14152392796921737,-0.07803354295809965,0.3791624732060994,-0.3598096316060877
BNCI2014_004,2,2train,left_hand,late,27,0.651943735120543,-0.27539255686823166,0.042793842628975946,0.20844564744102634,0.26616500263317233,0.5223323831050164,-0.8768057350011235,0.4295240449818279
BNCI2014_004,2,2train,right_hand,early,26,0.44862484036941797,0.46519666960225803,0.9236977393359671,0.730926567715102,1.0692199673633271,0.7372965170724295,-0.3461816529088514,-0.004338543252266933
BNCI2014_004,2,2train,right_hand,mid,27,0.07142527776116944,0.2640216725445577,0.29622015945903885,0.09999061412463435,0.26760617514286245,-0.35218648739215586,-0.6114447751549932,-0.5577369407286472
BNCI2014_004,2,2train,right_hand,late,27,-0.5629602602179609,-1.3179489668060098,-0.30595003426700523,0.6159090076945289,0.9430741048852925,1.647626192063753,0.2957845333197424,-0.4557990458815921
BNCI2014_004,2,3test,left_hand,early,20,-0.6841019031766319,-1.1496086234440863,-1.3354601433136213,0.11819603611143152,0.8429170033757638,-0.0007467852894418759,0.32252450043264025,-0.9874429531661271
BNCI2014_004,2,3test,left_hand,mid,20,-0.7178288080806697,-1.325196608025669,-0.23808807389337763,-0.035689477538274936,-0.19105700153411412,-0.45713741924734314,-0.5018644855362193,0.8551642462249781
BNCI2014_004,2,3test,left_hand,late,20,-1.2651871846774356,-0.7069887626681477,-1.9378101381211654,0.09555471416589009,-0.4677279857055094,-0.10801862209732542,0.20999797553874608,0.061225640647357624
BNCI2014_004,2,3test,right_hand,early,20,-0.18749822463215354,-1.2613997394580005,-1.9639614945097943,-0.6523043483747897,-0.9009792803815829,-0.5881930179750624,-0.8257013850048448,0.051681956075710224
BNCI2014_004,2,3test,right_hand,mid,20,-0.28393993693799474,0.7096003921460011,-0.8452453251073522,0.7743459031280443,0.5597001161323855,0.9589150902510921,-0.4970888365587046,-0.10648666751751844
BNCI2014_004,2,3test,right_hand,late,20,-1.4555526522471331,-0.21195735115606135,-2.4832498603460036,1.183171752562427,0.9942758734338837,1.4219124113965023,-0.26091615530687756,-0.09164412502944344
BNCI2014_004,2,4test,left_hand,early,26,0.05719260035719679,-0.036244181488856615,0.41809232235683286,1.1113101811483226,1.350194594357434,0.6937660285930269,0.7593334119222268,-0.23131663378086723
BNCI2014_004,2,4test,left_hand,mid,27,0.17070762543239948,1.0804577669641628,-0.5506809103045938,0.45916861875718773,0.2197509768806285,0.17416291571020207,0.5267248730034247,-0.45001028298182844
BNCI2014_004,2,4test,left_hand,late,27,1.206886522215244,-0.1387345064656559,0.3558776480253901,0.7317343845891199,0.1405992968342201,-0.4594499639373437,-0.5445536123718627,-0.2285829401541428
BNCI2014_004,2,4test,right_hand,early,26,0.37877577321070466,-0.554712732215119,-0.8402262079248946,0.9342573575690647,0.4910978481445528,0.38647564742171264,-0.37854773155028953,0.41475582731513344
BNCI2014_004,2,4test,right_hand,mid,27,-0.4395983745541494,-0.6886903066746958,-0.3881838709349889,1.5902444915023173,0.8845167734989517,0.641397298664947,0.06211114565374564,0.4251789857216525
BNCI2014_004,2,4test,right_hand,late,27,-0.3822637919398082,0.5107284855427632,0.3539295629953855,-0.3724911038473913,-0.0003967633285408751,-0.5933379776585944,0.03848748260831137,-0.22866041004568197
BNCI2014_004,3,0train,left_hand,early,20,0.9107177343711129,-0.41075497955389223,-0.6478466480493633,0.5133145220589006,-0.6508534771417327,-0.3099629160203864,-0.16866232109930965,-0.2470025250697203
BNCI2014_004,3,0train,left_hand,mid,20,0.343757780016092,-0.8045615005418274,0.30419901804025323,0.647051132558992,0.11630113988044122,0.2732111442746311,-0.06105154247088983,-0.40623200330523657
BNCI2014_004,3,0train,left_hand,late,20,0.03218477396343287,-0.9761077347619862,-1.1423186389664182,0.5604960009313608,0.04548809782525718,1.4195018407486129,0.9451942436111845,0.4338418061549043
BNCI2014_004,3,0train,right_hand,early,20,-0.2581495390774018,-0.593968449962867,1.051830965812292,1.7331100079416875,0.953659952522383,1.1838487686558261,-0.6058727009847538,0.18829928063863388
BNCI2014_004,3,0train,right_hand,mid,20,0.25281520798330953,1.3243764195047902,1.4344152043833571,1.2674302915340847,0.7922194233337442,1.0981327526627358,-0.7003192852259137,0.07156754468525717
BNCI2014_004,3,0train,right_hand,late,20,0.41783120143226854,0.3750540897648984,0.6011933320733402,0.9843616320088096,0.6576170003401542,0.7920152300177274,-0.17993887743828543,0.10828017753600344
BNCI2014_004,3,1train,left_hand,early,20,-0.5534942898940433,-0.6237829570900459,0.13370167798135085,0.9832075616212859,0.676259051028756,0.11005352481425137,-0.6108775830140077,-0.7986692727295923
BNCI2014_004,3,1train,left_hand,mid,20,1.149502103652039,-0.4028443079060417,0.4710529086891843,0.6284089643202767,-0.11086269160936046,1.399449324405507,-0.4186523689699962,0.3802239852616713
BNCI2014_004,3,1train,left_hand,late,20,-0.2320102241704976,0.32313156715416264,-2.0126653000766903,1.4471215173352172,-0.6638951082904739,-1.2734518860269712,0.7932794992734565,-0.063835671955632
BNCI2014_004,3,1train,right_hand,early,20,0.24055171887677104,2.1000871465961923,0.4302730484355597,-0.06282254299998805,0.05941042088278348,1.3438827901412806,-0.2828180156777901,-0.9106813040088488
BNCI2014_004,3,1train,right_hand,mid,20,-0.5017083152131224,0.19056173703152154,1.1301113822837219,1.6058069454815265,0.28105213705369536,0.9789196190057453,-0.3850934438618116,0.24253525888922636
BNCI2014_004,3,1train,right_hand,late,20,-1.057086690411315,-1.702568462697102,-0.894407047309963,0.8615898793891033,0.3722448603266562,1.344399281546228,0.08336160140145256,-0.2188629983804704
BNCI2014_004,3,2train,left_hand,early,26,-0.17251013645976748,-1.0246669355369435,-0.9869693795363881,-0.15329846033161262,-0.746974821645308,-0.030759519214924813,0.7024352149739238,-0.6657627200873675
BNCI2014_004,3,2train,left_hand,mid,27,1.898166291012014,0.6138581594907135,0.5257892407707004,0.14613427590807107,-0.21938182740886647,0.2579312468595947,-0.5661725358600079,0.2766803022088225
BNCI2014_004,3,2train,left_hand,late,27,2.4367497651448313,-0.48406642871329836,0.15079610571120056,-0.709408462034999,-0.4100120355122596,0.46103113393598405,-0.8834446898819128,-0.21220858295806713
BNCI2014_004,3,2train,right_hand,early,26,0.6349912208035551,-0.18949464369593028,-0.3982699741152675,0.06747216974761289,0.6938224558193752,0.7148919489585916,0.2291010712996779,-0.8275172183019038
BNCI2014_004,3,2train,right_hand,mid,27,1.2812968451306415,0.7399457085591267,0.7205760927982416,0.3672894564041303,0.4145009542614698,1.3412173681834727,0.28009807301382256,-0.5700462519454248
BNCI2014_004,3,2train,right_hand,late,27,-0.17596886649346047,-0.3339544582815989,-0.10947288440213043,0.03159550675791145,-0.08793236434357574,-0.6745915919890607,0.23295814954432856,-0.9105180289643547
BNCI2014_004,3,3test,left_hand,early,26,0.9733843569040546,-0.3030016946444496,-0.16391494009147187,-0.2691638035423827,-0.04480252241264368,-0.17551360954648773,-0.7117470475458904,-0.21060254296563205
BNCI2014_004,3,3test,left_hand,mid,27,-0.11677099068999817,0.11284216029288914,0.9221322570979379,-1.1362501745740576,-0.2187212889947168,-0.2184591573404228,0.7752033388313484,-0.6774818742383719
BNCI2014_004,3,3test,left_hand,late,27,0.3139457718567933,-0.07763077570264044,-0.647376753201997,-0.3734984048357539,-0.4018617107836246,-0.6899863415419675,0.34684611319683006,0.29759518205050545
BNCI2014_004,3,3test,right_hand,early,26,0.26993209858146716,0.025832490038920304,0.4615143817675632,0.5315809302986773,-0.6339496908243679,-0.147926239671849,-0.26192248966004616,0.5646072735972297
BNCI2014_004,3,3test,right_hand,mid,27,0.4509246886659379,0.13559328164050244,0.6232269803113533,1.066143102310306,0.560825557581218,-0.1787622025020512,-0.1604077865553808,0.7128099594225831
BNCI2014_004,3,3test,right_hand,late,27,1.868603071947982,-0.38159420494683,-0.28292322409768433,1.1561201812522184,1.2364631490137503,0.8421529468596174,0.737002308902592,0.15711927962984118
BNCI2014_004,3,4test,left_hand,early,26,0.11176527621058868,-1.6533337451912238,-0.4548527070684223,0.5124425413472713,0.19687587975507298,0.9437425591006375,0.6055004270644413,0.2961848858505024
BNCI2014_004,3,4test,left_hand,mid,27,2.3829056379270694,0.9448089145545796,-0.0855612990857553,0.6465776205270983,0.5743182167150981,0.2649698230036153,-0.9306765686808866,-0.4186373405265605
BNCI2014_004,3,4test,left_hand,late,27,-0.4888401175265716,-1.6407838069170486,-1.7366291779066036,-0.2761215499858172,-0.556723313294696,-0.5745686313931427,0.5606858126241445,0.35082934767572593
BNCI2014_004,3,4test,right_hand,early,26,-0.9360813769869818,-0.5777515714056788,-0.16380587932815985,-0.9669449350771143,-0.5791128300972479,-0.08334406172760092,0.7021405996157376,0.8412930879383526
BNCI2014_004,3,4test,right_hand,mid,27,-0.29554164505073977,-1.2044920414440188,-0.4867000803947768,0.6500617730956985,0.30427094080577627,0.6778854422178916,-0.2443725885820844,-0.02095239087919822
BNCI2014_004,3,4test,right_hand,late,27,-0.6169936808759177,0.04620387757429802,-0.6830594356679316,-1.2922972358727793,-0.34009282794630563,-0.12697478645349491,-0.05081773502274098,0.8210705425653704
BNCI2014_004,4,0train,left_hand,early,20,-0.09787447695410645,1.0706725954592993,-2.538970387197973,-0.22243796642838523,0.8567070855120373,-0.643641717022383,0.925763947447413,0.4863337157566991
BNCI2014_004,4,0train,left_hand,mid,20,0.3115088081101923,0.8621432346271206,0.9954644922479462,-1.2421966682952985,-0.2730319640617779,0.4754661528395167,0.5233126674816811,-0.4463801079126943
BNCI2014_004,4,0train,left_hand,late,20,0.8609437957775572,0.40381439800121005,-1.1447977467114936,0.11182247802039536,0.4103573491763977,-0.5335685114333938,0.14152070190543303,0.6534736931637872
BNCI2014_004,4,0train,right_hand,early,20,-0.6115111736311802,0.5343420090607489,2.016251851251279,-0.7579939191318928,-0.5642075551303327,1.59848789136259,-0.5345766206155265,-0.35667322721847294
BNCI2014_004,4,0train,right_hand,mid,20,0.6621909716482395,1.2232214246577837,2.447144319104071,-0.3885682138907959,0.4008925201497374,2.3950435424721905,-0.5740626791728074,-0.7208172346573994
BNCI2014_004,4,0train,right_hand,late,20,1.0751458402084784,2.0394073289639625,2.317305881721893,0.21588687891810904,-0.032863640975182976,0.028528998163029163,-0.3661540806855171,0.76655364206509
BNCI2014_004,4,1train,left_hand,early,23,0.9252530160156367,1.6973225951041067,-0.3173841121235807,0.2165142391759036,1.0637332572393114,-0.12143343410101766,-0.48917651833106507,-0.2813477132507871
BNCI2014_004,4,1train,left_hand,mid,23,2.0499683281042484,1.5406691376379975,-1.0206478488660715,0.2290593246111353,0.6165663632876214,0.7380295344694963,-0.3352162627677468,0.5262910487276384
BNCI2014_004,4,1train,left_hand,late,24,0.9099371476891122,1.5371714377914616,-0.7686687169745433,0.5503685349010768,0.12831825636273334,-0.028514902718773095,-0.08415818965512491,-0.9014830936051111
BNCI2014_004,4,1train,right_hand,early,23,-4.282780821479702,-0.9252802907343733,0.49765478217549325,-0.6020613389385133,-0.5582123415340468,-0.18332381006244236,0.7917952155678121,0.5331620153611555
BNCI2014_004,4,1train,right_hand,mid,23,-3.593822798487511,-0.7753486481538184,1.2132429398248021,0.32753469555802145,0.9689775252344472,1.3575724758857213,0.49522515152840285,-0.6112595078716557
BNCI2014_004,4,1train,right_hand,late,24,-3.5097045563743587,0.5656611283613961,2.083881822479619,-1.0139805462250362,0.5665148380204904,1.5105229401096905,0.25490314036892814,-0.19668912979224035
BNCI2014_004,4,2train,left_hand,early,26,-0.9297951096351238,-1.5995682306781775,-2.704714945685523,-0.49096268662810094,-0.6068951682246507,-0.9428700632961872,0.48835188485778197,0.31517440000721747
BNCI2014_004,4,2train,left_hand,mid,27,1.2364947760569607,-0.7633143790431605,-0.8051531285264653,-1.0038805832950446,-0.01521012513151082,-1.629582307282281,-0.21127131987947037,0.23759656011331373
BNCI2014_004,4,2train,left_hand,late,27,0.23899972725155477,-0.45139869833846336,-1.3269715482205273,-0.29559105703816524,0.04824424179425809,-0.3635568923516861,0.6947584786579113,0.10311165403220064
BNCI2014_004,4,2train,right_hand,early,26,-6.058336921953474,-1.872370029788898,1.8173489940510936,-2.375546796025053,-1.1524528202207784,0.6971284774679393,0.5384912467476719,0.546240057657997
BNCI2014_004,4,2train,right_hand,mid,27,-6.642966126997968,-1.8412092569119904,2.636456206932918,-2.2191624398545398,-0.01977177613849303,1.7760651566639618,0.4317628593554746,0.1109066436106667
BNCI2014_004,4,2train,right_hand,late,27,-3.7339020251786255,-0.40814726237867777,2.399667199640561,-1.619347122708737,-0.6182307018147194,0.6175481973453475,0.21752992044813788,0.4478523945140032
BNCI2014_004,4,3test,left_hand,early,26,1.877325581349368,-0.7435021958436239,-1.8109438933833115,-0.8023873808747842,-0.6959465316087522,-0.938106091762497,-0.017998058010896243,0.07797714442563532
BNCI2014_004,4,3test,left_hand,mid,27,0.9170936357828856,0.793198261607958,-2.6561954205961684,-0.7864895863833465,-0.8601076770872298,-1.0798683464088268,0.4866949629246,0.15719319154743785
BNCI2014_004,4,3test,left_hand,late,27,0.28099270352804034,-0.4031369870668376,-0.8820997875663041,-0.5690642170986228,-1.2677115741113165,-1.1056173960752487,0.5168179561306314,0.32039115659707135
BNCI2014_004,4,3test,right_hand,early,26,-5.5982068950460615,-1.0729310509571397,3.6228187464229737,-2.1524167229801323,-0.9715600958858193,0.36533844669610893,0.21422651074077065,0.7097903314061408
BNCI2014_004,4,3test,right_hand,mid,27,-4.211607375911428,0.5891896294572726,3.992596775641851,-1.7258804948585122,-1.0122039348074694,0.8437286797808385,0.026694923264203807,0.34330194014873305
BNCI2014_004,4,3test,right_hand,late,27,-3.954587684929962,1.1290033777491242,3.6890840534933096,-1.5670363471859898,-0.2693137946620038,0.4729719644012923,0.03473509074206009,0.5363038849255629
BNCI2014_004,4,4test,left_hand,early,26,2.964343144041997,0.2929967495327281,-1.0422759598754057,-0.01262634826159598,-0.1743374923362884,-0.4860282029611088,-0.4797229620073751,0.9493583354222435
BNCI2014_004,4,4test,left_hand,mid,27,0.5605409076910517,-0.24592595979432222,-2.878472211269387,-0.3507407046847161,0.018318742394900403,-0.1594351793983065,0.6740106022855216,-0.3749795536303276
BNCI2014_004,4,4test,left_hand,late,27,1.4170854918568492,1.0309304868946174,-0.7790874013341619,-1.181111153500117,0.08586378029170519,-0.8532224483642271,-0.29050449192808503,-0.16117745134593447
BNCI2014_004,4,4test,right_hand,early,26,-2.70022138315894,-2.020615380618835,1.387887619599409,-1.2026180043046393,-1.203671517977188,-0.1450338987972453,0.3210124198435185,0.7847605921626774
BNCI2014_004,4,4test,right_hand,mid,27,-2.6171330829845427,-0.5024459005149743,4.632899003435248,-0.812284476682658,-0.6569434834007681,0.756282194008925,-0.2780354481777377,0.03570283859789109
BNCI2014_004,4,4test,right_hand,late,27,-3.581043004484968,0.933935193212835,3.7406949180346776,-2.0704252979745568,0.3251046678495853,0.9223944923193841,-0.02180519369023906,0.38359503281098606
BNCI2014_004,5,0train,left_hand,early,20,-0.8315861764621225,0.046116953568066846,-0.13645460667960013,-1.1208643528914384,-0.02905902874624351,-1.6178873717095434,-0.7180808720956069,0.18147793914781307
BNCI2014_004,5,0train,left_hand,mid,20,1.6335800542525707,2.7510878538603625,1.0803413660331047,0.007632419430336945,0.387306747343214,0.1705180522030813,-0.20385213959556367,0.9143149118791868
BNCI2014_004,5,0train,left_hand,late,20,0.5623212202710469,0.9530424465021152,2.3245802810455807,0.7197417557154374,0.3167884345123181,-0.08103260914966133,0.6104326940045655,-0.7976143775199087
BNCI2014_004,5,0train,right_hand,early,20,0.09883605619634714,0.27310877706349757,0.7091385981958176,-1.831137041133248,0.22561133914822004,-1.43203688665054,-0.7553486222393918,0.12230428512701443
BNCI2014_004,5,0train,right_hand,mid,20,-0.24689683738672136,0.17498799132654924,1.7047065204759257,-0.912192647717144,-0.3248621652321972,-0.5435932743142312,-0.7469805159004058,0.25319613813037595
BNCI2014_004,5,0train,right_hand,late,20,0.7493702596260706,1.5417103302901745,3.0755485437526557,-0.42534207597122864,0.664456460013487,1.2734066105286457,-0.6081640954238727,-0.4992289567592138
BNCI2014_004,5,1train,left_hand,early,23,0.8940722201907043,1.1696814948434417,1.0978589315039577,0.3315821354953343,-0.8394635312796382,-1.2393188357240559,0.1023061018649561,0.5778446362052367
BNCI2014_004,5,1train,left_hand,mid,23,-0.5415024220625426,-1.1763296327270294,-0.1699273582242518,1.2542147226949998,-0.005216257977263612,-0.9080290269890503,-0.5222933789593401,-0.16010484283121854
BNCI2014_004,5,1train,left_hand,late,24,1.7315538612389834,1.675250173983774,2.2402315820887213,0.686540674465603,-0.01263599715599833,-0.0555385783788224,0.1280728095985843,-0.8503163154988087
BNCI2014_004,5,1train,right_hand,early,23,-0.4756722902054962,0.1761353545232847,0.167665277117604,-0.8748051427475327,-1.0372512377293404,0.5993149879186095,0.4787642269508619,0.18688446694261723
BNCI2014_004,5,1train,right_hand,mid,23,2.3398632592619815,2.6155016892196725,3.0722429178128645,0.019317449570941874,1.2799501582604302,1.6324876822322152,-0.13532248529291088,-0.9766104981767985
BNCI2014_004,5,1train,right_hand,late,24,-1.0118715492953958,0.25569095886110466,1.636283304361651,-2.1016200021906326,-0.012141824407013438,0.8143435209919024,-0.23579125450460553,0.4414583622067307
BNCI2014_004,5,2train,left_hand,early,26,0.10290387575941876,0.08450453941125854,-0.11410002903696223,-1.3166222192988384,-1.2736237763488738,-1.9372048530161547,0.05159424798392013,0.19072391369458727
BNCI2014_004,5,2train,left_hand,mid,27,-0.8210325424660632,-0.4083671246109891,-1.7386308336019942,0.061907723269189856,0.09763481594659416,-1.8615388736670908,0.35848397086708705,0.9356283419900525
BNCI2014_004,5,2train,left_hand,late,27,-1.2795828082191016,-1.4714217885364818,-0.8620223095024345,0.945255511661978,-0.32872167738850705,-1.7948605061607639,-0.19497548603213635,0.31006168679451396
BNCI2014_004,5,2train,right_hand,early,26,-0.7942611764633856,-1.0040301215643932,-0.11809184870799998,-0.9055839399467349,0.333499004535908,0.352993894209587,0.741126854518148,0.43905909570350293
BNCI2014_004,5,2train,right_hand,mid,27,-0.4034981634251974,-1.0021962633999772,-0.726679246235766,-0.027767860183621047,0.19905584921975403,-0.3661256187209911,-0.28595606322331124,-0.8590082767511594
BNCI2014_004,5,2train,right_hand,late,27,-2.1475887664035094e-05,-0.2027416217613735,0.6650215806014217,-1.4673299689383896,0.5644256907978801,0.7150268058688829,-0.9999354150458246,0.3447205203814321
BNCI2014_004,5,3test,left_hand,early,26,1.2165517213300647,1.0987258111472222,0.8718352683766702,1.0022436882223578,1.4345826443839997,-0.2730974984227879,-0.16506349381241922,-0.5717263720758745
BNCI2014_004,5,3test,left_hand,mid,27,-0.04203954148659607,-0.03695735719968757,0.9391770218789018,1.5943242250390046,-0.01805451779026916,-0.2718080706228389,0.9143113904591996,-0.7086936748753503
BNCI2014_004,5,3test,left_hand,late,27,0.008379348153372292,-0.4440006994640276,-0.3974068278840804,1.0556969936874057,-0.320944636913551,-1.0817014619041936,0.9587006721855459,0.012166411063299043
BNCI2014_004,5,3test,right_hand,early,26,-0.5871573114803916,0.5145084137411233,0.44517237882163296,0.707694933024688,0.9614714061618572,0.7663844819647021,0.13753836007295178,-0.039814373868341774
BNCI2014_004,5,3test,right_hand,mid,27,-1.7084435528781525,-1.831008102462631,0.029579057925470244,-0.20434019528375966,-0.24616942179153423,0.9898939315383906,0.9659624014767063,-0.6577887188209774
BNCI2014_004,5,3test,right_hand,late,27,-0.061723340624823486,-0.48346191078466855,1.0394714255049295,-0.43671879680826814,-0.14789842491700045,0.08012518411070414,-0.8878975045590607,0.6899444046219213
BNCI2014_004,5,4test,left_hand,early,26,-0.6530940650095872,0.25666378232096104,0.19563731478004348,-1.1692711626412202,0.22828918926402603,-0.9487126875419574,-0.5389888498560409,-0.10413605140576848
BNCI2014_004,5,4test,left_hand,mid,27,-1.7717898144539046,0.16761320554938663,-1.0876566404973351,-1.0503192813408635,-0.10557367975769756,-1.1160636970153794,-0.23925371037179838,0.030347549962934046
BNCI2014_004,5,4test,left_hand,late,27,-0.4238815485345252,0.5203400872633767,-1.0129166133171712,-0.22270787544065254,-0.5910783794172203,-1.5998415380249997,0.40996368204112793,0.755608408973489
BNCI2014_004,5,4test,right_hand,early,26,-0.25786360428709515,-0.19224095785134365,-0.43020287514511846,-1.5050568819211743,1.0506429411988707,0.15753267080214955,-0.25046892416592675,0.8104972203823717
BNCI2014_004,5,4test,right_hand,mid,27,0.026044451558867563,-0.24128389828637747,0.2556115002121914,-0.8841250429674277,-0.3758902965203031,0.432016245940616,-0.81506194777636,0.3435108379601938
BNCI2014_004,5,4test,right_hand,late,27,-2.287403029840348,-0.2529056409527648,0.13969676246526178,-0.8674387842019977,0.5977036971081331,0.8114331771094323,0.8848858519059427,0.03335906988929479
BNCI2014_004,6,0train,left_hand,early,20,1.471224691724649,-0.05797750551665866,-1.195846604161716,0.8804092981144187,0.6387833490402166,-0.4195971045563745,-0.1032511159291731,-0.3544691723143289
BNCI2014_004,6,0train,left_hand,mid,20,1.6872940734298616,0.20002425956602304,-0.44274619454697717,0.4033654234678754,-0.5776557273429412,-0.1271536843748353,-0.5842837328446305,-0.520644280309187
BNCI2014_004,6,0train,left_hand,late,20,-0.2313879313711384,-2.270753702523935,-2.332352097377551,0.7001586581561919,0.9710206004517096,-0.32489553307245644,0.8194918917078545,-0.36609101088981294
BNCI2014_004,6,0train,right_hand,early,20,0.29042235014427964,0.32615320315143576,-0.3866035333592081,0.601393741977292,-0.31308438426762014,-0.10424925786369033,-0.14206426306363365,0.7045269126536137
BNCI2014_004,6,0train,right_hand,mid,20,-0.7778628952340996,-0.7029765910228025,-0.4665552401488486,-0.3889680860283991,0.0697991999396967,0.7633643944745765,0.25016322587540196,-0.3249030247613598
BNCI2014_004,6,0train,right_hand,late,20,-1.4368864494699705,-0.6598377341400039,-0.3242346129746922,-0.2907282845470866,0.03443623260095868,0.831126432986893,0.631786116367704,-0.4817006516028118
BNCI2014_004,6,1train,left_hand,early,20,-1.1035191992379318,-2.0130454984405204,-3.2487862401913055,0.40073547929289094,-0.5553545802807424,-0.923998610170418,0.4929036049534944,0.39499484088124986
BNCI2014_004,6,1train,left_hand,mid,20,0.4673518055738288,-0.6110264969998173,-1.0065998224291548,1.0926194504620645,0.07317086995514077,-1.0539481328918423,0.3658519089842441,-0.018015420464796268
BNCI2014_004,6,1train,left_hand,late,20,1.8360480819774332,1.367760486198944,-0.22145568549069772,0.12877493099220394,0.03275652797050953,-1.0160157720302434,-0.7847336282030619,0.7750244989722302
BNCI2014_004,6,1train,right_hand,early,20,-0.3455517720553256,0.5468880114899325,0.023181662643766244,1.017896486248496,1.0585889564636588,1.4287951907864076,0.8742632999218861,-0.16794053308583262
BNCI2014_004,6,1train,right_hand,mid,20,0.3340058917681012,0.8300644172978677,1.7126666301504734,0.9847731587394917,-0.11724843530724202,0.8856616947745423,-0.673610811508819,0.05298846082703504
BNCI2014_004,6,1train,right_hand,late,20,-0.3083075810610797,-1.303660272210691,-0.3506046549041689,0.03137467725627251,0.249183688542987,0.6436785513773184,-0.06419227255831382,-0.9070453234635154
BNCI2014_004,6,2train,left_hand,early,26,-0.5925460006904468,-0.756561103789213,-1.2560952837787813,-0.1542359627544205,-0.4873174668397102,-0.23188053905590778,0.3589389075441151,0.20109105914263295
BNCI2014_004,6,2train,left_hand,mid,27,0.40591259628548687,0.19761573189742723,-0.7913807481424139,0.7430186336317456,1.1210562662271644,0.7951534598537875,0.3219496321856814,0.03389401383814161
BNCI2014_004,6,2train,left_hand,late,27,0.8286961731614144,-0.7965500963663943,-0.5557527668809827,1.0460489838558549,-0.006206632348731517,0.2564057444275693,-0.19714949275924404,-0.6062730798090765
BNCI2014_004,6,2train,right_hand,early,26,0.006396468332132494,-0.875991453967863,0.7074322693330897,0.1598170141367135,0.021673044933151545,1.2533828521940222,-0.9820784230316815,-0.7738224890274494
BNCI2014_004,6,2train,right_hand,mid,27,-0.6648028980023157,-0.6437119094158582,-0.06622138519635991,0.37052102090308514,-0.27568134803946326,0.4476943760450253,0.8188257579991705,-0.09431911869391814
BNCI2014_004,6,2train,right_hand,late,27,0.10097025728971455,-1.4764062896814811,-0.21920068496539874,0.17713470893855668,-0.25266797450877215,0.34135439594243455,-0.36927282295804903,-0.3167273631363406
BNCI2014_004,6,3test,left_hand,early,26,0.6184981107089164,-1.195205471189844,-0.6189715777613924,1.0149405906143683,0.47527910969691034,0.36120029178076013,0.000382609010052891,-0.4750533228079049
BNCI2014_004,6,3test,left_hand,mid,27,1.761020168430827,1.6234652592853047,1.6863360601253774,0.1212850402893695,-0.5282421154571177,-0.46617163495725883,-0.02166416910640196,0.5870843062990095
BNCI2014_004,6,3test,left_hand,late,27,0.5710488836883842,-0.30325777687304967,-2.1766593127428187,-0.06277463440482282,-0.16980046739207832,-0.6581222335006035,0.5843453213626703,0.8258429542433298
BNCI2014_004,6,3test,right_hand,early,26,-0.2851094876591389,0.6816031735598997,0.5096750794215029,0.5232189671567838,0.06825954272664533,0.8325843353961351,-0.2825490089562581,-0.22817865073556734
BNCI2014_004,6,3test,right_hand,mid,27,0.3772307359813084,0.22182530654568705,2.136006788675058,0.6928245354664376,0.4857307892241356,1.5652226415891701,-0.6998049469813746,-0.386350699395174
BNCI2014_004,6,3test,right_hand,late,27,-0.7190125905367566,-0.8777585788330784,1.0101418570942788,-0.02605298112450465,0.2340020003480893,1.8594673298516549,-0.16836510293014786,-0.9723652076587637
BNCI2014_004,6,4test,left_hand,early,26,0.42139062061483823,0.2833020844988272,-0.5394404610099715,-0.4648319639886885,-0.5698518064015606,-0.39083575128236536,0.12286222068868285,-0.08647774292019769
BNCI2014_004,6,4test,left_hand,mid,27,0.9920842425804571,-0.044434754930207286,-1.0344496962636525,0.4882118564059225,0.12208298493316827,-0.7166334060322203,0.020905375859315563,0.18958579723678418
BNCI2014_004,6,4test,left_hand,late,27,0.5734288558786828,-0.6396267913442002,0.29114083115331535,0.3996033224830438,0.004598535073444486,-0.21882109356907348,-0.3265069652099887,-0.2923271206981825
BNCI2014_004,6,4test,right_hand,early,26,0.5312821186575345,-0.9359342109301289,1.3470578646416804,-0.013613831600655628,0.010465966970023385,0.7963509715289363,-0.434306756624152,-0.966384140278556
BNCI2014_004,6,4test,right_hand,mid,27,1.0058612515092258,1.112561479712744,1.6588628758376491,1.1632967747498848,1.3295451607427335,2.4552142398611005,-0.2450541193465241,-0.3570301319782236
BNCI2014_004,6,4test,right_hand,late,27,0.4301808034321021,1.4344847613361509,3.5492479410739493,0.7336970051425366,1.4665536769798817,2.481132949495384,-0.7837977101482195,-0.5435547039842291
BNCI2014_004,7,0train,left_hand,early,20,0.5443792913401257,0.12963994144472718,-0.1275297999597329,-0.3369982249637699,-0.40880707321211174,-0.4193079488858558,-0.6203956707505864,0.10883122043434663
BNCI2014_004,7,0train,left_hand,mid,20,0.016119609441091077,2.954416089692425,1.0401316173681399,-0.24682852773142555,0.4059845073112552,-0.8851705019780678,0.9694776980476776,0.5639068210248034
BNCI2014_004,7,0train,left_hand,late,20,-0.5506387504062479,0.8039146898323246,0.9156154465699595,-1.681084789020116,-0.6430177995373837,-0.9335446244426711,0.24891775035760325,-0.28590673719508525
BNCI2014_004,7,0train,right_hand,early,20,0.7981585836448585,2.41776060282126,1.5974325329352785,-0.6269308501377334,-0.29199365073890776,0.8102226573349093,-0.33364372732832465,-0.1275380856979643
BNCI2014_004,7,0train,right_hand,mid,20,0.21075881021769743,1.925592793372931,0.47125842207160806,-0.9956426504762851,-0.10170479555859471,-0.23372885084834888,-0.38195458929901216,0.619758794479116
BNCI2014_004,7,0train,right_hand,late,20,-1.8102053536985476,0.8862979497706915,1.2585901179255248,-1.7416368395909014,-0.18091839632889334,0.05533109775167751,0.17974975552251327,0.9384172676631025
BNCI2014_004,7,1train,left_hand,early,20,0.5845893636792449,0.966356849822246,1.1971806315086349,0.07015611937686564,0.5996836721452556,0.04941775196894802,0.3438105195866175,-0.1734356107609932
BNCI2014_004,7,1train,left_hand,mid,20,0.9404861817125111,1.890539441503255,0.8443450237042576,-0.2940054892179599,0.47865383958657776,0.005423423763635216,-0.05386568641139597,-0.9637748825947977
BNCI2014_004,7,1train,left_hand,late,20,1.4934561409897884,1.6340281869703044,0.27690506646165913,-1.1365249892783837,0.46030159154640654,-0.5770974229718872,-0.6871767577190846,-0.32645906257252744
BNCI2014_004,7,1train,right_hand,early,20,0.12808398599927115,0.6995908814694489,0.0863094980743851,0.38868134627425993,1.5788281848823655,-0.06347382076661635,0.19484961544136373,0.7192387684872874
BNCI2014_004,7,1train,right_hand,mid,20,0.622544218174941,3.240224060762489,3.560722817760007,-0.11723901845606108,1.5991259064532517,1.2117259994281375,-0.7023645811624338,-0.8235634243515102
BNCI2014_004,7,1train,right_hand,late,20,0.6425990285094437,2.2633420846185723,2.280207702326847,-1.036318751590019,0.4442177487485394,0.5491358754985438,-0.5602863359182292,0.3072827615294861
BNCI2014_004,7,2train,left_hand,early,26,1.8322673122023392,-0.9814038161834083,-0.46567227116622867,1.7196811794234885,-0.20462525225042283,0.3419367846415459,-0.5947045130894207,-0.6682830761065687
BNCI2014_004,7,2train,left_hand,mid,27,1.6513331824525226,-1.1317476833229099,-0.10770657319317589,1.7565734435170322,0.3617984214282795,0.4709074044667193,-0.8775393531072985,-0.5771838802627905
BNCI2014_004,7,2train,left_hand,late,27,3.812755734996823,-0.158183238512319,1.4114548268042444,1.4800427966976406,0.5339520653483603,-0.04183238816999993,-0.45964856886716315,-0.9450252049761384
BNCI2014_004,7,2train,right_hand,early,26,-0.17059494859559526,1.0502616969730239,2.318308360218396,-0.31180373250129406,1.0722655373372192,2.637487470544388,-0.8629155676787725,-0.7885568355004756
BNCI2014_004,7,2train,right_hand,mid,27,0.35959019629655287,1.4711023823665752,1.4516076926862354,0.7748301474069719,0.9790473788593012,1.7208350434904875,-0.6029255571863467,-0.3790592181731418
BNCI2014_004,7,2train,right_hand,late,27,1.084416115166382,-0.007070156332891752,1.5723731660873017,0.49044900182545836,0.8380017077528754,1.6068534557617662,-0.18366418984145513,-0.5323049376581764
BNCI2014_004,7,3test,left_hand,early,26,1.0141144715000643,1.8899115236379989,0.9161868981143806,1.8391027872788483,0.6023275091711277,0.6590647289407019,-0.05073175356304264,-0.47236146122173794
BNCI2014_004,7,3test,left_hand,mid,27,3.390297253065867,1.6400198256153804,1.4824891696669567,3.0901956024402044,0.8494914440119965,1.2713028789175869,-0.3915230256139457,-0.41703390045807665
BNCI2014_004,7,3test,left_hand,late,27,3.853472526027863,2.1311617321315794,2.5974955564143047,2.4099521522643577,1.3171617365341577,1.6919061637644974,-0.19469588960329784,-0.1750538251635723
BNCI2014_004,7,3test,right_hand,early,26,1.3506996777931746,0.46589977413111117,0.8931779891424338,1.705328127520248,0.13403800732848067,1.824826520178574,0.2038977861371397,-0.033850752894415706
BNCI2014_004,7,3test,right_hand,mid,27,0.4716110615517145,0.17363422324281988,0.9679557766722074,-0.2202901081537318,1.1907236198420776,2.2372794446187996,-0.34478754437887893,-0.8207252300101056
BNCI2014_004,7,3test,right_hand,late,27,0.7582296283321145,0.8645294156114071,1.0109527770927758,1.4258347328160017,0.8469732982376891,1.64069645289226,-0.14284742375106696,-0.07006669981953333
BNCI2014_004,7,4test,left_hand,early,26,1.179974996596034,0.31379872012471516,2.266739053114754,0.7276889289049067,1.1295941918238548,1.099121938729098,0.31530438581347064,0.20332318818819656
BNCI2014_004,7,4test,left_hand,mid,27,2.0725700688083126,0.4100495523231893,1.9608647783452435,1.0412097788507355,0.007237052735876476,-0.6192875410770555,-0.027694829517799422,-0.25409389868333415
BNCI2014_004,7,4test,left_hand,late,27,0.7179368993472504,-0.3817622040542755,0.1709567220679673,0.6910292065533379,0.08546257563035692,0.5490915520368028,-0.6153494232621781,-0.11445470413534574
BNCI2014_004,7,4test,right_hand,early,26,-0.6713589841167806,0.39067438480821587,-0.5209510925082228,-0.32661638082935074,0.9761648966568015,1.6875498147373642,0.12614830198727156,-0.6756808037507028
BNCI2014_004,7,4test,right_hand,mid,27,-1.6492656504650394,-0.24022587849907845,1.1546753267991323,-0.4146273491163601,0.4077757163642557,1.233476641084584,0.17639113222293393,-0.49684321913958
BNCI2014_004,7,4test,right_hand,late,27,1.994704971553597,0.7626742939373612,0.6546115074605117,0.17584744115796191,1.2581497012159657,0.9882223999658412,0.5058261157956391,-0.6978747581189849
BNCI2014_004,8,0train,left_hand,early,26,0.8353835338638708,0.09008078207849793,-3.32617884244445,0.3714909453634227,0.02524832515723246,-1.5254832557048146,0.5985240838298184,0.6083331600880748
BNCI2014_004,8,0train,left_hand,mid,27,-0.5223079351712242,-0.3180356440714465,-0.5505373127059959,-0.41129386932988726,-0.4062010917175858,0.27620514756442766,0.026312627651217772,-0.1964929671837276
BNCI2014_004,8,0train,left_hand,late,27,-0.5483413737764369,-0.8748334994452807,-0.6554753897440401,0.4245008957710094,0.5800208361797331,0.15074037560284057,0.08899528500857336,-0.47590556135575257
BNCI2014_004,8,0train,right_hand,early,26,-0.9516782020944107,1.8334449260770567,0.8738900122582082,0.4564215724488024,0.2657165642016084,-0.6729003980669905,0.042610398901904455,-0.19168920048488583
BNCI2014_004,8,0train,right_hand,mid,27,-2.9371802544680423,-1.7944445325997633,-0.8989089731411288,-0.24969270113500855,0.42516242672455357,-0.2476661471683677,0.5313409465705413,0.004074631372406369
BNCI2014_004,8,0train,right_hand,late,27,-1.0083111723114186,-1.4154013908928318,-0.2842936737568255,0.5218612552683078,-0.20261665216783215,1.1781092599562601,0.5601228409106305,-0.3860349334360433
BNCI2014_004,8,1train,left_hand,early,20,0.14370706966385988,-1.056857691607378,-2.565040383040583,0.43583965603428815,-0.06251296227521745,-0.39091551431779936,0.8938940804390004,-0.05433790235307158
BNCI2014_004,8,1train,left_hand,mid,20,1.293681424136859,-0.06933224404635954,2.9787554021165294,-1.050772979277649,-1.7426256067271761,-0.6910549807824934,0.3944058265824274,-0.20651752454515382
BNCI2014_004,8,1train,left_hand,late,20,0.24687689290644918,-1.6549267440993387,0.9503554084481646,0.10844482529498614,0.21201477108919153,0.7439465098130511,0.5875873168020621,0.7455515540142341
BNCI2014_004,8,1train,right_hand,early,20,-2.8633081224424153,1.3218321554830157,0.6326358697931657,0.23198826886974638,-0.31520727333770976,-0.6233177387263693,0.6380743677826437,-0.4575315341891212
BNCI2014_004,8,1train,right_hand,mid,20,1.6895606885532821,2.745187698868011,3.9704073686186234,0.6343128945602026,0.7274776889576845,0.9142687948582322,-0.40297871949563674,-0.18078213258686163
BNCI2014_004,8,1train,right_hand,late,20,0.15968259026626014,0.5240169271199033,2.9460676130200723,1.0348966969592157,0.8763546662305035,1.0607942282742564,-0.8971697143593244,-0.012357514652193072
BNCI2014_004,8,2train,left_hand,early,26,1.1305952134960209,-0.38457940913371785,1.1426446613589278,-0.015474424444270777,0.07712468204531694,-0.3913353296146331,0.0053005615448637215,0.9239230412256528
BNCI2014_004,8,2train,left_hand,mid,27,2.826037099268886,-0.6836224288942728,-3.094101575912901,0.37366065348514005,-0.4303530410606192,-1.3771515592830288,0.04528010091516714,0.5731573600410819
BNCI2014_004,8,2train,left_hand,late,27,2.5937290160814794,0.6981533638817493,-4.1399785010850305,-0.16675583068912056,0.18489713336194516,-1.7472517945413388,0.22962825175605497,0.8257521772735444
BNCI2014_004,8,2train,right_hand,early,26,-1.8222075288935036,1.8992523471976928,5.062257447813749,-0.6102637719600265,0.9288785732291446,1.5994331990136468,-0.4706320578116904,-0.4476493564716053
BNCI2014_004,8,2train,right_hand,mid,27,0.35877555162925606,3.3966452078536147,6.149233394255582,0.08946088284433483,0.9451431071284631,2.2110184550631984,-0.8897433747825078,-0.9222241370568391
BNCI2014_004,8,2train,right_hand,late,27,-3.6708414585532085,1.4649456254209647,4.2456593139923005,-0.954667358795251,1.5048474878723928,1.5709653775163774,-0.07261009276125698,-0.2440172752991604
BNCI2014_004,8,3test,left_hand,early,26,2.4778519481038623,-0.584710390433768,-1.2766894062155585,-0.5261644973013782,0.6396664076474079,-1.1509783268796832,-0.3199225760308709,0.3725465837314111
BNCI2014_004,8,3test,left_hand,mid,27,2.4267969382502463,0.3232778702937129,1.162399354713336,0.629251090743635,0.9956045695658265,1.4753900617274953,-0.35227874998525177,0.40203479343278065
BNCI2014_004,8,3test,left_hand,late,27,4.761809546293124,2.0721535629140004,1.8006456190398412,0.36393084951791965,-0.2303270246635437,0.4603796677839804,-0.45122806215820294,0.1170054442369037
BNCI2014_004,8,3test,right_hand,early,26,-3.9114626677163717,1.246857823010643,5.804944032675072,0.573229033988767,1.1980081701092127,1.4330553402238602,-0.1948746510253032,-0.42856651693383935
BNCI2014_004,8,3test,right_hand,mid,27,-2.410592491510605,2.0712310450902454,5.319512895648561,0.7204277127382371,1.187050568536046,1.5530886702113251,-0.37631057514042404,-0.36624365837770195
BNCI2014_004,8,3test,right_hand,late,27,1.6466968210567356,2.4596423485927215,6.407288001750471,-0.444603842673085,0.2051293765930118,0.5162982685619907,-0.591085193904604,-0.07461158119088189
BNCI2014_004,8,4test,left_hand,early,26,2.671442459833999,-0.2699727311891553,-4.130232169808342,0.7525203138281292,0.3138938183098811,-1.0976782259087956,0.21447507994822324,0.18655182385439756
BNCI2014_004,8,4test,left_hand,mid,27,4.976118891818589,2.501970336912152,2.198229835560707,1.120354191987372,0.6014824773667887,-0.39522926950316906,-0.38719738359757877,-0.4784460512462042
BNCI2014_004,8,4test,left_hand,late,27,4.1791996079801566,1.7124212109750214,0.9361327777036915,1.0219963893886426,0.9326394141468646,0.11982745295917559,-0.6339894626110231,-0.7901121897878985
BNCI2014_004,8,4test,right_hand,early,26,-2.121572128173421,1.6589944032444852,8.814366109880606,-0.36362327419244495,0.36145929219552236,2.296063524606202,-0.6119999798844987,-0.7265668466251818
BNCI2014_004,8,4test,right_hand,mid,27,-1.1414269069010767,1.7520095339626043,9.236055142180039,-1.2801603270120225,1.3593062133736513,2.3565104603659695,-0.7800185244353866,-0.2959712870050539
BNCI2014_004,8,4test,right_hand,late,27,-2.9535823926038103,1.4796474595117128,8.097806347572162,-0.6262163058613546,1.1067250727270521,2.4124651914926543,-0.4654821286185649,-0.5878368256714995
BNCI2014_004,9,0train,left_hand,early,20,1.239118784242298,-0.6699844397319284,-1.4291164971896009,0.6299110055158483,-0.00546886831033695,0.10881385729912421,0.07120725607276333,-0.7054008528033565
BNCI2014_004,9,0train,left_hand,mid,20,0.7334594920739834,1.1036675092317498,0.2784942332191013,0.6876365973759737,1.3678507149322097,0.27358279851047024,-0.4495909718827448,-0.4307588888004698
BNCI2014_004,9,0train,left_hand,late,20,2.0121044935428145,1.7118180872532076,2.6439564178097283,2.050169493314104,1.3421808394315884,-0.10143528281087581,0.13570525306623762,-0.905711974674494
BNCI2014_004,9,0train,right_hand,early,20,-1.1171187483487086,0.3938499372595226,0.17207003293458484,-0.7730097325175651,0.15429245914722267,0.543225937901275,0.7330568875051773,0.17457648336119808
BNCI2014_004,9,0train,right_hand,mid,20,-1.1130325679936637,-0.6223281751935534,1.8722564542357272,-0.11134937745632201,1.1420349360169075,2.112501216568975,-0.2543217358817342,-0.899858940384324
BNCI2014_004,9,0train,right_hand,late,20,1.1001530470342058,1.5420523910807975,2.2670344736240304,0.8920013893828846,1.6805657102032074,1.1099458744657267,-0.3465448299005683,-0.10886624688797154
BNCI2014_004,9,1train,left_hand,early,20,0.30888691340369007,0.6543560346396415,0.6463905714039011,0.5364405371496462,0.3292812905740664,0.12537670135212803,0.35330431562321385,-0.6211138240038699
BNCI2014_004,9,1train,left_hand,mid,20,0.857479639465611,1.9133182941866427,1.1779850015155104,0.2770254652637614,1.3297501864577177,-0.43355976234540544,0.15746054026043482,0.22028926439734603
BNCI2014_004,9,1train,left_hand,late,20,0.86499388265142,0.6173962592324456,1.0985653098463275,0.5255584691121211,1.4675774750781136,1.3779057657259128,0.11895308686762468,0.44778739784744004
BNCI2014_004,9,1train,right_hand,early,20,1.6706063796578108,2.60751846317949,4.143249528320459,-0.06172573996151196,2.2937969972885814,2.1222905394405776,-0.42530175976144785,-0.9434750184385892
BNCI2014_004,9,1train,right_hand,mid,20,0.33950666267011753,0.5617840747763745,1.3100580025868083,-0.9069347540618823,-0.003991155184981743,0.6661574937327658,-0.5883681678920564,0.153059847994717
BNCI2014_004,9,1train,right_hand,late,20,0.9204816698807006,2.3563266326830954,1.082740243035303,0.2713350098998683,1.3805926889407414,1.0798817338272,-0.0809988010356824,-0.5983841805402091
BNCI2014_004,9,2train,left_hand,early,26,-1.9971617880929589,-2.1302155951178445,-0.6649942519578834,-1.5857730906813121,-0.7028621044398604,-1.2378717785215907,-0.5004092607996162,-0.12321000985436663
BNCI2014_004,9,2train,left_hand,mid,27,0.12390178367695688,-1.0514673777301422,-0.7977672081584548,0.04074142736935385,-0.06318954917073856,-0.9635389027946426,0.7311360482460869,0.9188644322791808
BNCI2014_004,9,2train,left_hand,late,27,2.0669276742105915,-1.5743787200241408,-0.49039128047900277,0.2463744938866752,-0.3936955497213499,-1.194068152066278,-0.6164801581908846,0.6579183564456587
BNCI2014_004,9,2train,right_hand,early,26,-0.9238094022119091,-1.2500839627713112,0.7108583068375027,-2.2985673669180486,-0.7351426676632713,-0.011154615364304937,0.13027179419739146,0.9903411618801997
BNCI2014_004,9,2train,right_hand,mid,27,-2.5304924030863702,-0.5067318118380932,1.1159705647588476,-2.3243257555493324,-0.362160034071992,0.2806588317682993,0.38791613977733536,0.7845216949576692
BNCI2014_004,9,2train,right_hand,late,27,-1.3565644081911425,-0.7896770020780527,0.4555208514046878,-2.088953657667748,-0.41390192098613693,0.3589437161311129,0.49724125949097153,0.7067330354833685
BNCI2014_004,9,3test,left_hand,early,26,1.4938301942125822,2.4490379294365074,1.1955321582934384,0.34836523241097095,1.063308523988149,-1.4681192470138973,-0.11091775551969843,0.6164401773239817
BNCI2014_004,9,3test,left_hand,mid,27,0.38212628739172866,-0.5619862879728981,-1.5547784944370369,-0.4167722646280933,-1.107624546754731,-1.9114545903831186,0.6054258412941323,0.6419831136892489
BNCI2014_004,9,3test,left_hand,late,27,-0.48309100449282955,-1.3504964833800501,-2.876834922794939,-0.27157006812766626,-0.30973068161195294,-1.050837963665563,0.7124394912581927,0.5892794635262337
BNCI2014_004,9,3test,right_hand,early,26,-0.5523479239833897,0.489708214997889,0.5168258402974245,-1.3342151183968662,-0.05196333000239143,-0.1519990283266107,0.033223863952422494,0.7954547416175398
BNCI2014_004,9,3test,right_hand,mid,27,-2.6975656075221006,-2.77020889379183,-1.3129702452432193,-1.7916867710825548,0.00466177967364296,0.2501276991660023,0.345239492454402,0.7549946845703829
BNCI2014_004,9,3test,right_hand,late,27,-3.329671784240151,-2.5623290721235237,-0.35152238703219846,-2.7318097905571506,-1.2365595442529274,0.7335243358209412,0.8090171989429724,0.5766501531628014
BNCI2014_004,9,4test,left_hand,early,26,-0.7461830591096237,-1.0848745251772534,-1.9799824509632544,-0.4447676146263498,-0.45104859881733195,-1.2808017390726147,0.4525768473318584,0.48449755012983153
BNCI2014_004,9,4test,left_hand,mid,27,0.33280674770149193,-0.41350543213297714,-2.269061633647549,0.04652396810246559,-0.41976884206391596,-2.2564209393540806,0.7441786447868395,0.9595961084854191
BNCI2014_004,9,4test,left_hand,late,27,-0.9792006091356219,0.29545891874914265,-1.28060517470899,0.10223978887761831,0.5701576116211908,-0.6110301515719464,0.13337631389746593,0.7133209095754746
BNCI2014_004,9,4test,right_hand,early,26,-2.180116659534588,-0.9084833111063524,0.38201824238783255,-1.7567720195256722,0.08876530140049785,0.7766527299824109,0.7017969334079978,0.38687523271949237
BNCI2014_004,9,4test,right_hand,mid,27,-3.593654233841772,-0.36259531386601107,0.8005483420917804,-1.836604046442786,-0.041235518667748085,0.7370538774595746,0.6356343030354248,0.4272324456064449
BNCI2014_004,9,4test,right_hand,late,27,-3.013626151985837,-1.1900019060872735,-0.04818852608660378,-1.2769530155734765,0.4355141068554978,0.839008622835948,0.9685228982461207,0.20697180175096785
Lee2019_MI,1,1,left_hand,early,16,1.7376444879002881,0.3245756441691067,-0.5175853471334239,0.06799630845432261,0.11639185557706513,-0.10970807482370037,-0.54099104304756,0.23472559089394351
Lee2019_MI,1,1,left_hand,mid,17,0.8605463270374314,1.694047985933636,0.9707990979477422,1.477884351622568,1.122811562309289,0.9449626133046901,0.06020315414346446,-0.21995683013923992
Lee2019_MI,1,1,left_hand,late,17,0.27687749824298147,0.6695633628326326,0.10387226565196919,2.033023617879802,1.3410058865701804,2.940050021442588,-0.4543804067564561,0.18238748696397217
Lee2019_MI,1,1,right_hand,early,16,2.8190366229057893,2.1217873152597337,2.699949555957269,0.08015053021597168,0.736308345755264,1.5039521635472326,0.021577707044204458,-0.8988063961616458
Lee2019_MI,1,1,right_hand,mid,17,0.35912146891862023,0.8678963788003524,1.3307215668987933,0.6646985722634979,1.3787254941371245,2.2369341874260567,-0.5749647022749597,-0.5418451421574011
Lee2019_MI,1,1,right_hand,late,17,0.9519184751381201,1.9051467162791391,1.9691179825245066,0.17598674164540556,0.963630955242314,1.514471329732265,-0.3482323901565869,-0.791788102142064
Lee2019_MI,2,1,left_hand,early,16,-0.9719298424862415,-0.48683469005849744,-1.128002835908698,0.7554405211446011,1.1860023268463376,0.8883889703887874,0.07432285569352119,0.08087727463763288
Lee2019_MI,2,1,left_hand,mid,17,0.8465124172955479,1.740089714694876,1.689351399895001,0.23369424757271767,0.9775550073862034,0.5711701443567831,0.33236760463470927,0.4192953498353117
Lee2019_MI,2,1,left_hand,late,17,1.4001598612426498,1.659160172320468,0.507108111935871,-0.19146354732533996,0.37328265536284594,0.21703240344132418,-0.46823611672065174,0.06259267948188142
Lee2019_MI,2,1,right_hand,early,16,0.7757992981940587,1.6073187696849316,-0.2389783628275568,1.3763771626939927,2.2846454574430317,2.1690146086506257,0.5290035009502118,-0.22356836622769585
Lee2019_MI,2,1,right_hand,mid,17,1.5260679370606354,1.1571368074441206,0.2144010636525727,1.0908868222535204,1.7749738201315362,2.0934458641976468,0.7536284029595293,-0.31484117416809393
Lee2019_MI,2,1,right_hand,late,17,0.12286937580618848,0.7683888148651219,0.3956865813371076,0.2539288408687017,1.1883464034058395,0.5516052616096521,-0.5261094810941103,-0.3695391912336194
Lee2019_MI,3,1,left_hand,early,16,-0.9136503215908858,0.11062587132558267,-1.984096312980879,0.6933745154609283,-0.438081504086449,-0.026199093335215917,0.36940634443983617,-0.9271816169605017
Lee2019_MI,3,1,left_hand,mid,17,-1.4968408559250395,-1.2161051144406185,-1.7839428588670856,-0.46333734669591736,-0.3140895581788907,-0.3065103042388815,0.08751018899770334,-0.20371178929572145
Lee2019_MI,3,1,left_hand,late,17,1.3803024955284993,-0.10153848664813592,-1.1465124530892823,0.8683260443590433,1.1460502946546374,0.6199519859279913,-0.09252361062969998,-0.1668868674915195
Lee2019_MI,3,1,right_hand,early,16,-1.9075090453282177,0.5968615536840592,1.3315457928634324,-1.6890518625180984,0.11495597107659922,1.3702228628783653,0.177818308499631,0.10421718487489376
Lee2019_MI,3,1,right_hand,mid,17,-3.0179564039656905,-0.6220437257179819,-2.2082222968955882,-1.8997288184026995,-0.5421110225331328,-0.8270476496589948,0.1549380825681788,0.3933880100946488
Lee2019_MI,3,1,right_hand,late,17,-1.7765738631932921,0.22191901006464923,-0.801067712100123,0.45847134405009077,1.2596122147004696,0.7066561186375496,0.3784491065178938,-0.21301083575436658
Lee2019_MI,4,1,left_hand,early,16,-1.524843982685786,-2.1595348009513504,-1.1808525502394631,1.8146557580233396,2.0581395014011448,2.2169230138895846,-0.12713599927424912,0.09977908869566132
Lee2019_MI,4,1,left_hand,mid,17,-2.592053966005927,-4.2678711618296035,-3.7484637718674354,0.18256772665714593,0.19455182045466382,-0.38791595115219263,0.1823841291309711,0.35995460077593344
Lee2019_MI,4,1,left_hand,late,17,-1.2348633519286782,-2.4596644727800343,-2.4788447246473146,0.9727133408127407,0.9186694322821951,0.4219734142802607,0.33497015572251887,-0.39488431686995923
Lee2019_MI,4,1,right_hand,early,16,-0.8846859708615292,-1.901245635147725,-1.1626512112986358,2.661819371129272,2.6874300567281555,2.7652125186771177,-0.13576915559352212,-0.019051509120860195
Lee2019_MI,4,1,right_hand,mid,17,-3.5154924883134977,-4.330146945351296,-3.852908113146685,0.6198241107295592,0.7471666730682304,0.6621230317352647,-0.04579224761019676,-0.03299583859937976
Lee2019_MI,4,1,right_hand,late,17,-4.306698777693916,-6.253255179034883,-5.001985438979628,1.1141592253647608,1.19156101218243,0.9804283249186405,-0.0746922599480093,0.06384593493264401
Lee2019_MI,5,1,left_hand,early,16,-0.06922724073229777,-0.8184270632518726,-2.3870672389074468,-0.23060816140994164,-0.7108996933780454,-0.8870320907374591,0.9436327840117517,0.5873302505580701
Lee2019_MI,5,1,left_hand,mid,17,-1.201276775672735,-1.551617759412646,-2.724373600855398,0.40986910790833436,-0.746007127059167,-0.8546960864237438,0.38798585688868664,0.3517627881181401
Lee2019_MI,5,1,left_hand,late,17,1.1870907597774742,0.4244507256614758,-1.552320061381278,-0.17103956764415534,-0.17177692677131987,-1.823577588750859,0.13332403405244425,0.8284988504227198
Lee2019_MI,5,1,right_hand,early,16,-2.1634646898239565,-0.5126761936974659,-1.5522470738114127,-0.5083639544104838,-0.5768266973304391,-0.9195964362625868,0.16449543314806048,-0.28798591651290006
Lee2019_MI,5,1,right_hand,mid,17,1.2165963334375487,0.7574838318061244,1.1844972247954209,0.6977974356455046,1.0701977146953454,1.8270216681005058,0.013368537236737435,-0.4472495596930488
Lee2019_MI,5,1,right_hand,late,17,0.16793097007375257,1.1644027225651332,0.7229873526284116,-0.08490624601963095,0.33320932784450996,-0.14002339896310087,-0.6230160143874552,-0.24504174604330764
Lee2019_MI,6,1,left_hand,early,16,0.7991335759827514,1.3249497641855545,-1.0807161596501538,1.4251984305277448,0.9584060198797669,0.6527294169922058,0.1497899424246266,-0.3717496805567607
Lee2019_MI,6,1,left_hand,mid,17,0.9242202347464648,0.11462345694680562,0.5787910587646125,-0.6994424690357172,-0.4426149722343664,-1.051332946996271,-0.22982473749410087,0.2009912149429704
Lee2019_MI,6,1,left_hand,late,17,0.30236534436270945,0.20669502493379116,-0.06710265560814713,-1.0602575341027938,-2.5501396646648904,-1.406959949997757,-0.6367606633676522,0.1405236539256113
Lee2019_MI,6,1,right_hand,early,16,1.2181257687823452,1.2458627894386143,0.03208858215178985,0.9707802038214449,0.39682635049566223,0.5562713965292511,0.9486670711661342,0.2714438773365612
Lee2019_MI,6,1,right_hand,mid,17,-0.010846437203827223,0.12451356886676157,-0.8269510855492105,1.00962424255213,-0.3864103879711478,0.12901953705184468,-0.9741072588322166,0.7733803330542617
Lee2019_MI,6,1,right_hand,late,17,-0.24218461897687432,0.02854638759528516,0.9071130103007036,0.6828217491471623,1.3472259923994414,1.2410390914512006,-0.578551955894826,-0.29015474015803583
Lee2019_MI,8,1,left_hand,early,16,1.4569635058471893,0.44144346837967813,0.05863268638166752,2.422839760158268,1.2187786045928115,0.8276389191142772,-0.9226275617709999,-0.4907587461551957
Lee2019_MI,8,1,left_hand,mid,17,1.0491666030465583,1.063861281377298,-0.6415556309009599,0.7484795973489353,0.08507471610499744,-0.24329358749687255,-0.24108689408661968,-0.5093765566273145
Lee2019_MI,8,1,left_hand,late,17,1.239972647925084,2.2184517406103166,1.289823619353994,1.1242009468984573,1.7981926712112517,1.7720591927376161,0.01970552809872201,0.22368786455783107
Lee2019_MI,8,1,right_hand,early,16,2.12620999702831,0.12354048825437541,-1.4164621529676007,0.2688294741689986,0.12319707607771968,0.6375599009149624,0.2003425137890698,-0.4068123886732536
Lee2019_MI,8,1,right_hand,mid,17,1.95067826116566,0.9847680494168477,1.9040600715386242,1.3050319828154668,1.2873581812254233,1.4719522523992288,0.012093736488289928,-0.0601084685563067
Lee2019_MI,8,1,right_hand,late,17,0.8251416927640932,0.33804647060866927,0.06266024476951577,0.741669078641465,0.9197485644236421,1.5026315413320273,0.8588418382064102,-0.33906440871524157
Lee2019_MI,9,1,left_hand,early,16,1.3269206770066366,0.9435689787967215,0.3175702268401232,0.1591932225827924,-0.18196254004116647,-0.04579774948906081,-0.6137768520369807,-0.5531730102435161
Lee2019_MI,9,1,left_hand,mid,17,1.2873006482487142,0.9942082980099854,0.29499775465727746,1.2086450617916824,0.5921416741006192,0.2525490232859189,-0.6271275328149287,-0.6543251497318969
Lee2019_MI,9,1,left_hand,late,17,2.622357376070029,1.8545293770102982,-0.11805301513969173,0.7774146070668309,0.24571367452328446,0.15726241344155817,-0.9138428203904315,-0.6634935705255276
Lee2019_MI,9,1,right_hand,early,16,1.0721856625761517,1.7695974605352587,0.421185489876417,-0.4402027826194348,-0.3789711627093698,-0.3764304986990822,0.43592657567450316,0.07809170331312897
Lee2019_MI,9,1,right_hand,mid,17,1.512245470936417,0.7911972387913003,0.8328768209015697,0.6484010044826726,0.2853961787659429,0.2674318170310452,0.289694338073258,0.41598114688874044
Lee2019_MI,9,1,right_hand,late,17,-0.15663187609108736,0.0235677761900009,0.04300970894514734,0.24311302422687947,-0.3895926103065312,-0.40625771729820687,0.5691307606344527,-0.25123505362772003
Lee2019_MI,10,1,left_hand,early,16,0.579820973858793,0.7142365190518982,0.32112069578590297,1.6358502671200386,1.3554199737339019,1.126548327362616,-0.28714431443149213,-0.18436946093682954
Lee2019_MI,10,1,left_hand,mid,17,0.973678011021778,0.29534528528267473,0.2606731979854245,0.7661329100080657,1.5218297808652037,1.4490411416800308,-0.5776352855115106,0.3082864893399901
Lee2019_MI,10,1,left_hand,late,17,1.9948690666208828,2.0553023315446,0.9826512417082265,1.6665662138777373,1.7811134711638843,1.41607853218553,-0.33995329001825725,-0.0812573949729679
Lee2019_MI,10,1,right_hand,early,16,2.0382649471026517,3.7485642375677513,3.0196737762208152,2.2568511503007915,2.363046265844529,2.082383829510678,-0.19403335682827333,0.0402069308534413
Lee2019_MI,10,1,right_hand,mid,17,0.810443902399742,1.3956511363267725,0.6107278434307335,-0.3755702185986961,0.07005541742832791,-0.10933570177859518,0.14052915107195751,0.5490436508033384
Lee2019_MI,10,1,right_hand,late,17,1.5097209411068881,1.7161295728744106,1.83479902419832,0.8004053922396861,1.1952432338970047,1.4033470239474526,-0.09719723202841354,-0.27359771781938946
Lee2019_MI,12,1,left_hand,early,16,1.135559794616933,1.6168610127991874,1.6155244517632978,2.1752929859340817,1.9090391444869894,1.1956734642828877,0.1744638165035781,-0.2906049455307221
Lee2019_MI,12,1,left_hand,mid,17,2.356460571549716,1.5735267794553254,0.42863141807006094,3.4556707487137883,3.4984651487768845,2.6584574525877294,-0.6921958630683663,-0.13038871117494
Lee2019_MI,12,1,left_hand,late,17,-0.3025960887677359,0.11443149044082765,-1.7164765700403386,2.5480089352620556,2.204460491085072,1.2648537052459483,0.7002623085923333,-0.3365332955831703
Lee2019_MI,12,1,right_hand,early,16,-0.5171832443240494,-0.16957318359174456,-0.6558260099784793,1.7136424263333723,1.268514017635197,-0.31586675011939636,-0.11819409364921582,0.6887259700185471
Lee2019_MI,12,1,right_hand,mid,17,1.1053469706394792,1.7187155140502275,0.0001984895765660443,1.2643319182923625,1.323834121782017,0.714103340367039,0.9996409201001516,0.27811300648683407
Lee2019_MI,12,1,right_hand,late,17,1.1618692864806348,2.5861029453098108,-0.6852466158175377,0.7186163310221216,-0.36948248121248567,-0.5067262329112334,0.2580361470929277,0.1729231517353972
Lee2019_MI,13,1,left_hand,early,16,3.592794400999032,4.172059864897774,2.655533591518795,1.7251901937826861,1.6127174697703748,1.6466464089849302,-0.1500018581935162,-0.023294066128022598
Lee2019_MI,13,1,left_hand,mid,17,3.786540559068182,3.658351547675187,3.895270056435598,1.5140999890989866,0.9297395938213455,0.47137410433509996,0.014154149693299282,-0.525177280435013
Lee2019_MI,13,1,left_hand,late,17,3.350420886514458,4.8649552977654835,3.5091379317871882,1.8163335891051913,1.8645534442580802,1.2615297926583315,0.02313808358188652,-0.18025614773355336
Lee2019_MI,13,1,right_hand,early,16,2.954652770261757,3.6134256714259725,0.9374770530935405,1.356767416692575,1.6707910570031181,1.504681151988049,0.5182704094462257,-0.051691907698231
Lee2019_MI,13,1,right_hand,mid,17,4.188642313679434,5.158673297663988,4.693425845561862,1.3764307805911506,1.8096612422885647,1.8776812680196908,-0.05683175616674688,-0.15403602578544295
Lee2019_MI,13,1,right_hand,late,17,3.836691691935041,6.5739420821217855,5.2901663145111115,2.0408674930636264,3.097383196269124,2.770154170024991,-0.15925246361338205,-0.1515866541522018
Lee2019_MI,14,1,left_hand,early,16,1.2641114652287937,-0.4513608919558386,-0.8867442835782663,1.0302988641329596,0.035584807275491626,-0.5535627863001377,-0.17544978637448302,-0.30099603567171496
Lee2019_MI,14,1,left_hand,mid,17,3.1196062236769344,1.208995999317787,1.1063830240520642,1.05082618575158,1.3493042799960577,1.6929146502233514,-0.47639098956694104,0.2340193563666587
Lee2019_MI,14,1,left_hand,late,17,1.4998608392088175,3.13142611296353,2.2912271588738293,1.089852800345485,1.4684555992952257,0.2861823843199539,0.20874385402429263,-0.5840478680935262
Lee2019_MI,14,1,right_hand,early,16,-0.10531025058931123,0.788136938625194,0.747435057742666,1.4592669512557568,1.9595085932609122,1.9948397700331966,-0.7530089006404396,-0.15505392913209773
Lee2019_MI,14,1,right_hand,mid,17,-0.020355999750421017,0.4183610432801416,0.4822031931931865,0.5157980050674823,0.23804381378578732,0.1446976298645565,-0.9189906381726255,0.5618513667257012
Lee2019_MI,14,1,right_hand,late,17,0.11530445637639829,0.12726251779108078,1.369705397097672,-0.3206304100723106,0.39662458581018634,0.46978987818701057,-0.8447088332691502,-0.18870905811790567
Lee2019_MI,15,1,left_hand,early,16,1.4724953634278848,2.206000766563594,2.939280422594487,0.42695137067976724,0.6498219251482871,0.29672601842916146,0.3324704450787709,-0.17994945566967838
Lee2019_MI,15,1,left_hand,mid,17,1.2880907320838446,2.254710689896626,1.1765111086873692,0.8376729141556031,-0.11731517078672367,0.10349339584275515,-0.04527288000465031,-0.7800741595968608
Lee2019_MI,15,1,left_hand,late,17,0.5570567848166056,1.0330342832747688,0.7418518410447499,1.0435140097437259,1.2133304045022093,0.8174642152195424,0.14226948112350835,-0.12146826410537138
Lee2019_MI,15,1,right_hand,early,16,3.591819434009681,3.425451993199043,2.305253646440135,1.9268413387848722,2.5558846524272707,1.0185304447814412,0.21817022953892398,0.30838582044933915
Lee2019_MI,15,1,right_hand,mid,17,1.769500888597755,0.2780501563263265,0.5285874051795922,1.1092829706199647,1.2279112360571791,0.8435134650050016,0.5399764172587487,0.13609688176735493
Lee2019_MI,15,1,right_hand,late,17,1.5860716510099149,-0.5589864560483319,-0.16936238418960928,1.7414187551816986,1.9194001240602754,1.334417065533758,0.8070421550527139,0.13232230631648922
Lee2019_MI,16,1,left_hand,early,16,-1.1460427019338884,-2.419684591320894,-1.4113800079406862,2.159755879685939,2.2321312040136685,2.435482257313821,0.10375183773190587,0.0600026308555805
Lee2019_MI,16,1,left_hand,mid,17,0.10703020350971712,-1.1227532770402835,-0.41516027262781097,1.661048194071994,0.9154621590700361,1.249242193813528,0.5900721732752213,-0.1414999692033016
Lee2019_MI,16,1,left_hand,late,17,0.09901857271650305,-3.118563507611273,-3.022511143332469,0.6165190730024581,0.9274471247314433,0.5630461332057868,0.9365576613239266,-0.045332754404109665
Lee2019_MI,16,1,right_hand,early,16,0.6918640821764984,-0.7882441845532605,-0.22954137397431906,1.7234987307929224,1.3534811291974722,0.8656065308966667,0.5017581620729034,0.3313469763436406
Lee2019_MI,16,1,right_hand,mid,17,-0.10076436770660113,-0.6388147412255185,-0.9895707677469204,0.4565109125747481,0.988655992692475,0.787652633553861,-0.8151680810236598,-0.2661561030376651
Lee2019_MI,16,1,right_hand,late,17,0.7554256071151119,-0.10962486513790885,-0.04148296769254148,2.4348858840370506,1.4315944996554981,0.4533235196086488,0.8958902714717205,0.686086805869109
Lee2019_MI,17,1,left_hand,early,16,4.81812908693642,5.2517938409206355,2.4801268628779565,1.8531756549987815,3.451953332145154,1.4313635006755738,-0.3203508125962516,-0.12842354264356592
Lee2019_MI,17,1,left_hand,mid,17,1.2206394801777363,1.7074231579183126,0.913738363689428,1.8320430654231488,1.1909365194734673,0.1939348957227137,-0.1437894969581631,-0.8085518209556168
Lee2019_MI,17,1,left_hand,late,17,0.3994171831225954,-0.0984168663759049,-1.8210000879594197,-0.2614248368597247,0.013797782623410072,-1.2545092035043972,0.6402323218032272,0.6550973460600813
Lee2019_MI,17,1,right_hand,early,16,1.9617632814797588,2.1069237117329336,0.5563554688638452,0.6225504839210603,1.4666566466422521,-0.025132200461465394,0.5581181635791171,0.9223934773385971
Lee2019_MI,17,1,right_hand,mid,17,-1.5307303356022781,-1.5045367722550902,-2.7564952575618586,-0.12337680738155503,0.14765935236537733,-0.3252195494702293,-0.2859109919277467,-0.44994289187988845
Lee2019_MI,17,1,right_hand,late,17,-0.9979969781394589,-1.6482851650775558,-2.3701363051264592,-0.8500133764268335,-0.9570414117880498,-1.9878489114727553,-0.407388666536528,-0.4009481150292453
Lee2019_MI,18,1,left_hand,early,16,-1.0905182000953193,-2.0454490372329417,-1.8901905357310067,0.5035714804798539,0.4073903331683182,0.3718959315672197,0.268282615481381,-0.15040599695737628
Lee2019_MI,18,1,left_hand,mid,17,-0.9699990269997955,-1.402591585979228,-2.24072209924187,1.130643203330241,0.6463853499139063,-0.08848497577194499,0.3957749746174715,-0.8548389295092681
Lee2019_MI,18,1,left_hand,late,17,-0.5158389085364197,-0.8355952238137379,-2.2713400940629374,-0.04048526185162786,1.1635673100387072,0.32934108223354247,0.6298487409274093,0.7810579884363014
Lee2019_MI,18,1,right_hand,early,16,-2.2856765321413866,-2.070176064926895,-2.3814430551455548,0.4781233582119313,0.7338697688285216,0.2890070965854023,-0.020519406287559598,0.24652425209280887
Lee2019_MI,18,1,right_hand,mid,17,-1.1314232230141503,-2.046082582083851,-1.6170198465118628,0.6500880364731277,1.197025382730034,0.9144875385921425,-0.1766806192501767,-0.1689911988482785
Lee2019_MI,18,1,right_hand,late,17,-2.501386383759345,-2.322437440348047,-2.161509831444958,-0.4862602565014701,0.38719597244568327,0.1000253856014497,0.07288958120194736,0.6587827556456152
Lee2019_MI,19,1,left_hand,early,16,-1.1725101327266931,0.39191643182759783,-0.282581251736094,-0.6874520319403624,-0.05183388802488818,-1.0346540456817817,-0.6115965570912625,0.20161476592709673
Lee2019_MI,19,1,left_hand,mid,17,0.02305453896854992,-1.372635498400741,-2.9610902089066444,-0.40948941632684904,0.6382989066792812,-1.012643942993015,0.9845486456479932,0.4241195262831223
Lee2019_MI,19,1,left_hand,late,17,1.6028919074720467,1.2009033567715548,-0.14936400865082966,0.8292154790000511,0.8552593973396005,-0.7524746726575255,-0.8295180432532715,-0.04851822985816967
Lee2019_MI,19,1,right_hand,early,16,-0.5998991007175885,-0.36217370667963256,-1.74500037733318,0.41394794891799597,-0.09160540923340327,-1.3399999502553888,-0.4883370427321999,-0.5279814764017964
Lee2019_MI,19,1,right_hand,mid,17,-1.0698975287167258,-1.1433645328023652,-2.8352855621007795,0.3353788740349827,0.32684915209911963,-1.2310778223869383,-0.4520628078962848,-0.5717993675777306
Lee2019_MI,19,1,right_hand,late,17,1.9288104479880952,2.4670857282761705,1.6552899211889782,0.5686194903126348,1.1808517757563504,-0.09661303615922932,0.07631497408704506,0.7095360424673535
Lee2019_MI,21,1,left_hand,early,16,-2.0642272355861477,-1.5468690331269699,-2.059196808203434,-2.5655346746180414,0.22214666685431275,-2.475654823121661,-0.00121996363441937,-0.01782909599741874
Lee2019_MI,21,1,left_hand,mid,17,-2.8479445336150615,-2.2310606029404596,-3.3390202067167722,-2.1695023703591323,0.19893189398946517,-4.259150220502856,0.07937263160729961,0.32505222838049375
Lee2019_MI,21,1,left_hand,late,17,-2.8378662720114027,-2.221965642561238,-4.042391479518625,-2.616517008128353,-0.16943849794716345,-3.2834678593090043,0.17506977950635072,0.11304280708610352
Lee2019_MI,21,1,right_hand,early,16,-2.833619347233844,-1.4625793936914533,-3.11138475072091,-5.671452331242395,-0.5431123417557768,-1.4905420082460168,-0.046722491508899885,0.5837634218648412
Lee2019_MI,21,1,right_hand,mid,17,-1.853189264831057,-1.8099388303571715,-1.487459415994698,-3.783930150537422,-0.22270449285093427,-0.637549659080975,0.10947869224786497,0.7116125430702804
Lee2019_MI,21,1,right_hand,late,17,-3.2808693938914812,-2.323852078870411,-3.034182724128246,-3.1531439635217127,-0.9443646335566368,-1.3171799357207628,0.03906328327193458,0.4107004479277364
Lee2019_MI,22,1,left_hand,early,16,0.863593650399741,0.7861399970062275,-0.028494341267408414,1.057049999946937,1.6759563040453205,0.34996910309764717,-0.9361176441481793,-0.5025382351378669
Lee2019_MI,22,1,left_hand,mid,17,0.5561309544540185,1.4620713133578886,1.5600145184477354,2.1331940060337624,2.0565273618324524,1.5934704112862654,0.4743925107460342,-0.14482752786622807
Lee2019_MI,22,1,left_hand,late,17,1.8318803972944953,1.1583593912526227,0.8893893921957721,1.5798408990829136,2.420261135168089,2.3357781958827655,-0.3463423614735624,0.19305690325490604
Lee2019_MI,22,1,right_hand,early,16,1.8496671488478276,2.621263924641484,2.7210784373043144,0.5868631804422126,0.8023431993471637,1.0740750226273925,-0.19064970299300332,-0.2933353217384947
Lee2019_MI,22,1,right_hand,mid,17,4.634274810045183,4.185072914684632,4.609703816813675,1.7860096603478777,0.5833876131790268,0.7950926587382403,0.0026580538773765725,0.3839123285745944
Lee2019_MI,22,1,right_hand,late,17,3.2818954680481944,3.1961330909674817,3.316622220674883,2.369538801280199,2.366863629165797,1.4037744321895194,-0.005262811174400104,0.25594598416167513
Liu2024,1,0,left_hand,early,6,1.4788832994917807,-4.160484051912548,-2.60036673807779,-0.5058147083868874,-0.5666673263669503,-1.1865289702990665,0.27492392676527194,0.4022316923479338
Liu2024,1,0,left_hand,mid,7,0.3021790590256668,1.7881759654094769,1.0256563274254773,0.5015630851552623,2.4669615577172492,1.0683190350661746,0.5448546376922678,0.36101815710275725
Liu2024,1,0,left_hand,late,7,-1.2456178441952672,2.232582718255592,1.1699507612223434,0.5243000531023113,-0.5658880684751358,-0.36103712740368304,-0.03132475012434691,-0.18440762377710043
Liu2024,1,0,right_hand,early,6,1.2871624248561617,-0.12018860493586177,-2.2991035066335743,-0.7632471436244983,-2.4125629609999595,0.1720114489410033,-0.2821712335641133,0.6321628043658817
Liu2024,1,0,right_hand,mid,7,1.8625079482474605,0.5744137590992272,1.109024812278464,1.487151691973836,2.0156392355739325,1.5379164528832023,0.2535671643867857,-0.016781361106086926
Liu2024,1,0,right_hand,late,7,1.1030545780330645,0.744970270906934,1.7847551927514078,0.47469691015415,0.27376917971656384,1.765496907035491,-0.23606146831934832,-0.5762001425843903
Liu2024,2,0,left_hand,early,6,0.5729695440287236,-3.4750075000797884,-0.798907881929399,-0.35509231542971725,0.1620171809753308,-1.0126893983102878,0.16469280245126822,0.4807763375359543
Liu2024,2,0,left_hand,mid,7,0.316646044680375,1.5723956509074046,-0.3191184210932408,-2.8899590368253314,-3.394294325506764,-0.7500826425710708,0.0038888244719014605,-0.5878713989365908
Liu2024,2,0,left_hand,late,7,1.6150938640151107,1.196480095398612,1.1640960795544868,2.0227215852603817,2.434184447151954,2.4302313335460295,-0.1622767042260384,0.09151449739443426
Liu2024,2,0,right_hand,early,6,1.9005458797290864,0.08140911881595903,0.022033764090721737,0.1372732868170988,0.005424757090397747,-0.8618859162964894,0.9770789583031839,-0.7252223942103988
Liu2024,2,0,right_hand,mid,7,-0.3301014199939903,1.02399224947553,0.21899756618222035,-1.9178700885467972,0.7588695300653688,-0.19920124268304532,0.20233847923389853,0.811814330727037
Liu2024,2,0,right_hand,late,7,0.5799380704499573,1.8088760356699178,0.8792992699672479,-0.12448541975882664,0.7129016920160216,0.6679822689581011,-0.20514908111637373,-0.6858284027696344
Liu2024,3,0,left_hand,early,6,3.9496675821300933,0.15033449944057167,0.44820852056302973,1.1515174203385339,0.8264089284910111,0.1659174093093924,-0.7961704649712342,-0.7481205057350238
Liu2024,3,0,left_hand,mid,7,0.4007607434183256,0.5046279562316139,1.1688353662825681,1.8492938801265595,-0.02971026407590977,-0.517525716891813,0.48934539154191,-0.5626825825307752
Liu2024,3,0,left_hand,late,7,1.022416143010513,2.672084234781152,0.013929732912128465,1.286242335207133,-1.6445597853730705,-1.4639600523919,-0.9731175986014766,0.06461986869988764
Liu2024,3,0,right_hand,early,6,0.3731946028927484,-0.210053472347546,-2.5072470146769965,1.9649929220799602,0.43261508067293336,1.6428684433970844,-0.7408768151269692,0.08928405114598503
Liu2024,3,0,right_hand,mid,7,-0.39146143070147804,-1.1555049753670121,-0.8606078354093862,0.4623294477912788,1.2089115336225678,0.45071945962421217,-0.37469684577847284,0.012715625715965536
Liu2024,3,0,right_hand,late,7,1.3547519462533013,-1.4326787305951034,-1.7980591422675687,2.7547566953507014,-0.4903123875877986,0.3135739319881079,-0.14060696425114497,0.7956061649978878
Liu2024,4,0,left_hand,early,6,1.2209286862086406,0.4482885068853896,0.4543147542661041,-0.37187307307439094,2.7522416360786157,0.4305064795286542,-0.45761345092942846,0.07307440258671508
Liu2024,4,0,left_hand,mid,7,-1.6654321217898953,-0.5656860071369396,0.1600107671326563,1.108423130195676,-0.6514290325061285,-0.9834228853420958,-0.8246882790980101,-0.05975594949394261
Liu2024,4,0,left_hand,late,7,1.521916289453822,3.7365679237001825,1.2729353323116872,1.0577073690912677,0.8210214748336293,-0.27076549167120867,-0.08908557263045451,-0.592365791325533
Liu2024,4,0,right_hand,early,6,4.71860207589599,-0.1021460590779076,0.8191672481353804,-0.29302020700989045,-1.2951432520487804,-0.8555097168959572,0.7041526289003872,-0.48974737024977816
Liu2024,4,0,right_hand,mid,7,0.82841483253129,2.0950075410312614,0.7189680379955148,-0.08153117481261203,0.9818979537952515,-1.0932864639274311,0.07073026115282909,-0.8612019906339647
Liu2024,4,0,right_hand,late,7,-0.06381038385782002,1.4088314444450858,2.175015755991499,1.2775183945570714,2.035142953512214,1.1285560710900173,-0.9429965706384734,0.06191093650420009
Liu2024,5,0,left_hand,early,6,1.2209286862086406,0.4482885068853896,0.4543147542661041,-0.37187307307439094,2.7522416360786157,0.4305064795286542,-0.45761345092942846,0.07307440258671508
Liu2024,5,0,left_hand,mid,7,-1.6654321217898953,-0.5656860071369396,0.1600107671326563,1.108423130195676,-0.6514290325061285,-0.9834228853420958,-0.8246882790980101,-0.05975594949394261
Liu2024,5,0,left_hand,late,7,1.521916289453822,3.7365679237001825,1.2729353323116872,1.0577073690912677,0.8210214748336293,-0.27076549167120867,-0.08908557263045451,-0.592365791325533
Liu2024,5,0,right_hand,early,6,4.71860207589599,-0.1021460590779076,0.8191672481353804,-0.29302020700989045,-1.2951432520487804,-0.8555097168959572,0.7041526289003872,-0.48974737024977816
Liu2024,5,0,right_hand,mid,7,0.82841483253129,2.0950075410312614,0.7189680379955148,-0.08153117481261203,0.9818979537952515,-1.0932864639274311,0.07073026115282909,-0.8612019906339647
Liu2024,5,0,right_hand,late,7,-0.06381038385782002,1.4088314444450858,2.175015755991499,1.2775183945570714,2.035142953512214,1.1285560710900173,-0.9429965706384734,0.06191093650420009
Liu2024,6,0,left_hand,early,6,3.237281043778021,2.7135523926238636,2.9095365220325697,0.3843679848721897,1.6372777622797372,3.3800561903850475,-0.0533193832802863,0.7957892272616041
Liu2024,6,0,left_hand,mid,7,-1.1660349048641885,-0.2361608827072715,2.5155018512546947,-0.17502742260180826,0.8258201051103011,2.558334855340547,0.3665499045059458,0.8719325103633413
Liu2024,6,0,left_hand,late,7,2.0707169719679377,1.8053173280614818,1.9412726102064701,2.184919571136619,1.9620859971515923,1.6938282025759606,-0.03226438132755859,-0.1266108025607981
Liu2024,6,0,right_hand,early,6,1.1821440638942733,2.1853702838243314,1.1870760075894653,2.435635830566529,1.7243361305536808,2.230982577047183,-0.0020816739460185942,0.043854722122864974
Liu2024,6,0,right_hand,mid,7,4.7725482935312,0.8557461555578573,2.9317548212461024,2.74774859333552,1.1863764965994397,2.737993350954775,0.238930561903042,0.001778290426311158
Liu2024,6,0,right_hand,late,7,0.703412943551774,0.04022976789707603,3.0658319033940864,-0.100261865031526,-0.2155289316099482,-0.4545421248942526,-0.6267618729402867,-0.6385683345754634
Liu2024,7,0,left_hand,early,6,-2.2291227986490116,-2.797009210933545,-2.878901202696666,-1.8850055528668008,-2.3394808092252215,-1.1246514298209136,0.12720739054406838,-0.25263813365431037
Liu2024,7,0,left_hand,mid,7,0.8289993339184204,-0.35569946925623597,-2.6603412410786365,1.389265218637504,-0.2232193663701463,1.2436456512871314,0.5248389682230318,-0.055307442805513904
Liu2024,7,0,left_hand,late,7,-1.5038681656104413,0.9407537621981499,2.3657273918615354,1.5368806203507888,0.07727651632193289,1.7248166997301178,0.22272591888495716,0.05761910469812301
Liu2024,7,0,right_hand,early,6,-1.7692167326946668,-1.0547966131717679,-0.803675210016309,-1.8652571606612998,-2.0357655264651435,-1.5961007587354918,0.3752748052298679,0.07776034960658261
Liu2024,7,0,right_hand,mid,7,-1.1524422356137296,-0.7265209247306484,-1.884936133013028,-1.18028576112831,-1.2609028390336028,-2.78825063103271,-0.24115991111455418,-0.40517831034146107
Liu2024,7,0,right_hand,late,7,0.5031441015928336,0.6189305712876136,1.033249782136267,-0.8922705344641865,-0.9926535390630136,-1.7410076993821793,-0.34503240748184494,-0.32231199651024456
Liu2024,8,0,left_hand,early,6,-0.04388539500681773,-1.4287034202771087,-0.4334092598335722,0.42756057522728136,0.028075975494074906,-1.1488355255856906,0.8161077457634918,0.4575467739272107
Liu2024,8,0,left_hand,mid,7,-1.7902838971984814,2.5113059170377645,-1.2814614815974952,0.49205809426512614,-1.5277164065306919,1.1543355006483687,-0.16564602623425378,0.40225946482623437
Liu2024,8,0,left_hand,late,7,0.8261372457224231,1.362546898106117,0.8809317404609703,0.06876304375073072,-1.3558895887639755,-1.077375842403381,0.03209858253066557,0.880009229978286
Liu2024,8,0,right_hand,early,6,-1.6068527632723073,0.10487839488462525,0.13708718200061795,-1.8227586079500988,-1.0034471002373693,0.26880861973200837,0.8427845151753046,0.7429596178652078
Liu2024,8,0,right_hand,mid,7,-0.3315933290175988,1.2310784643446486,-2.5741353273845258,-0.9509641694728792,-1.6783560664442019,-0.4535049330872217,-0.7717657990624783,0.35419735149664494
Liu2024,8,0,right_hand,late,7,0.4507898154340518,1.1203089475041994,1.191424026403573,-0.07828654887890688,-2.1827259084919417,-0.07352134131084297,-0.4509974231740473,0.031389722642925305
Liu2024,9,0,left_hand,early,6,-0.5861326218092563,-1.7189441779521821,0.3184689651563815,-0.9459349586523853,-0.7728310107163683,-1.696588918429735,-0.2958912083613692,0.28406704903882385
Liu2024,9,0,left_hand,mid,7,0.1884699416113048,-0.6019282316613765,1.8424255711797273,-1.5597478275759495,-0.42446239525731416,-0.8217616838219197,0.8143972051498671,-0.30988166968136766
Liu2024,9,0,left_hand,late,7,-1.8143648927736074,-1.1225155843437853,-1.294538892226954,0.20322664170324417,-2.281623770373979,0.32473173681018036,-0.1672055607042723,0.230141427907743
Liu2024,9,0,right_hand,early,6,-1.2474553671252169,-0.4807915380072509,1.8117199579252752,-1.1249329111416362,-2.0531997763434453,0.5891819522567416,-0.18444990261901548,0.3125525426124145
Liu2024,9,0,right_hand,mid,7,-0.9369015846198824,-1.9300139940756884,-0.3820611077914074,-0.8282087309166634,-0.6783244549258166,-1.095956889107945,0.4206642689901497,-0.13915026617503817
Liu2024,9,0,right_hand,late,7,0.30248456854209,3.6099791567698056,1.997561545924589,0.052028440366504815,1.6975665639128843,-0.9282227354064317,-0.7369752139841524,-0.8938467167346575
Liu2024,10,0,left_hand,early,6,-1.0517499073022287,0.43708031553596394,-2.3078400937077705,-1.0000559126682698,2.012095780821317,-0.534077442211914,0.3738819873936764,-0.3037405248859535
Liu2024,10,0,left_hand,mid,7,-0.19227993936944232,-0.15734035951541778,-1.9059651049559807,-0.7353936674459925,0.742376628988275,0.5452428497620118,0.8167230849519205,-0.14848148957874516
Liu2024,10,0,left_hand,late,7,1.6189017456483155,-2.429348170404308,-3.610417827004126,-0.05371620167704694,0.4470207335325945,0.06106764693127526,0.3808365607966973,0.06404599029706451
Liu2024,10,0,right_hand,early,6,-4.9456930644960915,-2.0311988569221837,-3.148001125830426,-3.943007562203423,-2.965207933508149,-4.312169577945087,0.22211018805408347,-0.044718848484337055
Liu2024,10,0,right_hand,mid,7,-0.35160702574628383,-0.44075967593513543,-1.0229099354787923,-0.23502602306636097,0.07185455372354303,-1.370277996479076,-0.4883918705042325,-0.7071881460398863
Liu2024,10,0,right_hand,late,7,-0.1406569151351553,4.100958788866534,0.44525033055452184,-0.16541974116031444,-0.38877585276943283,-0.8959343057955429,-0.5198662717693936,-0.6882854658447553
Liu2024,11,0,left_hand,early,6,0.8123065024399719,4.206941393472131,-2.4497193247264684,0.6725907783449635,-1.088136811153834,-0.5176109173914107,0.5019619429895305,-0.13021310716388046
Liu2024,11,0,left_hand,mid,7,3.7572184149148997,3.1714875114791274,1.0553127886640632,-1.567656672277005,1.8982583500858181,0.14062997446607153,-0.5614312950826157,-0.8353555303681748
Liu2024,11,0,left_hand,late,7,-1.392990152333883,0.20383556103640124,-1.1991741029677203,-1.8798553572062937,0.0338538688499351,0.3375325340722304,-0.07476997222292606,-0.6955584222320141
Liu2024,11,0,right_hand,early,6,0.02761852010252726,3.5949880866242268,2.619179531762274,0.597342984917133,0.9584895479627091,0.1925322957980772,-0.9791306177794195,0.5124995034057921
Liu2024,11,0,right_hand,mid,7,-3.5097278889448313,7.777015170214058,-2.268025534003626,0.05458793255804092,1.7644181056755186,0.19746363439512288,0.21491092887580338,-0.5668510756119645
Liu2024,11,0,right_hand,late,7,0.4108342077793389,4.196972178087143,-0.5852068557369192,-1.0956537839435276,0.3782808631700065,-1.4808110862554231,-0.1750657220315838,-0.14949060892188848
Liu2024,12,0,left_hand,early,6,-1.4327293535576624,-0.6994068540048733,-0.1682486073894647,1.071861195923341,-0.24987854591618608,1.2001174979705487,-0.7898177095580629,0.056451366551942536
Liu2024,12,0,left_hand,mid,7,0.9342482603576194,-1.0005473035891577,-0.3183934882688174,-0.29228687179051266,0.4102664835354682,0.7517237103593304,-0.49164477614138846,0.4400691395509978
Liu2024,12,0,left_hand,late,7,0.15438442380117948,-0.10084769979727921,-2.8549907342692955,-1.0196804631722964,-0.6088272408553352,-2.0555289063918494,0.8973976884290051,0.3368383478118647
Liu2024,12,0,right_hand,early,6,-0.0842881372372573,-2.572516129422039,0.3379540958303493,1.3723627892227297,-0.10445191531763894,-0.30493392274151465,-0.6007593242158623,0.6363983538912285
Liu2024,12,0,right_hand,mid,7,-1.378067008886893,-1.6099290448005026,0.7078974380170507,1.0875890765637657,0.7800837063295047,-0.14808302249333227,0.32127564391834657,0.7603198735225474
Liu2024,12,0,right_hand,late,7,0.36863296233061366,-0.7946433172597658,0.9737298699624084,-0.47743019135368836,0.7410723913877194,1.8694179431007585,-0.4507700102200901,-0.593130731942591
Liu2024,13,0,left_hand,early,6,-0.5695253552128753,0.590359619815383,-2.383565591485636,-1.8658084824441532,-0.43556790113806726,-2.5726417328617024,0.6142852587390906,0.15925226512174387
Liu2024,13,0,left_hand,mid,7,-0.20785114979003927,-2.2003766374170666,-1.2954654750753591,-1.8004360738056395,-2.135038648585986,-1.9473217597970487,0.7234765499800822,0.039192950161939674
Liu2024,13,0,left_hand,late,7,4.465552612182682,0.040676866291820754,-3.952599259668086,0.02886111642819917,-3.0337804061792495,-2.953668251349836,-0.06093420032368947,0.9806465500457415
Liu2024,13,0,right_hand,early,6,9.174298620577737,6.822775353767586,8.359152548542015,6.052252746788291,7.770661030656438,8.326699453099495,0.04649090838838235,-0.15817889055427517
Liu2024,13,0,right_hand,mid,7,-1.4565309919040896,-2.256512343058147,-3.209737076911392,1.485501040179466,0.2044460791688243,1.1570757534150442,-0.3757191098222414,0.12428221104510952
Liu2024,13,0,right_hand,late,7,-0.13307992917590064,-0.5332859524754475,-0.7924646711377383,1.2857947739712068,-0.804511155478654,0.9962106327463847,-0.7124289221053122,0.12689897244431003
Liu2024,14,0,left_hand,early,6,-0.8080710651279351,5.2734430261271354,-0.974365336893313,-0.9626191722537536,0.3253211977220403,-0.6805351142782236,0.09329604780109033,-0.17167228925951528
Liu2024,14,0,left_hand,mid,7,1.2486064912826556,2.883596228637024,1.7255569652746499,-0.2497246948872617,0.24891719969632034,-0.059389081009785016,0.16036458014452257,-0.6157461385379013
Liu2024,14,0,left_hand,late,7,-0.09700345186688877,4.210323269031016,1.6649037954745738,-0.7562175728806276,0.8027576274072824,0.037909841456903015,0.8898881288861749,-0.9045245365606027
Liu2024,14,0,right_hand,early,6,0.4324817892619346,0.5967977608379824,-1.1901993663868273,1.0313805230101873,0.9276411760579203,0.07879638037513592,-0.4669540744262546,0.8580471632316294
Liu2024,14,0,right_hand,mid,7,2.9470432740571604,1.7615306429682558,1.702643326153871,-0.5460755085453777,0.6209648736644428,3.0219933560552343,0.2676309297591823,-0.6939097706532064
Liu2024,14,0,right_hand,late,7,-0.23484343520683598,0.48346391651033027,1.827418546614491,1.403798108330338,-0.39179148949036896,1.8559144130524903,-0.7722467491744871,-0.13869821395487864
Liu2024,15,0,left_hand,early,6,0.8127188899101192,4.207295631200727,-2.450376601857364,0.6720959681332767,-1.0881296885606118,-0.5187760353426196,0.5018724447626244,-0.12874593771887283
Liu2024,15,0,left_hand,mid,7,3.75717393236041,3.172941580290779,1.0553850020651672,-1.5677422692550127,1.897150986957657,0.14033290084007713,-0.5614038117992889,-0.8356829918296106
Liu2024,15,0,left_hand,late,7,-1.392783198979567,0.20361774970099264,-1.1994510185275669,-1.8801959210661234,0.033676286042075274,0.3361747335843809,-0.07458129328989464,-0.6966439409590615
Liu2024,15,0,right_hand,early,6,0.028333939515713353,3.5944079876116546,2.618585076029365,0.5976822102084727,0.9587541087890884,0.19340294399933122,-0.9785910038431014,0.5110439300481987
Liu2024,15,0,right_hand,mid,7,-3.5098630454887965,7.77751262224148,-2.2680885083510196,0.05439122285620795,1.7633778118381223,0.19653269433371953,0.2149160520933303,-0.5664723915892119
Liu2024,15,0,right_hand,late,7,0.4110697835045965,4.196582129942253,-0.5842341729758794,-1.0953716088465837,0.3775411069213602,-1.481000552050242,-0.1739814137618971,-0.14967905221791494
Liu2024,16,0,left_hand,early,6,-1.5837529077676924,0.6090192758105122,-2.757808834470159,1.9521398064739872,0.2731868256581091,-0.6851140503089054,0.2704224876685276,-0.4804337485018181
Liu2024,16,0,left_hand,mid,7,2.7218342802434785,-0.7945927839577477,-1.4519200131602452,0.5432029480165739,0.11879588245894857,0.3292164902415412,-0.30426186541220906,-0.24527933284279066
Liu2024,16,0,left_hand,late,7,-1.8965637662903432,-0.27703054651584935,1.460369972023641,0.9177083992198557,1.4108102472338788,2.670353825182548,-0.12993816031822542,0.4884657278357534
Liu2024,16,0,right_hand,early,6,-2.437892073790271,2.985494604966199,0.26908601965615525,4.353087138997897,1.1371652792611993,0.7153696877724564,0.801190840585219,0.7177169650556958
Liu2024,16,0,right_hand,mid,7,-1.4546812666449411,-0.4012698502976569,-1.0045394076254868,-0.5128469411288571,-0.8659653950044309,-0.5030579337124568,0.1830424832261127,0.009635751987044435
Liu2024,16,0,right_hand,late,7,0.51258632218131,2.382021781644709,1.098364640652945,0.7532991401820514,0.26319107913015355,3.412675581447129,-0.3636226874597323,-0.6383563557066136
Liu2024,17,0,left_hand,early,6,-1.013870146229438,-3.568099332307835,2.7378075210848465,-0.9356463942457864,-1.0096516768981003,1.169019627253701,0.45951105817934634,0.1108837367183064
Liu2024,17,0,left_hand,mid,7,-0.7658176540414695,-0.93066159876219,2.7459214382305097,0.4665834545773171,2.131634016710471,0.592639527591607,0.5638527613131926,0.11900806075428089
Liu2024,17,0,left_hand,late,7,0.14524769360970627,-0.7287857825164424,0.20281034384175264,-0.23447792055868785,0.640898007434569,-0.8849420091037177,0.1653823329394432,0.581072456643859
Liu2024,17,0,right_hand,early,6,1.4658179477178237,0.050288683955230416,-0.7126921488566481,-1.6569845360216935,0.5101352513509152,-2.7335324725201198,0.34570682047579404,-0.24519844346439995
Liu2024,17,0,right_hand,mid,7,3.298220647211483,2.49242501886571,0.4228282159841749,1.9540613322507174,0.7813504460546653,-0.5757495179560438,0.7727370795012631,0.5448280112254338
Liu2024,17,0,right_hand,late,7,0.34221352762587326,1.7558477859777404,-0.8444895571512447,-0.1945625032636547,-1.07728162430886,-2.2597424727144784,-0.423253327617082,-0.8414520565553479
Liu2024,18,0,left_hand,early,6,-0.3861665452451664,0.06015831577704933,-3.6166396437418764,-0.36830142322575754,-0.34182150960104707,-1.3084619144309637,0.8070520894528294,0.5606995752418356
Liu2024,18,0,left_hand,mid,7,0.3806268747763765,-1.119497996684944,0.3703758787842025,-0.4395311882795884,-1.0865115237259064,0.2500288037575293,-0.013649744882522807,-0.27481638539124903
Liu2024,18,0,left_hand,late,7,-0.8540246081990703,-2.156604706669962,-0.9773923582016498,-1.6227239277610204,-1.3931835048337378,0.4359906201760801,0.06736191280625398,-0.576443834223684
Liu2024,18,0,right_hand,early,6,-4.237108270250029,1.1884566857200392,-2.1409142636971885,-0.08288472215443088,-0.8313455675968049,-1.4053211625343414,0.32865892138131914,-0.8886112156830175
Liu2024,18,0,right_hand,mid,7,1.8715424125830933,1.7949585371546146,-0.7751946985569175,1.653766645547302,-0.5122829943420154,-0.10799719007935728,0.41422614637913674,0.877398788764508
Liu2024,18,0,right_hand,late,7,-5.929895766641181,-3.037957313513018,-2.2739785587956303,-1.0229093525312956,-1.2716939426035043,-2.1503689232924237,0.44563300982196524,-0.35529804598320713
Liu2024,19,0,left_hand,early,6,-1.134558311623907,-1.6288841373191278,2.1159900331833295,-0.6921675757001893,-1.3224340904132716,0.5248754802286346,0.3019280495019443,-0.13745782834599926
Liu2024,19,0,left_hand,mid,7,-2.2770513016554674,-1.7685932915017273,-3.1978641374582453,-0.4605366658087622,0.42168333338927205,0.030658160331023483,0.16818759048301216,-0.8751690421010311
Liu2024,19,0,left_hand,late,7,-1.0577770340223656,-0.7028080329847493,-1.3280018782799572,-0.11501867397501894,-0.594959128906013,1.6906540369133902,0.1132648305608584,0.8726029658847437
Liu2024,19,0,right_hand,early,6,-0.7165859178799144,-3.7723282078897635,-1.253470769332422,-1.3354700915516935,-2.4925037882434937,-2.4040917746442587,-0.27252253954794003,-0.28576119912668124
Liu2024,19,0,right_hand,mid,7,-1.6941336973210306,0.43173196000088954,-1.651407476199492,1.8233423469052903,-0.6397220050260936,0.6266334446556723,0.012771094093747994,0.4884574396088845
Liu2024,19,0,right_hand,late,7,-1.5746900668374733,-1.1621467720112995,-3.214990661157287,1.7434779409931735,-1.3631519647575134,-0.46279320491931725,-0.34246553945288527,0.5804747700420015
Liu2024,20,0,left_hand,early,6,-2.700164701323771,1.2842098077992583,-0.7151616896490278,-0.14532362586352363,-0.06395409788734645,0.5491874948548091,-0.5812044836831387,0.5815081385213373
Liu2024,20,0,left_hand,mid,7,-0.9103455889487558,0.8550807799720455,-1.3965711006878254,1.1340550493887025,1.0273308690282,0.9009669419953557,0.21076856131101415,-0.11453837274496434
Liu2024,20,0,left_hand,late,7,-1.2865979990361482,-0.36320181678429375,-0.055327329232546116,-2.843572214520908,-1.0295736657237247,-0.9631837100990973,-0.9175403756572247,-0.4939608794618251
Liu2024,20,0,right_hand,early,6,-0.9343858235749862,-1.1772128397055959,1.9587090934260891,-0.5531221630238966,-1.2590097747914644,-0.21599728581076302,-0.3540579549712444,0.43832577335540307
Liu2024,20,0,right_hand,mid,7,1.4046440714774342,1.6326150941186017,-1.595019184548505,-1.6850902230145395,-0.3243132260102402,-1.9700031087076737,-0.06346549489801287,-0.07794955144384466
Liu2024,20,0,right_hand,late,7,0.33259501153669724,2.667942961602828,0.3263678327888146,-0.15611293669893023,-0.7627458565898438,-0.31415338599530873,0.009449969450487816,-0.3360658453935991
Liu2024,21,0,left_hand,early,6,0.11493290074635316,2.2657822969291046,2.3191892924831166,-1.1607243376897427,-1.518270416395202,-1.681171981283932,0.9055652168440518,0.18313393072064796
Liu2024,21,0,left_hand,mid,7,-2.027590156446434,2.591280480773066,0.35298016765376083,-2.125029000626756,-0.5442169265298841,0.6560638676004332,-0.703449073459168,-0.5281970802948109
Liu2024,21,0,left_hand,late,7,2.594104693043107,2.1846863394961527,-2.905553917969525,-2.3661260296802937,-2.784414731385385,-2.703626754635123,0.05663064691011284,0.06657143638225804
Liu2024,21,0,right_hand,early,6,-2.542135545113021,-2.749368452181488,-1.6511274999757297,-2.0695363547587835,-1.1297751493477286,-2.549792172633461,0.21248560740325154,-0.10396658627477981
Liu2024,21,0,right_hand,mid,7,-0.17588027420602437,1.1839491704084868,0.4495034050866185,0.36796084005045554,-1.9909678654378529,-1.731754854099291,-0.43752841645960927,-0.6495136545622129
Liu2024,21,0,right_hand,late,7,-2.6698833987242145,-1.7803895168260084,-2.899270913462163,-0.9268619824796139,-1.367102701843134,-1.1605185180035122,-0.0411889313671924,-0.11193768240616328
Liu2024,22,0,left_hand,early,6,-0.1496914053580717,-0.3204582565799378,-1.6494990152101803,-0.46526796956088873,0.014024451790934181,-0.7189274372625931,0.8336013757667812,0.21420406314708437
Liu2024,22,0,left_hand,mid,7,-2.1569612665875995,-2.314104225440095,0.2801774362479922,0.5508975717039623,0.8160710809773795,-1.1471494371088882,-0.7700767412851736,0.3511397872440419
Liu2024,22,0,left_hand,late,7,1.2533930975895833,-2.370643725675077,-0.9458004996097361,-1.5491185083566599,0.26490823489414855,-0.31208968250356606,-0.13986608471922043,-0.6646375359445176
Liu2024,22,0,right_hand,early,6,-1.195353093892744,-0.7607766480949234,0.20028088763446053,-1.7074066513693176,-0.8725305648934136,0.07270289380623218,0.7129893793280978,0.9183163822661684
Liu2024,22,0,right_hand,mid,7,-3.609293246128767,-1.5727450812111974,-2.4092343163376553,-0.006996926322179441,-0.03535898422933401,-0.9207419567449787,0.199394107169183,-0.9849161731821627
Liu2024,22,0,right_hand,late,7,-0.8685940281493226,-1.3958536383283757,1.4434073695002336,-1.1993315526013428,-2.158944370688244,-0.4668707078356517,-0.248621537138897,0.4395989983674543
Liu2024,23,0,left_hand,early,6,-0.5856970552388795,-1.2263107705417144,-0.6728787814787963,-0.38354484026389996,0.6936358399702914,-0.3416583470907078,0.06927014145391817,-0.05775828609632216
Liu2024,23,0,left_hand,mid,7,-0.5678332671940458,0.1739204723274846,0.5955191739653996,0.29076061262731095,-0.4125338692700655,0.2427844682266041,0.023798382838962212,-0.08991957028996159
Liu2024,23,0,left_hand,late,7,-0.1293618545119514,0.3475131627235424,-2.2306525463085096,-0.12787544736545362,-2.077708669493306,-2.6282201913427463,0.8903719786904872,0.9072053628549773
Liu2024,23,0,right_hand,early,6,-1.6338180693049325,-0.08203343438096515,-0.34727337545807807,0.6417103293327485,2.1765274683795153,0.5986824146988955,0.6494120689117195,0.03468894415973408
Liu2024,23,0,right_hand,mid,7,2.6929095398106315,1.1922251133902315,-0.4212409943190938,2.4052491531616567,0.18513040409706738,0.9427603903803802,0.7294665176249657,0.4368233554179275
Liu2024,23,0,right_hand,late,7,-0.7192223359896682,-0.7186544008632233,-0.22347487904808908,-1.2939281212456402,-0.2685100272011582,-0.48115502611590205,0.5258819576779202,0.4578788865962883
Liu2024,24,0,left_hand,early,6,3.635820047183326,-1.7666452933042438,0.5292993303519754,0.2156449921075506,-0.21560786932206819,0.8821539810139623,-0.7458419399901153,0.6071320936029309
Liu2024,24,0,left_hand,mid,7,-3.708940392252174,1.9670158406612193,-3.316190742263969,-0.8109260217330132,0.6698905947817225,-0.22099217346633176,-0.055906379890694455,-0.5716866424210288
Liu2024,24,0,left_hand,late,7,1.9980970722550968,2.376438252252297,3.9569034069742535,2.2773490782094217,-0.7746683753423991,0.26640831562024664,0.3289347064792596,-0.7905395252971318
Liu2024,24,0,right_hand,early,6,2.584940960411543,-1.4514316252349404,1.372907362139243,2.800839662772668,-0.7481337711934909,0.6907895657679183,0.30623548440864934,0.6043167698784265
Liu2024,24,0,right_hand,mid,7,-0.7189780113593984,-0.5093052174276289,0.5148769682316993,0.21522813719485234,-2.229926995041458,-0.5648316437757585,0.16541736792709524,-0.44817527465126117
Liu2024,24,0,right_hand,late,7,1.5769739943638734,-3.8448898594184517,-0.6092554569032514,0.5894275966479755,-0.8792143043404873,0.8827207163335152,0.4426427138742177,-0.19922796983107183
Liu2024,25,0,left_hand,early,6,2.477047374135284,0.6218108209898071,-0.24295403267730067,0.5738240670657511,-0.19964685116279213,0.8315948852213889,-0.8213574213095687,0.18341208344753623
Liu2024,25,0,left_hand,mid,7,-1.1188183719331537,-0.5873628348187268,2.0036617599337836,-0.3661090935733755,-0.7442854684994028,-1.639397354467065,0.28337838853487923,0.6348961192011155
Liu2024,25,0,left_hand,late,7,1.9425949307041184,1.035918838732386,-1.6489997230493465,1.2822065338151607,-0.9914993388394872,-0.622404520710677,-0.0817450842755723,-0.3464234923642952
Liu2024,25,0,right_hand,early,6,-0.8997370219507079,-4.23771032789259,0.6802011934087484,-0.7452200809751152,-1.7650875097563488,-2.227371859361468,0.13895216053876658,-0.49860586590251277
Liu2024,25,0,right_hand,mid,7,1.792790084504009,0.11097371469941449,-0.8502926888199165,2.9004267912924,2.494481986451524,3.03428816726501,0.3565901927841682,-0.022555653794221735
Liu2024,25,0,right_hand,late,7,2.3445632624828017,-0.9556778240628534,-1.3924264621376738,-3.640820090949652,-3.6399886539309,-2.8471135766437254,0.2547871068716481,0.1223357936395707
Liu2024,26,0,left_hand,early,6,3.5353373446686933,2.2240918714872633,0.9572077291029926,0.8129807604090732,1.238391711792102,0.44179575631541157,-0.5738683915754794,-0.2958176210235563
Liu2024,26,0,left_hand,mid,7,-0.16828919897733968,0.6386161403902725,0.6849712719143326,-1.413260072587495,1.5126397467408452,0.07998874409040542,0.605538508536615,-0.8928661543916571
Liu2024,26,0,left_hand,late,7,-1.7563840132812476,0.05647143089539597,0.22622338696597843,-0.5524846157595774,-0.02806860575908405,0.11690348066130782,-0.77179204825144,-0.6507153883184578
Liu2024,26,0,right_hand,early,6,-1.7471396653895763,-0.35833449862827393,1.8584513754397853,0.670805466046296,0.20050977855860674,0.7473034491740247,-0.030871973218738913,-0.053943658562955875
Liu2024,26,0,right_hand,mid,7,1.1408425539678253,2.5040451505910646,-0.21170770673929187,0.551661510176844,0.5451241553864506,-0.5063332124199422,0.686950329478166,0.042843595330651615
Liu2024,26,0,right_hand,late,7,-0.6079570262127854,0.09018120517717325,0.9539216977202172,-0.8277968653967225,0.11853750031030375,1.2217679912914388,-0.22150546403260443,-0.19222183899626577
Liu2024,27,0,left_hand,early,6,2.488894023864814,4.225009513149613,1.9131852705477348,-0.5776345549403715,-0.05337697402134129,1.6479920068383664,-0.13078109566263654,0.4809241003317992
Liu2024,27,0,left_hand,mid,7,1.4949447102007034,4.34764880354442,1.7989482189842199,2.8523248124059735,0.20210997052787483,1.5550362655819114,0.09229307549433381,-0.29434587361204356
Liu2024,27,0,left_hand,late,7,2.7074747362087925,3.2387324114853504,0.7526275684531643,2.4135773759452794,3.5186465381903482,4.007682679012798,-0.5649680256915444,0.2482542817802021
Liu2024,27,0,right_hand,early,6,2.433352109978461,7.4013136288295795,2.226678330952016,2.7989698205607785,1.6487260100596808,0.4525367019103172,0.04435030664417249,0.721644905964146
Liu2024,27,0,right_hand,mid,7,3.5947087054751115,5.701068422066226,3.69483393427364,2.3012909945502,1.7496447073592318,1.9493018102512918,-0.013735461022281556,0.08280943399266551
Liu2024,27,0,right_hand,late,7,1.8420968828888828,0.7600132107399008,1.3798331710875014,2.193608056537222,1.4111404697065395,1.6003409343245283,0.14347416115718375,0.15637192899579283
Liu2024,28,0,left_hand,early,6,-2.0805715265502713,-0.2982336694284951,-0.8562861480863999,2.4315049916850655,-0.06958407048215397,0.970451712073956,-0.4168691554367993,-0.4294743898406191
Liu2024,28,0,left_hand,mid,7,0.8038268291809463,-1.6083216594582248,-1.4155317343436675,2.2097036795723675,0.302090237803643,0.024863392075448916,0.275622387123989,-0.9777465689968178
Liu2024,28,0,left_hand,late,7,-1.0004583139360008,0.5008235555582994,0.15629906865512563,-0.24335798327926458,-0.1486025056903444,1.0372699325335102,-0.7297634387169122,0.6199395932661473
Liu2024,28,0,right_hand,early,6,-3.1243405698272237,-1.1003197696376752,-0.9953665896464994,-1.2123934930416247,-1.0980688987080247,-0.8406379995843095,0.5167779887667289,0.18107637159614173
Liu2024,28,0,right_hand,mid,7,-1.315476114096807,-1.7805760960936021,-0.04657089599516695,-0.4180002877913503,-1.2940938569722757,-1.9303831848448454,0.9316163162503147,-0.6440101945342676
Liu2024,28,0,right_hand,late,7,-0.731986037951411,-1.6495667344735006,-2.4722844415423233,0.7822629119333883,-0.39823882041460834,0.29440867353899886,-0.5431184460638525,0.453113321626617
Liu2024,29,0,left_hand,early,6,0.5854523220926788,0.313525276259133,2.569477232233869,-0.5990141243963775,0.0961632396800327,1.9861960708304578,0.628865043094346,0.5365838139565144
Liu2024,29,0,left_hand,mid,7,3.2267620231495653,5.56526032757811,5.434277833786739,0.10942255932941809,2.7069444619627774,3.4656030194834697,0.25487884215995804,0.9387850201811687
Liu2024,29,0,left_hand,late,7,0.8084485712619903,-0.6680804665000417,-0.19023016121108086,-2.0793863030733615,0.5670452974307726,1.2969113770409337,-0.6190363226420058,-0.23175531311739644
Liu2024,29,0,right_hand,early,6,0.1303395109912658,1.3233438252413043,2.782866562379882,-0.8602971111916952,-0.3343021638614012,0.5540007598591477,-0.9105181660970261,0.21657131612944103
Liu2024,29,0,right_hand,mid,7,1.8082312146813506,4.90873023007332,0.20526965639450978,1.0392281940902284,1.0416430672094272,1.395613488845865,0.7961067121020619,-0.14636898047756583
Liu2024,29,0,right_hand,late,7,1.5335778341624027,1.8247319942600548,2.0567189740302116,1.4615756634880017,1.0762939207101627,0.21315492828237906,-0.1457097192282447,0.745445710098303
Liu2024,30,0,left_hand,early,6,-1.4882610421366216,0.13397893591339102,-2.0217506657928,-0.27539697058298435,-1.2653140723366394,0.6183513712597151,0.15199083879150002,0.3837259154737442
Liu2024,30,0,left_hand,mid,7,-1.366315109171056,-1.7501881886026263,-0.14948079728577932,-1.177053806544434,0.051152990876230424,1.3515044592648915,-0.8027692294865872,0.06899214270809786
Liu2024,30,0,left_hand,late,7,1.0715850324349978,-0.8010396395992282,-2.2989775382094995,-0.6060315318767797,-3.425399167368713,-1.2148342363530193,0.3641506365923382,0.33434793223011855
Liu2024,30,0,right_hand,early,6,-0.16483104876725418,-1.46310906755114,-2.8644444113538388,-2.6471049540509943,-2.4020097670321743,-1.686151739703557,-0.8911746053225116,0.22176235618177034
Liu2024,30,0,right_hand,mid,7,0.03493227580028473,1.0139563820422148,-2.2474842617805937,-1.4684748237815555,-1.343513642999142,-1.7978998072188617,-0.9693900957821578,-0.10085339884494839
Liu2024,30,0,right_hand,late,7,0.2061702489116577,1.2188838989167363,1.4473208081869444,-0.011089823033389123,0.19994088927299414,-0.12560710279086987,-0.7506242951523103,-0.8377458312757307
Liu2024,31,0,left_hand,early,6,-1.8867063983650336,1.3017404717646135,-2.6050044566647057,0.5994478159424806,0.5184087808656771,-1.3236417036994008,0.15991636182354316,0.37657835496486913
Liu2024,31,0,left_hand,mid,7,0.5969641783930835,1.069215168229883,-0.022250325893277294,0.807869929233539,0.10261475993820438,-0.22447460703291533,-0.9281337057215074,-0.5651168788188808
Liu2024,31,0,left_hand,late,7,-1.7309579954668475,-0.8767849842562647,-2.2221129496338587,1.3959065585868655,-0.0683331823766155,0.35370354272274085,0.12424643043043056,-0.5956772969497729
Liu2024,31,0,right_hand,early,6,-3.1443805636328714,0.05599120587835708,0.8381150910815128,0.7560457831881854,-0.0744374656627204,0.06762460346382837,0.5791005621867424,0.8357969290635707
Liu2024,31,0,right_hand,mid,7,-1.8925425757274006,-0.4620917477163747,0.2863641377859623,0.9312504320164398,-0.32765839313196604,-0.0416666209615861,0.7371487856639659,0.9143470230395331
Liu2024,31,0,right_hand,late,7,-1.0225801121103437,-0.03548619099562369,1.5288816663558038,0.7718570904497766,-0.32722825172075737,-0.3056148664048012,-0.19843587645268645,0.4327186624940646
Liu2024,32,0,left_hand,early,6,-1.476435476949704,-3.674207960123867,-0.5053816277793529,-0.8157297457983042,0.41881411329158774,-0.34887510499884183,-0.4899815663378827,-0.4008695657414708
Liu2024,32,0,left_hand,mid,7,1.8721679613681315,-0.2928770703264135,4.712575329069827,-0.32426530719207036,-0.8024251277403778,0.7426618180849273,0.43136189862198515,0.3921509735580413
Liu2024,32,0,left_hand,late,7,2.583803547464053,-1.296034710896335,1.5557975588287454,1.5858588148474733,1.956101235333925,0.5404864537000259,-0.24833455259072865,-0.49162870047983254
Liu2024,32,0,right_hand,early,6,1.3428981139500642,-1.6917125861720343,0.9374936347073671,-0.2596368289783353,-0.24125334103324883,0.11927426756329733,0.17777843630655865,0.3704366609902534
Liu2024,32,0,right_hand,mid,7,1.9709184497303072,1.980327361111869,1.0994674961612094,1.7361315993802535,1.2764352585238723,1.3049389044857425,0.28382456437933684,0.14178977249832003
Liu2024,32,0,right_hand,late,7,2.5163384711167858,0.07602062218052448,1.9662514363004104,-0.38151359497246556,2.1589044188989575,0.6670986727206734,0.12271634170820848,-0.27234573402089945
Liu2024,33,0,left_hand,early,6,2.22243212560481,0.23098036664076518,-1.6657353699200967,-0.10852939622159842,1.975774769816941,-0.0896251039301897,-0.1431771538457241,-0.09540178132178609
Liu2024,33,0,left_hand,mid,7,-0.6187311459368475,-1.7821611773728958,-2.0803865237318853,0.8542941085645219,-0.08464986798339666,-1.543159272573104,0.5415308099459144,0.2873320371642454
Liu2024,33,0,left_hand,late,7,-1.5055127296068302,-0.7207173426805716,-4.018393465491596,0.06671076149650032,-1.16895501824245,-0.2796036051276361,0.45491010294753753,0.6147387002924822
Liu2024,33,0,right_hand,early,6,0.9145946724494944,-1.3659413268681446,0.7330851563467883,-1.7285594328135863,-1.2083370449905526,-1.2560452369214132,0.11016067134554196,0.1583171803903018
Liu2024,33,0,right_hand,mid,7,-3.2961628705179797,-1.6212689848292239,-1.4570468769942344,-0.3796561931644598,-2.3919406506798815,-1.5399537272646762,0.3869208579500035,-0.604444435169843
Liu2024,33,0,right_hand,late,7,-0.20386581927562772,0.826995428807359,-0.2546539658112645,0.5342224162492285,1.6620454076165598,-0.8579562819005379,-0.11076544172682126,-0.2325375801838932
Liu2024,34,0,left_hand,early,6,-0.4617023775966261,-1.6131062130135803,0.7891330383756795,-2.1009865146763227,1.7580907079456312,1.1482954400762566,0.26176957943306506,-0.2932004940988909
Liu2024,34,0,left_hand,mid,7,-1.1058707390640323,1.5426117813120777,0.7123787587442202,1.1220035470538419,1.13347194238291,1.8526003510123492,-0.21641253348021475,0.24561145920418948
Liu2024,34,0,left_hand,late,7,1.8079456380665382,-1.926056821720281,1.5307522720971356,1.6210142904243316,0.9454711398112287,-0.14904872843311473,-0.08302439257099893,-0.831589353774168
Liu2024,34,0,right_hand,early,6,-3.447286881467974,-5.193467111552406,-1.8581162253798127,-1.2175896879095267,-1.1731006407366957,-1.1838208655224647,0.2995381546101535,0.014062077947813254
Liu2024,34,0,right_hand,mid,7,-1.1511495453520542,-1.2365233986498312,-1.2673386938801066,-0.30343201497133343,1.0199432032643776,2.015574111955103,-0.04804205645628485,-0.7383085698238356
Liu2024,34,0,right_hand,late,7,1.4448897636747116,1.3067964525243432,1.8838929083766094,1.018647137970666,0.3618067107783838,0.7495879446004149,-0.1318809871211471,0.15216256934515116
Liu2024,35,0,left_hand,early,6,2.250371254207718,0.6713371535782827,0.9754745406223378,1.6785903460650016,-0.3314430922669229,-0.7900472633759645,-0.39521316103473086,-0.359932571427627
Liu2024,35,0,left_hand,mid,7,1.3146344281141324,-0.26650392468992207,0.39667890502633085,-0.49593350110592993,1.2829412555494752,2.180295688302818,-0.5364041203391107,0.6293789014269774
Liu2024,35,0,left_hand,late,7,0.7231969798894781,-0.9535123106654633,-1.2044979881400955,0.449957465264528,0.2929033810372471,3.4958388641427875,0.2496769542032822,0.771930719327262
Liu2024,35,0,right_hand,early,6,2.3543540085693127,-0.8432163298634586,2.93849305887873,-0.9559070863220721,1.4249164060850787,-0.6724422244739111,-0.11036386331696173,0.1740811139039911
Liu2024,35,0,right_hand,mid,7,3.027769463605393,0.9005589950631873,3.95632066722048,2.5232624329682105,0.5887983895714953,1.215223131866941,-0.1329523511612078,0.3498848072077409
Liu2024,35,0,right_hand,late,7,2.4899891333682307,3.698051038632084,2.337919892331901,1.2746684821866883,1.4361571460108695,1.129546481352966,0.03149795081614589,0.060361491395121904
Liu2024,36,0,left_hand,early,6,1.2920922505511858,1.8818738974277391,-0.8451354813381634,-1.1267751908834078,-1.2618709642122463,-1.172002492696753,-0.20912922031846568,0.01967450012082388
Liu2024,36,0,left_hand,mid,7,-1.4136337457847095,0.0891957966011737,-2.206223377682034,-0.08472390537492196,2.257131161569084,-0.10987074922990121,0.21895605402741977,0.12922679662525516
Liu2024,36,0,left_hand,late,7,-1.4284519774995086,0.4011910187685685,0.5428695609434993,-0.7283656736488149,0.5790012674186888,-1.3615234881771978,-0.4492328619589179,0.3029623896298739
Liu2024,36,0,right_hand,early,6,-0.7510636483832128,0.7089474768223751,1.1732659133200551,-0.11510307825583259,-1.6635952976625827,0.06632070038034622,-0.21940226525603101,0.26888635129418686
Liu2024,36,0,right_hand,mid,7,2.1887157273191136,3.0955518167075438,-1.0355396122056262,0.7751592949034547,1.391786180963686,0.9943966825312326,0.3576565729696418,-0.12389401094030648
Liu2024,36,0,right_hand,late,7,-2.389263995174846,-5.163330051045044,0.24146491361718675,-1.781199687740509,1.250835764205307,-1.6055922461323995,0.8164273690001287,0.051850673155258334
Liu2024,37,0,left_hand,early,6,2.3449821506928803,2.8495128275867407,1.9945685497272976,0.20402428867874103,2.0343129720385598,1.4968945634668138,-0.08074882059372042,0.7601010907470594
Liu2024,37,0,left_hand,mid,7,0.916942136498199,1.6564851558338727,2.257617942558336,-0.25779392205888524,-0.48823598500179444,-0.8089069889197685,0.42231861192514575,0.5166519135670934
Liu2024,37,0,left_hand,late,7,0.448497731853564,1.9757335829896336,-0.41737980491838744,-0.025128763169836938,-0.7005282328208668,-1.1596970561890052,-0.03593802311951208,0.9575823504868671
Liu2024,37,0,right_hand,early,6,1.6712604788802963,2.3696494065938194,-1.312072927305902,0.05887252384043099,-1.3700792953504983,-1.2521757692855877,0.12039805904012874,-0.9101901521872128
Liu2024,37,0,right_hand,mid,7,-2.99309503621615,-0.006013961381960975,-1.671966818151322,-1.4970276043008022,-1.6298201125443643,-1.3426622874052137,0.28319629177649075,0.05435992054852498
Liu2024,37,0,right_hand,late,7,0.44653187798143457,2.3911884652946775,3.8540807909141597,1.104061962022293,0.3084069828705444,1.8831500118749045,-0.7923403420117326,-0.26080775541221213
Liu2024,38,0,left_hand,early,6,-0.04411628726310409,-2.232767775429494,0.44355859237931683,-1.2446670959618371,-0.9562590336262703,-0.003728230940315639,0.8190750063015279,-0.9940271629347297
Liu2024,38,0,left_hand,mid,7,-2.257374595963769,2.8948910233574314,-1.5004770461850434,-1.2736125834060608,0.8244516757310187,-0.8384827565123415,-0.20141762417898884,-0.20601808008843475
Liu2024,38,0,left_hand,late,7,-0.9219302734158309,2.7125481962142572,-5.241154968117253,-0.6948411051248102,0.3946264973420771,0.36765854080849536,0.7008218328044743,-0.3079366337378079
Liu2024,38,0,right_hand,early,6,-1.6989056312212163,-2.039091863719557,-0.35230797918511797,-0.9299054966857897,0.2621556315757919,-0.37163101251091984,0.6564882590503798,0.4289349397654848
Liu2024,38,0,right_hand,mid,7,-0.120610617879635,-1.5997361002082269,3.749164503990594,0.6494619378470607,1.1007209197487489,-0.4770251626400703,-0.9376653091814053,0.15307478898996976
Liu2024,38,0,right_hand,late,7,-0.802652931797314,-1.6145788720828755,1.512054719739931,0.22747327902884454,0.02252337479317168,-0.6352790246931842,-0.3064757605443127,-0.4726799846317549
Liu2024,39,0,left_hand,early,6,-0.24562146506182025,-0.4179553492093924,-2.9896263611557727,-0.7717549986382427,0.7346782017622132,0.0842091428664576,0.8481591035645746,-0.8032414238324836
Liu2024,39,0,left_hand,mid,7,0.15116556656424457,0.36858968219130545,-2.505088137837606,0.030342648120593476,-0.05613255914665719,-1.626484693063468,0.8861813792005346,0.9633725888433143
Liu2024,39,0,left_hand,late,7,0.9474201535026532,0.7695660136072772,2.3019622547101464,0.033216995079348374,0.7004501920413525,0.25997774870073004,0.4168614004260915,0.773413434012555
Liu2024,39,0,right_hand,early,6,-0.0420890649108856,-0.09972790271084708,1.4994650068092323,0.36920281556941514,0.6699690765943078,0.8137990817103549,-0.9453939817188233,-0.37582041682541484
Liu2024,39,0,right_hand,mid,7,-7.686648544133886,-1.9287269666390798,-4.056017068838397,-3.775747535677113,-2.9678874309288688,-1.4258032220364512,0.3091829057351919,0.4517776376892691
Liu2024,39,0,right_hand,late,7,4.315540470297509,7.3830563093841155,3.0058134682896074,1.3086273407655464,1.9046314751362305,-0.2936796286896004,0.17889136531222724,0.6334290066909413
Liu2024,40,0,left_hand,early,6,-1.0127643071527113,-1.8332793159619791,-0.624682265529448,0.871203480169313,-0.7825955625972142,-1.5516752516223977,-0.23700439947031657,0.2808525918050707
Liu2024,40,0,left_hand,mid,7,0.2041087586553075,0.3526945877663925,-2.255906372071855,0.8298717225018514,0.8289962560924472,1.5605882974039145,0.834058940446456,0.3056803162643434
Liu2024,40,0,left_hand,late,7,-0.4826205929439896,-1.220438218665965,0.45909698883312205,0.6600614157764105,-0.9381603493007349,-0.06925252316009305,-0.024979467906371955,-0.8100885792445485
Liu2024,40,0,right_hand,early,6,-0.646789665221439,-0.7269116926432186,1.0532691827556848,-1.3843005748874015,-0.995968082428401,-0.564815285209855,-0.23909732184736432,0.42043949590387925
Liu2024,40,0,right_hand,mid,7,0.3584570200649013,0.48505660206174045,0.44439498056102344,-0.956574947736627,0.5331920133110923,-0.8787633468765034,-0.10704084990648663,0.04239632610974614
Liu2024,40,0,right_hand,late,7,-1.2860498655435069,1.0650706748731715,-0.9602599189968014,0.9573465844007517,1.9412712904649123,0.16161455676391917,0.14503340046367474,0.7111346394107972
Liu2024,41,0,left_hand,early,6,0.31999998647335354,0.005395585530996098,-2.567375531723449,-1.186048128931849,-1.7176640973000064,-1.075932122437705,0.7783454320668364,-0.04868124132713909
Liu2024,41,0,left_hand,mid,7,0.9885619421052263,-3.504554842703261,-0.5102031534096843,0.6270813597582751,0.19121373481411294,-0.16144691252952034,-0.31916862097138626,-0.5905107826733806
Liu2024,41,0,left_hand,late,7,0.056883375270498575,-1.231043678813278,0.7956658652084165,0.7000960300767785,1.3493166917881791,-0.2298452995414457,0.866556973909109,-0.5056778482233801
Liu2024,41,0,right_hand,early,6,0.9913759222661023,3.9681380443513965,-1.3504504080952318,0.5860507901435693,-0.13799567317261055,0.8847147246635937,-0.1533309627506519,-0.20306699573329554
Liu2024,41,0,right_hand,mid,7,1.5841395758124912,-0.7583741476518286,-2.4924269014193405,1.059407595056242,1.3143053224368537,0.04101632130683708,-0.22280694566855597,0.9254535989323155
Liu2024,41,0,right_hand,late,7,1.8458861080433588,2.674683434987568,0.2444504489058065,2.2190043799896833,0.12046727941871684,0.708645821307987,0.7661137886211199,0.5158944733261628
Liu2024,42,0,left_hand,early,6,0.14024147276108442,0.08488260802786929,-2.386605317099972,-1.8802032349574969,0.3493612048947366,-0.7423997505245225,0.8889988318058683,-0.43384511141470117
Liu2024,42,0,left_hand,mid,7,-3.2875407753518595,-1.366048968256266,0.5290334246767842,-1.5399228937286318,1.3715498081307271,-0.6397803518332564,-0.7227705282539437,-0.41296563820243104
Liu2024,42,0,left_hand,late,7,-1.5289289391036902,-0.362044790957068,-0.8822419515376646,-0.3960206311019852,0.7106103064668001,2.5813897891425337,-0.2682045433096662,0.7339831765152066
Liu2024,42,0,right_hand,early,6,-1.5297603094910854,0.18952464184370363,2.0552620169646407,-2.813647413320361,0.20453731795677696,-1.3056084929864675,-0.14658254806270174,0.3660949828402249
Liu2024,42,0,right_hand,mid,7,-1.9419711260830883,0.2542884122584303,0.09781462144738169,-0.6867220646105228,-1.1341964417235684,-0.8965673576655868,0.9040932396298934,-0.1325375450013391
Liu2024,42,0,right_hand,late,7,-0.6529368570668899,0.4166101199321325,-1.614038244889531,1.1699208317294727,1.2596117431706146,0.7561596372020387,-0.42395762838030365,0.21482030538265467
Liu2024,43,0,left_hand,early,6,0.8028574569767527,-0.13140932208825484,-0.6511983688051486,1.797290093923684,-0.11935165007084188,1.5983649715976327,-0.10430073280718175,-0.05858225246312272
Liu2024,43,0,left_hand,mid,7,1.3315588416190332,3.2031499797984297,0.31099115084114654,0.2494033759187088,0.613345546422663,0.39110100284644084,-0.6213312809123698,0.22122819394445947
Liu2024,43,0,left_hand,late,7,-2.0248222535595803,-1.3239674034528282,1.7526687693962757,-1.0817009508725666,0.8490922720936673,-0.09379868498888198,-0.07204609686943657,-0.8404105248060875
Liu2024,43,0,right_hand,early,6,-2.714130407521776,-1.351008377887976,-3.0504832033485143,-0.7635782188214946,0.3749654983667723,-1.265004200957782,-0.05834784749362567,-0.24718048290630754
Liu2024,43,0,right_hand,mid,7,0.5622563281970324,0.6392690052310366,1.289336329132529,1.3076554875822688,0.23841199357682946,-0.5369377448286243,-0.3926781617205803,0.41782531195038175
Liu2024,43,0,right_hand,late,7,0.363112510174558,-1.0835207438850702,-0.3427527797071156,-0.5902905186841346,-0.6345330244366714,0.25172249628701043,0.02884364872347718,0.40209357382525324
Liu2024,44,0,left_hand,early,6,3.2550829147360454,0.7345693281172075,-0.29197591461338906,-1.327633553048621,0.2901391138283094,0.3088959813928933,-0.8353701313338859,-0.622498739079209
Liu2024,44,0,left_hand,mid,7,0.600324542049976,0.7664747635345474,-0.703026796327474,0.662851044582202,0.45171448508810114,0.5614917793855089,0.07879859501686834,-0.08278666988729477
Liu2024,44,0,left_hand,late,7,1.2534279009042293,1.0614860095944287,-0.20106357589845997,0.7667886303286696,0.8486691500148258,1.4534057261571334,-0.723527323322039,0.3092599050270824
Liu2024,44,0,right_hand,early,6,-0.49097927847383177,-2.1716623374434305,-0.8313697841596569,0.4858106242527283,0.18710340935527545,-0.26616059995029534,-0.25741350397143214,0.29209897564262377
Liu2024,44,0,right_hand,mid,7,2.2575174354729257,-0.8437138213854809,-1.419727169075617,1.5194414413697177,-0.4501620109604843,-0.0542796462612876,0.22783098664717863,0.9310174506932518
Liu2024,44,0,right_hand,late,7,0.5536099710345523,1.4403243772204555,-0.43330863880993903,0.3690415475857723,-0.14152056483282147,0.05509419070631053,0.12189590005154445,0.740204912096468
Liu2024,45,0,left_hand,early,6,-0.8377603218711215,0.2546905709132563,1.328277129368192,-1.3203109239546842,0.7917792488592498,-0.019828285415776803,0.22645813774661094,-0.9704086183328802
Liu2024,45,0,left_hand,mid,7,-2.9930623778017336,-0.6593809402895118,0.6086276521835801,-2.4456756697441224,-1.0398629307510237,-2.6467792639976073,-0.6620321864921498,0.0394905005287346
Liu2024,45,0,left_hand,late,7,-4.0217570405244,-0.7456839499039251,-1.703709567617881,-0.6436520185172947,-1.2219506102810807,0.403991990248052,-0.4048661238561736,-0.22876094003695316
Liu2024,45,0,right_hand,early,6,-1.2472568686898864,-0.8323156194063159,0.23234167631599925,-0.3608461340781537,2.431526757337171,-1.1430067973995952,0.6859395717842165,-0.5201044909044781
Liu2024,45,0,right_hand,mid,7,-0.23437765406275485,-3.2807564475379314,-0.6817175409318352,1.063887201863829,-0.14005137327059966,-0.5012489353757751,-0.48831157429192945,0.35948199846715356
Liu2024,45,0,right_hand,late,7,-1.7541747197292978,-3.7732595844661296,-1.5658093200645884,0.2515308977124084,-0.02984838004663721,-0.14437806626148136,0.05673683891456408,0.27065017769588506
Liu2024,46,0,left_hand,early,6,-1.9900635100807034,0.3074299069337953,-2.5700277848755007,1.8871570189227513,0.8016216854178414,0.8524093763093189,0.12718260168086554,-0.3777048968093283
Liu2024,46,0,left_hand,mid,7,-0.7348151549386283,2.369619257727641,1.3769326449989336,0.7420277019133092,2.4597635720964806,0.9249427876057081,0.30406921227965333,0.10972904849993875
Liu2024,46,0,left_hand,late,7,-0.7089954166972922,0.2965017643274945,0.65296691024396,0.8001458712822845,-0.2883254125177669,0.6963285965196306,-0.041138073605283286,-0.06937457136515339
Liu2024,46,0,right_hand,early,6,-0.7498363119413636,-1.5251133641491121,-2.282892711159229,0.4281037329408675,-0.3501303810762735,-0.6464910175013425,-0.5055039166178137,-0.20322757436755182
Liu2024,46,0,right_hand,mid,7,-0.6451088365334454,0.7577219714085163,-2.207761970174085,0.9989014006100477,-0.16531514848037257,0.8346376105464139,-0.5477475986527697,0.0895883802112442
Liu2024,46,0,right_hand,late,7,1.5470094183324814,-2.664958246692797,0.2430279290970018,0.9667551502825934,0.051170660206748576,-0.05896002616970713,0.7284660798323642,0.885036260507258
Liu2024,47,0,left_hand,early,6,-1.312953463807959,1.2615808243849231,-2.749133691490074,-1.5672700493040719,-0.9574001802175144,-0.7972196016989989,0.35355721646911425,-0.3256730040152216
Liu2024,47,0,left_hand,mid,7,-1.1064656687245933,1.5055176625575066,1.1641700355780629,0.5887400417796746,1.5606949639839176,0.007925222583685823,0.02541330903241099,-0.9734349456654161
Liu2024,47,0,left_hand,late,7,0.7150847388140259,-0.142900472914081,-2.864286147821642,-1.4774065821162872,-1.0507562861437352,1.4287453641181163,0.6004411046176048,-0.016744209834321587
Liu2024,47,0,right_hand,early,6,1.8141121617084144,-1.3379052169738832,-1.1265858034548961,1.0489672309223748,0.3714647922060557,0.36096195745846726,0.23379699867114262,0.4879715088769887
Liu2024,47,0,right_hand,mid,7,-0.22404227285429457,-0.01375936592579379,1.1909481135709685,-1.2166000574971136,0.008487649015631213,-2.3951907936663943,-0.6833303250627731,-0.32631754847864675
Liu2024,47,0,right_hand,late,7,1.89417509742972,0.3632118847691788,2.2212872112638644,-0.5527003024261424,-0.20859421590531874,-0.37784253423669945,-0.07948368598666213,0.18790942372575392
Liu2024,48,0,left_hand,early,6,2.277934011535044,-1.823312965389525,1.0756211364517954,-0.1509078163422625,0.7273023911863016,-0.7173299949372605,-0.3585188917513418,0.6523813766648345
Liu2024,48,0,left_hand,mid,7,0.49799329417246707,1.475614689599713,3.2898721374473974,1.3366757333030546,1.2432603299348417,-0.2367625881437831,0.7370586135318422,-0.6990506905589147
Liu2024,48,0,left_hand,late,7,-1.5511248335623133,-0.5259357468981098,-0.37989516179228533,-0.06224584150745903,-0.7118689261251878,-0.5886172127815998,-0.6065342019179618,0.80872829976361
Liu2024,48,0,right_hand,early,6,-1.051292089867347,0.7932918488521224,-1.2419312938875422,0.9854335982426291,-0.006720579237384163,-0.20156130919131365,-0.08313154547903023,0.6603838686603115
Liu2024,48,0,right_hand,mid,7,-0.790939432424078,-1.720207297243411,-1.3249282020964643,-1.1080296109503263,0.17433157781053343,-0.7718105216300941,-0.25237342873453833,0.1788551502295627
Liu2024,48,0,right_hand,late,7,2.3192830602909984,0.6135158601762113,-0.3343844527033172,1.800508091720763,-0.9847340341493235,0.5249268376858512,0.74798315835279,0.5485344861317638
Liu2024,49,0,left_hand,early,6,-1.3129444660911298,1.261586766437345,-2.749093903989674,-1.5672789290405404,-0.9573819679067554,-0.7971979969513008,0.35355388281819106,-0.3256876494010231
Liu2024,49,0,left_hand,mid,7,-1.1064773709111215,1.5055061781178776,1.1641941445410318,0.588742082669326,1.5606907111951664,0.007973685320423371,0.025418372158694753,-0.9732747624642613
Liu2024,49,0,left_hand,late,7,0.715071133341701,-0.14290075571764685,-2.864289772582926,-1.4774052001621139,-1.0507555393896026,1.4287386730106426,0.6004475926648796,-0.016746083220697535
Liu2024,49,0,right_hand,early,6,1.8141532520791142,-1.337899288142972,-1.1265885522840584,1.048956441266357,0.3714725731071029,0.36094244033084966,0.23380655138608816,0.48798818831325647
Liu2024,49,0,right_hand,mid,7,-0.2240428408716004,-0.013761690463300145,1.19096316112524,-1.2166007957793694,0.008487405993832067,-2.3951902230840405,-0.6833330168841211,-0.3263171709407373
Liu2024,49,0,right_hand,late,7,1.8941751809344516,0.36321184932396516,2.221288800051322,-0.5527002998769259,-0.20859428603787503,-0.37784258020000105,-0.07948401945156064,0.1879093628253537
Liu2024,50,0,left_hand,early,6,1.1007047076356706,0.2049238839655604,-0.7597875029727638,-1.7344529443187808,1.2349402317355032,-1.54839074162659,-0.1832403289403814,-0.05667714350481169
Liu2024,50,0,left_hand,mid,7,3.0686801808036064,0.5770485342787833,1.2875929749636288,1.545061248435826,0.8606030823365803,-1.0146491456144398,-0.4088557218874143,-0.2072156694188
Liu2024,50,0,left_hand,late,7,0.5660343099478634,0.9178512519191531,-1.0308342121190843,-0.47482503367338336,1.3127017074558758,-1.1832787446812933,0.2910696126501356,0.4272674124842192
Liu2024,50,0,right_hand,early,6,0.9827431629624654,-1.0468303474776184,1.5129423777384565,0.028450802356066358,-0.030939958681962604,-0.9962342034098869,-0.21244632231474272,-0.9444691740467123
Liu2024,50,0,right_hand,mid,7,4.0649338434798326,1.42777119618986,-3.0192432350980587,1.064864930540746,0.21407865288720135,0.1798296112135753,0.1476093266420283,0.7110461961854249
Liu2024,50,0,right_hand,late,7,-2.243276077532529,-0.8363546072697806,-2.9833973856594516,-0.5013760984348413,-0.1555194828577597,-2.4161554986739153,-0.14160465797970917,-0.656301169843919
