dataset,subject,session,LI_mu_early_T1,LI_mu_mid_T1,LI_mu_late_T1,ΔLI_mu_T1,LI_beta_early_T1,LI_beta_mid_T1,LI_beta_late_T1,ΔLI_beta_T1,mu_ERD_slope_contra_T1,mu_ERD_slope_bilateral_T1,mu_ERD_selectivity_T1,beta_ERD_slope_contra_T1,beta_ERD_slope_bilateral_T1,beta_ERD_selectivity_T1,LI_mu_early_T2,LI_mu_mid_T2,LI_mu_late_T2,ΔLI_mu_T2,LI_beta_early_T2,LI_beta_mid_T2,LI_beta_late_T2,ΔLI_beta_T2,mu_ERD_slope_contra_T2,mu_ERD_slope_bilateral_T2,mu_ERD_selectivity_T2,beta_ERD_slope_contra_T2,beta_ERD_slope_bilateral_T2,beta_ERD_selectivity_T2,μ_responder,β_responder,mu_ERD_CV_contra_mean_T1,beta_ERD_CV_contra_mean_T1,mu_onset_latency_mean_mean_T1,mu_onset_latency_SD_mean_T1,beta_onset_latency_mean_mean_T1,beta_onset_latency_SD_mean_T1,mu_ERD_CV_contra_mean_T2,beta_ERD_CV_contra_mean_T2,mu_onset_latency_mean_mean_T2,mu_onset_latency_SD_mean_T2,beta_onset_latency_mean_mean_T2,beta_onset_latency_SD_mean_T2
BNCI2014_004,1,0train,0.4085581117310793,0.6079007670031862,0.8822676964677149,0.4737095847366355,-0.1406984375298896,-0.8925586468490698,-0.672595840624252,-0.5318974030943624,-0.0226560541519713,-0.3253711022824638,0.3027150481304924,-0.1275977233429598,0.1567817084207425,-0.2843794317637024,0.2588356867864095,0.2446713451102836,0.4846026476194262,0.2257669608330167,-0.9852347595864404,-0.143321197587514,-0.0429415097387069,0.9422932498477334,0.3680476512004424,0.1696701441664496,0.1983775070339928,0.5698947568346915,0.2899936442504768,0.2799011125842146,True,True,1.4468118804972914,19.061933713771452,0.651875,0.18767562812387162,0.6136458333333333,0.20145361049533742,2.5638317233652024,100.03510864526014,0.7721874999999999,0.390541496953224,0.6979166666666666,0.2745682497953839
BNCI2014_004,1,1train,0.4351634387548928,0.2705692795027314,0.5256814428512949,0.0905180040964021,0.0941881463918072,-0.1772646271677972,-0.8815572543259411,-0.9757454007177484,-1.416212156500317,-1.0457491065711308,-0.3704630499291861,-0.4638031653252909,-0.2417326483913519,-0.2220705169339389,0.7750166835974851,0.1667322756459842,-0.30047132905604,-1.0754880126535251,0.380269184622819,-0.3753672108015276,0.411046384623435,0.030777200000616,-0.053341596436609,0.2943901993973874,-0.3477317958339965,-0.5036683791833274,-0.3678287441920189,-0.1358396349913084,True,True,1.1000604526526527,25.436444143296526,0.6389583333333332,0.21377509358880917,0.6536458333333334,0.20385406801438188,3.0199565756671354,4.300474175643402,0.7510416666666666,0.3508620047741911,0.8059375000000001,0.5210417492784448
BNCI2014_004,1,2train,0.6270854528828709,0.1767351028533587,0.2526681629046224,-0.3744172899782484,0.203316513849926,0.266802911123299,-0.4154918793594407,-0.6188083932093668,-0.3781259556088935,-0.1670553821858377,-0.2110705734230557,-0.2547648640294323,-0.0286261513628989,-0.2261387126665334,0.1069189686843518,0.2423279306922435,0.5382187641693863,0.4312997954850345,0.1059781582527771,-0.1114541530825902,-0.2063296163954076,-0.3123077746481847,-0.2660130057900769,-0.3968051719280314,0.1307921661379545,-0.4575549931477418,-0.3783969642780161,-0.0791580288697256,True,False,3.0710869385462085,4.959751794538827,0.7349744776828112,0.39311526027325533,0.727999614197531,0.3376234973281533,1.9148614807312676,4.905740620122123,0.6848776115859451,0.23216537085691613,0.6015135327635327,0.15433790033013964
BNCI2014_004,1,3test,0.0911093428737743,0.9880059146354564,0.4001206871260652,0.3090113442522908,0.4098934553434167,0.8080318345878917,0.0694393399240707,-0.340454115419346,-0.1736932669986349,-0.2696637520328145,0.0959704850341796,0.1291108323032941,0.1519613491387893,-0.0228505168354951,0.2963836170848063,0.5903175254290187,0.6992966010087764,0.40291298392397,-0.987894919509166,-0.7098075681383617,0.9011097824567722,1.8890047019659384,-0.2373788882029471,-0.2722204949751331,0.0348416067721859,0.6549087233417403,0.2784880314652097,0.3764206918765306,True,True,3.9315674064560273,5.559047565661491,0.7928537511870846,0.3368975320618454,0.6366393637226971,0.23861477980848111,3.0064219075624585,571.426877658177,0.8161769943019942,0.4020194472860769,0.618349358974359,0.19568870032050434
BNCI2014_004,1,4test,-0.2245201696855517,0.401907431589428,0.8942630463526174,1.1187832160381692,-0.8316723340357349,-0.7739138025800314,0.6129117604756962,1.444584094511431,0.4947657884815541,0.0974468652300838,0.3973189232514703,0.0871291977599544,-0.2483565311966927,0.3354857289566472,0.1371649888067617,-0.1827947297481276,0.8406173967145495,0.7034524079077877,0.2438039094920414,-0.2143642018836118,-0.0938704742368607,-0.3376743837289022,0.2057209231843564,-0.0347619421093182,0.2404828652936746,0.0274203468346655,0.0932089325847397,-0.0657885857500742,True,True,5.815431979130956,23.396253594539726,0.7638384377967711,0.3120563242042965,0.6519764957264956,0.23345524956872177,3.9803145106005675,9.475235116090683,0.7938152896486229,0.34809366513277146,0.6972251899335232,0.2565912995960728
BNCI2014_004,2,0train,-0.3336375784931727,-0.16032376694213,0.1874134360726194,0.5210510145657922,0.9951199268108198,-0.349711545647393,0.6145851305214662,-0.3805347962893536,0.4724427733033209,0.1721503065657184,0.3002924667376025,-0.452939480787732,-0.2006360904130383,-0.2523033903746937,0.3478242258667322,0.7294874814486252,0.4409529381657457,0.0931287122990134,0.1826409210835421,0.6579329137739951,-0.7071334943206704,-0.8897744154042126,0.4047654958191586,0.2278875845409989,0.1768779112781597,-0.3842817208073558,-0.0326341392530293,-0.3516475815543264,True,False,4.529801504033035,3.6707212830097276,0.7898958333333334,0.3021658447346977,0.7546875000000001,0.37203424421749504,1.3225112705753383,5.142306844540189,0.7624999999999998,0.3312435263230938,0.7263541666666667,0.3046978023253661
BNCI2014_004,2,1train,-0.1559626911112807,0.551362604239879,-0.5483562335374011,-0.3923935424261203,-0.0372211678654108,-0.3998409562166385,-0.3574789046907786,-0.3202577368253677,-0.3200830821328056,-0.1936239754242894,-0.1264591067085161,-0.0952876139302975,-0.0040266026874664,-0.091261011242831,0.5738280692385656,0.4675381041573771,-0.0475993201228968,-0.6214273893614624,-0.2945512866871032,-0.1775801792888386,-0.1192206320605923,0.1753306546265108,-1.2433354758398505,-0.7217647626826904,-0.5215707131571601,0.1936225468935702,0.1161141800853415,0.0775083668082286,False,True,5.676170411240011,4.341643530269849,0.9011622807017545,0.5415668561759076,0.6607401315789474,0.16015178249969017,4.775560773500286,2.8940973550547775,0.6853673245614035,0.26541189144905875,0.6819024122807017,0.24534713231552807
BNCI2014_004,2,2train,0.2324603246400565,0.3791624732060994,-0.8768057350011235,-1.10926605964118,0.9200259609874856,-0.3598096316060877,0.4295240449818279,-0.4905019160056577,-0.8065826560735954,-0.4981259355461814,-0.3084567205274139,0.0401920562503444,0.0676053683268969,-0.0274133120765524,-0.3461816529088514,-0.6114447751549932,0.2957845333197424,0.6419661862285938,-0.0043385432522669,-0.5577369407286472,-0.4557990458815921,-0.4514605026293251,0.0571677099242714,-0.1258530713051047,0.1830207812293762,-0.0575087800102865,0.1988280287426876,-0.2563368087529741,True,False,31.730863762502597,15.280101744625922,0.7867165242165243,0.32232670355912457,0.689568494776828,0.2592296538880701,21.959693803104233,9.894868859871584,0.7719788698955364,0.31620492420441165,0.7146388888888889,0.2471161728074299
BNCI2014_004,2,3test,0.3225245004326402,-0.5018644855362193,0.209997975538746,-0.1125265248938941,-0.9874429531661272,0.8551642462249781,0.0612256406473576,1.0486685938134848,0.301174997403772,0.295858819077087,0.005316178326685,0.0536359184039417,0.0211576287155855,0.0324782896883562,-0.8257013850048448,-0.4970888365587046,-0.2609161553068775,0.5647852296979672,0.0516819560757102,-0.1064866675175184,-0.0916441250294434,-0.1433260811051536,0.6340272138074898,0.4468356983627972,0.1871915154446926,0.2654337020938186,0.3411466994022692,-0.0757129973084506,True,True,8.850217510404713,829.2697575490614,0.738125,0.2679863147103177,0.6634375,0.25962279631129453,13.79581657630608,2.7523318208356176,0.775,0.3341383375368047,0.7205208333333334,0.2995361728762019
BNCI2014_004,2,4test,0.7593334119222268,0.5267248730034247,-0.5445536123718627,-1.3038870242940894,-0.2313166337808672,-0.4500102829818284,-0.2285829401541428,0.0027336936267244,-0.0311073371657213,0.2718698118816511,-0.3029771490473724,-0.1171580323278416,-0.1534729653037215,0.0363149329758799,-0.3785477315502895,0.0621111456537456,0.0384874826083113,0.4170352141586009,0.4147558273151334,0.4251789857216525,-0.2286604100456819,-0.6434162373608154,0.0017440093645517,-0.1207021565501013,0.1224461659146531,-0.2808831268608366,-0.0887259808711978,-0.1921571459896388,True,True,8.450334803483942,7.655331497473827,0.7948576685660019,0.2876422459317139,0.7258031813865147,0.28091186789965344,9.2979291478444,3.3072113120958284,0.8207932692307692,0.3674160437466631,0.6981125356125357,0.25843768293432073
BNCI2014_004,3,0train,-0.1686623210993096,-0.0610515424708898,0.9451942436111844,1.113856564710494,-0.2470025250697203,-0.4062320033052365,0.4338418061549043,0.6808443312246246,0.2472359954585274,-0.0960152423726563,0.3432512378311837,0.5547694623641133,0.2891801009001716,0.2655893614639416,-0.6058727009847538,-0.7003192852259137,-0.1799388774382854,0.4259338235464683,0.1882992806386338,0.0715675446852571,0.1082801775360034,-0.0800191031026304,0.0798408311774333,-0.0727389928460212,0.1525798240234546,-0.3743741879664389,-0.2851454786427441,-0.0892287093236948,True,True,10.428089501972057,7.602402681901547,0.7418092105263158,0.33788526460933027,0.6997916666666667,0.2689555318432448,18.266791034368584,2.9024203702950664,0.8099999999999999,0.41514844199455747,0.8760964912280702,0.5230655594198145
BNCI2014_004,3,1train,-0.6108775830140077,-0.4186523689699962,0.7932794992734565,1.4041570822874645,-0.7986692727295923,0.3802239852616713,-0.063835671955632,0.7348336007739603,0.9394818110476696,0.3893698890929484,0.5501119219547213,0.58169918060636,0.4068280792316628,0.1748711013746971,-0.2828180156777901,-0.3850934438618116,0.0833616014014525,0.3661796170792426,-0.9106813040088488,0.2425352588892263,-0.2188629983804704,0.6918183056283784,0.4082674857672719,0.3201672426022368,0.0881002431650351,0.3993836681945576,0.1998209569485157,0.1995627112460419,True,True,18.09530111809438,13.931789081795769,0.7704495614035088,0.3898958296765637,0.7052083333333333,0.27631942497315587,8.68151194958183,26.57971692066286,0.755953947368421,0.37175894344040233,0.7786896929824562,0.30199252747118926
BNCI2014_004,3,2train,0.7024352149739238,-0.5661725358600079,-0.8834446898819128,-1.5858799048558367,-0.6657627200873675,0.2766803022088225,-0.2122085829580671,0.4535541371293003,-0.4180866369125937,0.357016588714969,-0.7751032256275627,0.2151358073605296,0.2465954041061113,-0.0314595967455817,0.2291010712996779,0.2800980730138225,0.2329581495443285,0.0038570782446506,-0.8275172183019038,-0.5700462519454248,-0.9105180289643549,-0.0830008106624509,-0.2295111771550473,-0.1869548610058079,-0.0425563161492393,-0.0179383314948507,-0.019044254989808,0.0011059234949573,True,True,17.820165931184338,38.947685084429914,0.7958395061728395,0.42456784876646253,0.7228127967711301,0.2715389033309392,10.607187690642354,48.864655623001,0.9261153846153847,0.5416684598145389,0.7304368471035138,0.3233340378268667
BNCI2014_004,3,3test,-0.7117470475458904,0.7752033388313484,0.34684611319683,1.0585931607427204,-0.210602542965632,-0.6774818742383719,0.2975951820505054,0.5081977250161375,0.2417309065552625,-0.043994192984184,0.2857250995394466,0.2572363659977398,0.1547018333222127,0.1025345326755271,-0.2619224896600461,-0.1604077865553808,0.737002308902592,0.9989247985626382,0.5646072735972297,0.7128099594225831,0.1571192796298411,-0.4074879939673885,0.7993354866832574,0.3550199539241589,0.4443155327590984,0.3122696254767705,0.3296914895353273,-0.0174218640585567,True,True,15.30342079334212,11.673600524005352,0.9025524691358026,0.5499699852966146,0.647477445394112,0.1837774043282764,8.38334943128047,3.985278714871109,0.8230000000000001,0.35304575380735276,0.7364567901234569,0.320810842120452
BNCI2014_004,3,4test,0.6055004270644413,-0.9306765686808866,0.5606858126241445,-0.0448146144402967,0.2961848858505024,-0.4186373405265605,0.3508293476757259,0.0546444618252235,0.6408882354190907,0.414712828038541,0.2261754073805496,-0.1845869638537474,-0.1513737297672371,-0.0332132340865102,0.7021405996157376,-0.2443725885820844,-0.0508177350227409,-0.7529583346384786,0.8412930879383526,-0.0209523908791982,0.8210705425653704,-0.0202225453729821,-0.159543848055532,0.0500414650571769,-0.209585313112709,0.1626761503978325,0.0922457563803897,0.0704303940174427,False,True,29.39617986100133,8.599624170618194,0.8915185185185185,0.5348788372995518,0.6946574074074073,0.30916913392023354,12.379962965493183,4.889180086143977,0.843147554605888,0.4419192873715951,0.6920940170940172,0.27167647389129573
BNCI2014_004,4,0train,0.925763947447413,0.5233126674816811,0.141520701905433,-0.7842432455419799,0.4863337157566991,-0.4463801079126943,0.6534736931637872,0.1671399774070881,-0.6970863202432398,-0.1577758304157572,-0.5393104898274825,-0.0550366027944946,-0.0551721734992447,0.0001355707047501,-0.5345766206155265,-0.5740626791728074,-0.3661540806855171,0.1684225399300093,-0.3566732272184729,-0.7208172346573994,0.76655364206509,1.123226869283563,0.231817333288649,0.191172174261978,0.0406451590266709,-0.2710535201068919,-0.5280164833533361,0.2569629632464442,True,True,2.706528054197479,4.850656499734804,0.7400000000000001,0.29947313881705284,0.6272916666666667,0.15778095932519856,5.394659858986169,7.782423894000918,0.8686226851851849,0.4681845217231282,0.69125,0.261928429753761
BNCI2014_004,4,1train,-0.489176518331065,-0.3352162627677468,-0.0841581896551249,0.4050183286759402,-0.2813477132507871,0.5262910487276384,-0.9014830936051113,-0.620135380354324,0.2256423024254813,0.1089921841311095,0.1166501182943718,-0.0464592656911222,0.0602339410857321,-0.1066932067768544,0.7917952155678121,0.4952251515284028,0.2549031403689281,-0.5368920751988839,0.5331620153611555,-0.6112595078716557,-0.1966891297922403,-0.7298511451533958,-0.3865381325526715,0.2032876937996957,-0.5898258263523672,0.2059596036432614,0.4347795843334426,-0.2288199806901811,True,False,8.727076397263131,35.2841908749334,0.7044428661616161,0.2887462271142709,0.6632215497364954,0.2608151125304685,1.1339950413184183,4.956597526756013,0.6726864432367149,0.3303632971594764,0.6606242451690822,0.192332611374
BNCI2014_004,4,2train,0.4883518848577819,-0.2112713198794703,0.6947584786579113,0.2064065938001293,0.3151744000072174,0.2375965601133137,0.1031116540322006,-0.2120627459750168,-0.6888716987324978,-0.5171346949621412,-0.1717370037703566,-0.2896565854722505,-0.1936712001336092,-0.0959853853386413,0.5384912467476719,0.4317628593554746,0.2175299204481378,-0.320961326299534,0.546240057657997,0.1109066436106667,0.4478523945140032,-0.0983876631439937,-1.1622174483874244,-0.4355291727963453,-0.7266882755910791,-0.3780998366581579,-0.2089449883597268,-0.169154848298431,True,False,3.386450789400019,4.450215962841639,0.7494984567901234,0.3191036543844605,0.6264749525166191,0.18069280669846388,0.9779732989278361,1.0336568981213599,0.6131914767331433,0.1477566042281054,0.6139007597340931,0.13099392020500233
BNCI2014_004,4,3test,-0.0179980580108962,0.4866949629246,0.5168179561306314,0.5348160141415277,0.0779771444256353,0.1571931915474378,0.3203911565970713,0.242414012171436,-0.4644220529085036,-0.6312942459095838,0.1668721930010802,0.0837556521563758,-0.0164529648658524,0.1002086170222282,0.2142265107407706,0.0266949232642038,0.03473509074206,-0.1794914199987105,0.7097903314061408,0.343301940148733,0.5363038849255629,-0.1734864464805778,-0.8218096050580497,-0.3943384757614407,-0.4274711292966089,-0.2926901878970712,-0.1194367145222397,-0.1732534733748314,True,True,3.2711592312524562,2.3718684829646475,0.69122150997151,0.22979943924945082,0.6132805080721747,0.15237009167644724,0.9449451868136395,1.3302428366282442,0.5888087606837606,0.13470132170566826,0.597207383665717,0.11971323833459091
BNCI2014_004,4,4test,-0.4797229620073751,0.6740106022855216,-0.290504491928085,0.18921847007929,0.9493583354222436,-0.3749795536303276,-0.1611774513459344,-1.110535786768178,-0.1315942792706219,-0.4526115526815978,0.3210172734109759,0.1835971227015591,0.3839197626604098,-0.2003226399588507,0.3210124198435185,-0.2780354481777377,-0.021805193690239,-0.3428176135337576,0.7847605921626774,0.035702838597891,0.383595032810986,-0.4011655593516913,0.440410810663014,0.808407229940324,-0.3679964192773099,0.4339036468349587,0.4112919717980141,0.0226116750369446,True,False,3.2640450500171063,7.860039290176039,0.8388740503323837,0.349418443841629,0.6138057929724595,0.12652028063485893,1.9444729513742303,1.9911521017541443,0.7568024691358025,0.39001319352349895,0.6609745963912631,0.2624615458294855
BNCI2014_004,5,0train,-0.7180808720956069,-0.2038521395955636,0.6104326940045655,1.3285135661001723,0.181477939147813,0.9143149118791868,-0.7976143775199087,-0.9790923166677218,1.09406283718299,0.4797151795437263,0.6143476576392639,-0.768427381279941,-0.4844943399339707,-0.2839330413459703,-0.7553486222393918,-0.7469805159004058,-0.6081640954238727,0.147184526815519,0.1223042851270144,0.2531961381303759,-0.4992289567592138,-0.6215332418862283,0.3252671017148617,0.7542360372466403,-0.4289689355317786,-0.7028974825810097,-0.3911063103209783,-0.3117911722600314,True,False,10.144702930692558,15.431561559683695,0.883259015594542,0.5873838113362982,0.6737883771929826,0.22799612451862572,21.51713726344992,3.9322248112158764,0.7718341861598441,0.3280467921627253,0.6537390350877194,0.1699146725388296
BNCI2014_004,5,1train,0.1023061018649561,-0.5222933789593401,0.1280728095985843,0.0257667077336282,0.5778446362052367,-0.1601048428312185,-0.8503163154988087,-1.4281609517040454,0.5711863252923818,0.4949635729082607,0.076222752384121,-0.5918901286726168,-0.2072054295937412,-0.3846846990788756,0.4787642269508619,-0.1353224852929108,-0.2357912545046055,-0.7145554814554674,0.1868844669426172,-0.9766104981767983,0.4414583622067307,0.2545738952641134,0.2680996295449498,0.5012043215834866,-0.2331046920385368,0.6134074297215499,0.3604608481290982,0.2529465815924517,True,True,9.685532855132113,16.488970297059392,0.8313017598343686,0.45958662420532387,0.6321557971014493,0.14708495512191624,4.874791716643167,47.16677246497809,0.6651543090062112,0.2520260122845304,0.6617527173913044,0.28720235335444744
BNCI2014_004,5,2train,0.0515942479839201,0.358483970867087,-0.1949754860321363,-0.2465697340160564,0.1907239136945872,0.9356283419900524,0.3100616867945139,0.1193377730999266,0.3739611402327361,0.4811503032312888,-0.1071891629985526,-0.0711721734276954,-0.1284277636230628,0.0572555901953674,0.741126854518148,-0.2859560632233112,-0.9999354150458246,-1.7410622695639726,0.4390590957035029,-0.8590082767511594,0.3447205203814321,-0.0943385753220708,-0.3971198502878608,-0.0618274921705749,-0.3352923581172858,0.2808730144958273,0.2309447351627376,0.0499282793330897,False,True,16.600440083184058,1.325505248530771,0.7980052231718898,0.45786475379582403,0.6340515194681862,0.18540134870656777,56277.92630289381,86.92902315717966,0.6879320987654322,0.25536219893115847,0.6461574074074075,0.1731692357398501
BNCI2014_004,5,3test,-0.1650634938124192,0.9143113904591996,0.958700672185546,1.1237641659979651,-0.5717263720758745,-0.7086936748753503,0.012166411063299,0.5838927831391736,-0.2372142202462949,-0.4206502034173206,0.1834359831710257,0.4043019817407028,0.2155143172366134,0.1887876645040894,0.1375383600729517,0.9659624014767064,-0.8878975045590607,-1.0254358646320123,-0.0398143738683417,-0.6577887188209774,0.6899444046219213,0.729758778490263,-0.2627169854277841,0.017216268956932,-0.2799332543847161,-0.1354880681082099,-0.2393088585176044,0.1038207904093944,True,True,5.42830346061553,7.604777819533806,0.806394675925926,0.43354448979680243,0.6363302469135803,0.1544347563422906,22.609386024419322,8.339648718897536,0.779252730294397,0.3950156816529781,0.6867716049382716,0.22397880351661437
BNCI2014_004,5,4test,-0.5389888498560409,-0.2392537103717983,0.4099636820411279,0.9489525318971688,-0.1041360514057684,0.030347549962934,0.755608408973489,0.8597444603792574,0.4086396492685638,0.1470166955155164,0.2616229537530474,0.3255644252415212,-0.0738586091793813,0.3994230344209025,-0.2504689241659267,-0.81506194777636,0.8848858519059427,1.1353547760718694,0.8104972203823717,0.3435108379601938,0.0333590698892947,-0.7771381504930769,1.0147697127766264,0.434758328218349,0.5800113845582774,-0.3188090488595883,0.0040706021470265,-0.3228796510066148,True,True,11.231016909551093,2.0892004838525158,0.8347701804368471,0.3914389306366612,0.6701898148148149,0.22558972635457686,53.78398684975323,2.433993994933037,0.8352029914529915,0.46348987634585964,0.645278371320038,0.19273174491259082
BNCI2014_004,6,0train,-0.1032511159291731,-0.5842837328446305,0.8194918917078545,0.9227430076370275,-0.3544691723143289,-0.520644280309187,-0.3660910108898129,-0.011621838575484,0.5682527466079176,-0.0258328167844189,0.5940855633923365,-0.047350785741959,-0.0687380528605361,0.0213872671185771,-0.1420642630636336,0.2501632258754019,0.631786116367704,0.7738503794313376,0.7045269126536137,-0.3249030247613598,-0.4817006516028118,-1.1862275642564255,0.5732320496628454,0.2710237947352937,0.3022082549275516,-0.1553327287151027,0.1040529294232493,-0.259385658138352,True,False,4.302703867449832,12.912816660396771,0.7596753167641325,0.3184604433840407,0.6583333333333333,0.2075105358581033,8.400342364220725,5.249340596958657,0.7853453947368422,0.5201089264544502,0.6763541666666667,0.28054569607492175
BNCI2014_004,6,1train,0.4929036049534944,0.3658519089842441,-0.7847336282030619,-1.2776372331565562,0.3949948408812498,-0.0180154204647962,0.7750244989722302,0.3800296580909804,-1.5136652773503037,-0.5737004179902766,-0.939964859360027,0.0460085809299127,-0.0449858466102153,0.0909944275401281,0.8742632999218861,-0.673610811508819,-0.0641922725583138,-0.9384555724802,-0.1679405330858326,0.052988460827035,-0.9070453234635154,-0.7391047903776828,-0.0186220954971229,0.0725447003165392,-0.0911667958136621,-0.4932609044961117,-0.4429096121003282,-0.0503512923957835,False,True,7.26573311134029,2.7421878045483847,0.7243695175438596,0.23844844994987394,0.70125,0.2942446699323526,11.044634903285603,29.950757608834692,0.8079166666666667,0.5152585173235957,0.6976644736842106,0.3019217832183743
BNCI2014_004,6,2train,0.3589389075441151,0.3219496321856814,-0.197149492759244,-0.5560884003033592,0.2010910591426329,0.0338940138381416,-0.6062730798090765,-0.8073641389517094,-0.3501712584488993,-0.1160480861067077,-0.2341231723421915,0.0122626026858307,0.2290845566182739,-0.2168219539324432,-0.9820784230316816,0.8188257579991705,-0.369272822958049,0.6128056000736324,-0.7738224890274494,-0.0943191186939181,-0.3167273631363406,0.4570951258911088,0.047286894478791,-0.0984144488525272,0.1457013433313182,0.0086588474009215,-0.2236776903624361,0.2323365377633576,True,True,4.710149864024611,9.23765253596526,0.7964001661918328,0.43823646084992834,0.7151442307692307,0.3373523260260893,174.57949395237617,10.39202817592865,0.780074074074074,0.3722235118040553,0.7603840218423552,0.3758359896120074
BNCI2014_004,6,3test,0.0003826090100528,-0.0216641691064019,0.5843453213626703,0.5839627123526173,-0.4750533228079049,0.5870843062990095,0.8258429542433298,1.300896277051235,0.7788438674907131,0.3775596269902235,0.4012842405004895,0.1484609708599217,-0.1638110036224255,0.3122719744823472,-0.2825490089562581,-0.6998049469813746,-0.1683651029301478,0.1141839060261102,-0.2281786507355673,-0.386350699395174,-0.9723652076587636,-0.7441865569231964,0.2169515514388088,0.2335924701375984,-0.0166409186987895,-0.2485829930161395,0.1324292521058101,-0.3810122451219497,True,True,4.140248850047454,5.097906747972749,0.7921689518043685,0.3840308761079354,0.7031949192782526,0.3150345485742018,7.887721562715151,33.749737589797824,0.7890889126305792,0.3445696271757792,0.7443880579297245,0.4086472243470165
BNCI2014_004,6,4test,0.1228622206886828,0.0209053758593155,-0.3265069652099887,-0.4493691858986715,-0.0864777429201976,0.1895857972367841,-0.2923271206981825,-0.2058493777779848,-0.124149814928328,-0.0240653486482028,-0.1000844662801251,-0.0860073288566459,-0.0593108248047341,-0.0266965040519117,-0.434306756624152,-0.2450541193465241,-0.7837977101482195,-0.3494909535240675,-0.966384140278556,-0.3570301319782236,-0.5435547039842291,0.4228294362943269,-0.0505506576127162,0.5252721903017091,-0.5758228479144254,0.3600415867709404,0.6012162878770821,-0.2411747011061417,False,True,6.821835460519765,8.384528315196997,0.828130935422602,0.39931143453150125,0.7108469848053182,0.28338887146530783,6.168610722441559,47.75741157232019,0.7218888888888889,0.2773057266298198,0.6535078347578348,0.18671792117176653
BNCI2014_004,7,0train,-0.6203956707505864,0.9694776980476776,0.2489177503576032,0.8693134211081897,0.1088312204343466,0.5639068210248034,-0.2859067371950852,-0.3947379576294318,0.3940428233051133,0.1985862764190872,0.1954565468860261,0.2571183377784076,0.4645808099032902,-0.2074624721248826,-0.3336437273283246,-0.3819545892990121,0.1797497555225132,0.513393482850838,-0.1275380856979643,0.619758794479116,0.9384172676631024,1.0659553533610668,0.5060233850268445,0.1683010887609838,0.3377222962658607,0.5573529947265841,0.089953607467484,0.4673993872591,True,True,10.299181580360408,3.898781077876574,0.6991666666666667,0.25105601877459166,0.6691392543859648,0.21860541443057382,8.546371721232697,2.8618734191424804,0.8718695175438597,0.4287714874854583,0.6023958333333334,0.12817150684798798
BNCI2014_004,7,1train,0.3438105195866175,-0.0538656864113959,-0.6871767577190846,-1.030987277305702,-0.1734356107609932,-0.9637748825947976,-0.3264590625725274,-0.1530234518115342,-0.4601377825234878,-0.002852196934108,-0.4572855855893797,0.2638398355014695,0.3985121352261142,-0.1346722997246446,0.1948496154413637,-0.7023645811624338,-0.5602863359182292,-0.7551359513595929,0.7192387684872874,-0.8235634243515102,0.3072827615294861,-0.4119560069578013,0.2572575212550863,0.6771033116906587,-0.4198457904355724,0.3238187026578795,0.2833248650119216,0.0404938376459578,False,False,10.142482079868548,137.87726747520387,0.7635416666666668,0.3275883834572195,0.613125,0.13191490770271622,14.08173652208531,13.539989213445713,0.6684259259259259,0.1837825767165977,0.6848793859649124,0.1877188353175835
BNCI2014_004,7,2train,-0.5947045130894207,-0.8775393531072985,-0.4596485688671631,0.1350559442222575,-0.6682830761065687,-0.5771838802627905,-0.9450252049761384,-0.2767421288695697,0.4728912778190078,0.7315677446081248,-0.2586764667891169,-0.1500521982357729,-0.1349356947993484,-0.0151165034364245,-0.8629155676787725,-0.6029255571863467,-0.1836641898414551,0.6792513778373174,-0.7885568355004756,-0.3790592181731418,-0.5323049376581764,0.2562518978422992,0.4569105832853933,0.0419714931099231,0.4149390901754702,0.0893226346620821,-0.2129971863646144,0.3023198210266965,True,True,16.318653413240465,31.3172720043149,0.8121052943969612,0.41294293665112053,0.6889444444444445,0.24765518058203687,14.788015792172729,6.264742207366872,0.794747150997151,0.38944609018598414,0.7350367996201328,0.23177747035499327
BNCI2014_004,7,3test,-0.0507317535630426,-0.3915230256139457,-0.1946958896032978,-0.1439641360402552,-0.4723614612217379,-0.4170339004580766,-0.1750538251635723,0.2973076360581657,0.8406543291499621,1.1301666782069308,-0.2895123490569687,0.5164207174118978,0.4009226999523261,0.1154980174595716,0.2038977861371397,-0.3447875443788789,-0.1428474237510669,-0.3467452098882067,-0.0338507528944157,-0.8207252300101056,-0.0700666998195333,-0.0362159469251176,-0.29623502473053,-0.1186738153776795,-0.1775612093528505,-0.1397466973521232,-0.1159058654976401,-0.023840831854483,False,True,3.448848225734997,2.8626434156841025,0.7523814102564103,0.34965983255651745,0.7161147910731244,0.3439960759315603,6.47613839768308,7.063373134978789,0.7606141975308643,0.3410417588046317,0.6623872269705603,0.2161820505974067
BNCI2014_004,7,4test,0.3153043858134706,-0.0276948295177994,-0.6153494232621781,-0.9306538090756488,0.2033231881881965,-0.2540938986833341,-0.1144547041353457,-0.3177778923235423,-1.0478911655233936,-0.6394551070738927,-0.4084360584495008,-0.2750151933461476,-0.146672527260966,-0.1283426660851815,0.1261483019872715,0.1763911322229339,0.5058261157956391,0.3796778138083675,-0.6756808037507028,-0.49684321913958,-0.6978747581189849,-0.022193954368282,0.6616729937184082,0.3642516005972763,0.2974213931211318,-0.0753844698356944,-0.212524088610728,0.1371396187750336,True,False,9.545383701564083,4.4892289801105045,0.8043975546058878,0.3653431478224736,0.7141141975308641,0.28669312629561955,3.8610698209434506,10.843403388070605,0.7191684472934473,0.2986766374723757,0.6995400047483381,0.30473157189956407
BNCI2014_004,8,0train,0.5985240838298184,0.0263126276512177,0.0889952850085733,-0.509528798821245,0.6083331600880748,-0.1964929671837276,-0.4759055613557525,-1.0842387214438274,-1.3353517263502048,-0.7394364031969609,-0.5959153231532439,-0.6873714400509869,-0.3304332324235968,-0.3569382076273901,0.0426103989019044,0.5313409465705413,0.5601228409106305,0.517512442008726,-0.1916892004848858,0.0040746313724063,-0.3860349334360433,-0.1943457329511574,0.0283164851085039,-0.1332408420710936,0.1615573271795976,0.0327198414097527,0.1426621361771937,-0.109942294767441,True,False,5.879117066669674,10.884299641124406,0.8281296296296295,0.40147951863997694,0.7525950854700856,0.3241359418700918,4.276576201711009,8.84133025983252,0.8013888888888888,0.43482385459376044,0.7857312440645773,0.44125182067858537
BNCI2014_004,8,1train,0.8938940804390004,0.3944058265824274,0.5875873168020621,-0.3063067636369383,-0.0543379023530715,-0.2065175245451538,0.7455515540142341,0.7998894563673057,-0.8073424872962092,-0.3778787878374573,-0.4294636994587518,0.1765154977476258,0.0064090411889874,0.1701064565586384,0.6380743677826437,-0.4029787194956367,-0.8971697143593244,-1.535244082141968,-0.4575315341891212,-0.1807821325868616,-0.012357514652193,0.4451740195369281,-1.3518127660880777,-0.0975484472373121,-1.2542643188507654,0.4014542140447347,0.3100962294093392,0.0913579846353955,False,True,3.641664447052539,4.96979064065403,0.7896200980392156,0.2987215749575854,0.6900000000000001,0.20144556091247293,12.883764824086988,8.140057339307662,0.7471795808966862,0.3099112806884545,0.6740679824561404,0.1817852764327427
BNCI2014_004,8,2train,0.0053005615448637,0.0452801009151671,0.2296282517560549,0.2243276902111912,0.9239230412256528,0.5731573600410819,0.8257521772735444,-0.0981708639521083,1.4986669198630511,1.1151169105778902,0.3835500092851611,0.6779582324633529,0.3767994677928888,0.301158764670464,-0.4706320578116904,-0.8897433747825078,-0.0726100927612569,0.3980219650504334,-0.4476493564716053,-0.9222241370568393,-0.2440172752991604,0.2036320811724449,0.9243169648298524,0.258008948959564,0.6663080158702883,0.1722017934176122,0.0789839413344888,0.0932178520831234,True,True,2.901382459642376,5.017894531206042,0.8965555555555556,0.4979001543179768,0.7840099715099714,0.437212491872355,6.221208791519942,16.608612195363953,0.778679012345679,0.4219994121449327,0.6882145061728395,0.25543767689165975
BNCI2014_004,8,3test,-0.3199225760308709,-0.3522787499852517,-0.4512280621582029,-0.131305486127332,0.3725465837314111,0.4020347934327806,0.1170054442369037,-0.2555411394945074,0.2619781064121413,0.7019784527533861,-0.4400003463412447,-0.3452993295478513,-0.2132080767197903,-0.132091252828061,-0.1948746510253032,-0.376310575140424,-0.591085193904604,-0.3962105428793008,-0.4285665169338393,-0.3662436583777019,-0.0746115811908818,0.3539549357429574,-1.1323829233298182,-0.4156054693960591,-0.716777453933759,-0.064312595657841,-0.2613455657443878,0.1970329700865468,False,True,4.591343792235607,4.414618060186225,0.9815064102564101,0.6017905841291005,0.7482259021842355,0.2534222164100992,2.2798217010875255,6.111096648741335,0.8404565823836657,0.4438498496989743,0.7088289411206077,0.2771597893768966
BNCI2014_004,8,4test,0.2144750799482232,-0.3871973835975787,-0.6339894626110231,-0.8484645425592463,0.1865518238543975,-0.4784460512462042,-0.7901121897878985,-0.9766640136422962,-1.5970496960523253,-0.4215855609896233,-1.175464135062702,-0.4889253864748099,-0.1770936743472766,-0.3118317121275333,-0.6119999798844987,-0.7800185244353866,-0.4654821286185649,0.1465178512659338,-0.7265668466251818,-0.2959712870050539,-0.5878368256714995,0.1387300209536822,0.4160051322151947,0.0288626255304862,0.3871425066847085,0.1312965158344548,0.0947486746388405,0.0365478411956143,True,True,3.3966599253627145,14.403146640988773,0.6913461538461538,0.22544798391478013,0.6736666666666667,0.19825042273675075,3.123762939987863,5.289421682998431,0.7404989316239315,0.296335173530593,0.6650017806267806,0.2227278376873704
BNCI2014_004,9,0train,0.0712072560727633,-0.4495909718827448,0.1357052530662376,0.0644979969934742,-0.7054008528033565,-0.4307588888004698,-0.905711974674494,-0.2003111218711375,0.6074199603100637,0.496956407480161,0.1104635528299027,-0.0036892872441241,0.3532199783275019,-0.3569092655716261,0.7330568875051773,-0.2543217358817342,-0.3465448299005683,-1.0796017174057455,0.174576483361198,-0.899858940384324,-0.1088662468879715,-0.2834427302491696,-0.0084828506572514,0.5194996848437357,-0.5279825355009871,0.0594958284326597,0.1714278983574427,-0.111932069924783,True,False,7.547088145431565,25.214074001359176,0.7079127966976264,0.3418536413344265,0.7494517543859649,0.45103132081812364,4.717240359197443,12.135595552563013,0.9080208333333332,0.550262530500974,0.6794078947368419,0.24343706870035187
BNCI2014_004,9,1train,0.3533043156232138,0.1574605402604348,0.1189530868676246,-0.2343512287555891,-0.6211138240038699,0.220289264397346,0.44778739784744,1.06890122185131,0.2260873692212132,0.2520704269225391,-0.0259830577013259,0.6262645321868925,0.3104117490840649,0.3158527831028275,-0.4253017597614478,-0.5883681678920564,-0.0809988010356824,0.3443029587257654,-0.9434750184385892,0.153059847994717,-0.5983841805402091,0.34509083789838,-0.375062354888555,-0.9526584987655666,0.5775961438770116,0.1048046349691781,-0.2081998839187553,0.3130045188879334,True,True,6.017920262907418,14.029793320871901,0.6730360623781676,0.23546040906853727,0.7082291666666668,0.27052140249585116,7.368499139694358,15.798229146614233,0.9674571078431372,0.5553487727179957,0.6536019736842105,0.17832500929801673
BNCI2014_004,9,2train,-0.5004092607996162,0.7311360482460869,-0.6164801581908846,-0.1160708973912684,-0.1232100098543666,0.9188644322791808,0.6579183564456587,0.7811283663000252,-0.0873014857394403,-0.0262092713403119,-0.0610922143991284,-0.0219018132276563,-0.3458005558124874,0.323898742584831,0.1302717941973914,0.3879161397773353,0.4972412594909715,0.3669694652935801,0.9903411618801996,0.7845216949576692,0.7067330354833685,-0.2836081263968312,0.2163775029896167,0.0443543876366046,0.1720231153530121,-0.1048068546251503,0.0345438478791269,-0.1393507025042772,True,True,7.535439528252251,2.3631752813445206,0.7561698717948718,0.2519576566629664,0.6550866571699906,0.16004830765711106,3.289571889730139,1.4333430695586256,0.6895773979107312,0.24010287075862732,0.6276175213675214,0.1394441406630854
BNCI2014_004,9,3test,-0.1109177555196984,0.6054258412941323,0.7124394912581927,0.8233572467778911,0.6164401773239817,0.6419831136892489,0.5892794635262337,-0.0271607137977479,0.8406513822507502,0.1676408936954369,0.6730104885553133,-0.2086406416741671,-0.1235191119079097,-0.0851215297662573,0.0332238639524224,0.345239492454402,0.8090171989429724,0.7757933349905499,0.7954547416175398,0.7549946845703829,0.5766501531628014,-0.2188045884547383,1.3886619301283805,0.6530051017478837,0.7356568283804967,0.6987973360801422,0.4947799949136537,0.2040173411664884,True,False,2.9012981421643906,2.245207674215458,0.7919293684710351,0.3459858602584915,0.6706612060778728,0.22504589060262026,4.1713788726016725,1.9102883159747286,0.6661923076923078,0.2295700000647607,0.6420524691358024,0.17109961625151301
BNCI2014_004,9,4test,0.4525768473318584,0.7441786447868395,0.1333763138974659,-0.3192005334343925,0.4844975501298315,0.9595961084854192,0.7133209095754746,0.228823359445643,-0.3496886381271322,-0.1165899315570665,-0.2330987065700657,-0.3348857937503341,-0.2530748533123499,-0.0818109404379842,0.7017969334079978,0.6356343030354248,0.9685228982461208,0.2667259648381229,0.3868752327194923,0.4272324456064449,0.2069718017509678,-0.1799034309685245,0.4167547462256244,0.124919944037505,0.2918348021881193,-0.2399095019760978,-0.1043657777746647,-0.1355437242014331,True,True,2.52251321712948,2.8417249185034517,0.7148059116809117,0.27919259936539403,0.6790954415954417,0.28489457111646077,1.4894426694463467,1.9711582027455377,0.7151234567901236,0.2941715991880849,0.67985814339981,0.26458096134298675
Cho2017,1,0,0.3171782837515742,0.7357318629885876,-0.5400727357661214,-0.8572510195176956,-0.9967417999307192,0.4499374069273931,-0.635478008443696,0.3612637914870233,-0.333425098666598,0.2450922146133796,-0.5785173132799776,0.0910117011672797,0.0292720589122261,0.0617396422550536,-0.5445504399680572,-0.5132568457837157,-0.3045827878502785,0.2399676521177786,0.5314413938977993,-0.2167792159280387,0.170705945200731,-0.3607354486970683,0.2656048676161905,0.3469305841092361,-0.0813257164930456,-0.2388556919671587,-0.1257477911288902,-0.1131079008382685,True,True,4.546488507429871,766.3504538691078,0.6837468374446553,0.42202723296231454,0.6342965500594177,0.2428032984979233,27.420614648496187,7.352784846633985,0.6437410815608815,0.343121319263712,0.7322978173276886,0.4045807873359548
Cho2017,2,0,0.0580308790114969,-0.6998893114599201,-0.0641717577892451,-0.1222026368007421,0.0736548035884629,0.31519866946467,0.4388062644794507,0.3651514608909877,-0.6722403385256028,-0.5667452928957926,-0.1054950456298102,0.3288368270215549,0.2030684725643053,0.1257683544572496,-0.323023576729851,-0.7029860820554508,0.0524058051805527,0.3754293819104037,-0.2917124541037193,-0.7669211670034434,-0.144221968217137,0.1474904858865822,0.1502204815783946,-0.0065689791895734,0.1567894607679681,0.0015707323840405,-0.0416179978968811,0.0431887302809217,True,True,9.321842238008594,8.325736252978684,0.7006357230392157,0.3031883239874291,0.7101510239970866,0.39337022835193297,7.427077500407435,10.163005032538921,0.7093512097073678,0.3556801288415445,0.6997084818775995,0.28924810209318164
Cho2017,3,0,0.0593408406784073,-0.3505053480744789,0.5984830387477904,0.539142198069383,0.4126226183558584,0.5353563503499468,0.9849194853067056,0.5722968669508471,-0.1694533184594854,-0.3120485831010129,0.1425952646415274,0.0377002467777232,-0.2195202982735048,0.257220545051228,-0.8241792390926828,-0.5661878707265636,0.1582347144419111,0.982413953534594,-0.1654283186086113,0.0400504359615716,0.5004838498919824,0.6659121685005936,0.4174272506520509,0.2389097005470255,0.1785175501050253,0.2518198783987316,-0.009054351111142,0.2608742295098737,True,True,5.529112641984895,1.3564025174021441,0.6958333333333333,0.3498956002557468,0.6363209298871064,0.18941639828263734,30.827354217535447,2.680193199005521,0.7534796494355317,0.39049118224211227,0.6314539002153893,0.187517174575445
Cho2017,4,0,0.182238961126192,0.2736211566542679,0.2109476534253905,0.0287086922991985,0.6858156829876092,-0.6976885197259901,0.4625270011299764,-0.2232886818576327,1.4254731381711925,1.1624773291944916,0.2629958089767008,0.1009366899200894,0.1126793615087784,-0.011742671588689,-0.4475916216173555,0.0868869616330416,0.1636157844675281,0.6112074060848837,-0.0179448911256372,-0.3634552510022252,0.2756085401642235,0.2935534312898607,0.2388321810333458,-0.3392740267736491,0.5781062078069951,-0.383357962237821,-0.4728989712799342,0.0895410090421132,True,True,2.762913580881108,8.624981499066175,0.695144459298871,0.48334495843575515,0.7027641999034463,0.4155571134995301,9.610287564402872,8.02717812489036,0.7075813279857398,0.4291652460694524,0.6489490493166964,0.3227987759721218
Cho2017,5,0,-0.0720109015794352,-0.0790057133358401,-0.0265913592291882,0.0454195423502469,-0.0452210932917489,0.0005545136913822,0.1295234683842351,0.1747445616759841,-0.1691433650492571,-0.3476492305625314,0.1785058655132743,0.9337705962079142,0.7159764545616516,0.2177941416462626,-0.1194007592789973,0.0097167652120394,0.0395967487488005,0.1589975080277979,-0.0241490479255468,0.2933565705539868,0.1973308657565846,0.2214799136821314,-0.0198472308466421,-0.6761485146783865,0.6563012838317444,0.1803319775718597,-0.1085763556912542,0.2889083332631139,True,True,0.7294425870954062,1.2377068534985096,0.6058359328579916,0.21543799958189977,0.6375928401663695,0.1531552015542317,0.6907186647996354,0.9059209650234709,0.6298573975044564,0.22331232082122462,0.6181743909685087,0.180927512260189
Cho2017,6,0,-0.1536943061218801,0.1349595946905076,-0.1230898344452751,0.0306044716766049,0.3535528535614231,0.2382646484301464,0.7666885814301837,0.4131357278687605,0.3742265346243631,0.4106579753120362,-0.036431440687673,-0.0214874538080281,-0.1223797062113313,0.1008922524033031,0.1415963117064046,-0.3438622381522754,-0.6232250434947926,-0.7648213552011972,0.7388466999393125,-0.5319498004107872,-0.6942578059429775,-1.43310450588229,-0.6170857347100488,-0.1496860345632165,-0.4673997001468323,-0.2152547823026901,0.1114574947374064,-0.3267122770400966,True,True,3.257890210077685,1.9362865587524591,0.7391454871293579,0.2782763857539113,0.7181104473039216,0.3167440999399374,4.883626460616623,10.77694923601753,0.7590145480540702,0.27673646143444053,0.6855800653594771,0.2878782994796875
Cho2017,7,0,-0.0554038263494745,0.0800625854247967,0.1493333527727602,0.2047371791222348,0.2665926933152225,-0.0278707602303632,0.3846102745446738,0.1180175812294512,0.7085773690464129,0.4514688796669184,0.2571084893794945,0.441610053766634,0.3139341588601821,0.1276758949064519,-0.1629062633607149,-0.1061131409800841,-0.0610995960560992,0.1018066673046156,0.5114365265563646,0.4263591107056039,-0.3055340889004613,-0.8169706154568259,1.136520586861284,1.1715321254831847,-0.0350115386219007,-0.0795385338422353,0.1429616349786527,-0.222500168820888,True,True,2.4401092067783305,10.441925447252837,0.7390955353126406,0.40833177079482136,0.6642132675438597,0.2335042036358712,5.133592249656533,4.182457026054284,0.709105235042735,0.31476307540262105,0.6563200770355376,0.24813826570195038
Cho2017,8,0,-0.3170575198015472,0.5219069629801965,0.1222980463525041,0.4393555661540513,0.1578476464263541,-0.8312658920333276,0.332475585590497,0.1746279391641429,0.6965041562482135,0.4833068833579775,0.213197272890236,0.0703692606488539,0.019921182764673,0.0504480778841809,-0.8666570575584999,0.9501390093999612,-0.6109127105366549,0.255744347021845,-0.3858307875029931,-0.6439781617435336,-0.1788093642824698,0.2070214232205232,0.1643068444809717,0.3291202505134408,-0.1648134060324691,0.1386480412883459,0.1412552825200977,-0.0026072412317517,True,True,4.759530649537236,22.500321298766053,0.8991161616161616,0.5041234713817219,0.680206360479798,0.28181451378915606,28.924738299956022,14.13523362290129,0.808953505644682,0.46599722270111,0.7093304367201426,0.30207563306056084
Cho2017,9,0,0.083858687612756,0.0427661250226927,0.2074777898167572,0.1236191022040012,0.0617103700142518,-0.0049976325252992,0.354291200715313,0.2925808307010612,0.3728844011653665,0.2291185927555406,0.1437658084098258,0.237145543976116,0.1580139002708948,0.0791316437052212,0.2450187259385798,0.044262855301553,-0.0247010762536513,-0.2697198021922312,-0.6098954648686482,-0.3578777856482322,0.0947745707652454,0.7046700356338936,-0.095741831005988,0.1472634204850398,-0.2430052514910279,0.2807638034355223,0.1401357409784163,0.140628062457106,True,True,2.0540564430339447,7.682916387907029,0.6692815170940172,0.24694965092405066,0.6479046474358974,0.18402177065780867,2.0454513606023332,9.99822054045646,0.7847529380341881,0.376865914458566,0.6675427350427349,0.249475646272585
Cho2017,10,0,0.1936948967114813,-0.378630503506385,-0.1061313304042047,-0.2998262271156861,0.0991092214773638,0.5208658752855536,-0.1008330518178574,-0.1999422732952212,0.1377101945609475,0.4766212537105023,-0.3389110591495547,-0.0200101049518023,0.082807830637646,-0.1028179355894484,0.4240771312229936,0.0522011195027631,0.1748190172211747,-0.2492581140018188,0.157879262654721,-0.0662157744004297,0.6577705880039566,0.4998913253492356,0.1868719640412018,0.3077915527299921,-0.1209195886887902,-0.123191670955602,-0.2199030509003125,0.0967113799447104,False,True,6.895071499514697,4.202472712474576,0.6636336944815805,0.3383833426925549,0.6245692216280451,0.18806072163942397,5.207697218298297,3.131796549313522,0.714737331959299,0.34459782857895876,0.6554070112893643,0.23572070225845762
Cho2017,11,0,0.1000398731025129,0.9970007675246996,-0.289212136578777,-0.3892520096812899,0.1307601602186381,-0.2583575837766555,0.6518618168429452,0.5211016566243071,-0.2483249613074693,0.045175510607791,-0.2935004719152604,0.0595858283462984,0.0079706274825775,0.0516152008637208,-0.4549217820320714,-0.898697919457762,-0.5014081075035451,-0.0464863254714737,0.0338071881617616,-0.6492562456027309,0.06422370667429,0.0304165185125284,-0.1232592918068389,-0.1940785702693193,0.0708192784624804,0.1188395885570042,0.1044478974051194,0.0143916911518847,False,True,3.8306670565651406,15.945882144979699,0.755154366243076,0.4258392103612431,0.7268085264408793,0.3523324731426869,23.757473589548066,8.51288656319744,0.7005329886567285,0.2895863812800295,0.7169321895424837,0.36667018467333623
Cho2017,12,0,-0.6405538683209776,-0.2284511111273269,0.0738279880652213,0.7143818563861989,-0.9220604370438384,0.5343952085013678,0.2263528198362882,1.1484132568801266,0.7287605760784853,0.5165935507076208,0.2121670253708645,0.4006644873394733,0.239729425372905,0.1609350619665683,0.0496413319652717,-0.0660933316477265,0.2729411398548128,0.2232998078895411,-0.1014614712072874,0.8010995243599406,-0.1106056364957499,-0.0091441652884624,0.3727639298843992,0.1127264450305727,0.2600374848538265,0.3328487523239684,0.377944071110635,-0.0450953187866666,True,True,16.91233331002145,71.57156990771257,0.7505966927337896,0.4825041636016873,0.6904671717171716,0.282357342946098,97.53509943011666,2.855082053914082,0.6822687815656564,0.3451466255895796,0.6333659434417708,0.2027492115341347
Cho2017,13,0,0.3179385193903673,0.4899414429943609,-0.943441087274879,-1.2613796066652463,0.057589880039367,0.1929268891345121,0.132586579062357,0.0749966990229899,-0.5196532458321869,-0.0934277125632562,-0.4262255332689306,0.2717776975071725,0.2332292756474194,0.0385484218597531,-0.2104356296014073,-0.093497236706794,0.1939256678265236,0.404361297427931,-0.4294273374343722,0.3717922115765583,-0.1312983931124896,0.2981289443218826,-0.1465417412678942,-0.6994274467224577,0.5528857054545635,0.1150558759072321,-0.0186997077759558,0.133755583683188,True,True,44.10009418217134,7.216991365297168,0.6525410353535354,0.24232192223546326,0.6568497474747474,0.2573401677820674,2.9664457842357184,7.988140108262278,0.6032256155303031,0.18137609694015225,0.621710208704694,0.20969286115331054
Cho2017,14,0,0.4415345335588666,0.2441192760119338,0.4575335164603051,0.0159989829014384,0.243642600895292,-0.0434055096977643,0.0840657072207554,-0.1595768936745366,-0.3950150045563636,-0.2942013300526001,-0.1008136745037635,0.0037324187367411,0.1013478252585845,-0.0976154065218434,0.6673208673591996,0.2443312998317448,0.174045911421488,-0.4932749559377115,0.2310655080571252,0.0984656592906532,-0.1114693994192511,-0.3425349074763764,-1.7105901140514694,-0.6423304242830696,-1.0682596897683998,-0.2709480962465433,0.0202127741782615,-0.2911608704248049,True,False,0.6557316532401444,1.7372728533003352,0.5997920380273322,0.1532228572828346,0.6040404040404042,0.15182346510423797,0.9968653252154098,1.1792629342205248,0.6832504734848485,0.3140692340843792,0.6221405228758169,0.19030180559443974
Cho2017,15,0,-0.0011017894733351,-0.8440970176029656,-0.0548175762399315,-0.0537157867665964,-0.127514830816194,-0.369980059321616,-0.0549288167868049,0.072586014029389,-0.6793312948298382,-0.6568843875288466,-0.0224469073009916,0.134178227744852,0.1266297065602927,0.0075485211845592,-0.137570112664657,0.3320388820630948,0.0825474831647999,0.220117595829457,0.3422899056612108,0.149159357213275,-0.0375423072366841,-0.3798322128978949,-0.1243380197063782,-0.3175839382123078,0.1932459185059295,0.4273384260814535,0.4935856805425799,-0.0662472544611264,True,True,16.29816733019238,5.606721605470689,0.721511103983382,0.33779893932396754,0.643972816399287,0.224839964000491,3.5653326153822102,4.905914886755373,0.7291722370766488,0.3741995883774698,0.6853209252450979,0.28763706832087843
Cho2017,16,0,-0.6165857299377956,-0.0880115393057209,-0.9847769620107824,-0.3681912320729869,-0.1329170757192948,0.3324343967474016,-0.8052524366678181,-0.6723353609485232,-0.2162714087707004,-0.0682384297276164,-0.148032979043084,-0.356168491947559,-0.1867613987875137,-0.1694070931600453,-0.0071319823534981,0.0949244395130173,-0.8094385624711811,-0.8023065801176829,0.5190558335848013,-0.8481775150799833,-0.5117311773949081,-1.0307870109797097,-0.5543113671789719,-0.2187142330387833,-0.3355971341401885,0.0648662984320058,0.2700356173797728,-0.2051693189477669,False,False,93.61927892325765,12.311803006718874,0.8185900828134285,0.48325540380037574,0.6690210932857991,0.2208814316902692,12.077903376450694,20.67095155283282,0.8388524865591398,0.43693728785479413,0.6368060197563875,0.1756396685367293
Cho2017,17,0,-0.1164179076748255,0.3930498776703002,-0.2242454544863769,-0.1078275468115513,-0.6206510266802368,0.7422452113169898,0.4786904813775403,1.099341508057777,-0.0866228812750009,-0.0409891808629845,-0.0456337004120164,-0.0357668257235287,-0.29632664863543,0.2605598229119013,-0.2638099912062772,0.2372552583649017,-0.807859626533652,-0.5440496353273747,0.0305155912320073,0.5704710735524052,0.5926830887009297,0.5621674974689224,-0.2116736301694464,-0.0986953545361259,-0.1129782756333204,-0.3341791439300949,-0.3627195971872318,0.0285404532571368,False,True,5.519937970476289,11.165656939816254,0.7786468777852048,0.34809317532282064,0.6659722222222223,0.21305375169401022,14.02056411247142,5.247799982360154,0.8174242424242425,0.47961364554520675,0.6608845811051695,0.18975174267664366
Cho2017,18,0,-0.4313092411609927,-0.7620637536038031,-0.1716536727900425,0.2596555683709501,0.6994050522747637,0.481690243310074,-0.4351224136249669,-1.1345274658997306,1.2121331464597551,1.3660511932434316,-0.1539180467836765,-0.4525171201359864,-0.1954630131063253,-0.2570541070296611,0.435357039220645,0.9733709129204772,0.1858400200449527,-0.2495170191756923,-0.1480129868839896,0.368689122128287,0.3233982635761883,0.4714112504601778,0.2765988219007564,0.2839127850779682,-0.0073139631772117,-0.3007587103605197,-0.4584350349471418,0.1576763245866221,True,True,13.302488844249458,11.45974638431244,0.7884232954545455,0.4250220352352942,0.6469026124623848,0.24538474703125698,4.8074916976782704,3.469356619757891,0.6214271622474747,0.1676806108103267,0.6273210041592394,0.17751685956547555
Cho2017,19,0,0.452089134083824,0.0955790082229943,0.0081256226157012,-0.4439635114681228,-0.2126079546509365,-0.1004548630328206,-0.0659206251891308,0.1466873294618057,0.5794750835933247,0.8212928056176932,-0.2418177220243685,0.7641021308985501,0.766326497522525,-0.0022243666239749,-0.26354922708104,-0.0924459744224564,-0.1608124538329149,0.1027367732481251,-0.2470426831819347,0.0821017737866118,-0.1076054539609515,0.1394372292209832,0.3159065378300499,0.2761263174949644,0.0397802203350855,0.2555830572734835,0.1739707087975115,0.0816123484759719,True,True,1.8648586359801156,3.119957966558873,0.7244949494949496,0.34108928442240244,0.6735962566844919,0.2711736902092731,3.0469330006524564,1.7382124553497054,0.7937500000000001,0.39205519549029993,0.6433787553847297,0.23133499040877678
Cho2017,20,0,0.0373287863481855,0.1479567821772166,-0.8900243544729277,-0.9273531408211132,0.2920444463872464,0.0362922722170213,0.3739408198823182,0.0818963734950717,-0.8809833907023986,-0.548436045867043,-0.3325473448353556,0.2213291243056453,0.1418448804349839,0.0794842438706614,-0.2866018188421262,-0.1140601566716531,0.2755760311143098,0.562177849956436,-0.2525481581371924,-0.129006068652996,0.2763210862454824,0.5288692443826748,0.226675419639509,0.0136768870630152,0.2129985325764938,0.1796011073136909,-0.0874321975156513,0.2670333048293423,True,True,35.050366958270146,2.5835046147823535,0.8082966764418377,0.470067269181857,0.6546775196821153,0.20986038369167512,6.318491300702104,2.228574924215367,0.7166882520053477,0.3729785506459075,0.6681117238562092,0.31541044339486185
Cho2017,21,0,-0.0033222990092777,0.4058067325124158,0.0823971698347723,0.0857194688440501,0.0471941025442571,0.0358044459105614,-0.4246201201671629,-0.4718142227114201,1.1558804463778634,0.9500818897785152,0.2057985565993482,-0.5690705533111148,-0.3059243330201272,-0.2631462202909875,0.2447494432596651,-0.3287309738399383,-0.2580358119309034,-0.5027852551905685,0.0166153318562847,0.1166341649185232,0.0574081242189734,0.0407927923626886,-0.5363191046918445,0.1619551818727769,-0.6982742865646214,0.2027394890014914,0.162220235318381,0.0405192536831103,True,True,1.8878974056473474,3.351120622340161,0.9191822196620584,0.6385215304786566,0.6779969966206179,0.28815146649972717,2.732457530240767,1.269044341617063,0.9473664648755026,0.6123197263458862,0.6229055258467023,0.14515436545079374
Cho2017,22,0,0.2570122708147667,0.2513962103533483,0.0611246507366587,-0.1958876200781079,-0.6044321902209528,0.1332199503066486,0.2686934013994418,0.8731255916203947,0.5926153283757837,0.658194450805102,-0.0655791224293182,0.3769910421682693,0.1444583546861406,0.2325326874821286,-0.3744182378987569,-0.125260293159288,0.2344853848901603,0.6089036227889173,-0.0209121734154202,0.8528270789388923,-0.1917852387607983,-0.170873065345378,0.2280057673408992,0.0785327743497706,0.1494729929911286,-0.0128615205253521,0.0139934511409024,-0.0268549716662546,True,True,4.208750199898407,7.396979843936983,0.7848484848484848,0.4440881902193848,0.6988164039289959,0.27318884724208486,9.652089240521468,7.429152378262269,0.7535807291666666,0.35721115117433766,0.6321729473039216,0.25190479897795104
Cho2017,23,0,0.4355274906421623,-0.4818125563440891,0.4452161993268504,0.0096887086846881,0.4666068782427632,0.9163143650478376,0.4554601516809251,-0.011146726561838,-0.8037101791660924,-0.5643441359191546,-0.2393660432469379,0.4090799151209226,0.2828740329195983,0.1262058822013242,-0.0274515824143115,0.5352080487348709,0.7490227905256711,0.7764743729399827,0.0695254735902558,0.429431870607471,0.4964428391463837,0.4269173655561278,-1.792095191421336,-2.034129336254079,0.242034144832743,-0.165701429377894,-0.3033741573394003,0.1376727279615063,True,True,6.273872185368719,4.25908684436646,0.6606455176767677,0.33940217658945754,0.6432226678550208,0.20148650988387365,4.217719403676237,1.9999428846274618,0.5799364276960784,0.18500133308823083,0.6923779383912656,0.27232511944652554
Cho2017,24,0,0.3205511596180016,-0.1111492437567378,0.0765076272333098,-0.2440435323846917,0.0532126459875165,0.1918614994812362,0.2687557044401348,0.2155430584526183,-0.1789507560952831,0.0336117330472061,-0.2125624891424892,-0.0290419576119449,-0.1482987943219571,0.1192568367100121,-0.1381048448717459,0.0414327749812142,-0.0990195121404835,0.0390853327312624,-0.1189877953946873,0.0059422076853602,-0.399930248895594,-0.2809424535009067,0.6370116838158748,0.6721306693112279,-0.035118985495353,0.0891424951712659,0.2751544055038505,-0.1860119103325846,True,True,1.9778205035194905,2.1401462536989038,0.7756194760101011,0.41271063242436634,0.6897979797979797,0.29205763336212126,2.2266402448138054,3.24488858240036,0.8504024621212122,0.52984540961354,0.7061396362522281,0.258286794138993
Cho2017,25,0,-0.4323455992475529,-0.5446697096458205,0.1069220163216301,0.5392676155691831,-0.9701975897681144,0.9758562677703356,-0.3545721420902593,0.6156254476778551,1.1103968637202437,0.9091658462007268,0.2012310175195167,0.0204845063599497,-0.2136428688037732,0.2341273751637229,-0.2361055556376917,0.5683879326100508,-0.550661651781982,-0.3145560961442903,0.1189150137057758,0.0120813226388252,0.5961871244801211,0.4772721107743453,-0.3490402614266685,-0.3148452081251055,-0.034195053301563,-0.2931547636476514,-0.3011081575526084,0.007953393904957,True,True,13.931472959753618,102.16352897302909,0.7307323232323233,0.3373483625900428,0.6717171717171718,0.37666709047177466,9.555460762398823,5.79346109129204,0.7450973316837732,0.41726905430701505,0.667669340463458,0.2244270073907473
Cho2017,26,0,0.1083118872235825,0.113178378808956,0.2163622929410825,0.1080504057174999,0.3141806611704515,0.7586665586868457,0.285980784822795,-0.0281998763476565,1.1077933205425687,0.8137685261140968,0.2940247944284719,0.7632716942473028,0.5979910508735126,0.1652806433737902,0.0315325404751044,-0.1750632861208366,-0.0054570318567471,-0.0369895723318515,0.2051268717504112,-0.3751354346962203,-0.3229545362691062,-0.5280814080195175,1.0599238232598922,1.108702422190774,-0.0487785989308817,0.0422568490618913,0.3777843471811609,-0.3355274981192696,True,False,1.3424573538176228,3.266449651475185,0.7537061794414736,0.39319648695785964,0.6614973262032086,0.19480907641669365,1.440227188848845,2.867514309464364,0.7770420044850784,0.49082521737301904,0.686224144013666,0.2978360299870126
Cho2017,27,0,0.1318201791242835,-0.5515238589273034,0.5970728462484519,0.4652526671241683,0.6979025454360567,-0.4090968885467618,0.1085518483349845,-0.5893506971010721,-0.0478629345715007,-0.0888059880548881,0.0409430534833873,-0.4121055247053721,-0.1897887878315876,-0.2223167368737845,0.2239300923632501,-0.1037405376350814,0.5950162814576557,0.3710861890944055,-0.4072412198642361,-0.3696084070875387,-0.1210743856528044,0.2861668342114317,0.2685618339778388,0.1235130043130681,0.1450488296647707,0.0787136609770734,0.0273770567770646,0.0513366042000087,True,True,26.559159935644548,5.614326158832163,0.8246192392676767,0.3879443790357744,0.7174948009506833,0.2826181476969571,6.569435295242346,11.980775872273655,0.7835887096774193,0.36826036365930287,0.72384634488265,0.34460168473603225
Cho2017,28,0,0.5709809346648099,0.8321796783403247,0.4077529353482028,-0.1632279993166071,0.0401805740606088,-0.1604363395085817,-0.0180865010924284,-0.0582670751530372,-0.5547768705670404,-0.3197986744892443,-0.234978196077796,-0.1118773787169567,-0.0628652677836728,-0.0490121109332839,-0.6616245476201374,0.277093438261916,-0.7171695561416206,-0.0555450085214831,0.1424735809478015,-0.0830844389052593,-0.0009270939471658,-0.1434006748949673,0.0661395645392185,0.298079243907174,-0.2319396793679554,0.3252579143234722,0.4255530514106769,-0.1002951370872047,False,False,2.5158437072889224,1.6985592647988994,0.8683839776440879,0.41513408977597116,0.7389613042186571,0.3455659876211398,10.203971042288197,1.4020658701294983,0.8566485164141414,0.4628973140512305,0.7036931818181819,0.31387225072398944
Cho2017,29,0,-0.7397943080448031,0.3970392808022306,-0.175594400645472,0.564199907399331,0.1404152901680938,-0.0573733255213518,0.1015640399276696,-0.0388512502404242,0.7682730012262943,0.7697257991271355,-0.0014527979008411,-0.3536525307779904,-0.2863810508051634,-0.067271479972827,-0.5350458022732807,0.6105866853611015,0.6425831516504216,1.177628953923702,0.0215355222399453,-0.0977106655532086,-0.4035226049253675,-0.4250581271653129,0.2391073842153239,-0.0016042230345715,0.2407116072498954,-0.5353321624852135,-0.3223117972827466,-0.2130203652024668,True,False,12.02088835244023,1.316655723358842,0.8448232323232322,0.4568478999162191,0.6817363664215685,0.25304467745328224,12.185783921450158,2.467846482369407,0.8204810049019607,0.4474965283684769,0.7051544860368391,0.2868646221587197
Cho2017,30,0,0.2137176018830966,-0.0986238321705868,-0.6494500871279066,-0.8631676890110033,0.5307054173146971,-0.0097070795125891,0.3447320502852177,-0.1859733670294793,-0.5565209092405442,0.0821732861450919,-0.6386941953856361,0.5640930379570042,0.4316091575228707,0.1324838804341334,0.0411545586735925,0.2164756652943771,0.2068090842116223,0.1656545255380298,-0.1652370516047692,0.0865923609575454,-0.0947070057022556,0.0705300459025135,-0.7874396374082557,-0.8067215398623234,0.0192819024540676,-0.0146825649530269,-0.0460502016453662,0.0313676366923392,True,True,4.307724947006837,4.656012957202435,0.677840909090909,0.2550698067440884,0.59987188057041,0.1301025431681153,2.863041826587559,3.9999094224502856,0.7405781157159833,0.3595701227577644,0.6574868631164587,0.29750368995120074
Cho2017,31,0,0.960087314513648,0.3345577884812,-0.338716588225488,-1.2988039027391358,-0.0114865182572582,-0.0387227095314883,0.9205958828800314,0.9320824011372896,-0.9197358846244998,-0.301379079365686,-0.6183568052588138,0.2514492519554747,0.0659712352492309,0.1854780167062438,-0.8703102324003961,-0.2756146816607731,-0.3724286705723293,0.4978815618280667,-0.2808767902678159,0.9272689883401132,-0.1129443682313984,0.1679324220364175,0.3267313958737032,0.2668073559800404,0.0599240398936628,0.2515872395282031,0.2553795983295935,-0.0037923588013904,True,True,5.665610425605976,6.4393923894597735,0.7298756173871063,0.3148341497133846,0.6752525252525253,0.23670273485312507,17.673667616834894,5.4168925004076245,0.7163806029040404,0.2618548709227193,0.8034310730646123,0.43251686620117447
Cho2017,32,0,-0.2081076091721546,-0.1789039211065313,-0.0294747325688301,0.1786328766033244,-0.0285194194803267,0.4636521879256023,-0.3193160161331325,-0.2907965966528057,1.4741649779035717,1.3108408341922486,0.1633241437113231,-0.0512583723157678,0.0175495177979559,-0.0688078901137237,-0.3665382717794642,-0.3240421956746124,-0.2317466011586952,0.134791670620769,0.1377091714104816,-0.0907625182166096,-0.389100832249994,-0.5268100036604757,0.6434643002062129,0.6863924662474161,-0.0429281660412032,-0.4375492830221484,-0.3494142483727417,-0.0881350346494067,True,False,1.6884893104946384,6.6861154667120735,0.9217300907258065,0.5575143988259569,0.6383812852792632,0.1896852752180425,3.3964210204513585,13.952559978141446,0.8202575673307041,0.45724692545067674,0.6600378787878788,0.2420806455110427
Cho2017,33,0,0.1973391192166096,0.3150373448819467,0.5927653204963591,0.3954262012797494,0.7300556154035145,0.7399505967115159,0.527571466312305,-0.2024841490912095,-0.3043948593375194,-0.6299049762610807,0.3255101169235612,0.1071632228946217,0.0952510982617673,0.0119121246328543,-0.3411179419019606,-0.0135636119227482,-0.6258607682604891,-0.2847428263585285,-0.406672277187856,0.0613166439676462,-0.6011108918439263,-0.1944386146560703,-0.6154106393695247,-0.3700780026680648,-0.2453326367014598,-0.154363841728442,-0.1702728002658695,0.0159089585374274,True,False,1.4305024368938704,4.300598666475739,0.7599747474747475,0.455836979290916,0.6322285353535354,0.2402101377956193,2.6372798498270558,7.506032183444091,0.6923573975044564,0.36192090342563804,0.7251912507427213,0.33368656297498656
Cho2017,34,0,-0.093307668016681,-0.088031790225009,0.1008808860370344,0.1941885540537154,-0.1116994328785554,-0.4774517197281631,0.4707393560474485,0.582438788926004,0.2790865944268149,0.1368583682560133,0.1422282261708015,-0.3919854871062426,-0.4584280874392971,0.0664426003330544,-0.0986847462020625,0.2908111260691446,0.123724165110256,0.2224089113123186,0.3143465005053601,0.9466638628620252,0.2105941284324133,-0.1037523720729468,-0.0732725419597232,-0.1852484823555303,0.1119759403958071,-0.2957928496427446,-0.1902194561677311,-0.1055733934750135,True,True,3.015189678273801,18.941269352392137,0.743768568033274,0.3818796326904898,0.7778130570409982,0.43349256469647335,3.5170408464849636,3.092583483014325,0.8648240214646465,0.508842575985827,0.6849803178847296,0.33163080463685174
Cho2017,35,0,-0.3869077348850605,0.3921738355517606,0.3096870913996026,0.6965948262846631,0.881534152016048,-0.1396492019649502,-0.3861409841662088,-1.267675136182257,0.4734305490992297,-0.0208193731956369,0.4942499222948667,-0.940247200477128,-0.3374209087897279,-0.6028262916874001,-0.5152901590196256,-0.6409265679159872,0.1781065706388673,0.693396729658493,-0.0219391812561397,0.3869513337668392,0.2544782953902876,0.2764174766464274,0.7656918747815519,0.6115573811643504,0.1541344936172014,0.0439034710942007,-0.0593546133016504,0.1032580843958512,True,True,3.6752556527525058,3.518908625642677,0.8057981978226286,0.4053589743560037,0.6312944472296494,0.14927929786326702,33.55872642570456,8.208626363564287,0.8784848230286739,0.4576470049439854,0.652920751633987,0.24480981411855596
Cho2017,36,0,0.0296406375155368,0.2226933128076669,-0.0269060673648529,-0.0565467048803898,0.8614832562773268,0.4037310898066343,0.0958596175898614,-0.7656236386874653,0.0849543146020475,0.1091519010912247,-0.0241975864891772,0.2288703222840747,0.3054261535446946,-0.0765558312606198,0.4857751951129807,-0.0676113872077477,0.2674028655387105,-0.2183723295742701,-0.299055922632555,-0.7054473168248564,0.9623150111558124,1.2613709337883674,0.7324696367041355,0.6181924689125979,0.1142771677915375,-0.1534181305925404,-0.4550101462719388,0.3015920156793984,False,True,8.234148551961612,5.039484220587454,0.7770981877599524,0.3910699307547613,0.7320845170454545,0.378189466614606,4.017411645992983,14.031183071875413,0.7772503258390356,0.41904129419585967,0.6498480902777778,0.17215470247155693
Cho2017,37,0,0.0673051428330958,-0.3722797706668139,0.0911342110768128,0.023829068243717,-0.3655098504736967,-0.4726749823308905,0.6722572068226772,1.037767057296374,-0.8185984391305211,-0.772480862692157,-0.0461175764383641,-0.26887299321492,-0.5645297368302815,0.2956567436153615,-0.1230081819457138,-0.2975238047878649,-0.4039312802762132,-0.2809230983304993,-0.7433644576189091,0.5380310146395043,0.7884541654366864,1.5318186230555957,-0.5462248616949741,-0.5177751747832647,-0.0284496869117093,0.4415702045718002,0.1088889280034806,0.3326812765683196,True,True,5.140823586992209,5.552978397223751,0.8294982221108139,0.4802505582423204,0.6922920612373739,0.22875481277817866,10.412303401284115,11.309186566329345,0.8144597398618538,0.3981989952888996,0.6567887050653595,0.26385269587788734
Cho2017,38,0,-0.7860936200463366,0.388939086562483,0.91853385809751,1.7046274781438466,0.2679117185125233,-0.570241433397115,0.7072693629447455,0.4393576444322222,0.6553768912908859,0.0391394912849411,0.6162374000059447,-0.1090476949977977,-0.1010259670185415,-0.0080217279792561,0.0939982497909334,0.5624048376212133,0.2000476418170058,0.1060493920260724,0.551348339415756,-0.7782132438684921,-0.3650805667338026,-0.9164289061495586,0.7136577146544691,0.566739940038036,0.1469177746164331,-0.0426734148211188,0.1076037680131427,-0.1502771828342615,True,True,13.961599428393255,14.121096890986925,0.7553921568627451,0.34440574407780405,0.7095387468434343,0.2748722591165758,3.4507839379842244,13.636543515239886,0.7446005544354839,0.3577828313551854,0.6566529263220441,0.19488320206190787
Cho2017,39,0,-0.0890398400207513,0.0135083475515864,-0.0193505529852821,0.0696892870354692,0.4265485468280315,0.5619478919610739,0.007095265283456,-0.4194532815445755,2.0562863658061303,1.98330150759265,0.0729848582134802,0.2804149885692476,0.3162001096050877,-0.03578512103584,0.0210394927192215,0.0605416366420156,0.0247197630623051,0.0036802703430835,-0.7248613767136866,-0.4239718616702239,0.0401833243947669,0.7650447011084536,0.2829079546114095,0.2703991184604806,0.0125088361509289,0.5335183191654111,0.3829646414245783,0.1505536777408328,True,True,1.1354077186509712,6.267243556368929,0.6327237654320989,0.3657909326646019,0.6129596748737374,0.2406304907708315,1.5582176524697635,14.01475220472885,0.5780642361111111,0.24448995730172599,0.624090514520202,0.2767107833084068
Cho2017,40,0,0.0774921782082704,-0.1366943564338587,0.6341138321948881,0.5566216539866178,0.0569137183413626,-0.0973705043641729,-0.1534404695319371,-0.2103541878732998,0.2597334159275689,-0.0183441076203829,0.2780775235479519,-0.540625164746623,-0.3688217942985917,-0.1718033704480313,-0.0299903160667851,0.1251885535980348,0.7524988317691708,0.7824891478359559,0.2618726033285403,0.0072282802522937,0.1870184206679661,-0.0748541826605741,-1.7520473808516996,-1.888993390493415,0.1369460096417154,-0.3366319435327026,-0.2215538468143743,-0.1150780967183282,True,False,9.589178666472641,2.2393000480860312,0.6381428320503421,0.304834911338939,0.6258819815805109,0.15908329462683643,9.062917767584617,1.3903278299244235,0.6122474747474747,0.2841565201355297,0.6022845643939394,0.1555659296388845
Cho2017,41,0,0.5711612420706187,-0.0482222777051264,-0.6514909216587177,-1.2226521637293364,0.3953864927109404,-0.2871832171891395,-0.853189815086533,-1.2485763077974734,-0.4966900933818982,0.1127491076034268,-0.609439200985325,-0.0398153814602201,0.1747229973215696,-0.2145383787817897,0.3699570186118427,0.2085028970736839,0.4504748392848406,0.0805178206729979,-0.2874245319942772,0.6107740579619436,0.7381746505699205,1.0255991825641977,-0.5733953953645095,-0.4236883379527351,-0.1497070574117743,0.7149772610260687,0.3226664035836978,0.3923108574423709,True,True,7.4185139615875455,24.68839007058607,0.7670552027629233,0.4502436461630745,0.6332660242127154,0.18713732273377812,9.35942067810945,4.862331173727946,0.7601463857323232,0.4272855205530673,0.6414249041350412,0.2665725814871516
Cho2017,42,0,-0.4276969624873002,0.1885971536970761,-0.331177630769136,0.0965193317181642,0.2532342644398208,0.090832173154869,-0.4800643859798171,-0.7332986504196379,0.2426479849828061,0.3330341521608616,-0.0903861671780554,-0.0504842369773989,0.1925018622132246,-0.2429860991906235,0.8000832609149138,-0.1725047583770541,-0.4355965575651299,-1.2356798184800435,-0.1825222205131884,-0.1457993465809651,0.2203950209906784,0.4029172415038667,-0.1867045670207617,-0.0219652737799103,-0.1647392932408513,0.6186828846724222,0.4649181540336291,0.153764730638793,True,True,10.700044346087495,6.209320436847006,0.7897865372474747,0.3349573227132397,0.6767305107526882,0.29229843514619147,19.824432718295768,7.400335972084826,0.7970012626262627,0.4045446801862238,0.6711534447295536,0.24484758926073003
Cho2017,43,0,-0.0069589109638508,-0.0843790478671283,-0.0803401683806278,-0.0733812574167769,-0.2889942759905441,0.2079915214118631,0.379237576010982,0.6682318520015262,0.1015153295758438,0.1657164490345455,-0.0642011194587016,0.3006601272169189,-0.1321533306461727,0.4328134578630916,-0.8487099070055789,0.8998795739548661,0.6441130207280441,1.4928229277336231,-0.7528972614855555,0.5046285097501914,0.3711263114881877,1.1240235729737431,1.1082410103863325,0.4851081671312212,0.6231328432551113,0.2091489088071322,-0.1513465966849099,0.3604955054920422,True,True,3.1992300214674465,2.717920213577187,0.85901512830511,0.4401516338346427,0.7378193701723114,0.3344467671733958,23.883565898429527,7.043117049627221,0.7641402536393346,0.3524605136884517,0.7201446913992869,0.24345746661047496
Cho2017,44,0,0.7214460181680188,0.0519102948406727,0.2167718880851938,-0.504674130082825,0.1026585557391945,0.0881469042821977,0.1421447809164402,0.0394862251772456,1.256719258813176,1.2372398834333171,0.0194793753798587,0.4856696388275553,0.4122390034136953,0.0734306354138599,-0.1085748688257792,-0.0907177193427368,-0.0933394879218306,0.0152353809039486,-0.1126418479154593,-0.0546967108589104,-0.1157203502185939,-0.0030785023031345,0.6594713440701172,0.7074018401131268,-0.0479304960430095,0.3408040869243859,0.3874445592722141,-0.0466404723478282,True,True,1.8561998644805957,2.09427315582577,0.6773358585858587,0.3514013455521005,0.65616458704694,0.18388817231599916,1.7380945356451345,2.0688474583256684,0.7016650883838383,0.2618201404508303,0.6558674985145574,0.21862907548827662
Cho2017,45,0,-0.3664198680997518,0.2207298223089833,0.4222352973873277,0.7886551654870795,-0.140146672237883,-0.4757031374065084,0.0706913838205817,0.2108380560584647,1.1526759279515726,0.6949848051350794,0.4576911228164931,0.0190127282764458,-0.1408019003202792,0.1598146285967251,-0.1448650889828804,0.0482731190452749,0.0181069350045028,0.1629720239873832,0.1051597760750988,0.8152301274098427,0.018180183299056,-0.0869795927760427,0.3249818776183149,0.1084711793131232,0.2165106983051916,-0.4761354263603612,-0.3957303579926188,-0.0804050683677424,True,True,8.037865157278661,3.1537978786632554,0.65933229352347,0.28252809461244704,0.6438409833630422,0.18928905026693824,2.568167409343785,3.7092930567139137,0.6366038602941176,0.2781581490865576,0.6525215389185978,0.21798773177735295
Cho2017,46,0,-0.0428581384330296,0.0364671160502316,0.1051421961775944,0.1480003346106241,-0.6200116169561355,-0.7297213069520054,0.1486957850836059,0.7687074020397414,-1.3512371209364282,-1.4821564970807828,0.1309193761443545,0.2328815491783282,0.0406346069076888,0.1922469422706394,-0.2564804190431189,0.016381891231354,0.2523846952450175,0.5088651142881364,-0.1103960260070969,-0.1407547947550753,0.1278180830048564,0.2382141090119534,-0.1902668189868855,-0.5128633545493337,0.3225965355624481,0.4416959329243985,0.3511655459304119,0.0905303869939866,True,True,3.357578709644141,18.826272201374014,0.5820997807017544,0.23162173236602157,0.6367080662393162,0.2714759494405343,5.022227167160822,4.771934180820061,0.6014752993124702,0.36425248275119576,0.6322878046315547,0.23466795381531358
Cho2017,47,0,-0.0311942665941279,-0.5190861959586555,-0.6074632901952889,-0.576269023601161,-0.989198636006266,-0.6984039133842875,-0.8257753140663715,0.1634233219398944,-0.0695991454472813,0.0115586404188879,-0.0811577858661693,0.019719582318114,-0.1385434143418988,0.1582629966600128,0.028599030185855,0.0736455867234977,0.1383972044067426,0.1097981742208875,-0.8693477322830726,0.0459206037860336,0.9115222636208056,1.7808699959038785,0.6076902003917635,0.4346569260218731,0.1730332743698903,0.460811019895611,0.0689720782394653,0.3918389416561456,True,True,24.79188564003006,208.38066333289976,0.7171835542929292,0.44126326757345335,0.6955529560308972,0.3715860368521786,1.927488708306725,17.52639299691839,0.6333500445632799,0.3360011527443587,0.6715853386809271,0.2732738287807374
Cho2017,48,0,-0.3785732089344401,-0.1678730774625924,-0.2561323852794953,0.1224408236549447,0.0372925261078385,0.1201413488959563,0.575852964993456,0.5385604388856174,0.4048597972902726,0.3816753202529543,0.0231844770373182,0.348220942780252,0.1955593439785332,0.1526615988017187,0.3078558016247682,-0.0992321684267457,0.2217760106067471,-0.0860797910180211,-0.076743305961055,0.0066733730262953,-0.9720091848438056,-0.8952658788827507,0.7116204801402664,0.6507775913904238,0.0608428887498425,-0.1801104399600381,-0.0811354252895714,-0.0989750146704667,True,True,3.3827696388012325,10.52796341430349,0.7278109761407175,0.38480986076546403,0.6884937379307784,0.2979908757844829,1.9493493259141033,147.02321532359312,0.6506846438172044,0.3498226241791325,0.6707553475935829,0.31254194474957697
Cho2017,49,0,-0.0855535151757878,0.6727969715518292,0.2006760382728594,0.2862295534486472,-0.0956299723416349,-0.3641375598011862,-0.665403439625495,-0.56977346728386,0.58416053291175,0.2396703955494101,0.3444901373623398,-0.2471423522527393,-0.0643124358908634,-0.1828299163618759,-0.0580926153992389,-0.1478389715646372,-0.1147671157165508,-0.0566745003173119,-0.2255657262222366,0.0790764055630646,0.2383350247041001,0.4639007509263367,0.9315797936055404,1.0913632697058675,-0.1597834761003274,0.1938534625442686,-0.0098097894076686,0.2036632519519373,True,True,3.9319697109310354,6.806612935864709,0.7787519406589616,0.41894005059643585,0.6669823232323232,0.2504810250540939,2.5541441636971567,3.1782698108713974,0.7292706476530005,0.36415278181066224,0.6978101325757575,0.35275351810197897
Cho2017,50,0,0.2027294809259417,0.1127822738830608,0.1935333913072193,-0.0091960896187223,-0.0912586375783568,0.758481068101745,0.3800257252984558,0.4712843628768127,0.4748777940929067,0.4140551532182596,0.060822640874647,0.0770264680479237,-0.0770969944281366,0.1541234624760604,-0.2034250625841766,-0.559247176498997,-0.1868992972070656,0.0165257653771109,0.3294635917522718,0.3346796654511326,0.2026846733554701,-0.1267789183968017,0.6735696732869529,0.8000186275569704,-0.1264489542700174,0.1496116044474742,0.1405785926520405,0.0090330117954336,True,True,0.9060851387736936,2.8346032078179113,0.6642695335710042,0.29120335569832184,0.6494188205585264,0.25011299019928673,2.588309711023683,5.422926332977902,0.7198102346999405,0.35200467156872856,0.6878565062388592,0.24411220236833997
Cho2017,51,0,-0.1168072135809504,-0.2185282088099904,-0.2563058249359204,-0.13949861135497,-0.0283078034114887,-0.0055743699506358,-0.1065037299149912,-0.0781959265035025,0.0127154546382558,0.1789868708936927,-0.1662714162554368,0.1430715391951196,0.2506554277046193,-0.1075838885094997,-0.0118503614911503,0.4567301697492532,0.3866037374420452,0.3984540989331955,0.1378635715557502,0.0943011308065032,0.1345486817930922,-0.003314889762658,0.2704626736902153,0.0415797111581868,0.2288829625320285,-0.228689884033894,-0.1983679484223432,-0.0303219356115507,True,False,2.645415332663293,1.387960583780605,0.7995509089052288,0.4268352679488075,0.7095683396464647,0.3736694864654537,3.061782926806238,1.4015218587874412,0.7680792297979798,0.48439549533948156,0.7275912850935828,0.3891043196223189
Cho2017,52,0,-0.2855476446717663,0.2498326939627701,0.6041747887845375,0.8897224334563039,-0.2485557602674017,0.0996239225339492,0.0371001692179936,0.2856559294853953,0.0439602773052344,-0.3405474405554034,0.3845077178606379,0.0133152860263255,-0.0561776979103158,0.0694929839366414,-0.2596018898614009,-0.6355530138326724,-0.6451917927473351,-0.3855899028859341,0.9400254406584916,0.1574449186814553,0.6518168616519523,-0.2882085790065392,-0.2048789838333608,-0.2015524660536206,-0.0033265177797401,-0.0536586090620311,-0.0169914563850683,-0.0366671526769628,True,True,6.904542031523885,5.622111497669562,0.7819720643939393,0.4239800376871948,0.6346646613190731,0.174546842945303,21.933082291497357,10.807265453608826,0.7700007891414141,0.37626392672236314,0.662326388888889,0.20828718094077212
Liu2024,1,0,0.2749239267652719,0.5448546376922678,-0.0313247501243469,-0.3062486768896189,0.4022316923479338,0.3610181571027572,-0.1844076237771004,-0.5866393161250343,-0.7152079884277234,-0.41592035803799,-0.2992876303897334,-0.4127459214476916,-0.2017516245449898,-0.2109942969027017,-0.2821712335641133,0.2535671643867857,-0.2360614683193483,0.0461097652447649,0.6321628043658817,-0.0167813611060869,-0.5762001425843903,-1.208362946950272,-0.0920539234115486,-0.1746140401763158,0.0825601167647672,-0.1442751167351741,0.3262338061560348,-0.4705089228912089,True,False,2.3722815573963416,3.8782553544691623,0.9959821428571428,0.6586816451101167,0.7948412698412698,0.3985653016877672,2.942988776145516,3.522463418514788,0.9259424603174603,0.45075876802570164,0.7468749999999998,0.23865034186114328
Liu2024,2,0,0.1646928024512682,0.0038888244719014,-0.1622767042260384,-0.3269695066773066,0.4807763375359543,-0.5878713989365908,0.0915144973944342,-0.38926184014152,0.1825940988125439,0.3518281294028687,-0.1692340305903247,0.7087709676178708,0.7712928012666016,-0.0625218336487307,0.977078958303184,0.2023384792338985,-0.2051490811163737,-1.1822280394195577,-0.7252223942103988,0.811814330727037,-0.6858284027696344,0.0393939914407643,-0.6603039046395646,-0.1158355758506507,-0.5444683287889138,-0.006393933529136,-0.0516728785991651,0.045278945070029,False,True,6.901398293806843,3.024092063304966,0.8408234126984127,0.2285971763861534,0.6827380952380953,0.21359521657956562,7.975680506462131,12.52070614983746,0.8148313492063491,0.23941675145548455,0.6179563492063492,0.13338906999226763
Liu2024,3,0,-0.7961704649712342,0.48934539154191,-0.9731175986014766,-0.1769471336302424,-0.7481205057350238,-0.5626825825307752,0.0646198686998876,0.8127403744349114,-0.2171393938254506,-0.8403825566926205,0.62324316286717,0.6490213215412539,0.3581918894877767,0.2908294320534772,-0.7408768151269692,-0.3746968457784728,-0.1406069642511449,0.6002698508758243,0.089284051145985,0.0127156257159655,0.7956061649978878,0.7063221138519028,0.4907786716802764,0.0680923677377812,0.4226863039424951,0.3948818866353706,-0.1348826845345588,0.5297645711699295,True,True,96.8554512464113,4.4125289002369055,0.7661210317460317,0.2957966102256316,0.615625,0.17299226241892443,7.863561141774256,3.006786430109468,0.8851190476190475,0.4026402911045386,0.7912698412698412,0.3321569129816519
Liu2024,4,0,-0.4576134509294284,-0.8246882790980101,-0.0890855726304545,0.3685278782989739,0.073074402586715,-0.0597559494939426,-0.592365791325533,-0.6654401939122481,0.4093102890227915,0.2799020453226911,0.1294082437001003,-0.0798704939287227,0.1315233270398578,-0.2113938209685806,0.7041526289003872,0.070730261152829,-0.9429965706384734,-1.6471491995388607,-0.4897473702497781,-0.8612019906339647,0.0619109365042,0.5516583067539782,-2.327395846019085,-0.8247357960455127,-1.5026600499735725,0.4922490937735905,0.3143861354353102,0.1778629583382802,True,True,7.484373506125217,4.691841780661316,1.15843253968254,0.5194144755411697,0.6375992063492063,0.21450923572607014,15.293282696578041,10.331962062442448,0.7739285714285714,0.31222105424597885,0.7167162698412698,0.2537469314468344
Liu2024,5,0,-0.4576134509294284,-0.8246882790980101,-0.0890855726304545,0.3685278782989739,0.073074402586715,-0.0597559494939426,-0.592365791325533,-0.6654401939122481,0.4093102890227915,0.2799020453226911,0.1294082437001003,-0.0798704939287227,0.1315233270398578,-0.2113938209685806,0.7041526289003872,0.070730261152829,-0.9429965706384734,-1.6471491995388607,-0.4897473702497781,-0.8612019906339647,0.0619109365042,0.5516583067539782,-2.327395846019085,-0.8247357960455127,-1.5026600499735725,0.4922490937735905,0.3143861354353102,0.1778629583382802,True,True,7.484373506125217,4.691841780661316,1.15843253968254,0.5194144755411697,0.6375992063492063,0.21450923572607014,15.293282696578041,10.331962062442448,0.7739285714285714,0.31222105424597885,0.7167162698412698,0.2537469314468344
Liu2024,6,0,-0.0533193832802863,0.3665499045059458,-0.0322643813275585,0.0210550019527277,0.7957892272616041,0.8719325103633413,-0.1266108025607981,-0.9224000298224022,-0.4841319559130498,-0.5337069959090457,0.0495750399959958,-0.8431139939045434,0.0285808996138356,-0.8716948935183791,-0.0020816739460185,0.238930561903042,-0.6267618729402867,-0.6246801989942682,0.0438547221228649,0.0017782904263111,-0.6385683345754634,-0.6824230566983284,-0.2393655601712496,0.3500061938655305,-0.5893717540367802,-1.1676869827675014,-1.0279536044219832,-0.1397333783455181,True,False,1.9313339579646467,0.913606672202998,0.8556051587301589,0.44595733135866306,0.8590476190476192,0.3806735783024792,2.8795994207808477,6.247635352012538,0.7762400793650794,0.2601297314615396,0.7457341269841269,0.2851911980039174
Liu2024,7,0,0.1272073905440683,0.5248389682230318,0.2227259188849571,0.0955185283408887,-0.2526381336543103,-0.0553074428055139,0.057619104698123,0.3102572383524333,-0.2565869054175653,-0.3096071109684253,0.0530202055508599,0.3000826349546021,0.063010084348298,0.237072550606304,0.3752748052298679,-0.2411599111145541,-0.3450324074818449,-0.7203072127117128,0.0777603496065826,-0.405178310341461,-0.3223119965102445,-0.4000723461168272,-0.6330363155509167,-0.2591245147454688,-0.3739118008054478,-0.4864933130985566,-0.2070199213876064,-0.2794733917109502,True,True,1.6482841019585137,3.331628315187308,0.8377480158730158,0.37709979493750967,0.6797123015873016,0.17839481350739658,4.304594439783816,2.5223774239402945,0.7721726190476191,0.2861965963869406,0.7080357142857143,0.32760070002567004
Liu2024,8,0,0.8161077457634918,-0.1656460262342537,0.0320985825306655,-0.7840091632328262,0.4575467739272107,0.4022594648262343,0.880009229978286,0.4224624560510753,0.223761240313699,0.3074435828357508,-0.0836823425220517,-0.0357298415911547,-0.107564303664715,0.0718344620735602,0.8427845151753046,-0.7717657990624783,-0.4509974231740473,-1.2937819383493518,0.7429596178652078,0.3541973514966449,0.0313897226429253,-0.7115698952222825,-0.5780314739191278,-0.0254315258588251,-0.5525999480603027,-0.8722360295355959,-0.4849398343730893,-0.3872961951625066,False,True,2.89846453376112,1.478009815745309,0.8314484126984126,0.3323877942025506,0.6722718253968253,0.1332659369979383,7.366811563143487,10.621284183126077,0.6685019841269842,0.1629399755931526,0.6638392857142857,0.15226778744168099
Liu2024,9,0,-0.2958912083613692,0.8143972051498671,-0.1672055607042723,0.1286856476570968,0.2840670490388238,-0.3098816696813676,0.230141427907743,-0.0539256211310808,0.4880349635352863,0.5510755495087308,-0.0630405859734445,-0.6859285908097772,-0.528641374642174,-0.1572872161676032,-0.1844499026190154,0.4206642689901497,-0.7369752139841524,-0.5525253113651369,0.3125525426124145,-0.1391502661750381,-0.8938467167346575,-1.206399259347072,-0.4724853992915634,-0.1897823026459532,-0.2827030966456102,-0.5364522353875657,-0.1834659219063603,-0.3529863134812053,True,False,5.921799869375217,4.3323715751870715,0.8848214285714286,0.30768050948450804,0.6311011904761904,0.10551784045824551,4.780514720979572,20.90863278824647,0.8521329365079365,0.32007854018523213,0.6114087301587302,0.15510479976651867
Liu2024,10,0,0.3738819873936764,0.8167230849519205,0.3808365607966973,0.0069545734030209,-0.3037405248859535,-0.1484814895787451,0.0640459902970645,0.3677865151830179,0.6512888666481778,0.4674323929106105,0.1838564737375672,-0.2365048976403193,-0.3548373765679654,0.118332478927646,0.2221101880540834,-0.4883918705042325,-0.5198662717693936,-0.741976459823477,-0.044718848484337,-0.7071881460398863,-0.6882854658447553,-0.6435666173604182,-2.402518074680468,-1.8769467361592096,-0.5255713385212584,-1.8887939105215543,-1.7984557732981634,-0.0903381372233909,True,True,1.0672577447312166,17.880799774895138,0.7000000000000001,0.17342352045093568,0.769593253968254,0.31536639886682233,17.116879292644104,12.48719093594795,0.7890873015873017,0.28927741426006054,0.7216269841269841,0.253086203442689
Liu2024,11,0,0.5019619429895305,-0.5614312950826157,-0.074769972222926,-0.5767319152124565,-0.1302131071638804,-0.8353555303681748,-0.6955584222320141,-0.5653453150681337,-0.625272610879374,-0.1674653929662092,-0.4578072179131648,-0.0900391916595901,0.2567965488855375,-0.3468357405451276,-0.9791306177794196,0.2149109288758033,-0.1750657220315838,0.8040648957478357,0.5124995034057921,-0.5668510756119645,-0.1494906089218884,-0.6619901123276806,0.1916078438384058,-0.4126892470871358,0.6042970909255416,0.2491553995131973,0.4466473973709352,-0.1974919978577378,True,False,1.9955960002672557,6.283401264277714,0.6979166666666666,0.2778232806275624,0.7653769841269842,0.21374657810738965,31.124111848539943,11.518799981992203,0.671031746031746,0.23524198612131655,0.7552083333333334,0.29114982008906237
Liu2024,12,0,-0.7898177095580629,-0.4916447761413884,0.8973976884290051,1.687215397987068,0.0564513665519425,0.4400691395509978,0.3368383478118647,0.2803869812599222,1.3433710634399154,0.3520992992808369,0.9912717641590784,0.4277057042106503,0.2008076689175639,0.2268980352930864,-0.6007593242158623,0.3212756439183465,-0.4507700102200901,0.1499893139957722,0.6363983538912285,0.7603198735225474,-0.593130731942591,-1.2295290858338197,0.1421724125466782,0.2300301498063539,-0.0878577372596756,-0.4474662989345206,0.1673878556225506,-0.6148541545570713,True,True,7.197166369479787,1.8710629869324507,0.685218253968254,0.24576907443184579,0.6384424603174604,0.15053023330078727,11.27563135519876,3.5978239482559573,0.6459325396825397,0.14784292714660438,0.750297619047619,0.3732404123214091
Liu2024,13,0,0.6142852587390906,0.7234765499800822,-0.0609342003236894,-0.67521945906278,0.1592522651217438,0.0391929501619396,0.9806465500457416,0.8213942849239977,0.7845168340912249,1.366265231288064,-0.5817483971968392,0.1905132592440667,-0.363980211881955,0.5544934711260219,0.0464909083883823,-0.3757191098222414,-0.7124289221053122,-0.7589198304936945,-0.1581788905542751,0.1242822110451095,0.12689897244431,0.2850778629985852,-4.520609345700918,-4.151976642201528,-0.3686327034993901,-2.3832289864085423,-3.0242366982925484,0.6410077118840061,False,True,1.944050420625155,1.1538599343238083,0.6570436507936508,0.17314812916208347,0.6162202380952381,0.100303770942355,9.895274960089186,2.4977178466023973,0.7010119047619049,0.29684523791561473,0.69125,0.22140057684365413
Liu2024,14,0,0.0932960478010903,0.1603645801445225,0.8898881288861749,0.7965920810850845,-0.1716722892595152,-0.6157461385379013,-0.9045245365606028,-0.7328522473010874,0.3452692292906304,-0.0051322886699463,0.3504015179605768,-0.3213126364106602,-0.2122567180486116,-0.1090559183620486,-0.4669540744262546,0.2676309297591823,-0.7722467491744871,-0.3052926747482325,0.8580471632316294,-0.6939097706532064,-0.1386982139548786,-0.996745377186508,-0.0988191770275492,0.1098952065431412,-0.2087143835706905,0.1862087926600752,0.5373839044993762,-0.3511751118393009,True,False,2.555188662095679,42.40636087166242,1.041765873015873,0.5120195109396578,0.7467757936507936,0.3207496120139423,11.371844472573798,1.6315257110381898,0.984375,0.6300336079842759,0.6758928571428572,0.15551118342092393
Liu2024,15,0,0.5018724447626244,-0.5614038117992889,-0.0745812932898946,-0.576453738052519,-0.1287459377188728,-0.8356829918296106,-0.6966439409590615,-0.5678980032401886,-0.6254627916648985,-0.1677153185650873,-0.4577474730998111,-0.0913006508791193,0.256374662793652,-0.3476753136727714,-0.9785910038431014,0.2149160520933303,-0.1739814137618971,0.8046095900812043,0.5110439300481987,-0.5664723915892119,-0.1496790522179149,-0.6607229822661136,0.1913679219944415,-0.4129037647661505,0.604271686760592,0.2488446993190554,0.4463217516722554,-0.1974770523531999,True,False,1.9949810383542317,6.293322384703715,0.6979166666666666,0.2778232806275624,0.7334325396825397,0.14841136895321724,30.437142245257704,11.548512588362778,0.671031746031746,0.23524198612131655,0.7552083333333334,0.29114982008906237
Liu2024,16,0,0.2704224876685276,-0.304261865412209,-0.1299381603182254,-0.400360647986753,-0.4804337485018181,-0.2452793328427906,0.4884657278357534,0.9688994763375716,-0.648719431223259,-0.2461570009809668,-0.4025624302422922,0.9926198874368212,0.2377020919048778,0.7549177955319435,0.801190840585219,0.1830424832261127,-0.3636226874597323,-1.1648135280449514,0.7177169650556958,0.0096357519870444,-0.6383563557066136,-1.3560733207623097,-0.9626528758044804,-0.2740067826530428,-0.6886460931514377,-1.799893999407923,-0.2256205262852935,-1.5742734731226296,False,True,2.966221706938318,5.821601399502246,0.7420634920634921,0.34765294435567884,0.8641369047619047,0.47797448632982603,2.939656059322146,3.801471277242831,0.9294146825396826,0.530794031212007,0.6573412698412698,0.14659942178609334
Liu2024,17,0,0.4595110581793463,0.5638527613131926,0.1653823329394432,-0.2941287252399031,0.1108837367183064,0.1190080607542808,0.581072456643859,0.4701887199255525,-1.2674985886215469,-0.8509049074657064,-0.4165936811558405,-0.1420388090749916,-0.2463115229592705,0.1042727138842788,0.345706820475794,0.7727370795012631,-0.423253327617082,-0.768960148092876,-0.2451984434643999,0.5448280112254338,-0.8414520565553479,-0.5962536130909479,-0.5618022100459752,-0.2479517529493384,-0.3138504570966368,-0.7312110163790194,-0.4840530081409201,-0.2471580082380993,False,True,6.741556180991581,3.8744528007872927,0.8574900793650794,0.3885875990670323,0.6895833333333332,0.2001441749788171,8.128479185321765,8.506405378648422,0.8264384920634921,0.3487397411569113,0.6673611111111111,0.12828630873724514
Liu2024,18,0,0.8070520894528294,-0.0136497448825228,0.0673619128062539,-0.7396901766465753,0.5606995752418356,-0.274816385391249,-0.576443834223684,-1.1371434094655195,-1.3196236427701131,-0.5428473056465806,-0.7767763371235328,-0.4362356471274418,0.0954878025700947,-0.5317234496975365,0.3286589213813191,0.4142261463791367,0.4456330098219652,0.1169740884406461,-0.8886112156830175,0.877398788764508,-0.3552980459832071,0.5333131696998104,0.8463937481955761,0.4564629478723984,0.3899308003231777,0.4700123151884323,0.4212680977837367,0.0487442174046956,True,True,11.543620875184113,14.810049837961182,0.7651289682539683,0.2667567224567269,0.7224206349206348,0.3043869872605179,1.295613274138598,13.221368527431176,0.663640873015873,0.14928142371337258,0.8112599206349206,0.2611962415997727
Liu2024,19,0,0.3019280495019443,0.1681875904830121,0.1132648305608584,-0.1886632189410859,-0.1374578283459992,-0.8751690421010311,0.8726029658847437,1.010060794230743,-0.3939940774516861,-0.2161923581262284,-0.1778017193254577,0.5828892783423778,0.1471574137398963,0.4357318646024815,-0.27252253954794,0.0127710940937479,-0.3424655394528852,-0.0699429999049452,-0.2857611991266812,0.4884574396088845,0.5804747700420015,0.8662359691686827,0.4290520744787794,0.704906010195606,-0.2758539357168265,0.20400392472074,-0.3833226800708654,0.5873266047916055,False,True,1.4979580743890306,25.777155232785358,0.7245039682539683,0.23200766614458002,0.7720238095238096,0.2805750037168971,2.320938395244456,1.8072739057757834,0.7216765873015873,0.2884892735487529,0.6751984126984127,0.16813266405873575
Liu2024,20,0,-0.5812044836831387,0.2107685613110141,-0.9175403756572248,-0.336335891974086,0.5815081385213373,-0.1145383727449643,-0.4939608794618251,-1.0754690179831623,-0.3299171802082408,-0.5183502656760262,0.1884330854677853,0.2069981076221441,0.7780612009754181,-0.571063093353274,-0.3540579549712444,-0.0634654948980128,0.0094499694504878,0.3635079244217322,0.438325773355403,-0.0779495514438446,-0.3360658453935991,-0.7743916187490022,-0.3008954060191445,-0.558533018168891,0.2576376121497465,-0.1985046131624832,-0.0747132815351051,-0.123791331627378,True,False,27.180867785478785,3.1808026281412274,0.7374999999999999,0.25561497029890884,0.6348214285714285,0.14316398011823162,7.239803897176171,8.682792368706991,0.7802083333333334,0.2650618689422682,0.6361111111111111,0.14373915747219956
Liu2024,21,0,0.9055652168440518,-0.703449073459168,0.0566306469101128,-0.8489345699339389,0.1831339307206479,-0.5281970802948109,0.066571436382258,-0.1165624943383899,0.2931823127432043,0.7663841044457906,-0.4732017917025863,0.5112273866755955,0.5569641163354356,-0.0457367296598401,0.2124856074032515,-0.4375284164596092,-0.0411889313671924,-0.2536745387704439,-0.1039665862747798,-0.6495136545622129,-0.1119376824061632,-0.0079710961313834,0.0638739268055967,0.3439728167744067,-0.2800988899688099,-0.5713371861395848,-0.6329870067272797,0.0616498205876948,False,False,4.660330977850832,1.4376639599686352,0.8056547619047617,0.38073335172571826,0.681795634920635,0.2269468951720028,8.566183316649099,4.257806474841797,0.8506944444444445,0.39022956700396083,0.7276289682539682,0.18839619622353246
Liu2024,22,0,0.8336013757667812,-0.7700767412851736,-0.1398660847192204,-0.9734674604860016,0.2142040631470843,0.3511397872440419,-0.6646375359445176,-0.878841599091602,-0.3518492578002221,0.1000007941577668,-0.4518500519579889,-0.2034188773795135,0.1692531960091859,-0.3726720733886995,0.7129893793280978,0.199394107169183,-0.248621537138897,-0.9616109164669948,0.9183163822661684,-0.9849161731821628,0.4395989983674543,-0.4787173838987141,-0.1633795328717107,0.2290918540305879,-0.3924713869022986,-0.2540375493839873,-0.0284768211846387,-0.2255607281993485,False,False,7.293104690867593,3.834710561805602,0.7408730158730159,0.29898196204062993,0.6719742063492063,0.22246471093800424,2.7557710983139425,88.2119885569316,0.6657242063492063,0.169469829313211,0.7427579365079365,0.31543494609774336
Liu2024,23,0,0.0692701414539181,0.0237983828389622,0.8903719786904872,0.821101837236569,-0.0577582860963221,-0.0899195702899615,0.9072053628549772,0.9649636489512996,0.7788868824148567,0.2753596410256962,0.5035272413891605,1.1432809221260194,0.507723112838398,0.6355578092876214,0.6494120689117195,0.7294665176249657,0.5258819576779202,-0.1235301112337993,0.034688944159734,0.4368233554179275,0.4578788865962883,0.4231899424365542,-0.4572978666576321,-0.2595985574313133,-0.1976993092263188,0.3261088959564458,0.1336726008324745,0.1924362951239712,True,True,3.922440396683949,4.849875448079349,0.9751984126984127,0.3213692657454749,0.7606646825396824,0.2920030198132257,1.531943193028207,1.932417970426674,0.7628472222222222,0.25974052332574216,0.6388392857142857,0.17240177771811682
Liu2024,24,0,-0.7458419399901153,-0.0559063798906944,0.3289347064792596,1.0747766464693749,0.6071320936029309,-0.5716866424210288,-0.7905395252971318,-1.3976716189000626,1.713802038311139,0.4474702754235122,1.2663317628876267,-0.3078728326968578,0.3614896051770389,-0.6693624378738967,0.3062354844086493,0.1654173679270952,0.4426427138742177,0.1364072294655683,0.6043167698784265,-0.4481752746512611,-0.1992279698310718,-0.8035447397094984,-0.5039834830238349,-0.4429047178209153,-0.0610787652029196,-1.1057060330623465,-0.504870228889774,-0.6008358041725723,True,False,3.6588169643696413,8.368191935748458,0.7332837301587302,0.18136042016442125,0.722718253968254,0.2231103001036927,1.8080740359857266,3.640187241680741,0.952529761904762,0.5116007323762578,0.7883928571428571,0.3252418036972874
Liu2024,25,0,-0.8213574213095687,0.2833783885348792,-0.0817450842755723,0.7396123370339964,0.1834120834475362,0.6348961192011155,-0.3464234923642952,-0.5298355758118314,0.7030228451860229,0.2178983117352201,0.4851245334508027,-0.1045951822553559,0.1247980255596744,-0.2293932078150304,0.1389521605387665,0.3565901927841682,0.2547871068716481,0.1158349463328815,-0.4986058659025127,-0.0225556537942217,0.1223357936395707,0.6209416595420835,0.7224131202660469,0.5392628773152548,0.183150242950792,1.4478000049872684,0.8788354318141987,0.5689645731730697,True,True,10.149125700307835,2.7280745917401483,0.984672619047619,0.6186639246872728,0.6851686507936509,0.19456844275115925,2.506757418887478,1.4078991076539165,0.847718253968254,0.3588061723990695,0.8737698412698415,0.34856206214697893
Liu2024,26,0,-0.5738683915754794,0.605538508536615,-0.77179204825144,-0.1979236566759605,-0.2958176210235563,-0.8928661543916571,-0.6507153883184578,-0.3548977672949014,-0.365492171068507,-0.6274844183811148,0.2619922473126077,-0.1624461378270518,-0.1463471050758998,-0.016099032751152,-0.0308719732187389,0.686950329478166,-0.2215054640326044,-0.1906334908138655,-0.0539436585629558,0.0428435953306516,-0.1922218389962657,-0.1382781804333099,-0.5695913195883955,-0.5109280792240898,-0.0586632403643057,0.0784956996752132,0.1578639853669602,-0.0793682856917469,False,False,9.89053617808173,11.666712521317846,0.8974404761904763,0.2563254342277013,0.6960813492063492,0.1907287532322842,3.276882577412959,4.395420501630943,0.7945932539682539,0.41235961283611006,0.6594742063492064,0.13936564005645996
Liu2024,27,0,-0.1307810956626365,0.0922930754943338,-0.5649680256915444,-0.4341869300289078,0.4809241003317992,-0.2943458736120435,0.2482542817802021,-0.2326698185515971,-0.5802788510472853,-0.2354942474376478,-0.3447846036096375,1.1798453360872156,1.048908373294835,0.1309369627923806,0.0443503066441724,-0.0137354610222815,0.1434741611571837,0.0991238545130112,0.721644905964146,0.0828094339926655,0.1563719289957928,-0.5652729769683531,-0.2956276135447891,-0.3595250967385232,0.063897483193734,-0.3026808820117783,0.1356106170976636,-0.438291499109442,True,False,2.3631579943463215,1.2409155741278712,0.9577876984126984,0.4289952380477437,0.888888888888889,0.6322634103769729,1.116720705186154,1.1731442683043234,0.8398809523809523,0.3156107278444864,0.7701190476190476,0.3078436369916675
Liu2024,28,0,-0.4168691554367993,0.275622387123989,-0.7297634387169122,-0.3128942832801129,-0.4294743898406191,-0.9777465689968178,0.6199395932661473,1.0494139831067664,-0.3499935397156371,-0.4450250730113862,0.0950315332957491,0.0334091102297771,-0.5303321969865618,0.5637413072163389,0.5167779887667289,0.9316163162503148,-0.5431184460638525,-1.0598964348305815,0.1810763715961417,-0.6440101945342676,0.453113321626617,0.2720369500304752,-1.1961772659379064,-0.2288591699949972,-0.9673180959429092,-0.2150652905541182,-0.2440899767883867,0.0290246862342685,False,True,14.279949199498938,35.348087850616366,0.720734126984127,0.27223742211299984,0.6844246031746032,0.17857155658270574,3.294758915708377,4.33412880576465,0.8284722222222222,0.37450983333107307,0.7393353174603176,0.24898644060502995
Liu2024,29,0,0.628865043094346,0.254878842159958,-0.6190363226420058,-1.2479013657363518,0.5365838139565144,0.9387850201811688,-0.2317553131173964,-0.7683391270739108,-1.189623535511394,-0.5390627054633692,-0.6505608300480248,-0.344642346894762,0.197771871221865,-0.542414218116627,-0.910518166097026,0.7961067121020619,-0.1457097192282447,0.7648084468687814,0.216571316129441,-0.1463689804775658,0.745445710098303,0.5288743939688619,0.7016191615855685,0.1692726837053666,0.5323464778802018,0.3006392761481533,0.0651081801798844,0.2355310959682688,True,True,4.752124576974567,1.2524730080423343,0.8307539682539682,0.2699927507920827,0.754265873015873,0.3334788934740227,13.252237820600941,2.7684005538943786,0.9815972222222221,0.45697387959836594,0.6438988095238095,0.14983705775623604
Liu2024,30,0,0.1519908387915,-0.8027692294865872,0.3641506365923382,0.2121597978008381,0.3837259154737442,0.0689921427080978,0.3343479322301185,-0.0493779832436256,0.1386134362083497,-0.0348622843212309,0.1734757205295807,0.2982414325466521,0.2317793565967748,0.0664620759498772,-0.8911746053225116,-0.9693900957821578,-0.7506242951523103,0.1405503101702012,0.2217623561817703,-0.1008533988449483,-0.8377458312757307,-1.059508187457501,0.0206696000722017,-0.3439461007556227,0.3646157008278244,-1.3180075655088026,-1.049139941982573,-0.2688676235262295,True,False,7.3443818368091165,2.680649219596216,0.7396825396825397,0.3265808304880646,0.7774801587301586,0.32562168028645716,56.85975780544208,93.95626417301092,0.8078373015873015,0.3569757783495658,0.6544146825396826,0.17592344746198552
Liu2024,31,0,0.1599163618235431,-0.9281337057215074,0.1242464304304305,-0.0356699313931126,0.3765783549648691,-0.5651168788188808,-0.5956772969497729,-0.972255651914642,-0.1914457535154234,-0.1346599774822581,-0.0567857760331653,-0.48496908048833,-0.0433698545830688,-0.4415992259052612,0.5791005621867424,0.7371487856639659,-0.1984358764526864,-0.7775364386394289,0.8357969290635707,0.9143470230395332,0.4327186624940646,-0.4030782665695061,-1.060900225761264,-0.3577584690620592,-0.7031417566992046,0.0079056536307955,0.063450392550641,-0.0555447389198454,False,False,53.116157275741195,5.840152050771711,0.6400297619047618,0.162011577501228,0.7467261904761905,0.25711069945601245,1.6074699094389295,2.7914596738851465,0.7033234126984128,0.25424850895809376,0.6164186507936508,0.08487058860492284
Liu2024,32,0,-0.4899815663378827,0.4313618986219851,-0.2483345525907286,0.241647013747154,-0.4008695657414708,0.3921509735580413,-0.4916287004798325,-0.0907591347383617,0.5252079655246963,0.5394460003909354,-0.014238034866239,0.095805674350592,0.2404351044375882,-0.1446294300869962,0.1777784363065586,0.2838245643793368,0.1227163417082084,-0.0550620945983501,0.3704366609902534,0.14178977249832,-0.2723457340208994,-0.6427823950111529,0.5867201785833608,0.5505495396899412,0.0361706388934195,0.0609383829970651,0.1674252927878765,-0.1064869097908114,True,False,3.132105905839955,5.096962461909636,1.0938988095238094,0.5491409360650271,0.6720238095238096,0.13065769291692572,1.8206314818941178,5.049858776243331,0.7337301587301587,0.22357508749520794,0.9225198412698413,0.5242160972392821
Liu2024,33,0,-0.1431771538457241,0.5415308099459144,0.4549101029475375,0.5980872567932616,-0.095401781321786,0.2873320371642454,0.6147387002924822,0.7101404816142683,1.1763290477857495,0.40893467489338,0.7673943728923696,0.0949892505987231,0.037039966618087,0.0579492839806361,0.1101606713455419,0.3869208579500035,-0.1107654417268212,-0.2209261130723632,0.1583171803903018,-0.604444435169843,-0.2325375801838932,-0.390854760574195,-0.3553644265869333,-0.2972900109273476,-0.0580744156595857,-0.5971685082821789,-0.3981064928963082,-0.1990620153858707,True,True,2.019405693537477,14.373521583957286,0.8365079365079365,0.3398671524849892,0.6659722222222222,0.1578748563695044,7.312389243786348,4.205155180033479,0.693452380952381,0.19069922574413592,0.7369543650793652,0.2661546751009502
Liu2024,34,0,0.261769579433065,-0.2164125334802147,-0.0830243925709989,-0.344793972004064,-0.2932004940988909,0.2456114592041894,-0.831589353774168,-0.538388859675277,0.370809616860728,0.521965623547842,-0.151156006687114,-0.4996233558215708,-0.3698047339737831,-0.1298186218477877,0.2995381546101535,-0.0480420564562848,-0.1318809871211471,-0.4314191417313006,0.0140620779478132,-0.7383085698238356,0.1521625693451511,0.1381004913973379,-1.0011985588966312,-0.4941551086991164,-0.5070434501975147,-0.0994712749694303,-0.1582938677152275,0.0588225927457972,False,True,4.360029120462909,6.6770296585837805,0.8702380952380953,0.4120584661587759,0.6495535714285715,0.13150324304761649,2.033984011163726,2.9271373771620666,0.8020833333333334,0.39929531864721773,0.6318452380952381,0.16093582013485663
Liu2024,35,0,-0.3952131610347308,-0.5364041203391107,0.2496769542032822,0.6448901152380131,-0.359932571427627,0.6293789014269774,0.771930719327262,1.1318632907548891,0.1145117237588787,-0.3245377067001205,0.4390494304589993,1.3528958003834115,0.3692896799915873,0.9836061203918242,-0.1103638633169617,-0.1329523511612078,0.0314979508161458,0.1418618141331076,0.1740811139039911,0.3498848072077409,0.0603614913951219,-0.1137196225088692,0.067817562399459,-0.1162345104369777,0.1840520728364367,0.159380697932308,0.1939664131859177,-0.0345857152536096,True,True,6.7557104494448055,1.5937936942567383,0.8572916666666667,0.3973840347090854,0.7253968253968254,0.2527325466194912,1.2868326861721169,2.186871434210731,1.006795634920635,0.4459032413486352,0.8834325396825397,0.3031440670074206
Liu2024,36,0,-0.2091292203184656,0.2189560540274197,-0.4492328619589179,-0.2401036416404522,0.0196745001208238,0.1292267966252551,0.3029623896298739,0.28328788950905,-0.151132960197332,-0.0414765483615853,-0.1096564118357467,0.0947604977402224,-0.052222130438537,0.1469826281787595,-0.219402265256031,0.3576565729696418,0.8164273690001287,1.0358296342561597,0.2688863512941868,-0.1238940109403064,0.0518506731552583,-0.2170356781389285,0.8191001733958164,0.1765998367721911,0.6425003366236253,0.8330483047423383,0.8013420388091824,0.0317062659331558,True,True,3.582873165971959,8.659868000152947,0.7100198412698412,0.1961153476828189,0.6282242063492064,0.12866885704732822,2.286260385442079,8.961668617752906,0.743204365079365,0.2837444446074413,0.585515873015873,0.10682320983957154
Liu2024,37,0,-0.0807488205937204,0.4223186119251457,-0.035938023119512,0.0448107974742083,0.7601010907470594,0.5166519135670934,0.9575823504868672,0.1974812597398076,-0.7885943724044551,-0.8684182909120566,0.0798239185076015,-0.1685987536389043,-0.1290232581966782,-0.0395754954422261,0.1203980590401287,0.2831962917764907,-0.7923403420117326,-0.9127384010518612,-0.9101901521872128,0.0543599205485249,-0.2608077554122121,0.6493823967750006,-0.6123643004494309,0.3293198156773489,-0.9416841161267798,0.522594719090931,0.4190409201927946,0.1035537988981363,True,True,3.734546881543244,2.5973447110728247,0.677797619047619,0.1307220925495248,0.6411210317460317,0.19484714728872468,6.716355796112045,20.816295410780977,0.751904761904762,0.34437964134653026,0.6519841269841269,0.219495932648785
Liu2024,38,0,0.8190750063015279,-0.2014176241789888,0.7008218328044743,-0.1182531734970535,-0.9940271629347296,-0.2060180800884347,-0.3079366337378079,0.6860905291969218,2.398798187868968,1.4188525904726657,0.9799455973963024,0.1819651549340898,-0.0464739202422118,0.2284390751763016,0.6564882590503798,-0.9376653091814052,-0.3064757605443127,-0.9629640195946924,0.4289349397654848,0.1530747889899697,-0.4726799846317549,-0.9016149243972398,-0.4481263497119511,0.0658735102827277,-0.5139998599946789,-0.3512161088284726,-0.1096960513686702,-0.2415200574598024,False,True,3.7021965209117553,187.22174215851226,0.748015873015873,0.184396696602201,0.5748015873015873,0.07226914068579547,12.426462534576416,9.354941042912408,0.7201190476190477,0.2788028385016748,0.5805555555555556,0.07989954551290844
Liu2024,39,0,0.8481591035645746,0.8861813792005346,0.4168614004260915,-0.4312977031384831,-0.8032414238324836,0.9633725888433144,0.773413434012555,1.5766548578450386,-0.3438320532228132,0.0035336454988015,-0.3473656987216147,0.0878843029171362,-0.1406923494311555,0.2285766523482917,-0.9453939817188232,0.3091829057351919,0.1788913653122272,1.1242853470310503,-0.3758204168254148,0.4517776376892691,0.6334290066909413,1.009249423516356,2.136725702693312,1.4449499667167496,0.6917757359765622,0.4697122625980656,0.1048262680438442,0.3648859945542214,True,True,1.254252560508568,10.527373807998496,0.7354662698412698,0.22134552863216203,0.6773809523809523,0.16341424443851935,29.66979022780063,4.999331620966102,0.7167559523809524,0.22750609890111426,0.5838293650793651,0.08560924570324734
Liu2024,40,0,-0.2370043994703165,0.834058940446456,-0.0249794679063719,0.2120249315639446,0.2808525918050707,0.3056803162643434,-0.8100885792445485,-1.0909411710496193,-0.082792638348163,-0.1739322477262618,0.0911396093780988,-0.7412113642311524,-0.4233911982138018,-0.3178201660173506,-0.2390973218473643,-0.1070408499064866,0.1450334004636747,0.384130722311039,0.4204394959038792,0.0423963261097461,0.7111346394107972,0.290695143506918,0.3196301001610339,0.1365627341407961,0.1830673660202378,-0.2134769952433249,-0.2075386797331463,-0.0059383155101785,True,True,6.616440014588083,16.74333312555656,0.7764384920634922,0.4037500917812562,0.6086607142857142,0.1529320165151369,5.157689721999371,2.0697624004534454,0.9140873015873017,0.4174790755567021,0.8250000000000001,0.4400451887256505
Liu2024,41,0,0.7783454320668364,-0.3191686209713862,0.866556973909109,0.0882115418422726,-0.048681241327139,-0.5905107826733806,-0.5056778482233801,-0.456996606896241,-0.8858548332575162,-0.5087065694294718,-0.3771482638280444,-0.4230434114481296,-0.3330097304378324,-0.0900336810102971,-0.1533309627506519,-0.2228069456685559,0.7661137886211199,0.9194447513717718,-0.2030669957332955,0.9254535989323156,0.5158944733261628,0.7189614690594583,0.4272550928886282,-0.0628724433530422,0.4901275362416704,0.8164767949230569,0.3642211716226268,0.45225562330043,True,True,5.125590866550424,8.390660608109075,0.8617559523809524,0.3792468183324385,0.8312003968253969,0.4089405739641605,2.3090072027486834,1.7345619807141455,0.8753472222222222,0.5655362186321679,0.6628968253968255,0.21578594610995525
Liu2024,42,0,0.8889988318058683,-0.7227705282539437,-0.2682045433096662,-1.1572033751155344,-0.4338451114147011,-0.412965638202431,0.7339831765152066,1.1678282879299078,-0.7521816827811536,-0.0289189748049254,-0.7232627079762282,0.9194950193090056,0.0887018586906249,0.8307931606183807,-0.1465825480627017,0.9040932396298934,-0.4239576283803036,-0.2773750803176019,0.3660949828402249,-0.1325375450013391,0.2148203053826546,-0.1512746774575702,-0.4384117262120978,-0.3295118061248263,-0.1088999200872714,-0.8218632907954442,-0.5482938593438293,-0.2735694314516148,False,True,4.925778801449897,2.55166468760573,0.7622519841269842,0.3323509879769539,0.6101190476190476,0.1111273698829305,3.453741587618225,3.926479071303597,0.7211309523809524,0.32545328974871596,0.6638888888888889,0.2629039735784658
Liu2024,43,0,-0.1043007328071817,-0.6213312809123698,-0.0720460968694365,0.0322546359377451,-0.0585822524631227,0.2212281939444594,-0.8404105248060875,-0.7818282723429647,0.5507352002955636,0.5808587992934887,-0.0301235989979251,-0.7522831433043753,-0.5550388574149672,-0.1972442858894081,-0.0583478474936256,-0.3926781617205803,0.0288436487234771,0.0871914962171028,-0.2471804829063075,0.4178253119503817,0.4020935738252532,0.6492740567315608,-1.1755089486736088,-1.264687080247154,0.0891781315735453,-0.0866438500686799,-0.2966423512020328,0.2099985011333528,True,True,6.3865465314759335,11.768779347314895,0.8447420634920636,0.3046574687741669,0.6142361111111111,0.0944390708680396,5.047654592446562,3.0325532724327373,0.8954861111111111,0.42011209009340716,0.6626190476190476,0.10652702294720486
Liu2024,44,0,-0.8353701313338859,0.0787985950168683,-0.723527323322039,0.1118428080118469,-0.622498739079209,-0.0827866698872947,0.3092599050270824,0.9317586441062916,-0.0454561693574645,-0.5231418381366862,0.4776856687792217,0.57225487238212,0.1459162055110721,0.4263386668710479,-0.2574135039714321,0.2278309866471786,0.1218959000515444,0.3793094040229766,0.2920989756426237,0.9310174506932518,0.740204912096468,0.4481059364538442,0.0313153462803602,-0.0838576131972493,0.1151729594776095,-0.058384538333478,-0.0819588714777352,0.0235743331442571,True,True,11.9054516153333,5.17973811648652,0.8032738095238096,0.3742556592031972,0.6693948412698414,0.15158652144517926,6.527020710338699,3.524737093225557,0.9491071428571428,0.47841099148738914,0.7600198412698412,0.3754523245142361
Liu2024,45,0,0.2264581377466109,-0.6620321864921498,-0.4048661238561736,-0.6313242616027845,-0.9704086183328802,0.0394905005287346,-0.2287609400369531,0.741647678295927,0.1877162191248444,0.8898572892257416,-0.7021410701008971,0.1920818524161376,-0.0731238001512785,0.2652056525674161,0.6859395717842165,-0.4883115742919294,0.056736838914564,-0.6292027328696524,-0.5201044909044781,0.3594819984671535,0.270650177695885,0.7907546686003631,0.2534589255197057,0.460096373697,-0.2066374481772943,-0.0546576181828726,-0.2769859918759648,0.2223283736930921,False,True,4.504955713976637,29.723720285380846,0.7875992063492063,0.27055168683569863,0.6052579365079365,0.0992370968917437,6.7670871174517755,3.66288978014703,0.8033234126984129,0.28745122375793325,0.7399801587301588,0.22996795988158716
Liu2024,46,0,0.1271826016808655,0.3040692122796533,-0.0411380736052832,-0.1683206752861488,-0.3777048968093283,0.1097290484999387,-0.0693745713651533,0.3083303254441749,-0.9585304373157704,-0.7995322420037381,-0.1589981953120323,-0.0780403898948441,-0.3107729818575387,0.2327325919626946,-0.5055039166178137,-0.5477475986527697,0.7284660798323642,1.233969996450178,-0.2032275743675518,0.0895883802112442,0.885036260507258,1.08826383487481,0.3985865531955589,-0.3106729189177774,0.7092594721133363,0.2693257086708629,-0.0122198934974773,0.2815456021683403,True,True,3.3419647563347534,2.4486774542819565,0.9012400793650794,0.39463025224817194,0.8049107142857143,0.46359416545394067,5.948250079858867,3.728305835727848,0.7467261904761905,0.19822412192826375,0.6804067460317459,0.1598875875123362
Liu2024,47,0,0.3535572164691142,0.0254133090324109,0.6004411046176048,0.2468838881484905,-0.3256730040152216,-0.973434945665416,-0.0167442098343215,0.3089287941809,0.0575762281657838,-0.1206790671655912,0.1782552953313751,0.3157628812095587,0.1354155738078331,0.1803473074017256,0.2337969986711426,-0.6833303250627731,-0.0794836859866621,-0.3132806846578047,0.4879715088769887,-0.3263175484786467,0.1879094237257539,-0.3000620851512348,0.0400314678606528,0.2936910858825685,-0.2536596180219157,-0.2481334642481161,-0.1198465879295,-0.1282868763186161,True,True,1.7371463199901236,103.61833417222107,0.7165674603174602,0.209731991111058,0.6868055555555556,0.2213733830488435,10.025522081336897,2.896711863618289,0.8508432539682541,0.41187269360881973,0.7930555555555555,0.34302792232296286
Liu2024,48,0,-0.3585188917513418,0.7370586135318422,-0.6065342019179618,-0.24801531016662,0.6523813766648345,-0.6990506905589147,0.80872829976361,0.1563469230987755,-0.3478629873297549,-0.3556337881580602,0.0077708008283052,-0.0643563910778303,-0.054343689247616,-0.0100127018302142,-0.0831315454790302,-0.2523734287345383,0.74798315835279,0.8311147038318202,0.6603838686603115,0.1788551502295627,0.5485344861317638,-0.1118493825285477,0.6339954852118257,0.0901110323098565,0.5438844529019692,0.4075372467390669,0.2846100054931679,0.122927241245899,True,True,4.198176155439973,6.353584097101508,1.0029166666666667,0.5840787336415554,0.6109126984126984,0.10110442334006697,4.190114181981003,2.924323630315996,0.7102579365079366,0.22055541838098436,0.7405257936507937,0.2642860899194602
Liu2024,49,0,0.353553882818191,0.0254183721586947,0.6004475926648796,0.2468937098466885,-0.3256876494010231,-0.9732747624642611,-0.0167460832206975,0.3089415661803256,0.0575979342966259,-0.1206693660390441,0.17826730033567,0.3157703380296709,0.1354167367952288,0.1803536012344421,0.2338065513860881,-0.6833330168841211,-0.0794840194515606,-0.3132905708376488,0.4879881883132564,-0.3263171709407373,0.1879093628253537,-0.3000788254879027,0.0400109644276687,0.2936805441556502,-0.2536695797279815,-0.2481280706947155,-0.1198390003800699,-0.1282890703146456,True,True,1.7371344852230213,103.00129952879415,0.7165674603174602,0.209731991111058,0.6868055555555556,0.2213733830488435,10.025474301684135,2.8967179803571894,0.8508432539682541,0.41187269360881973,0.7930555555555555,0.34302792232296286
Liu2024,50,0,-0.1832403289403814,-0.4088557218874143,0.2910696126501356,0.474309941590517,-0.0566771435048116,-0.2072156694188,0.4272674124842192,0.4839445559890308,0.1355233545731602,-0.0659059221353717,0.201429276708532,-0.1825559984726483,-0.4061849768976735,0.2236289784250251,-0.2124463223147427,0.1476093266420283,-0.1416046579797091,0.0708416643350335,-0.9444691740467124,0.7110461961854249,-0.656301169843919,0.2881680042027933,0.6302664572850318,0.6827469806227646,-0.0524805233377327,0.2364626480393875,0.4732116478357008,-0.2367489997963133,True,True,4.666829207207702,1.9299294360408241,0.7022321428571429,0.29068944479449094,0.7448412698412699,0.22592756346251464,2.13479819703451,16.963827501007305,0.9132936507936508,0.4372832093828913,0.6068452380952382,0.08037697468237544
PhysionetMI,1,0,0.0961127982754528,0.2567601254902338,0.4394171629980742,0.3433043647226214,-0.1586321216269141,0.3195597120236017,0.1014287844023912,0.2600609060293053,-1.7075018071643666,-1.768930214443754,0.0614284072793873,0.2040553101462071,0.0811868813125763,0.1228684288336307,0.5865838792679395,0.3283239292052156,-0.6634318234028107,-1.2500157026707504,0.4202253986752044,0.5740563717160716,0.0159718919539733,-0.404253506721231,-1.194721147730016,-0.5486608832055744,-0.6460602645244415,-1.2605975303641703,-0.8293261088285178,-0.4312714215356525,True,True,1.2745068759965132,2.092795384905674,1.047395833333333,0.6359733154599413,0.7534598214285714,0.3213923472770162,7.134120930497609,3.019929999447957,0.6858630952380952,0.22925990292083698,0.7653149801587302,0.3102892303608789
PhysionetMI,2,0,0.0010573324031026,-0.6652447495087684,-0.6421241540471866,-0.6431814864502893,-0.2407703577152705,0.248833530684608,0.2557619859902612,0.4965323437055317,-1.122176386882121,-0.8561944700777645,-0.2659819168043565,0.1847083842050325,-0.0936517882568326,0.2783601724618652,0.4182678665399882,0.2930070193465819,0.3421924362094045,-0.0760754303305837,-0.0802646356984802,-0.9659823463738392,0.7132216211610063,0.7934862568594865,0.0298844774845806,0.0551554792684637,-0.025271001783883,0.3514123842395865,0.1113864542675158,0.2400259299720707,False,True,6.344258774044353,1.2655444540918097,0.7526413690476191,0.23292244464379372,0.5943824404761905,0.09841596658430392,1.9657949233717966,19.844045138591127,0.7355357142857142,0.2644703285157082,0.6183407738095238,0.18582791159646087
PhysionetMI,3,0,-0.0190401546648722,0.6447668627204207,-0.013176455107587,0.0058636995572851,0.4526645628687258,-0.3262382642517204,-0.2660524470901648,-0.7187170099588907,-0.4999820997228741,-0.5156484612970822,0.015666361574208,-1.0726891454119036,-0.6570688386408848,-0.4156203067710188,-0.4771736807931643,-0.0585813055772208,-0.5798741126901256,-0.1027004318969612,-0.413661015729333,-0.7654144304698856,0.3326055057537163,0.7462665214830493,-0.6974187688572584,-1.2255844482277851,0.5281656793705267,0.1102298929561332,-0.1226260384202276,0.2328559313763609,True,True,1.7694762906476627,4.207426790033167,0.9386904761904761,0.49453091673797905,0.7901785714285715,0.25057056013140416,5.002194180580565,7.071041383146276,0.6788690476190476,0.206808009697778,0.7843377976190476,0.29424007983797157
PhysionetMI,4,0,0.0778288241878336,-0.0324577711565338,-0.9163690080129764,-0.99419783220081,0.2836523920798716,0.2164190911586548,0.6430738804965073,0.3594214884166356,-0.657998705541454,-0.1783018061111664,-0.4796968994302875,-0.2244566575238027,-0.3710443578326871,0.1465877003088843,0.0549074301880148,0.3013085315283459,0.4533885211401269,0.3984810909521121,-0.4473991022587339,-0.6789703543488872,-0.6953040553998724,-0.2479049531411384,-0.5949806565983227,-0.6370016644233312,0.0420210078250085,-0.2968576601917773,-0.3483526645347136,0.0514950043429362,True,True,23.043484926734692,1.0207296093505576,0.7675223214285715,0.29951295591902033,0.7543154761904761,0.2921972116735192,5.274820315751833,5.578326504973389,0.8356150793650793,0.4037083449597813,0.6867931547619048,0.23555185411840518
PhysionetMI,5,0,0.0616576364603053,0.086316244200063,0.9586101289786846,0.8969524925183793,-0.1953296931522116,-0.2868164504847617,-0.3795566606974014,-0.1842269675451897,-0.7889768356972744,-1.0121285882566728,0.2231517525593984,-0.2498636014624462,-0.2902907364421443,0.0404271349796981,-0.9461808183365472,0.0216231686702066,0.5111438298821772,1.4573246482187243,0.0908137656676711,-0.0435902864738199,-0.0270096027307068,-0.117823368398378,0.2375978493039124,-0.2448224123292784,0.4824202616331909,-0.4030252075296732,-0.3373826513515772,-0.0656425561780959,True,False,2.3637223695836855,9.041651351339342,0.7485714285714286,0.2581501177943826,0.7086309523809523,0.31619475803881214,34.97337813422449,2.2648501781354344,0.8346354166666666,0.35457037582225753,0.6723958333333333,0.16803360284099877
PhysionetMI,6,0,-0.3535369238750382,0.1188488530099909,-0.3931084022617406,-0.0395714783867023,0.1978739218588945,-0.2917765779995195,-0.4907032236895925,-0.688577145548487,0.0564647612981057,0.1116533322409667,-0.055188570942861,-0.4979513444728346,0.2419850546742592,-0.7399363991470939,0.1597268791037892,-0.3152923040951077,-0.187957968156771,-0.3476848472605602,-0.4386141634995227,-0.3865804718340482,0.0389442271974359,0.4775583906969586,-1.033693909540918,-0.4205892585754218,-0.613104650965496,0.1409844607240719,-0.2199615740431504,0.3609460347672223,False,True,7.60368096928122,2.0159302009435764,0.7861979166666666,0.2279666506715999,0.7531250000000002,0.29047818718469925,1.0221186503294601,3.019500991527455,0.6455357142857143,0.2270888644582714,0.5979166666666667,0.14075251505579647
PhysionetMI,7,0,0.795645589112074,-0.4650329019568086,0.8718233423558115,0.0761777532437375,-0.2115782341304992,-0.1064229536765413,0.5093775411868803,0.7209557753173795,1.2917465503168983,0.6881539501046429,0.6035926002122555,-0.0709822931627839,-0.30268813298476,0.231705839821976,0.1235771090502578,-0.0879345243123214,-0.1192169002348387,-0.2427940092850966,-0.9521066228022836,-0.1412590624591499,-0.1978071039041699,0.7542995188981136,0.4079322013189289,0.5994855336143246,-0.1915533322953956,0.2842440030417212,0.2600436395027317,0.0242003635389895,True,True,9.888423451988201,3.220209553248139,0.8975818452380953,0.5981091739586897,0.6368675595238097,0.13202800760144542,2.19532159810974,83.76381845628461,0.863578869047619,0.3621599088509458,0.6627976190476191,0.1366588715679706
PhysionetMI,8,0,0.1008178327627672,-0.0782422990146635,0.8581105567725247,0.7572927240097574,0.706292216710225,-0.1573160551438969,0.1105747394385106,-0.5957174772717143,-1.811928827910068,-1.6870597476724536,-0.1248690802376144,-1.5132843988801383,-0.7246182786298249,-0.7886661202503137,-0.1241506337858196,-0.37516780989429,-0.2529942761115598,-0.1288436423257401,-0.4403439804061586,0.0374387175124496,0.00082752012573,0.4411715005318886,-0.8118213687923491,-0.9078232081531384,0.0960018393607893,0.6827818495737787,0.6071741931527113,0.0756076564210674,True,True,6.3483777064962545,1.428142175612231,0.7203869047619048,0.20643637928791306,0.5910714285714286,0.10100535566537273,8.153098174456536,3.556383012087767,0.7442708333333333,0.29352180650070214,0.6899925595238096,0.23067448354924988
PhysionetMI,9,0,0.0836303675481737,-0.5648286372833056,-0.0812087919661636,-0.1648391595143373,-0.1016357130580326,-0.1746930694738944,0.0479728578174051,0.1496085708754377,-0.6141309953900553,-0.4958380397149601,-0.1182929556750951,0.1579283074641256,0.0971209665641238,0.0608073409000018,0.0502860088798313,0.1358007918510644,0.4784083666825826,0.4281223578027512,-0.8815000920385496,0.6166262964845681,-0.5631972298851586,0.318302862153391,-0.8572685143625566,-1.1038681857765906,0.246599671414034,0.0254565718484344,-0.0056890248474615,0.0311455966958959,True,True,9.54233144581094,2.7070788928848537,0.70859375,0.2723206625735503,0.7036458333333334,0.1728725226420079,2.3417858971381627,58.68978150029579,0.7729166666666668,0.3701076620536688,0.6461309523809524,0.09264721733890924
PhysionetMI,10,0,0.6971820392181906,0.742177416994172,0.1715012118868306,-0.5256808273313599,-0.0554589517336457,-0.8932613516529967,0.6910132503369188,0.7464722020705646,-0.1185751624879769,0.2203648838850296,-0.3389400463730065,-0.0670923628855514,-0.2991989923038872,0.2321066294183357,-0.2319431229602203,0.1654704887831237,0.6049380429105493,0.8368811658707697,0.5314534377471541,0.1548879798042756,-0.0302042212687581,-0.5616576590159122,0.0527225477052494,-0.3781523289016908,0.4308748766069402,0.121487593265873,0.3141318257108216,-0.1926442324449486,True,True,1.8832427096144484,10.89064400383905,0.7117187499999998,0.30511076861670117,0.6702008928571429,0.301075130455966,7.4247721545138035,1.8635397588826972,0.7958333333333333,0.5054178267749811,0.8788690476190476,0.5047960993428283
PhysionetMI,11,0,-0.0782840255341079,0.1422572078558299,-0.0798070712884623,-0.0015230457543543,0.5854775974037182,-0.0177747917436901,-0.2774416253227483,-0.8629192227264666,-1.1452798617660591,-1.2400262491244745,0.0947463873584151,-0.3738091393950445,-0.1995580461045929,-0.1742510932904516,0.0699724228888337,0.0920291793730655,-0.4478042027103276,-0.5177766255991613,0.0888409933293105,-0.7466829371450416,0.3180174381003037,0.2291764447709931,-1.8459918541757367,-1.3973512668496235,-0.4486405873261134,-0.6038319082540724,-0.6298317059236973,0.0259997976696249,False,True,0.8863084663156681,11.528295814616714,0.8246651785714286,0.48174300991238245,0.756361607142857,0.3959990428812144,3.7865916514672335,7.777144330125689,0.6557291666666667,0.19171667671428802,0.6787946428571429,0.3025891434282653
PhysionetMI,12,0,-0.7646347460676334,-0.2472032675732291,0.35356196368529,1.1181967097529233,-0.3984830467592409,0.5725818839149533,-0.3956197094182622,0.0028633373409787,2.259887415078107,1.15468350040517,1.1052039146729369,-0.1346643697410552,-0.2249116870109336,0.0902473172698784,0.7034145551462139,-0.3699678906445565,-0.6496149187860732,-1.353029473932287,0.7612930213648933,0.2402335816628018,0.2554151414173236,-0.5058778799475696,-0.1538285574894219,0.3998731587680447,-0.5537017162574667,0.1189525373733526,0.2728596327790742,-0.1539070954057216,True,True,4.770461201190284,6.770679738817343,0.8023809523809523,0.33925519716987645,0.7110119047619046,0.1762056967086519,8.517443726164409,1.794096046428698,1.093229166666667,0.6096846563726667,0.6557291666666666,0.14182807792184468
PhysionetMI,13,0,0.0752322289552239,0.152217077133646,-0.0243025403579494,-0.0995347693131733,0.0317109195184093,-0.3212565516884581,-0.9890159519749072,-1.0207268714933164,0.6146428524786749,0.8133340636551696,-0.1986912111764947,-0.4661208995133956,-0.3665118970478571,-0.0996090024655385,0.208637737698995,-0.0335942073040851,-0.1053667747335253,-0.3140045124325203,0.6082932455447337,0.7480505681352547,-0.8570621695133895,-1.4653554150581232,-1.1055089715023103,-0.7848960286124294,-0.3206129428898812,-0.4951755792172111,0.1588661066846937,-0.6540416859019048,False,False,1.1443563642839578,678.654566142786,0.681063988095238,0.2874169289751338,0.7467633928571429,0.2828555024454588,3.392027610287755,6.737351353123665,0.7825148809523809,0.31968902447950504,0.6675223214285714,0.19359007400493597
PhysionetMI,14,0,0.4116489061517523,-0.0675436987912008,-0.1345653703138214,-0.5462142764655737,0.0172233144149785,-0.3445898653728268,0.2627875099626166,0.245564195547638,-0.0150581878488336,0.3534388927622436,-0.3684970806110772,-0.7983743204267704,-0.8894042568156716,0.0910299363889012,0.1240064413540865,0.5158214955891233,-0.1580682252550585,-0.2820746666091451,-0.3363904363937791,-0.4561495898334914,0.061352149666512,0.3977425860602911,0.100595410039637,0.3437495760705322,-0.2431541660308952,-0.1482893667357551,-0.4207116532608206,0.2724222865250654,False,True,1.932767984580526,1.8041726633853328,0.7118675595238096,0.21895010996784472,0.7072420634920635,0.2183361415843331,3.1905293067149256,4.433657729370355,0.7558035714285714,0.31728993913825027,0.7487723214285714,0.2924556721847181
PhysionetMI,15,0,-0.6479088006331307,0.2777544824044502,-0.1408076446237235,0.5071011560094072,-0.1171005983974582,-0.2676059183101801,0.0754455986553376,0.1925461970527959,0.7317961919182926,0.6658748458479923,0.0659213460703003,0.1716885755925212,0.0424518689514393,0.1292367066410819,-0.6211884109047565,0.6964745043224891,0.0207422750774479,0.6419306859822044,0.062410645961927,-0.6836472863508154,-0.0559624008175665,-0.1183730467794935,0.0038915327853742,-0.4001487814441648,0.4040403142295391,-0.2077012083848903,-0.1582925813446872,-0.049408627040203,True,True,5.008340739821166,3.0520678869337785,0.7446180555555554,0.383236971368698,0.6800967261904761,0.25281348044429003,5.371193781941322,2.9032984232173984,0.7641617063492063,0.39098110824102794,0.7635044642857142,0.354822901841702
PhysionetMI,16,0,-0.9055138420379468,0.4146463496517111,0.3275369234232134,1.2330507654611604,-0.4230385948379932,-0.3966896750264948,-0.1122131343183746,0.3108254605196185,0.0492251162697257,-0.7287188428849687,0.7779439591546944,0.0777532713468693,0.0551710253452113,0.0225822460016579,0.2646318709243896,0.6920323136546345,-0.1136612233602687,-0.3782930942846584,0.4259137027327337,0.0591877627469304,0.5273766927819274,0.1014629900491937,0.5542100851411458,0.8294213591900172,-0.2752112740488714,0.7558452895606538,0.4625998835367018,0.2932454060239519,True,True,11.831575531815167,10.164616533089154,0.790438988095238,0.2729323410133194,0.6588913690476191,0.17794729727299421,3.969791200538085,1.5012911802637945,0.735763888888889,0.2913924555846877,0.773720238095238,0.34909170386103555
PhysionetMI,17,0,-0.9323917230763912,0.7886233981977103,0.4946751328719298,1.427066855948321,0.2300536424499322,-0.2780282594359497,-0.50544033244504,-0.7354939748949723,0.724850961738779,0.2245848573622706,0.5002661043765084,-0.5165791383281937,-0.0858945251935729,-0.4306846131346207,-0.6269108259831081,0.308694118591535,-0.2029822872583964,0.4239285387247116,-0.481734188859515,0.4960114890794527,0.7662334290799795,1.2479676179394943,0.3710762572630722,0.2837425453111717,0.0873337119519005,0.0104158322647707,-0.2511034832282157,0.2615193154929864,True,True,19.816413480159618,3.594326926058683,0.7257812499999999,0.36405995574792344,0.6686011904761905,0.20734647110075785,8.523093698009047,5.1197295816013275,0.6548809523809523,0.13308793968118046,0.7154761904761905,0.31784650774272505
PhysionetMI,18,0,0.0584580444806648,-0.322039617663798,0.4865053465491417,0.4280473020684768,0.0997490355426779,-0.2527317791441208,0.0472122885274,-0.0525367470152779,-1.519284529215288,-1.5018835297977815,-0.0174009994175063,1.0784839331269105,1.0844142200284628,-0.0059302869015522,0.0652591910892109,-0.2759477425095185,-0.485045787830489,-0.5503049789197,0.8130393076624711,-0.102210190129917,-0.2526457694535932,-1.0656850771160644,-1.9268981273677923,-1.7326976150025173,-0.194200512365275,-0.0961277186206448,0.5087450380623331,-0.6048727566829779,True,False,9.46603552513878,1.4340031237724655,0.7668526785714286,0.38803685274533734,0.7241815476190476,0.2248028804885133,9.542940272418482,1.9752870508721994,0.8762276785714288,0.35695364975869487,0.9520833333333334,0.5010029332210251
PhysionetMI,19,0,0.1885092126142209,-0.6010575432108973,0.1316419492554458,-0.056867263358775,-0.0913866071834078,0.0432368763388203,0.0020008596578325,0.0933874668412404,-0.6219528259523717,-0.4452228906614967,-0.1767299352908749,0.1777346489788486,0.1107731613269984,0.0669614876518501,0.2215277990592588,-0.6503543705468066,0.0674076551617905,-0.1541201438974683,-0.0932821427158994,-0.9695511620442656,-0.3442602099782027,-0.2509780672623033,-0.7190334911150225,-0.5240810591787584,-0.1949524319362641,0.197376058196256,0.5215241038807645,-0.3241480456845085,False,True,3.3048958525799637,3.2504040849673217,0.7526785714285714,0.3262548105556596,0.7121279761904762,0.22074223131070767,3.8985398984710895,41.41713916162713,0.7999503968253968,0.38401582298055265,0.563764880952381,0.06939626942830887
PhysionetMI,20,0,-0.3867366202045216,0.5629161904372583,0.3879092655712495,0.7746458857757712,-0.0917807233480079,-0.4861107158086813,-0.0075025831997227,0.0842781401482851,0.5416624372196043,-0.1338445189401833,0.6755069561597876,0.0059017955125539,-0.0654380520780241,0.0713398475905781,-0.4149876244662192,0.7835210590130096,-0.6996780957086296,-0.2846904712424104,-0.1351337950759207,0.0688720300575805,0.8795251823925103,1.014658977468431,-0.3018616068248384,-0.1935062843285289,-0.1083553224963095,0.1402253522883518,-0.2177947890908689,0.3580201413792208,True,True,2.570518642072775,3.183915275816562,0.7372395833333334,0.2585933144732226,0.66796875,0.2681507400467508,4.628751931876685,2.4326559324996873,0.8597470238095237,0.3619872914750168,0.691108630952381,0.21007539440808354
PhysionetMI,21,0,-0.0297525660227694,-0.8886221540128226,-0.1745085826857624,-0.144756016662993,-0.3001810351243131,0.3778334842745359,0.0590713742710694,0.3592524093953826,1.3846786631506371,1.761001385615912,-0.3763227224652747,1.2396498520372412,1.0088005142686267,0.2308493377686145,0.5111688728922444,0.5718913671152102,0.5036645694496148,-0.0075043034426296,0.4795801502966634,-0.2017329576837534,-0.0047768844928586,-0.4843570347895221,-2.425992445577952,-1.6029645341682863,-0.8230279114096648,-0.4088667052619397,0.0962881756609417,-0.5051548809228814,False,True,12.50867847553362,1.9889752120735338,0.8455729166666667,0.2689632020819144,0.8186011904761904,0.47118382038784024,2.0284923293498918,1.19542253794809,0.8538194444444445,0.38931056252297097,0.7851190476190476,0.25359066042400286
PhysionetMI,22,0,-0.6275219481573757,-0.9411817919196774,-0.3566461514298254,0.2708757967275503,0.3039079800080213,-0.2534471474245385,-0.2173431377493007,-0.521251117757322,0.2404551811574435,0.1910348434744773,0.0494203376829662,0.0406869949290389,0.239347076248135,-0.198660081319096,0.1138643042552535,-0.2706026857946407,0.1875933107861699,0.0737290065309164,0.0502303205842607,-0.2666419733367602,-0.9099474323664094,-0.9601777529506702,1.321717877470139,1.0940097188019755,0.2277081586681635,-0.2473836334527947,0.0120278580787077,-0.2594114915315025,True,False,46.2404412225257,3.5617742046231555,0.850186011904762,0.22264566466517566,0.7143973214285714,0.2110577460798686,7.886410194516247,14.041086245580168,0.6828993055555556,0.19369677281262968,0.725483630952381,0.29284532652251527
PhysionetMI,23,0,-0.1569578238958901,-0.0134795773662367,-0.8085600168497066,-0.6516021929538165,-0.1625422054786177,0.3150569040107133,0.189936853944018,0.3524790594226358,-0.0445810292202512,0.5025806646301068,-0.547161693850358,0.4859308660608252,0.3604756271367335,0.1254552389240916,-0.2559807009162377,0.4999282859258834,-0.0667547898817657,0.189225911034472,0.7280273510013079,0.4363891885963342,-0.6265215915797449,-1.3545489425810526,0.585173110182897,0.5799710069341657,0.0052021032487312,-0.4749252627011101,0.1556290058578069,-0.6305542685589172,True,True,9.040754404635871,4.336515282141575,0.9367559523809526,0.5327465030130824,0.7345610119047619,0.39081913948226593,6.900942376978666,3.949638517320818,1.006138392857143,0.6054873556671928,0.6683035714285714,0.1757993421727767
PhysionetMI,24,0,-0.2367930703280469,-0.0660413976041811,-0.5181837265763595,-0.2813906562483125,-0.8767535247743744,-0.1251899709090151,-0.4927701421547792,0.3839833826195952,-1.339706568179357,-1.646119898479918,0.3064133303005611,0.1180465559176698,0.1859327434527067,-0.0678861875350368,-0.0903434217313795,0.8407348116545896,-0.4291160892338976,-0.3387726675025181,0.0313667044262798,-0.60912061359084,0.3943553210067852,0.3629886165805053,-0.5851449649823586,-0.2765890988509403,-0.3085558661314183,-0.7749647214255948,-0.8616910120295341,0.0867262906039393,False,True,5.711236083248774,48.411625614165565,0.7805431547619047,0.31485088742065626,0.6514880952380951,0.19947241753128653,5.452511052729093,5.083349636024117,0.8627232142857143,0.43063093384173695,0.6242559523809524,0.1480529649804633
PhysionetMI,25,0,0.0405698557596311,-0.204637470624372,0.7861843717709236,0.7456145160112925,-0.1575327725125936,-0.0744538830105293,0.0222532894157241,0.1797860619283177,-0.1599177952989273,-0.4355195315994851,0.2756017363005577,0.5561513686196485,0.4111485047464631,0.1450028638731854,-0.371599509913545,0.3599164693777381,0.268380172997912,0.6399796829114571,0.3068137557381526,0.3670369862607756,0.1211096006847434,-0.1857041550534091,1.0030189863005754,0.553933186652842,0.4490857996477334,-0.3818789897845023,-0.1701331815693204,-0.2117458082151818,True,True,2.0153250890879453,1.3949802387477945,0.976078869047619,0.5927586764483731,0.6339285714285715,0.19020223843942763,4.015152844453439,0.9598371034825309,0.6379464285714286,0.2054357188322542,0.71328125,0.3190686117655626
PhysionetMI,26,0,0.7158762545507437,-0.0473733871828951,-0.0332244480176597,-0.7491007025684034,0.4420181397569313,-0.1047489539177375,0.0905431649260922,-0.351474974830839,0.3670931577913983,0.8228176867367738,-0.4557245289453755,0.4657223609313009,0.5227426449400061,-0.0570202840087051,0.5029496905274536,0.9517269139091477,0.3806185639153054,-0.1223311266121481,0.2299694790603661,0.6194660346033468,0.0908369491626114,-0.1391325298977547,-0.9414925263488244,-0.578214140484397,-0.3632783858644275,0.0801612152147646,0.1788972492574849,-0.0987360340427203,False,False,2.0175203798166743,2.032125290018057,0.7588541666666666,0.28322383655548444,0.7721354166666666,0.31307517115544914,2.084225932930092,1.8042595803131045,0.9320932539682539,0.45622803255216876,0.7258928571428571,0.20027457483125388
PhysionetMI,27,0,-0.5192794935667342,0.2380607266520336,-0.7666142764731755,-0.2473347829064413,-0.1719858820728723,-0.8274174592782705,-0.2724574390069582,-0.1004715569340858,0.0453264836689344,0.3572229378865629,-0.3118964542176284,0.0295699021880789,0.0758132565367192,-0.0462433543486403,0.9120741401461616,0.0783022719132792,0.5022961454446287,-0.4097779947015327,-0.5763735913273283,0.8473487977040468,0.3106555600441894,0.8870291513715178,0.935986221518211,0.6708197862702188,0.2651664352479922,0.6334824525427667,0.2118362672620262,0.4216461852807405,False,True,12.818497886145762,18.757958406151317,0.9865451388888888,0.5494015629409398,0.7032738095238096,0.1513644996779134,3.5076505246334384,4.185749562041006,0.8132812500000001,0.35143759752910064,0.6378720238095238,0.12493202642616684
PhysionetMI,28,0,-0.4197618012647036,-0.4977154942761894,0.1258442840937474,0.5456060853584511,-0.0405856486341551,-0.4146685802334983,0.2552607216694982,0.2958463703036534,0.7466071383977076,0.501541121271113,0.2450660171265946,0.3892221051504022,0.2525660118798624,0.1366560932705398,-0.074093008682183,-0.8718888892790242,-0.0282663638441938,0.0458266448379891,0.0148548887131368,-0.2039386171557024,0.5830885448909374,0.5682336561778005,-1.4135693432379663,-1.54961914159797,0.1360497983600035,0.1972792613969846,-0.0120270548497625,0.2093063162467471,True,True,10.481928703170366,3.683101062140215,0.8872023809523809,0.4376010796684309,0.7483258928571428,0.27394779264465297,27.093972057207527,4.082998070720867,0.7510416666666666,0.2253691801349713,0.6527380952380952,0.15813347832820965
PhysionetMI,29,0,0.853457909234432,0.3496035086528019,0.70876770611958,-0.144690203114852,0.5303984812660881,-0.0569220820012308,0.3483666619623105,-0.1820318193037776,-1.436959167662478,-0.7202759925468343,-0.7166831751156437,-0.2230351452362848,-0.0374710564710443,-0.1855640887652405,0.2993593337110874,-0.2219091704601062,0.1600658784504433,-0.1392934552606441,0.5347456328586878,0.1128276125280739,0.2550796080437549,-0.2796660248149328,0.9917637014295424,0.9887214141030832,0.0030422873264589,1.6473862803528267,1.380224292967836,0.2671619873849908,False,False,1.966382816829807,1.396258143708116,0.605282738095238,0.13690916471906303,0.7078124999999998,0.267529289759491,1.223903375968524,1.6122625145944223,0.6470238095238096,0.17880665979348265,0.5677455357142857,0.09003969482109515
PhysionetMI,30,0,-0.874507826554893,-0.6794018729892708,0.6738458912032355,1.5483537177581286,0.5891922527316189,-0.5023189270327815,0.1797476942948342,-0.4094445584367847,0.8396505714044298,0.254171350522374,0.5854792208820558,-0.4577236811936795,-0.2467550418479932,-0.2109686393456863,-0.2073857786146072,0.4149299806078468,0.2155522553415814,0.4229380339561887,-0.8687620871148313,0.8111690884339993,0.1734207924642422,1.0421828795790735,0.5631057061201399,0.3719733414027657,0.1911323647173741,0.2762960270550306,0.0943223730740926,0.181973653980938,True,True,29.928929181089202,11.181923035918137,0.62890625,0.14373434944502575,0.8562499999999998,0.5546920004278059,4.334311437976883,24.264265744760152,0.9089285714285715,0.5405510727402305,0.6907738095238095,0.17318215102006748
PhysionetMI,31,0,-0.3867267779663623,-0.135288661103981,0.0279583734378553,0.4146851514042176,0.7228245107680634,-0.2405213740411873,-0.4185592294962384,-1.141383740264302,-0.2073760434810329,-0.7456257931415523,0.5382497496605194,0.1410591132299887,0.5447415821770487,-0.4036824689470599,0.1946974780785217,-0.3966733690972522,-0.3149531104673174,-0.5096505885458391,-0.1029569912332581,-0.4886691833401755,0.3434124776339139,0.4463694688671721,-1.6284933643652075,-1.1350006215495378,-0.4934927428156697,0.2021573309096556,-0.1030360973320703,0.3051934282417259,True,True,3.493514035345195,5.158913434589161,0.7246651785714286,0.375161473042447,0.8656622023809524,0.47119157923614313,3.365999677774331,4.4176257195597035,0.7787499999999999,0.31431075767306943,0.7392857142857142,0.3050351936858329
PhysionetMI,32,0,-0.3769427424927846,-0.2533722472460376,-0.5397286473317148,-0.1627859048389301,-0.0408785061445291,0.317909419585924,-0.3848792438523142,-0.3440007377077851,0.2222447265468734,0.6071428653948612,-0.3848981388479877,0.0183715472587476,0.1953887374676522,-0.1770171902089046,0.1408748151682528,-0.4686997434199023,0.5642809932440718,0.423406178075819,0.335966809743413,0.8256216681311441,0.684481240676508,0.3485144309330949,-0.197662767294392,-0.3482121949499097,0.1505494276555176,0.2497169986197595,0.1345665078198142,0.1151504907999452,True,True,5.255119869838239,2.9812190439671995,1.104464285714286,0.6624589665999356,0.6062003968253968,0.12964079267609976,4.133733530149627,7.533604672684613,0.8083333333333332,0.3401726741190562,0.6401041666666667,0.19792582947826617
PhysionetMI,33,0,0.2547930097605616,0.5632721354708536,0.462388542254904,0.2075955324943423,0.9149478869295208,-0.3800360760473623,0.7096094927468339,-0.2053383941826868,0.6275765217222504,0.3159908009875634,0.311585720734687,-0.5981509835410203,-0.2929125296184092,-0.305238453922611,-0.3432086278117883,0.2936383231070277,0.4435821962818218,0.7867908240936101,-0.11309752221647,-0.9518530742312128,0.6081400837687461,0.721237605985216,1.0041216507598425,-0.6700832709332696,1.674204921693112,0.2233032212199097,-0.1372619506789882,0.360565171898898,True,True,2.063007904875542,3.702288560695821,0.6200520833333333,0.14213898523282395,0.6887648809523809,0.2300798207482765,1.2418800519374187,60.074354796498966,0.6188492063492064,0.16905829617508386,0.5833333333333334,0.11665627271854391
PhysionetMI,34,0,-0.099570884750488,0.6103216603508629,-0.0233611356823629,0.0762097490681251,0.3175486161526369,0.499724930252598,-0.9642244398940172,-1.2817730560466545,-0.5959729659890018,-0.81087961385066,0.2149066478616581,-1.5840217958802238,-1.1819037954696407,-0.4021180004105831,-0.0762770587162071,-0.0878786113522117,0.1649179470806454,0.2411950057968526,-0.2596195264899519,-0.3037699611021728,0.545233923433725,0.804853449923677,-1.0033946344037936,-1.4836356831563406,0.480241048752547,-0.5262900944753826,-1.2076153218518746,0.681325227376492,True,True,1.0116619962809674,896.1478027409165,0.7752976190476191,0.32267060110765317,0.6061507936507936,0.1350646758838354,0.8940603576069547,2.419963045271419,0.7466145833333334,0.30473351787193176,0.6764508928571429,0.15935079847118147
PhysionetMI,35,0,-0.2022047485692325,0.0872070390814517,0.1386635116421391,0.3408682602113716,0.248242357540635,-0.3243666798056029,0.5232543898836367,0.2750120323430016,-0.2039541932183568,-0.8563318152102868,0.65237762199193,-0.4402509610593709,-0.4252950673826507,-0.0149558936767201,-0.5306399646690769,-0.0128747113278262,-0.1628603516626515,0.3677796130064254,-0.3983049585994893,0.339703213217849,-0.4270374879961231,-0.0287325293966337,0.7601384559994779,0.4894464713155239,0.270691984683954,0.1459479574784089,0.2672840113697659,-0.1213360538913569,True,True,1.456789685508963,2.6691415462079555,0.7011160714285715,0.2911784966962223,0.6050595238095239,0.10250150438825313,2.232915768419192,4.410508588346364,0.7913318452380951,0.354678393310172,0.6668526785714285,0.18529595316358907
PhysionetMI,36,0,0.8020563192297456,0.7972855293513209,0.7341907494657676,-0.067865569763978,-0.2156831255337795,0.1032332327456579,0.2411166632103685,0.4567997887441481,-0.0564434963879674,-0.026151440792568,-0.0302920555953994,0.0895100129407796,-0.0653781286931673,0.1548881416339469,0.6713807742536988,-0.4032774823606571,-0.1436588339721481,-0.815039608225847,-0.919927558421316,0.0181462259067437,-0.1786455278991836,0.7412820305221324,-0.4181879465976916,-0.0058595505341554,-0.4123283960635362,0.7004860975527122,0.5944483966170284,0.1060377009356837,False,True,5.789181521316485,2.50211245060736,1.1716021825396825,0.47589089676085666,0.6649181547619047,0.21831292600475813,4.953771213064582,17.629570844871484,0.8294890873015873,0.41378857253127926,0.7517857142857144,0.3424780783685683
PhysionetMI,37,0,-0.3699851502338281,0.1850597900164882,0.5879256186392066,0.9579107688730346,-0.1316203822710521,0.2169024161675148,0.0133710116062706,0.1449913938773227,0.3765208030134905,0.1261563005779175,0.2503645024355729,1.1795367923807214,1.1424434456895105,0.0370933466912111,-0.7409176155098383,-0.0745390251602969,-0.0587126145776419,0.6822050009321964,0.2451866896198842,0.291440507480413,0.1471857661939564,-0.0980009234259277,0.3471727833180498,0.0714109518476885,0.2757618314703613,0.5044450261601021,0.4536584445416893,0.0507865816184127,True,True,5.951497305670167,2.99392279197599,0.8456101190476192,0.3309368668077964,0.7244047619047619,0.24265496495119354,6.627741234870615,3.3027630871407325,0.8088169642857143,0.3874887409361287,0.7922619047619047,0.27474940612798704
PhysionetMI,38,0,0.8821691196369494,0.390977970895582,0.2596970795937448,-0.6224720400432047,-0.0541555223379387,0.0953605779473029,0.2119472478116517,0.2661027701495904,-0.6061567318088429,-0.1732605973187283,-0.4328961344901145,0.2071213092425431,0.1291002272013626,0.0780210820411805,0.1529557962551127,0.1345326815349432,-0.544497298097623,-0.6974530943527358,-0.3556935885537121,-0.5909388781093923,-0.7498656194979101,-0.394172030944198,-1.1524976440420618,-0.5167564850590554,-0.6357411589830064,-0.277262662170836,-0.1830569933259074,-0.0942056688449285,False,True,2.4671326670288796,4.96778259072692,0.8126488095238095,0.2825449508918893,0.7008556547619048,0.24025590372245573,2.138408589983291,5.85814728501494,0.8276785714285714,0.3366657714264156,0.6824404761904762,0.16242057090492554
PhysionetMI,39,0,-0.1032650668400305,-0.4731583719309298,0.0111710221927656,0.1144360890327962,-0.1002911346624071,0.6444918743149659,0.0351850185316069,0.135476153194014,-0.3246899507882623,-0.5189196266345926,0.1942296758463302,0.9239567455865204,0.8202072834201986,0.1037494621663219,0.7214666072688347,0.1577332120892436,0.5914088972181295,-0.1300577100507052,-0.9122738443748242,-0.2483339522087235,-0.8443925208899192,0.0678813234849049,-1.213303223926439,-0.6633700446581481,-0.5499331792682909,0.0349095265333299,0.1185818973058859,-0.083672370772556,True,True,6.9671999785234044,0.8475455852389929,0.8444940476190474,0.37279212741334833,0.7594122023809523,0.25067115525302697,1.5919947766581195,26.212680293416167,0.8205729166666668,0.39288652640831745,0.7351934523809524,0.41681692566860035
PhysionetMI,40,0,-0.4286889584925571,0.0829262216379573,-0.1289552906712785,0.2997336678212785,-0.5227884586398835,-0.2225842291201302,0.7776922269304443,1.300480685570328,1.2024392200010157,1.2030131097369756,-0.0005738897359599,0.2341193876156174,-0.2351846875466238,0.4693040751622412,-0.0227830310319051,0.3375906746262824,-0.3475396650761184,-0.3247566340442133,0.1304878425858547,0.0083809981470044,0.0411169609859236,-0.089370881599931,-0.1741799815741045,0.0277619137325542,-0.2019418953066587,-0.9838152214802318,-0.8391895636887983,-0.1446256577914335,True,True,3.5469845270403257,2.819486527554133,0.6473214285714285,0.16794064705492398,0.6678571428571428,0.22405210164519143,1.9561993691062618,1.8113277035761925,0.7669270833333334,0.33233301240482765,0.7763020833333334,0.2860763110272286
PhysionetMI,41,0,-0.8686061823365233,-0.6349153325349877,0.4314715246138629,1.3000777069503862,0.1496308204851283,-0.0176811123386118,-0.7836648089328468,-0.9332956294179752,0.7033038259583663,0.3639797718101878,0.3393240541481784,-0.1285728913825536,0.4385961065177052,-0.5671689979002589,0.8228667174261612,-0.0882496170666509,-0.1971481105298469,-1.0200148279560082,-0.2074354390533421,-0.1873617896170577,0.8371106677520898,1.0445461068054318,1.0436923970498917,1.5052997343251435,-0.4616073372752522,0.2485305838443116,-0.2095836926773633,0.4581142765216749,True,True,47.08356340537626,6.84486901146028,0.8012152777777777,0.4774824987176514,0.6918526785714286,0.19186545616223474,3.160934959387156,2.4231447389812613,0.7324404761904763,0.31016897590665365,0.8005952380952381,0.2882574427796119
PhysionetMI,42,0,-0.6889236143438103,-0.7104069226264259,-0.9334813607821416,-0.2445577464383314,-0.1443886393643018,0.4206055770446738,0.3148431877550322,0.4592318271193341,-0.2363788708074374,-0.1151516721199581,-0.1212271986874792,-0.6720251883192893,-1.1084947110516246,0.4364695227323353,-0.0745584398480907,0.5339906825750727,0.2153390587304127,0.2898974985785035,-0.9238134175283472,0.4138902605912226,0.069318442421234,0.9931318599495812,0.0840407420243442,-0.0750987191168021,0.1591394611411463,0.146820392874664,-0.2480839620739099,0.394904354948574,True,True,10.17906968078587,1.2030755448067194,0.8340029761904763,0.45067964827882473,0.6355282738095238,0.18880905126981282,2.6480040623707066,23.40219227556351,0.8849702380952381,0.40933504780464264,0.5832961309523809,0.11033321221573078
PhysionetMI,43,0,0.0815288841580188,-0.301532666317527,-0.9497172446637796,-1.0312461288217984,0.5154799448889354,0.1441640161573645,0.3644082493988046,-0.1510716954901308,-0.8209369060607019,-0.5210265163194907,-0.2999103897412112,0.1210611400492115,0.1368158665494576,-0.0157547265002461,0.2653879356590046,0.5034351216104637,0.5668888768556436,0.301500941196639,-0.6664643864471407,-0.8636680653161186,0.0151817780087175,0.6816461644558581,-0.2688027303421074,-0.3823216261322602,0.1135188957901527,0.287745777640246,-0.0050383409267372,0.2927841185669832,True,True,56.458238716146916,1.5930436094406104,0.7418154761904762,0.3105979697764562,0.6577752976190476,0.2530886295177422,1.427567567853677,12.264549628793072,0.8512276785714287,0.495060054986639,0.628125,0.14800574057669216
PhysionetMI,44,0,-0.5599896096950953,0.0562954373649797,0.3275542899896214,0.8875438996847167,-0.034139463157422,-0.2354649047556577,0.2827615335190859,0.3169009966765079,0.8915792784531276,0.1517270216741079,0.7398522567790197,0.8056617720336117,0.5734839357449915,0.2321778362886202,0.8333931029088867,0.0997811073238185,-0.8792885951083333,-1.71268169801722,-0.883740537984562,-0.2155717959211392,-0.8984655575021825,-0.0147250195176205,-0.8923079147018659,-0.0146510262060705,-0.8776568884957954,0.0209101585502482,0.2373928991726387,-0.2164827406223905,True,True,3.868868246301498,3.5353732782216873,0.7326388888888888,0.18512185968488812,0.6467633928571429,0.13964616686474265,17.39630905046669,32.941774447356636,0.6912574404761904,0.2814629332665685,0.7125744047619046,0.2555898167080388
PhysionetMI,45,0,-0.9089127579749904,0.0535826472153291,-0.0848997606842736,0.8240129972907166,-0.1832256607662876,-0.131220059900323,0.0928838274727887,0.2761094882390763,0.2918375041255079,0.0100149277121552,0.2818225764133527,0.0085528364238916,-0.0185905616047584,0.02714339802865,-0.4381988791220241,0.0681899956195796,0.4545315289777269,0.8927304080997511,-0.3846508952544201,0.4776096689669353,0.8946501908604311,1.279301086114851,-0.4412486328287764,-1.174249180387735,0.7330005475589586,0.8947169573063372,0.4586658749153602,0.4360510823909769,True,True,20.605997051900776,9.698939252897823,0.8765997023809523,0.45758012271121445,0.6776785714285714,0.1637771730497407,4.526183500451122,32.39537313897467,0.8699776785714285,0.37918148881126035,0.6382440476190476,0.17170146947082618
PhysionetMI,46,0,0.9585868605628232,0.1951392592214102,0.325326277296969,-0.6332605832658542,0.4857256466971228,0.0374839181943947,0.3083188647894374,-0.1774067819076853,0.9224922217659396,1.0148905938749748,-0.0923983721090351,-0.6243585442971749,-0.3917359645483422,-0.2326225797488326,-0.140840068242626,-0.1371115242158148,-0.2055658062368197,-0.0647257379941937,-0.2841202687717267,-0.1135174085038884,0.1901322003698266,0.4742524691415534,-0.0487388956303416,0.0535497888799423,-0.1022886845102839,-0.5131759025198435,-0.8295418067330945,0.316365904213251,False,True,0.7856239850716408,1.9092256845304327,0.729873511904762,0.3485954631608314,0.6652529761904762,0.17071868945314797,1.0921437694593903,2.9668056899743918,0.6998511904761905,0.3296575630201274,0.6959449404761905,0.2412147532941357
PhysionetMI,47,0,-0.1515643829335459,-0.2897901318685502,-0.1738364018097097,-0.0222720188761638,-0.0694074679007371,0.2113863468879381,0.040840452516909,0.1102479204176462,0.2208267064111937,0.2795427518379827,-0.0587160454267889,1.7560725935402757,1.6749068506821956,0.0811657428580798,-0.6695414753293057,-0.2917842421535045,0.3195865497041132,0.989128025033419,-0.2973021920164491,-0.080583420898597,-0.1288950049986441,0.1684071870178049,0.8282020600353686,0.4140722825889405,0.414129777446428,1.2175929814718145,1.320676264277708,-0.1030832828058936,True,True,4.887317497502482,5.033568833254594,1.0005208333333333,0.47669590515088744,0.9839285714285714,0.5536085285050928,11.632068325085577,2.5601264338434544,0.6681051587301589,0.19353580931304046,0.8293154761904762,0.3157673161629529
PhysionetMI,48,0,0.1951518789098218,-0.6626164669084698,0.0440902565644602,-0.1510616223453616,-0.5362647312145677,0.8215396794033695,-0.7021795916168874,-0.1659148604023196,-0.0939000161862206,-0.0307905619910617,-0.0631094541951589,-0.0127611050991141,0.0695833255891143,-0.0823444306882284,-0.0108496019258568,-0.4976652165469776,0.1076650117505119,0.1185146136763687,-0.7110155570845595,-0.878333236684227,-0.6840483077219814,0.0269672493625781,-0.1052497000588432,-0.2268552776741164,0.1216055776152731,-0.0026160871661477,-0.042900423658253,0.0402843364921052,True,True,11.71574705645565,12.07506644607721,0.5693452380952381,0.08594249981961226,0.5938244047619048,0.13033194814618787,8.408041430693755,27.84396123769064,0.6637276785714286,0.1665444187633252,0.7566592261904761,0.23875183078785733
PhysionetMI,49,0,0.0009513490164056,-0.4095740382295014,0.0443146748491407,0.043363325832735,0.2722112366114747,0.1456799724002773,0.1342769756467896,-0.1379342609646851,-0.2162813274576207,-0.2835905224104653,0.0673091949528446,-0.431475795418688,-0.2935083269711556,-0.1379674684475324,-0.3230117182288142,-0.5808292691997036,0.0002772241411788,0.3232889423699931,-0.2804838708330731,0.4809945211312325,0.0205261272013319,0.3010099980344051,0.0026679265051496,-0.7939936871384127,0.7966616136435624,0.0583838638789773,-0.2629916982960022,0.3213755621749795,True,True,2.6662687328498405,1.5900698318837634,0.7202380952380952,0.23057857100060855,0.7004464285714286,0.22827776015563908,2.3091417792617226,2.1613908511555686,0.6559151785714286,0.1954255441722963,0.6062127976190476,0.0998210789545826
PhysionetMI,50,0,0.0719367875194394,-0.9321318943467076,-0.0884824798894723,-0.1604192674089118,0.5268911104118481,-0.3429724085864046,-0.0877603714781959,-0.614651481890044,-0.1546400508112124,-0.0380293219903656,-0.1166107288208467,-0.0064489408191444,0.3706297331875376,-0.3770786740066821,-0.0195798990357587,0.8827768091392793,-0.9930839169159664,-0.9735040178802078,-0.1201856338471826,0.4256327354741227,-0.1748409587736416,-0.054655324926459,-0.7732810025250203,-0.4342478322000895,-0.3390331703249307,0.1504886988316652,0.2411887636436742,-0.0907000648120089,False,False,13.846952172570065,1.8324246509122821,0.6714285714285714,0.22209518329079736,0.6474330357142857,0.11308798810187692,122.9260646715327,1.8031548863605635,0.9896577380952382,0.5279722382650052,0.8169642857142856,0.4635657409945966
PhysionetMI,51,0,-0.3095078457309645,0.4994133791219857,-0.8612104831081906,-0.551702637377226,0.9220231170230018,0.1787166654930896,-0.2474655535740806,-1.1694886705970824,-0.166150123477461,0.1777665196402804,-0.3439166431177415,-0.14028370599591,0.1212400039570323,-0.2615237099529424,-0.917873957822108,-0.3716628943350921,0.805075503054799,1.7229494608769071,0.4795261404209722,0.2033886887403992,-0.6182317480251676,-1.09775788844614,0.1932074339746645,-0.1996022280931346,0.3928096620677992,-0.1652272549365235,0.3741797332767508,-0.5394069882132744,True,False,10.375044925839402,2.7641975382668313,0.6598958333333332,0.1641690125589409,0.6517485119047618,0.12760168142432446,28.4523017210137,3.0122295700043042,0.8187996031746033,0.3122217478696709,0.6854166666666667,0.21914597150154594
PhysionetMI,52,0,-0.086904788688045,0.5339053376117708,0.2463968706807059,0.3333016593687509,-0.8749466414425359,0.2353204068553328,-0.4856296791702466,0.3893169622722893,-0.2179804704835235,-0.8866603507449731,0.6686798802614495,0.5339514328559815,0.6041123206760171,-0.0701608878200356,-0.3141000038628291,0.1592318819415057,0.0561604274983075,0.3702604313611366,-0.297003401793107,0.7027539406154347,0.4280656131653401,0.7250690149584471,0.5208467399275829,-0.3680656598967045,0.8889123998242874,0.0223037272481451,-0.4760651092889846,0.4983688365371297,True,True,1.0697850816477568,6.922487249029982,0.6663318452380952,0.24954918454226582,0.8142113095238095,0.26640227984186277,1.3824867452463707,2.3428214009645,0.7095238095238096,0.40159637074568183,0.6541666666666667,0.18660826173492037
PhysionetMI,53,0,0.7068825810534993,0.0262698469958462,0.7258552360154912,0.0189726549619918,-0.3307756604082097,-0.8440589080264347,0.2482838799019383,0.5790595403101481,0.596341683136085,0.3441724026804856,0.2521692804555994,-0.0632776894281686,-0.3699413055793907,0.3066636161512221,0.6295675920592329,0.3792308231509866,0.2654300308226346,-0.3641375612365982,0.3404060194103695,0.3102006050948349,0.1515537177133501,-0.1888523016970194,1.3089767746925038,1.1424289650237045,0.1665478096687995,0.2401104178418389,0.2358270746760055,0.0042833431658333,True,True,4.49769185024265,17.058993452727762,0.7678943452380952,0.3262240072663017,0.7636904761904763,0.2644258332551848,1.8186028592191994,3.453565811044838,0.6787946428571429,0.23673775849723802,0.7144717261904763,0.2320953674772913
PhysionetMI,54,0,-0.237402314440985,0.4092806854637568,0.3499428605464925,0.5873451749874775,-0.6106105518940261,-0.5058084225632404,0.6014715747728289,1.2120821266668549,0.8830132314781938,-0.0802930255594007,0.9633062570375944,0.6665749967990077,0.2230409109239315,0.4435340858750761,0.2178002975159136,-0.4829585075865271,-0.3196200550386484,-0.5374203525545621,-0.4968602541192153,-0.2852366240699275,0.2694327829186541,0.7662930370378696,-0.7932580344907313,0.3212742434589433,-1.1145322779496745,1.0733997853147672,0.7193096297932742,0.354090155521493,True,True,1.3184206468340207,6.628965332962355,0.7066220238095239,0.26070596860946,0.6325892857142857,0.1506391691192274,7.115766627456773,3.5481270135616403,0.7829365079365079,0.384201681901122,0.6961681547619047,0.27992759428049246
PhysionetMI,55,0,0.0860659211020104,0.2775217272850476,0.2275291438893647,0.1414632227873543,-0.2001747874129775,-0.111759191678756,0.0975651102048473,0.2977398976178249,1.9731381790264304,1.56132013434645,0.4118180446799802,-0.0192514169724497,-0.0916452559658568,0.072393838993407,-0.1720015650660491,0.7771576784518239,0.0861149026750536,0.2581164677411027,-0.3043178336380661,-0.2499626659074309,0.020245961649824,0.3245637952878902,1.643702437143292,1.4872190940043484,0.1564833431389436,0.1668909311799944,0.0634046970517409,0.1034862341282535,True,True,3.845188713036437,14.906578921624837,0.8795758928571429,0.4448360442618622,0.7095982142857142,0.28940034208815574,9.184785187092341,5.157597844453254,0.6528645833333334,0.16891570237993103,0.6787946428571429,0.2576505145044551
PhysionetMI,56,0,0.9662825322010976,0.4912308135060423,-0.2812066921076117,-1.2474892243087097,-0.7276809089030315,-0.0196446741316542,0.3542077736852991,1.0818886825883305,-0.2682419570521924,0.2896783999432045,-0.5579203569953969,0.3749238085725783,0.0043336420114809,0.3705901665610974,0.3628831802495365,0.5556353709833697,0.5968731136941192,0.2339899334445827,-0.3567838499011949,0.23980899536249,0.0675455386045066,0.4243293885057015,0.3769907116868112,0.1254728830254989,0.2515178286613122,0.2163067459349443,0.0261424069973927,0.1901643389375515,True,True,3.467524104863022,2.8110076514803404,0.8139136904761907,0.42378369096877,0.7769717261904763,0.31092263605132037,1.4438694012846052,2.3667299011823366,1.080171130952381,0.7739915875211846,0.74453125,0.33814139312264296
PhysionetMI,57,0,0.4012740842001119,0.5904642218229579,-0.0934779491384089,-0.4947520333385209,-0.3760418417516226,-0.8563853496610638,-0.0679697500642298,0.3080720916873927,-0.2817181743711037,0.1097709752748895,-0.3914891496459932,0.079027845037883,-0.1033302353067905,0.1823580803446736,-0.2496495740109244,-0.1362651937887778,0.5962940607579553,0.8459436347688798,0.1446876976832207,-0.3982327580225755,-0.1380792687838055,-0.2827669664670263,-1.40797090015471,-1.92356404935874,0.51559314920403,0.1906988726226335,0.3575137422337781,-0.1668148696111445,True,True,10.816045142494707,7.482239245457645,0.6440104166666666,0.1624129299352609,0.6633928571428572,0.14606043061696733,10.17645668805942,3.1789052357688576,0.7636904761904763,0.345777118257869,0.781845238095238,0.38015573963121074
PhysionetMI,58,0,-0.2576225838116465,-0.1934715944185676,0.3894897883696099,0.6471123721812564,0.1694018630887957,0.9435364447574592,0.1324069638310595,-0.0369948992577361,0.42331057064415,0.223213970793864,0.200096599850286,-0.8502769580434204,-0.7175931641746084,-0.132683793868812,0.4211870767856008,-0.5458336583240231,0.4171978715394528,-0.0039892052461479,-0.0249560895153818,0.1503685686026659,-0.597383647121558,-0.5724275576061761,0.2724233949591912,0.1949754812593264,0.0774479136998647,-0.5728504205700484,-0.5570420343211948,-0.0158083862488536,True,False,10.511167249885368,8.722479150093582,0.9807291666666665,0.46285170295490236,0.8197916666666667,0.3165051755492799,2.226681107954351,13.182919185181158,1.0779761904761904,0.683005404200693,0.680654761904762,0.20709222902475596
PhysionetMI,59,0,-0.196494186601655,0.6359360495334977,0.8957121609464983,1.0922063475481534,0.6512862042342287,0.4087788458455729,0.4818159593123064,-0.1694702449219222,-0.5481810707469887,-1.2912524554386935,0.743071384691705,-1.3523412704772515,-0.7843859865791675,-0.5679552838980843,-0.1704634151416052,-0.4316848267499896,0.2721913428348387,0.4426547579764439,-0.1871106109340931,0.1291058588119117,-0.1280650532429054,0.0590455576911876,0.4008697007749752,0.1046603102252038,0.2962093905497713,0.0987693325798816,0.073375881508945,0.0253934510709366,True,True,1.3356163058478268,1.7448429098687719,0.94765625,0.5921399511722006,0.9448660714285714,0.5448630008564773,4.265871125181111,2.3621634226169888,0.7842261904761904,0.3365718141350779,0.6758928571428572,0.23940666980570435
PhysionetMI,60,0,0.7179473946048899,0.6346961087386896,0.7118740831476301,-0.0060733114572597,0.7810648976672898,-0.0251545597945001,0.0223919911853149,-0.7586729064819748,-1.2899847186133115,-0.7473992639695666,-0.542585454643745,0.0297578007539907,0.1945914850530227,-0.164833684299032,-0.2553990518823766,-0.130031396529947,-0.4314622033329826,-0.176063151450606,0.4634725195426684,-0.7876078736496953,-0.3396138284339461,-0.8030863479766145,-0.6937356679024063,-0.7360396350053228,0.0423039671029165,-0.3566647357873886,0.1570120556590581,-0.5136767914464468,False,False,0.9211574381139793,3.38145693283214,0.7648065476190476,0.33246691290818087,0.727157738095238,0.2866542931237689,3.7247820726535075,6.13456093194941,0.7511904761904762,0.2974898384052081,0.6748511904761906,0.19340392910113904
PhysionetMI,61,0,0.0877237838301673,0.360981951564006,-0.0586050681313491,-0.1463288519615165,-0.4722757156312075,0.4568637956250112,-0.5853698042965461,-0.1130940886653384,0.6758656129336428,0.8050293054989481,-0.1291636925653053,0.0560756070681459,0.1790951764026714,-0.1230195693345255,-0.1247049667670361,0.0886537983367784,0.9622397928602048,1.086944759627241,-0.4165152736226498,-0.8253266110003887,-0.7856021915010278,-0.369086917878378,0.0748807195005241,-0.3095276305544694,0.3844083500549936,-0.0414617611776267,0.1147923546351676,-0.1562541158127943,True,False,2.098436432533918,8.531276766082287,0.8071056547619048,0.3742228184321843,0.6123015873015873,0.11621916203174983,3.1184087060121697,21.848322810439416,0.9796875000000002,0.45848475812678147,0.6599330357142857,0.15118622991143515
PhysionetMI,62,0,-0.1557939345673385,0.3588793579717608,-0.3815406365551245,-0.2257467019877859,0.4361268461104131,0.1147415225868674,0.5839050802167568,0.1477782341063436,-1.1308979987078245,-1.2186887035491032,0.0877907048412789,-0.6477379300011277,-0.4729506304672056,-0.174787299533922,-0.0016322051582744,0.0454911018221833,0.5694767987376431,0.5711090038959176,0.585340732186923,0.7582383516714041,-0.9716451544234166,-1.5569858866103394,0.1924535052563177,-0.2180257029412253,0.4104792081975431,-0.2352444004682257,-0.0176888455344432,-0.2175555549337824,True,True,3.949732976231605,1.491905305673859,0.6453497023809524,0.2006620118398967,0.632328869047619,0.16068491249965558,1.4449745678434,87.68244359762588,0.6812872023809523,0.15824424357194508,0.7178943452380953,0.30562435664520554
PhysionetMI,63,0,0.9917054357091236,0.1119547269461445,0.5656614820809236,-0.4260439536282,0.1208897788609769,-0.312553464191988,0.6819828202527526,0.5610930413917756,0.0455418344432102,0.1269988559861926,-0.0814570215429824,0.0464664460681405,-0.0612657282849913,0.1077321743531319,0.1265780957316998,0.1551595961515425,0.5908728086375422,0.4642947129058423,0.1239099858626846,0.1011318492509343,-0.8742853272919974,-0.998195313154682,-0.0208022197361077,-0.2187931424088189,0.1979909226727112,-0.4482988943940038,-0.1613149215137229,-0.2869839728802809,True,True,2.1231988978630607,3.9521332938653653,0.9355530753968253,0.2382120096662279,0.8086309523809524,0.4164168212530079,2.1302449419958447,12.731995959874178,0.7663318452380953,0.3022406047107285,0.5857886904761904,0.0657953073300884
PhysionetMI,64,0,-0.2964231309237554,-0.2957890305301426,0.8932018534241679,1.1896249843479234,-0.331697794062177,-0.0388482741929033,0.2769014331359153,0.6085992271980922,-0.7405504766773011,-1.300129995446816,0.5595795187695148,0.3743452697790771,0.2285234232848723,0.1458218464942047,-0.4109856905327101,-0.4300433444197178,0.529799890596569,0.9407855811292792,0.7464466464363477,-0.1807344965717272,0.5137153874115556,-0.232731259024792,0.5335861331019021,0.0343125452466298,0.4992735878552722,0.1091712220357388,0.1047865887112974,0.0043846333244414,True,True,5.701082281110168,10.636960133117894,0.72265625,0.2170928294209188,0.7130952380952381,0.31748682117837357,6.962679318198467,3.3968645802308433,0.6727306547619047,0.18449180847948007,0.723139880952381,0.2892661059339143
PhysionetMI,65,0,-0.010961335471003,-0.7737132599023869,-0.8726808565652628,-0.8617195210942598,-0.424743188609325,-0.2118815346161381,0.2983633578858675,0.7231065464951925,-0.7019615681643496,-0.5049256690174528,-0.1970358991468968,0.1899041735251961,-0.0185685407073159,0.2084727142325121,-0.4443822984519788,-0.4106309730321784,-0.3093900547716379,0.1349922436803409,-0.128049155641524,-0.9339232957789289,0.072358037496702,0.200407193138226,0.7033335806438958,0.9721874911890136,-0.2688539105451176,0.2868996008432642,0.2132059612036281,0.0736936396396361,True,True,30.50233865109564,4.662733229706427,0.8867559523809524,0.3949996683084925,0.655171130952381,0.21524532851311032,7.662072543157738,25.4167238952994,0.86765873015873,0.3818327087815098,0.7421130952380953,0.30757022483637325
PhysionetMI,66,0,0.0989680347039781,0.1218864242871473,0.0747659889960786,-0.0242020457078995,0.0374562013580256,0.8959747930404751,-0.375559640982897,-0.4130158423409227,-1.945004444475668,-1.7363858697660903,-0.2086185747095779,-1.8283927694667124,-1.6232220777612334,-0.2051706917054789,-0.2138059341956835,-0.1208658583141163,0.2467658967302664,0.46057183092595,0.0115620862380067,0.1903030941661087,0.1950399611973485,0.1834778749593418,0.9260656913808664,0.0869850371035438,0.8390806542773226,-0.4996252861274883,-0.6238907510843503,0.124265464956862,True,True,1.272840465737084,3.4185193033584884,0.6350694444444445,0.18506993350156697,0.7915178571428573,0.2759653616090309,1.8706118774500975,1.5808330326026914,0.9248883928571429,0.7135320551715557,0.6990699404761905,0.3076899709932614
PhysionetMI,67,0,-0.0493820814101815,-0.686988603126017,0.6873291576271215,0.7367112390373031,0.0679878575040132,-0.2483269692639924,-0.2711613938021902,-0.3391492513062034,2.5132555673060573,1.3870616078553155,1.1261939594507415,-0.4511921035840126,-0.2876804100058424,-0.1635116935781702,0.3142735620211703,-0.6468913182679092,-0.8017826151202726,-1.1160561771414428,-0.1141046866056637,-0.9535222082166172,-0.6432848803571272,-0.5291801937514634,-0.4043313162369557,0.399869732232526,-0.8042010484694817,-0.1505429165881657,0.0586284543919427,-0.2091713709801085,True,False,4.906407893348983,2.7974258564054804,0.7748214285714284,0.2980702573328277,0.7468750000000001,0.3026266484366665,7.098080386707713,59.57049720987346,0.8248511904761905,0.2480456931851687,0.7051711309523809,0.21186725954410027
PhysionetMI,68,0,-0.0860589466609572,0.6692763862140745,-0.1175172597862182,-0.0314583131252609,0.0462484953151449,-0.1981402414156353,-0.7489803545257253,-0.7952288498408702,-0.6466318996268712,-0.6855198614800896,0.0388879618532184,-0.1792362946374476,0.0079404129205924,-0.1871767075580401,0.1166496007012959,-0.1653946152905898,0.98576326751593,0.8691136668146342,0.5000476845351,0.2237521650132438,0.0265804690921603,-0.4734672154429396,-0.2738913560144999,-0.4474113269398362,0.1735199709253364,-0.2267022212541227,-0.0310394167601411,-0.1956628044939816,True,False,2.7700402620764493,10.827980591745872,0.6375496031746032,0.13765640039920368,0.6468501984126984,0.15534273051372724,2.852090047141369,1.947063621722006,1.049776785714286,0.48222757368501384,0.6963541666666667,0.22465717268255714
PhysionetMI,69,0,0.454922278757488,-0.4362680138291208,-0.4513885998558229,-0.9063108786133108,0.3552891686572537,-0.8720813455816528,-0.4552030561209467,-0.8104922247782005,-0.9793938323188908,0.1231200474130849,-1.1025138797319756,-0.4204019354665987,0.0898925626354427,-0.5102944981020415,0.6494177126329733,0.349400779782713,-0.2793103022710635,-0.9287280149040368,-0.4429038465858962,0.6190692987232865,0.1968013397461724,0.6397051863320687,-0.5226387483836683,-0.0518575374095191,-0.4707812109741491,0.1459604147363817,-0.0740122509442443,0.2199726656806259,False,True,8.973622547574193,11.990436098052852,0.8221354166666668,0.35876430585608327,0.6666666666666666,0.25378193859453624,5.239003649267467,5.284895252245337,0.9724404761904761,0.4067830599856419,0.7113095238095238,0.31542806378745986
PhysionetMI,70,0,-0.2181736014434418,-0.0541272385979569,-0.4400702744020013,-0.2218966729585595,0.1050262037719732,-0.0714622286954664,0.0249977805928726,-0.0800284231791005,-0.7789856740770045,-0.8717599812629204,0.0927743071859159,-0.1234339825414269,-0.090615558592885,-0.0328184239485418,-0.0495706684179747,0.0514408694667057,-0.6281833134977589,-0.5786126450797842,-0.0939328605007999,0.1327341357047781,-0.7529791344472407,-0.6590462739464408,-1.542867114366472,-1.201651368875292,-0.3412157454911801,-0.0560092296627905,0.2786456913903,-0.3346549210530906,False,False,4.162807270429281,5.70772629388009,0.6930555555555555,0.1818950684987658,0.6727083333333334,0.12950838093127692,5.469561526722142,10.881257427864172,0.6657738095238095,0.19128521618039132,0.8251736111111111,0.2647982425758256
PhysionetMI,71,0,-0.3880062211912204,0.8504728617671304,-0.8462405847348676,-0.4582343635436472,-0.3016192748154566,-0.9487248270730948,-0.2294457589678092,0.0721735158476473,-0.2316432707817342,-0.0223985300215284,-0.2092447407602057,0.3563368771043143,0.4350849270970831,-0.0787480499927687,0.0256963103959433,0.5760465380298591,-0.7727525910355079,-0.7984489014314512,0.5171212362309633,0.2472520319834163,0.5336122210898289,0.0164909848588655,-0.6329319756145341,-0.0221046254726037,-0.6108273501419303,0.7672783962297997,0.4991188893475939,0.2681595068822057,False,True,10.942582524696547,22.121089868010475,0.7888020833333332,0.32375601468403803,0.7769345238095239,0.35470715454172935,6.310041329784494,3.7184475009844236,0.8431175595238095,0.49733438336123686,0.8336309523809522,0.4589082666386836
PhysionetMI,72,0,0.6757146962085498,0.3442606735490035,0.117474834574054,-0.5582398616344959,0.8667698035796926,0.9409167385622038,0.7933271175918476,-0.0734426859878449,-0.0947702818070659,0.4036616746808054,-0.4984319564878713,0.1017709160862697,0.0735339859632367,0.028236930123033,-0.0367818390000597,0.5040149330512176,0.9225562685916444,0.959338107591704,0.3393296376894634,0.3550383912643782,0.911957954478123,0.5726283167886596,-0.8747273681247647,-1.669887930186048,0.7951605620612834,0.2286865055872601,0.0482252761468253,0.1804612294404348,True,True,1.0624185113866276,1.2466420739359159,0.7349330357142857,0.27561400641607064,0.7254092261904762,0.27904726065673546,0.9958039782727784,2.396373925182528,0.6250744047619047,0.19400953872817062,0.7410714285714285,0.28419907177636056
PhysionetMI,73,0,0.4305289336930215,-0.025723690662785,-0.1443334286413898,-0.5748623623344113,-0.7109245921290399,0.4614814634899654,0.2824388557975736,0.9933634479266136,0.95272398718726,1.3656441403241046,-0.4129201531368445,0.8820317689017214,0.3159418918356477,0.5660898770660736,-0.0357927571432511,0.4628727302841277,-0.0660859959164264,-0.0302932387731752,-0.7028151036645773,-0.4479252506514622,-0.2374664235531813,0.4653486801113959,0.4066473812273967,0.4863031461874869,-0.0796557649600901,0.3888931345167057,0.306719804025432,0.0821733304912737,False,True,2.0545417740758958,4.600802246158952,0.9129092261904761,0.5121582661844274,0.6344494047619048,0.15092218731921697,1.9155381796525786,6.636449301554265,0.8895833333333334,0.42701608115780004,0.7273437500000001,0.21387391867855565
PhysionetMI,74,0,0.0603238419452295,-0.659136760292384,-0.5337441616011247,-0.5940680035463543,-0.5194537397054905,-0.3419214846508162,-0.2072185340165476,0.3122352056889428,-0.8587532728761628,-0.3492790079210801,-0.5094742649550826,0.0388322273985008,-0.1490517473598199,0.1878839747583207,-0.1304120094078263,-0.6746215546665996,0.0829888451296975,0.2134008545375239,-0.2153485714884971,-0.3450147456865182,-0.3711545937694089,-0.1558060222809117,-0.2624724545051732,-0.338116356665228,0.0756439021600547,-0.2698733072262581,-0.2518704204806815,-0.0180028867455765,True,True,4.4403788244871505,5.909357371899791,0.88671875,0.4415126368803559,0.8713541666666665,0.5260652945920131,23.22046429823365,4.604383940129059,0.8776785714285714,0.3643804080180768,0.7758928571428573,0.42577011143363447
PhysionetMI,75,0,0.9705425403553088,0.8409971204511049,-0.933639035649482,-1.9041815760047909,-0.3706176052005688,0.2956431008392354,0.9618692321294156,1.3324868373299843,-1.011280568038572,-0.3452352128491408,-0.6660453551894313,0.348967883557273,-0.337121502656196,0.6860893862134692,0.1749133956498059,0.3237855363723345,-0.7233278914799095,-0.8982412871297154,-0.1583287439938996,0.3108243277950641,-0.6706160288047031,-0.5122872848108034,-0.4942225080383301,-0.0259601281834436,-0.4682623798548865,-0.4970233985864847,-0.477371580040407,-0.0196518185460777,False,True,46.37145937054121,2.0876795330027664,0.702641369047619,0.19362417552345665,0.7250000000000001,0.241668610878355,5.212981537779716,10.787568792673108,0.6833333333333332,0.21172465370636148,0.8305431547619048,0.4589166401297596
PhysionetMI,76,0,0.1731668251105635,-0.0017511889266813,-0.4861039065515384,-0.6592707316621019,-0.0392864529604763,0.0125583081685824,-0.979933878574106,-0.9406474256136296,-0.8807011473134315,-0.7418888673959997,-0.1388122799174318,-0.5050198168598378,-0.1285008734699466,-0.3765189433898911,-0.5723111396952387,0.6886251175560851,0.1535039047755505,0.7258150444707893,-0.087707023109547,-0.2725413033050862,-0.0669052486498527,0.0208017744596942,0.1049892726004298,-0.5987070142867985,0.7036962868872283,0.2234683198335172,0.2351613744242716,-0.0116930545907543,True,True,81.58723297679678,50.7517999530728,0.6699032738095237,0.21247916246521803,0.6566592261904762,0.14560179903605827,2.976050371383099,3.1991618345930797,0.7412574404761904,0.31017337514583804,0.7002108134920634,0.223868982541322
PhysionetMI,77,0,0.615415883950758,0.1259931676108744,0.6396130050484375,0.0241971210976795,0.7136419562802642,-0.3076452974129872,-0.0882694799776962,-0.8019114362579605,-0.2954588099159736,-0.1897579455494868,-0.1057008643664867,0.1677887801187025,0.5252866496787613,-0.3574978695600587,0.1435556580909724,-0.8590930457838213,-0.6541116025874306,-0.7976672606784031,0.2659433129041827,0.033694198824668,0.3640217851390603,0.0980784722348775,-0.6178301400315882,-0.0910045336472055,-0.5268256063843827,0.6267021601289322,0.4379991309930416,0.1887030291358905,True,True,0.9378626693682203,2.3818972886773624,0.7764880952380951,0.4563127294895514,0.8361607142857143,0.31881162944525104,13.442790702085892,2.524216820350731,0.7265625,0.27768808672959616,0.6904885912698413,0.2138096916487174
PhysionetMI,78,0,-0.1384187360267756,-0.0756338112181002,-0.2479299728969654,-0.1095112368701898,-0.3719839815421297,0.2174185386602598,0.5238363988919701,0.8958203804340998,-0.2184584645118218,-0.186390002137099,-0.0320684623747228,-0.1083979201877953,-0.3881966478653898,0.2797987276775944,0.1737885998489076,0.16248825037382,0.2437085093908379,0.0699199095419303,0.0821950197850071,-0.4144230642634391,-0.1595503741192678,-0.2417453939042749,-0.2024981089071456,-0.2105348328226867,0.0080367239155411,-0.0131178957205774,0.1453318892229977,-0.1584497849435752,True,True,4.872744613148783,4.16290963265935,0.7957837301587302,0.286075961181933,0.737686011904762,0.22625513439852965,2.2935224835996504,2.3843045621565584,0.8458333333333332,0.40883149427140947,0.8726190476190476,0.38136791807430254
PhysionetMI,79,0,0.2756988472073883,0.5435642702353672,0.8896453518090991,0.6139465046017107,0.8534255472435996,-0.0825288040927349,-0.1872384095740785,-1.0406639568176783,-0.6735851780757738,-0.6192422712558638,-0.0543429068199099,-0.4972647719422116,-0.1498310361204991,-0.3474337358217125,-0.1259828518449772,0.2531978071139232,-0.9282576838105184,-0.8022748319655412,-0.008079158345445,0.5216346477250388,0.1592285250704006,0.1673076834158456,-0.4655394158359668,-0.1209021530099345,-0.3446372628260322,0.3607350703608359,0.1987748356427003,0.1619602347181356,True,True,6.915782134319971,3.6429655992069137,0.7904017857142858,0.3588724547454629,0.6445684523809524,0.18592164954462773,12.756138445938424,1.069628408108891,0.8078869047619047,0.29921646959740833,0.7158110119047619,0.2144737986396401
PhysionetMI,80,0,0.2465586680578248,0.0962010888587668,0.1063843544741106,-0.1401743135837141,0.0398054378624577,-0.9040786016733888,-0.0294472845148025,-0.0692527223772603,-0.4844907408296572,-0.1303586602396356,-0.3541320805900216,-0.1122766381708777,-0.0805447513463563,-0.0317318868245213,-0.8043621542224694,-0.6972197714767527,-0.4105492265330612,0.3938129276894081,-0.1686712893962119,-0.2945516706071586,-0.6985693367784777,-0.5298980473822658,0.8733901485707749,0.6612755369763397,0.2121146115944352,-0.0464481619471883,0.1985246966231807,-0.2449728585703691,True,False,0.7677124421684384,24.301668158752648,0.7107514880952381,0.3094361850135059,0.8389508928571429,0.39788512926545877,5.865970033984685,7.0409685162878235,0.7488839285714285,0.20009272434428158,0.7760912698412697,0.26727822357810055
PhysionetMI,81,0,-0.0214273079241374,0.1466281860839093,-0.0455789553240829,-0.0241516473999454,0.0337715508599923,0.0582906320175385,0.0129568365885925,-0.0208147142713998,1.9970087937960184,2.095640595120912,-0.0986318013248932,0.4630190017934205,0.4781241549731283,-0.0151051531797077,0.1421533731389127,-0.4673586351290442,0.1742898086563843,0.0321364355174716,-0.1616684999543932,0.455936846775506,-0.3105763454666885,-0.1489078455122952,0.8584670484236437,0.7133128934720416,0.1451541549516021,0.2848817921634494,0.4476741124469243,-0.1627923202834749,True,False,7.053039711450449,1.1075350889208204,0.90625,0.37599426997403834,0.9005208333333332,0.540206727045044,4.418768320582079,5.195876669502181,0.7869791666666667,0.2866597939694585,0.6799479166666668,0.18558009974245313
PhysionetMI,82,0,0.7904241470285831,-0.7443961633146632,0.8702430844250626,0.0798189373964795,0.1847706253943613,-0.9091263124067924,-0.113238672390439,-0.2980092977848004,-0.1697477698106215,-0.1151586691773402,-0.0545891006332813,-1.011762113576822,-0.737882897990903,-0.273879215585919,-0.7289477237648873,0.2365615517400605,-0.9546287956689312,-0.225681071904044,0.5529079183548873,-0.5918849188267145,-0.2037871283829071,-0.7566950467377944,-0.1379961921021824,-0.4634564945255048,0.3254603024233223,-0.1640013522393524,-0.0302012078633859,-0.1338001443759665,True,False,5.9050278225144135,18.61144904494526,0.9123511904761905,0.3279202487034199,0.7853422619047619,0.328750771002345,193.97129963281103,13.568637539660969,0.8129464285714286,0.3883654642377303,0.7422619047619049,0.31158537993776003
PhysionetMI,83,0,0.1662647179579306,-0.1689246752666561,-0.5710303250479891,-0.7372950430059197,0.6781532282798934,-0.287606930136262,0.5680886336398153,-0.1100645946400781,-0.4603236080102867,-0.3299120398591306,-0.1304115681511561,0.5896935631257961,0.4058251328847619,0.1838684302410342,-0.5176458790234545,-0.1695862122930302,-0.6190761808767381,-0.1014303018532836,0.1919061205964332,0.0512422648237721,-0.0856520585337135,-0.2775581791301468,0.0947133690883556,0.4308539329259979,-0.3361405638376422,0.3880514273976193,0.5083257511843168,-0.1202743237866974,False,False,21.058801820004412,1.5962020575553524,0.6820560515873016,0.20555627291910425,0.7356770833333334,0.3282930556263149,4.374198125132216,2.362276211403515,0.7396205357142857,0.38846851931926274,0.6616443452380952,0.16981622672207555
PhysionetMI,84,0,-0.9168392246020648,0.1132094316059866,-0.7278568079231058,0.188982416678959,-0.3771082392576865,0.6329259357092367,-0.352806585814129,0.0243016534435575,0.2365102215631821,0.6787450026124776,-0.4422347810492955,0.591781176901867,0.9110537671306596,-0.3192725902287926,-0.1414477869335015,0.2622701945378864,0.5320572015069956,0.6735049884404971,0.2011651228961246,0.4666481839101136,-0.891285192589904,-1.0924503154860286,-0.0621960147987676,-0.4035245003680214,0.3413284855692537,-0.0960126109881443,0.0609011815490397,-0.156913792537184,True,True,23.729124960740226,13.11036179465359,1.0032366071428571,0.4734598131308514,0.7519345238095237,0.18149472576628264,2.70499795872265,33.43930103236235,0.8547619047619047,0.5438864952466466,0.7008928571428571,0.20952460130981013
PhysionetMI,85,0,-0.0952853562284299,0.7899682830907102,-0.168923555165436,-0.0736381989370061,-0.8677279686613367,0.1901528464574386,-0.3463299903485144,0.5213979783128222,0.270446001207494,0.3941427538591648,-0.1236967526516708,0.2232656304564821,0.2103891769060048,0.0128764535504772,0.8014810562758831,-0.2301353407934786,0.8968178091951082,0.0953367529192251,0.9007524753105732,-0.5576004313390034,-0.6900810460919271,-1.5908335214025002,-0.5231158518897605,-0.3128027838022453,-0.2103130680875151,-0.7904785987734502,-0.1230864254596149,-0.6673921733138353,True,True,2.7213649391851713,13.034712652787668,0.6944940476190476,0.2753347419921828,0.6752232142857143,0.15209198829215295,2.328978319843122,8.612088402328824,0.8326636904761905,0.4088829579655049,0.6148809523809524,0.1008378576547614
PhysionetMI,86,0,-0.3352393668608703,-0.4442996984202027,-0.0230234755922193,0.3122158912686509,0.2542065729284594,0.0480217817630436,-0.7213297428241262,-0.9755363157525856,-0.6449313841166753,-1.279102544600256,0.6341711604835807,-0.5482090278710308,-0.1845900660079139,-0.3636189618631168,0.7321170205134965,0.2921049512943692,0.177881027486223,-0.5542359930272734,0.2833596334714774,0.0636624191360343,0.1355724558027153,-0.1477871776687621,0.750943002302636,0.7941073349052439,-0.0431643326026078,-0.6385757858567869,-0.46406875752101,-0.1745070283357768,True,False,3.0902473771116905,5.344344069885025,0.6825520833333333,0.2033835290018974,0.6868427579365081,0.26860317300658104,1.6771972809478897,2.9841601641398925,0.7168526785714286,0.3444232746193347,0.6742559523809524,0.19634011429468243
PhysionetMI,87,0,-0.0142095509981237,0.5501267601545818,0.3970055219538554,0.4112150729519792,-0.0386931940764781,-0.1729006914938813,-0.5075346991625437,-0.4688415050860655,-0.0003272614801113,-0.2876917232188943,0.287364461738783,-1.018925959663794,-0.8110983660376518,-0.2078275936261422,-0.4241932640091101,0.0803590080584876,0.7304648497872095,1.1546581137963197,0.2383684283365297,0.2797323199184229,0.8547818790605082,0.6164134507239785,0.5535094613483053,-0.4678046961631091,1.0213141575114144,-0.9029847924795146,-0.8130933807539654,-0.0898914117255491,True,True,58.717581069274765,1.8259427289188475,0.7286210317460317,0.3136925957495341,0.6596850198412699,0.2074432658759544,2.124183959772204,3.539427415056565,0.6632688492063492,0.14186488242450443,0.7199776785714285,0.22490546905124298
PhysionetMI,89,0,0.5061404630286949,0.0698186379127371,0.4017561399953379,-0.1043843230333569,-0.2800450732240037,0.0111098539346859,0.1049255537891677,0.3849706270131715,0.2714333074462947,0.1949130197320902,0.0765202877142045,1.1724792245177975,0.7530577701146602,0.4194214544031373,-0.4457885625251836,-0.1582727601285318,0.2303916883805687,0.6761802509057524,0.2223455303662805,0.2784087501339262,0.134050117763871,-0.0882954126024095,2.1242823741593,1.4937715115060044,0.6305108626532956,-0.4942029474729206,-0.3862048832173547,-0.1079980642555659,True,True,28.489252313824096,0.8835091921586834,0.8815476190476191,0.3992008846240516,0.8132812499999998,0.32282742369559286,3.707682586849461,3.4135154699556707,0.6977678571428573,0.21691113122736436,0.7952380952380952,0.3037513822395581
PhysionetMI,90,0,0.1699439269049168,0.0888966218861058,-0.250036424349995,-0.4199803512549119,0.5583994707768117,0.4746675393076294,0.175488389305168,-0.3829110814716436,-1.7904528704587117,-1.4762397667228535,-0.314213103735858,-0.1575139227993812,0.0012300210926541,-0.1587439438920353,0.022293603133856,-0.4179598198037674,0.2395729414585837,0.2172793383247276,-0.2134657644498384,-0.1392090116729621,0.8727106091905823,1.0861763736404209,-0.4673932693842064,-0.5897058737396244,0.1223126043554179,0.3280336927580419,-0.0410620778745151,0.3690957706325571,True,True,5.942718464148855,3.213870944832344,0.6794270833333332,0.2310974417781321,0.9050595238095237,0.4378817052254216,2.0303029371458954,2.2465149457837983,0.831547619047619,0.2877848191641406,0.7777157738095238,0.32448010857187276
PhysionetMI,91,0,-0.0753112939366487,-0.1047458285725641,-0.7944420714003894,-0.7191307774637405,0.0280205900045322,0.5681650452914405,0.4223669240982853,0.394346334093753,-0.4068079234582252,0.1427339820164082,-0.5495419054746333,-1.3960137882691286,-1.4056713867916706,0.0096575985225419,-0.6648095911020284,-0.0531873621909812,0.0449757326806286,0.709785323782657,-0.5172499136628718,0.1038281269117454,0.8386825754475407,1.3559324891104123,1.722296499425541,1.454841830135824,0.267454669289717,0.6124645546286688,0.1317374945982704,0.4807270600303984,True,True,6.387242115521789,3.2738653571783147,0.7065848214285714,0.28898629831828276,0.6764508928571429,0.20701277878011473,7.7957427047008565,3.8950908801183126,0.7692708333333332,0.2924145759714714,0.7815476190476192,0.2915157325527437
PhysionetMI,92,0,0.2278471203023558,-0.3394779750821068,-0.8677460064571426,-1.0955931267594985,0.008627910782161,-0.2567279975759152,-0.5195039521880962,-0.5281318629702573,-1.183913121947708,-0.0251411421804261,-1.1587719797672815,-0.2143097456071392,0.1594480431911273,-0.3737577887982666,0.5479980686774922,0.4309207617156932,0.0902383481260432,-0.457759720551449,-0.0401881175506762,0.3817308053036551,-0.4550113899718159,-0.4148232724211397,0.6040347800052228,0.6246785258426145,-0.0206437458373917,-0.8483579785272767,-0.6501451911188376,-0.198212787408439,False,False,8.847300832164427,3.3260035564207193,0.8256944444444444,0.45890358626987626,0.7522652116402115,0.24488576046387114,3.618245191692182,2.5233826131702872,0.7241145833333333,0.3237184829384235,0.7697395833333333,0.40444922845087067
PhysionetMI,93,0,0.2234018849422361,-0.0707635931418906,-0.6018311783430512,-0.8252330632852873,0.4673475520883677,-0.7036003186276804,-0.6253219485532262,-1.0926695006415938,-2.8555256439735763,-2.2785146530755096,-0.5770109908980667,-0.6128411695080533,0.2378258108265414,-0.8506669803345948,-0.0937902825203278,-0.2745104474550592,0.4249776964527584,0.5187679789730862,0.0294889432897393,-0.2467323629519679,0.8273476408949328,0.7978586976051935,-0.0679002729517717,-0.4004576424958594,0.3325573695440877,-0.0931906180859208,-0.1345464891432555,0.0413558710573347,True,True,21.511717898210975,9.395847696759047,0.7065848214285714,0.23022642808013805,0.8027529761904763,0.3587488271651123,3.145982178281559,8.245420163708166,0.6731026785714285,0.181354974935429,0.8035714285714285,0.3367254375763169
PhysionetMI,94,0,0.1147028209891939,0.0906253174822948,0.30281272472968,0.188109903740486,-0.0087658595610431,0.5361674479222985,-0.9042065103633294,-0.8954406508022863,-0.5848462549787583,-0.645269151237003,0.0604228962582447,-0.9174243590607876,-0.84549321371861,-0.0719311453421776,0.9781459931682844,0.3713930691758073,-0.4661321047515195,-1.4442780979198038,0.5201880415793113,0.6685378900609459,-0.4733181665526607,-0.993506208131972,0.158968382158347,0.9948305349337814,-0.8358621527754343,-0.2600986077494587,0.0151329246877055,-0.2752315324371642,True,False,1.933874822019946,53.67763451097142,0.6735491071428571,0.2625276615901244,0.6417782738095238,0.17529232514624002,3.0449574636420276,4.009950578081547,0.6194568452380952,0.15344400876740513,0.6213541666666668,0.1432729702377016
PhysionetMI,95,0,-0.0010808069507753,-0.2576811255224155,0.0925735523628382,0.0936543593136136,-0.210095009842467,-0.0337880970762694,0.055914397078647,0.2660094069211141,-0.557727626641191,-0.6462412154828194,0.0885135888416284,0.0552567866412392,-0.0702580781484611,0.1255148647897004,0.8669120196254286,-0.2319446269575922,0.4667451371109617,-0.4001668825144669,-0.4855127643231084,-0.0682635290784945,0.3340380691449646,0.819550833468073,0.3858336239484658,0.2935283988244623,0.0923052251240034,0.0814477194557817,-0.4362473464012462,0.5176950658570278,True,True,3.9450249917719358,2.219084642112204,0.7444568452380952,0.24129461028934196,0.649032738095238,0.19004968727499771,3.281817495795362,2.3436330968026264,0.7659598214285714,0.29652608506865213,0.6808035714285715,0.20236812390786443
PhysionetMI,96,0,-0.1794782517105816,0.0290769672580685,0.9308381794625832,1.1103164311731648,-0.7917107651495844,0.4171198759069488,0.2864555820432496,1.078166347192834,0.0929189287646339,-0.7312656142297039,0.8241845429943379,0.4720072531158991,0.3559229873088373,0.1160842658070618,-0.0760743518769361,0.1320043822323075,-0.2051223156675209,-0.1290479637905848,-0.0962427427507999,-0.5493663147850716,0.2458771774938217,0.3421199202446217,0.3044563858308831,0.5930058290749578,-0.2885494432440747,-0.2143949525558195,-0.3190618849768716,0.104666932421052,True,True,1.6156617131134803,188.70240600368325,0.7297247023809524,0.23783371230282455,0.7573660714285714,0.3959799969040074,1.2764472095491721,3.3811448237100348,0.6522693452380953,0.1934020756473714,0.7190104166666668,0.23092756795251038
PhysionetMI,97,0,-0.0147978426551748,0.1175723395422303,0.0936246760629848,0.1084225187181596,-0.4235574348965029,-0.6030100103786926,-0.3863393132764805,0.0372181216200224,1.728873474814563,1.5048876185106337,0.2239858563039298,-0.1165023664828409,-0.2270343913010062,0.1105320248181652,-0.1846260916147963,0.3274173964148661,0.180655777836915,0.3652818694517114,0.4435787206065852,0.2630361202783118,-0.3143302898414591,-0.7579090104480444,-1.0831958057399702,-1.4820556555509796,0.3988598498110094,-0.7751132598176568,-0.3233568293742115,-0.4517564304434452,True,True,1.1056937768093655,9.274589373855255,0.7040178571428571,0.24455605159760033,0.750483630952381,0.346595453158602,2.2847723476838886,2.335609634755082,0.7448288690476191,0.26893628341306713,0.7111235119047619,0.17682846112044595
PhysionetMI,98,0,-0.456055193895637,0.3267466742384817,0.0114226109987867,0.4674778048944238,-0.2797279314217309,0.1491726208771002,-0.5374743464404427,-0.2577464150187117,1.549267383973481,0.9805278675218098,0.5687395164516712,0.0343617878257451,0.3242658004349465,-0.2899040126092013,0.5928187025817261,-0.2005992335641306,-0.0114021409059828,-0.604220843487709,-0.3549274126996881,0.6939944509203712,0.4497468755545906,0.8046742882542788,-0.123008747185239,0.3316941344606395,-0.4547028816458786,0.8902291727421865,0.393923982306434,0.4963051904357525,True,True,1.8564611721658915,2.8046194742900354,0.7000744047619047,0.29678338536153875,0.7777901785714286,0.2775862293645955,1.9762939983187726,3.980404700419866,0.6809523809523809,0.20722484479500233,0.7345734126984128,0.19888137888703508
PhysionetMI,99,0,0.7879109011689021,-0.7601386988598761,0.0513841425254427,-0.7365267586434593,-0.0863311705673753,0.1933636228551004,0.303835308671289,0.3901664792386643,1.1577030773833303,1.3494667255685189,-0.1917636481851883,0.0091693158888545,-0.2906939176044326,0.2998632334932871,0.3010004599005923,-0.6110792266601743,0.7817812234444589,0.4807807635438665,0.5699605431592542,0.4684426388227597,0.12319375072399,-0.4467667924352641,-0.1386432687654277,-0.172494197731809,0.0338509289663812,0.2031442372086909,0.1877613444473121,0.0153828927613788,True,True,5.188812149665222,1.2180430471268677,0.8456845238095237,0.4524121058766566,0.828125,0.4288721455567415,19.919163870400435,25.852614037777357,0.8089657738095238,0.3516896598403605,0.7234747023809524,0.3373054569192755
PhysionetMI,100,0,-0.1620281476426038,-0.5728723758202326,0.8892046880651862,1.05123283570779,-0.9770224772351328,-0.2965790545371752,0.7948518072909574,1.7718742845260902,2.057263003260243,0.7096019142249836,1.3476610890352594,0.4691967381706701,0.1874901418874647,0.2817065962832054,-0.0746124675121799,-0.2495371635368103,0.3396895458361,0.4143020133482799,-0.4306532763808716,-0.6785635592390732,-0.7141842304416143,-0.2835309540607426,1.6945053329973017,0.7022500880025364,0.9922552449947653,-0.0374854737102291,0.1619124339060564,-0.1993979076162856,True,True,3.4872816566013873,243.34275413504577,0.759375,0.280982656792823,0.6277777777777778,0.12550011387313784,0.8003494918669646,7.382390562036825,0.6753472222222222,0.2065882493012575,0.7097222222222221,0.22109056043138567
PhysionetMI,101,0,0.4045492135776106,0.223121625132309,0.0452879322072769,-0.3592612813703336,-0.4863218126192283,-0.5195860876759941,-0.2295234189333092,0.256798393685919,-0.6772680979573619,-0.3921648433385789,-0.285103254618783,-0.1737084961168288,-0.5976644500475585,0.4239559539307297,0.3858697372904121,0.7220440405533722,-0.0213763912778286,-0.4072461285682407,0.0372285932218017,0.0126092123841075,-0.017662666715184,-0.0548912599369857,-0.6579871662962723,-0.4054652722356907,-0.2525218940605815,-0.7381813064604156,-0.7027277182938917,-0.0354535881665238,False,True,2.914716352636424,3.088042241448336,0.7378472222222223,0.24575360674633706,0.7130952380952381,0.2969113628359115,3.600669970870984,3.710545516267326,0.8389880952380953,0.35323331238578176,0.8702380952380953,0.4592985138173226
PhysionetMI,102,0,0.0210870198095482,-0.1554260986677806,-0.276503313023646,-0.2975903328331942,-0.1680713197498528,-0.4963306713354599,-0.2897481381774499,-0.121676818427597,-0.2765190352213577,-0.0504945249836796,-0.226024510237678,-0.3558041189800441,-0.3749374902610025,0.0191333712809583,-0.7825344967340557,0.6419271063716335,0.1248884965145259,0.9074229932485818,0.5693973044094199,0.393229844293314,-0.0685324934017999,-0.63792979781122,1.0777672533900873,0.4686431523709476,0.6091241010191396,0.0662362613112115,0.1235873649006576,-0.057351103589446,True,False,5.113234013189146,6.02957274796398,0.9715029761904761,0.5716276610250896,1.017013888888889,0.5341955143836699,5.836258032731988,9.377186170325816,0.936421130952381,0.5038983439133635,0.9318452380952381,0.36317130887586263
PhysionetMI,103,0,-0.7955787893185997,0.009647208957196,0.1175608730233398,0.9131396623419396,-0.0097636741299223,-0.3007189988807018,0.257825660071466,0.2675893342013884,1.235045353502341,0.748656969135208,0.4863883843671327,-0.3986778872333256,-0.499229302357111,0.1005514151237854,0.0658574307947543,0.0150265780589856,-0.2257010293856125,-0.2915584601803669,-0.140643612154249,-0.2188495610797694,-0.0843421329446138,0.0563014792096351,0.048870540122304,0.4095600171956229,-0.3606894770733189,-0.147871660609329,-0.2161187498983964,0.0682470892890674,True,True,8.07704715799684,2.7999064403886345,0.8645089285714285,0.48210338388967355,0.7264880952380953,0.3630629230200894,2.524838043916794,1.8825437756926169,0.9249255952380953,0.4014713017178087,0.7896205357142856,0.35755970947396
PhysionetMI,104,0,-0.4270219091245769,0.0041332638044901,0.2585685642588226,0.6855904733833995,0.7405317171177831,0.1467072045126208,0.2099493570003515,-0.5305823601174315,0.3772684936152543,0.1877756284688163,0.1894928651464379,0.6620577718610523,0.5627075212097787,0.0993502506512735,-0.3022243918666113,-0.1127672746465341,-0.5101518213313317,-0.2079274294647204,0.1472410673982168,-0.0953092400859277,0.0569028731339156,-0.0903381942643012,-0.2386686402623737,-0.1567644685587048,-0.0819041717036688,-0.1385390865859671,-0.0957607627890994,-0.0427783237968677,True,False,10.592808923327443,10.19703333410495,0.9225074404761905,0.49504184426562103,0.5743551587301586,0.08238273775681575,3.600803858052488,3.094482209088596,0.9755952380952383,0.5147680769103525,0.8523809523809525,0.4709865366609957
PhysionetMI,105,0,-0.1044702946277463,0.5471461632345664,0.320515822733951,0.4249861173616973,0.3848061636310655,-0.4779891541184934,0.6892322955211002,0.3044261318900346,-0.72192553493997,-1.20656853764255,0.4846430027025799,0.4594481026879673,0.2567319720909941,0.2027161305969732,0.2907417727319622,-0.8504626346950611,-0.6491918704816676,-0.9399336432136298,0.496753847423889,-0.7199607979691265,-0.0124517178528696,-0.5092055652767586,-0.8233085681546893,-0.3638232182377,-0.4594853499169893,-0.6552329584220251,-0.3588411339790412,-0.2963918244429838,True,True,1.0867480600556076,6.42230399906358,0.7195312500000001,0.19865113771267295,0.6779389880952381,0.1794369400562963,12.773989982650255,24.750660381703067,0.71484375,0.20575529445217797,0.7515252976190476,0.40906518256326646
PhysionetMI,106,0,-0.5852676821050841,0.5324924947384007,-0.3859284889038529,0.1993391932012311,0.281723248289871,0.1090976623486803,0.2098926990514596,-0.0718305492384114,0.27364930965322,0.3784186871978063,-0.1047693775445862,0.2400849982073818,0.2313743706357104,0.0087106275716714,0.7150371802047086,-0.1052148052179934,0.2167138532363833,-0.4983233269683253,-0.6024305281268088,0.1842952084801582,0.9180439352035372,1.5204744633303462,0.3424266141671123,0.3262069864406898,0.0162196277264224,-0.1207724002600569,-0.8130011054148594,0.6922287051548025,True,True,10.78933075401735,2.052929183291795,0.7460937500000001,0.3424196034273406,0.6825520833333333,0.15986556306192504,6.062347358709954,2.2494921295194565,0.7973214285714284,0.3932368365239281,0.7791666666666667,0.38192776202222384
PhysionetMI,107,0,-0.2710194356772971,0.2131726014448284,0.2526417217708546,0.5236611574481517,0.0697300862917014,-0.3383372613636657,0.2315236738297737,0.1617935875380723,-0.3368312560603005,-0.5554256073724813,0.2185943513121807,0.2806648426801938,0.0493111503753291,0.2313536923048647,-0.1590951801261408,0.4580616453647402,0.0444918392798811,0.2035870194060219,0.1095348315444003,-0.5572950674088986,-0.0579699991038539,-0.1675048306482543,1.589951925446444,1.3274310032809071,0.2625209221655369,1.05605419851683,1.2055018169547027,-0.1494476184378725,True,True,7.599465382348889,3.6842386289313946,0.8640625000000001,0.2480608611510542,0.6945312499999999,0.16595200962367154,4.756143296739154,6.256059758352639,0.8536706349206349,0.344716130608276,0.8212847222222223,0.19305786559061455
PhysionetMI,108,0,-0.955858013103456,0.2574643161807722,0.3150975459980236,1.2709555591014794,-0.7809473119925235,-0.0888784548359166,-0.2013425851281657,0.5796047268643578,0.8016672596571164,0.11662968412867,0.6850375755284464,0.7499836671733958,0.7364939477168357,0.01348971945656,-0.2216854526335749,-0.4867683950163143,-0.8543967995514125,-0.6327113469178376,0.0682067044973915,0.4559638795258496,0.5826245537309553,0.5144178492335638,-0.0096827673854097,0.4543431457380877,-0.4640259131234974,-0.1356958602798705,-0.3438584395819288,0.2081625793020582,True,True,23.416333804640228,7.090937776342571,0.6956845238095237,0.24389485061958438,0.7277157738095239,0.20806317012176745,19.161069433130464,1.536387327134178,0.9045014880952381,0.3778703016556338,0.6657986111111112,0.244292468711642
PhysionetMI,109,0,-0.9741332173456274,-0.0627833843157732,0.4684823625256817,1.4426155798713092,-0.6071277376083848,-0.7958928343872161,0.9411383940677578,1.5482661316761426,0.6194171988451416,-0.3365726865707489,0.9559898854158904,0.1920118191776966,-0.7254792076720792,0.9174910268497758,-0.1686106125016077,0.7613806140050925,0.5390439381991935,0.7076545507008012,0.3862607578134558,0.2016981327558517,0.3145440552369393,-0.0717167025765165,0.5378155658585471,-0.1564561678305639,0.694271733689111,-0.0540942532268762,-0.0238560029353234,-0.0302382502915528,True,True,24.24720720249312,7.290766867473578,0.9512276785714286,0.39909786668509634,0.6756696428571428,0.1925852050200865,1.1181427824388581,3.1992364038947323,0.6552827380952381,0.12903517024424496,0.6486235119047619,0.14349840715354942
