dataset,subject,session,LI_mu_early_T1,LI_mu_mid_T1,LI_mu_late_T1,ΔLI_mu_T1,LI_beta_early_T1,LI_beta_mid_T1,LI_beta_late_T1,ΔLI_beta_T1,mu_ERD_slope_contra_T1,mu_ERD_slope_bilateral_T1,mu_ERD_selectivity_T1,beta_ERD_slope_contra_T1,beta_ERD_slope_bilateral_T1,beta_ERD_selectivity_T1,LI_mu_early_T2,LI_mu_mid_T2,LI_mu_late_T2,ΔLI_mu_T2,LI_beta_early_T2,LI_beta_mid_T2,LI_beta_late_T2,ΔLI_beta_T2,mu_ERD_slope_contra_T2,mu_ERD_slope_bilateral_T2,mu_ERD_selectivity_T2,beta_ERD_slope_contra_T2,beta_ERD_slope_bilateral_T2,beta_ERD_selectivity_T2,μ_responder,β_responder
BNCI2014_004,1,0train,0.40855811173107937,0.6079007670031862,0.8822676964677149,0.4737095847366355,-0.14069843752988964,-0.8925586468490698,-0.672595840624252,-0.5318974030943624,-0.02265605415197136,-0.3253711022824638,0.30271504813049244,-0.12759772334295988,0.15678170842074257,-0.28437943176370245,0.2588356867864095,0.24467134511028363,0.48460264761942623,0.22576696083301673,-0.9852347595864404,-0.14332119758751408,-0.042941509738706946,0.9422932498477334,0.36804765120044247,0.16967014416644965,0.19837750703399282,0.5698947568346915,0.28999364425047686,0.27990111258421463,True,True
BNCI2014_004,1,1train,0.4351634387548928,0.2705692795027314,0.5256814428512949,0.09051800409640215,0.09418814639180723,-0.17726462716779723,-0.8815572543259411,-0.9757454007177484,-1.416212156500317,-1.0457491065711308,-0.3704630499291861,-0.4638031653252909,-0.24173264839135195,-0.22207051693393898,0.7750166835974851,0.1667322756459842,-0.30047132905604007,-1.0754880126535251,0.380269184622819,-0.37536721080152763,0.411046384623435,0.030777200000616012,-0.053341596436609066,0.2943901993973874,-0.3477317958339965,-0.5036683791833274,-0.36782874419201894,-0.13583963499130847,True,True
BNCI2014_004,1,2train,0.6270854528828709,0.17673510285335878,0.2526681629046224,-0.37441728997824847,0.20331651384992602,0.266802911123299,-0.41549187935944076,-0.6188083932093668,-0.3781259556088935,-0.16705538218583776,-0.21107057342305574,-0.2547648640294323,-0.028626151362898918,-0.2261387126665334,0.10691896868435183,0.24232793069224356,0.5382187641693863,0.4312997954850345,0.10597815825277716,-0.1114541530825902,-0.20632961639540762,-0.31230777464818477,-0.2660130057900769,-0.39680517192803144,0.13079216613795452,-0.45755499314774184,-0.37839696427801617,-0.07915802886972567,True,False
BNCI2014_004,1,3test,0.09110934287377438,0.9880059146354564,0.4001206871260652,0.3090113442522908,0.4098934553434167,0.8080318345878917,0.06943933992407071,-0.340454115419346,-0.17369326699863497,-0.26966375203281456,0.0959704850341796,0.12911083230329418,0.15196134913878934,-0.02285051683549516,0.29638361708480637,0.5903175254290187,0.6992966010087764,0.40291298392397007,-0.9878949195091661,-0.7098075681383617,0.9011097824567722,1.8890047019659382,-0.23737888820294717,-0.2722204949751331,0.03484160677218595,0.6549087233417403,0.27848803146520973,0.3764206918765306,True,True
BNCI2014_004,1,4test,-0.22452016968555175,0.401907431589428,0.8942630463526174,1.1187832160381692,-0.8316723340357349,-0.7739138025800314,0.6129117604756962,1.444584094511431,0.4947657884815541,0.09744686523008382,0.3973189232514703,0.08712919775995447,-0.24835653119669276,0.33548572895664724,0.13716498880676178,-0.18279472974812766,0.8406173967145495,0.7034524079077877,0.24380390949204142,-0.2143642018836118,-0.09387047423686076,-0.3376743837289022,0.20572092318435642,-0.03476194210931827,0.24048286529367469,0.027420346834665515,0.09320893258473978,-0.06578858575007426,True,True
BNCI2014_004,2,0train,-0.33363757849317277,-0.16032376694213005,0.1874134360726194,0.5210510145657922,0.9951199268108198,-0.349711545647393,0.6145851305214662,-0.3805347962893536,0.47244277330332096,0.1721503065657184,0.30029246673760257,-0.452939480787732,-0.20063609041303831,-0.2523033903746937,0.34782422586673223,0.7294874814486252,0.4409529381657457,0.09312871229901348,0.18264092108354218,0.6579329137739951,-0.7071334943206704,-0.8897744154042126,0.40476549581915866,0.2278875845409989,0.17687791127815977,-0.3842817208073558,-0.03263413925302938,-0.3516475815543264,True,False
BNCI2014_004,2,1train,-0.15596269111128078,0.551362604239879,-0.5483562335374011,-0.39239354242612035,-0.037221167865410895,-0.3998409562166385,-0.3574789046907786,-0.3202577368253677,-0.3200830821328056,-0.19362397542428944,-0.12645910670851618,-0.09528761393029755,-0.004026602687466463,-0.09126101124283109,0.5738280692385656,0.4675381041573771,-0.047599320122896804,-0.6214273893614624,-0.2945512866871032,-0.17758017928883862,-0.11922063206059232,0.17533065462651087,-1.2433354758398505,-0.7217647626826904,-0.5215707131571601,0.19362254689357025,0.11611418008534158,0.07750836680822867,False,True
BNCI2014_004,2,2train,0.23246032464005656,0.3791624732060994,-0.8768057350011235,-1.10926605964118,0.9200259609874856,-0.3598096316060877,0.4295240449818279,-0.4905019160056577,-0.8065826560735954,-0.49812593554618145,-0.3084567205274139,0.04019205625034444,0.06760536832689693,-0.027413312076552482,-0.3461816529088514,-0.6114447751549932,0.2957845333197424,0.6419661862285938,-0.004338543252266933,-0.5577369407286472,-0.4557990458815921,-0.45146050262932513,0.05716770992427145,-0.12585307130510476,0.1830207812293762,-0.05750878001028653,0.19882802874268762,-0.25633680875297415,True,False
BNCI2014_004,2,3test,0.32252450043264025,-0.5018644855362193,0.20999797553874608,-0.11252652489389417,-0.9874429531661271,0.8551642462249781,0.061225640647357624,1.0486685938134848,0.30117499740377207,0.295858819077087,0.005316178326685073,0.05363591840394176,0.021157628715585526,0.032478289688356234,-0.8257013850048448,-0.4970888365587046,-0.26091615530687756,0.5647852296979672,0.051681956075710224,-0.10648666751751844,-0.09164412502944344,-0.14332608110515366,0.6340272138074898,0.44683569836279724,0.1871915154446926,0.26543370209381867,0.34114669940226927,-0.0757129973084506,True,True
BNCI2014_004,2,4test,0.7593334119222268,0.5267248730034247,-0.5445536123718627,-1.3038870242940894,-0.23131663378086723,-0.45001028298182844,-0.2285829401541428,0.0027336936267244316,-0.031107337165721363,0.2718698118816511,-0.30297714904737244,-0.11715803232784161,-0.1534729653037215,0.0363149329758799,-0.37854773155028953,0.06211114565374564,0.03848748260831137,0.4170352141586009,0.41475582731513344,0.4251789857216525,-0.22866041004568197,-0.6434162373608154,0.0017440093645517685,-0.12070215655010136,0.12244616591465313,-0.28088312686083666,-0.08872598087119787,-0.1921571459896388,True,True
BNCI2014_004,3,0train,-0.16866232109930965,-0.06105154247088983,0.9451942436111845,1.113856564710494,-0.2470025250697203,-0.40623200330523657,0.4338418061549043,0.6808443312246246,0.24723599545852742,-0.0960152423726563,0.3432512378311837,0.5547694623641133,0.28918010090017165,0.26558936146394163,-0.6058727009847538,-0.7003192852259137,-0.17993887743828543,0.42593382354646836,0.18829928063863388,0.07156754468525717,0.10828017753600344,-0.08001910310263044,0.07984083117743337,-0.07273899284602126,0.15257982402345463,-0.37437418796643895,-0.28514547864274414,-0.08922870932369481,True,True
BNCI2014_004,3,1train,-0.6108775830140077,-0.4186523689699962,0.7932794992734565,1.4041570822874643,-0.7986692727295923,0.3802239852616713,-0.063835671955632,0.7348336007739603,0.9394818110476697,0.38936988909294845,0.5501119219547213,0.58169918060636,0.4068280792316628,0.17487110137469714,-0.2828180156777901,-0.3850934438618116,0.08336160140145256,0.3661796170792426,-0.9106813040088488,0.24253525888922636,-0.2188629983804704,0.6918183056283784,0.40826748576727195,0.32016724260223683,0.08810024316503512,0.3993836681945576,0.1998209569485157,0.1995627112460419,True,True
BNCI2014_004,3,2train,0.7024352149739238,-0.5661725358600079,-0.8834446898819128,-1.5858799048558367,-0.6657627200873675,0.2766803022088225,-0.21220858295806713,0.45355413712930037,-0.41808663691259373,0.35701658871496905,-0.7751032256275627,0.21513580736052962,0.24659540410611136,-0.03145959674558174,0.2291010712996779,0.28009807301382256,0.23295814954432856,0.003857078244650647,-0.8275172183019038,-0.5700462519454248,-0.9105180289643547,-0.08300081066245091,-0.2295111771550473,-0.18695486100580794,-0.042556316149239354,-0.017938331494850718,-0.01904425498980808,0.0011059234949573615,True,True
BNCI2014_004,3,3test,-0.7117470475458904,0.7752033388313484,0.34684611319683006,1.0585931607427204,-0.21060254296563205,-0.6774818742383719,0.29759518205050545,0.5081977250161375,0.2417309065552625,-0.043994192984184055,0.2857250995394466,0.25723636599773986,0.1547018333222127,0.10253453267552715,-0.26192248966004616,-0.1604077865553808,0.737002308902592,0.9989247985626382,0.5646072735972297,0.7128099594225831,0.15711927962984118,-0.40748799396738855,0.7993354866832574,0.35501995392415897,0.4443155327590984,0.31226962547677056,0.32969148953532734,-0.01742186405855678,True,True
BNCI2014_004,3,4test,0.6055004270644413,-0.9306765686808866,0.5606858126241445,-0.044814614440296774,0.2961848858505024,-0.4186373405265605,0.35082934767572593,0.054644461825223534,0.6408882354190907,0.41471282803854104,0.22617540738054964,-0.1845869638537474,-0.15137372976723718,-0.033213234086510224,0.7021405996157376,-0.2443725885820844,-0.05081773502274098,-0.7529583346384786,0.8412930879383526,-0.02095239087919822,0.8210705425653704,-0.02022254537298218,-0.15954384805553207,0.05004146505717693,-0.209585313112709,0.1626761503978325,0.09224575638038973,0.07043039401744278,False,True
BNCI2014_004,4,0train,0.925763947447413,0.5233126674816811,0.14152070190543303,-0.7842432455419799,0.4863337157566991,-0.4463801079126943,0.6534736931637872,0.16713997740708814,-0.6970863202432398,-0.15777583041575727,-0.5393104898274825,-0.05503660279449463,-0.055172173499244775,0.00013557070475014865,-0.5345766206155265,-0.5740626791728074,-0.3661540806855171,0.16842253993000939,-0.35667322721847294,-0.7208172346573994,0.76655364206509,1.123226869283563,0.23181733328864906,0.19117217426197808,0.040645159026670985,-0.2710535201068919,-0.5280164833533361,0.2569629632464442,True,True
BNCI2014_004,4,1train,-0.48917651833106507,-0.3352162627677468,-0.08415818965512491,0.4050183286759402,-0.2813477132507871,0.5262910487276384,-0.9014830936051111,-0.620135380354324,0.2256423024254813,0.1089921841311095,0.1166501182943718,-0.04645926569112227,0.06023394108573217,-0.10669320677685444,0.7917952155678121,0.49522515152840285,0.25490314036892814,-0.5368920751988839,0.5331620153611555,-0.6112595078716557,-0.19668912979224035,-0.7298511451533958,-0.38653813255267155,0.2032876937996957,-0.5898258263523672,0.20595960364326144,0.4347795843334426,-0.22881998069018117,True,False
BNCI2014_004,4,2train,0.48835188485778197,-0.21127131987947037,0.6947584786579113,0.20640659380012932,0.31517440000721747,0.23759656011331373,0.10311165403220064,-0.21206274597501684,-0.6888716987324978,-0.5171346949621412,-0.1717370037703566,-0.28965658547225054,-0.1936712001336092,-0.09598538533864134,0.5384912467476719,0.4317628593554746,0.21752992044813788,-0.320961326299534,0.546240057657997,0.1109066436106667,0.4478523945140032,-0.09838766314399378,-1.1622174483874244,-0.4355291727963453,-0.7266882755910791,-0.37809983665815794,-0.20894498835972686,-0.16915484829843108,True,False
BNCI2014_004,4,3test,-0.017998058010896243,0.4866949629246,0.5168179561306314,0.5348160141415277,0.07797714442563532,0.15719319154743785,0.32039115659707135,0.24241401217143604,-0.46442205290850364,-0.6312942459095838,0.1668721930010802,0.08375565215637581,-0.01645296486585246,0.10020861702222827,0.21422651074077065,0.026694923264203807,0.03473509074206009,-0.17949141999871054,0.7097903314061408,0.34330194014873305,0.5363038849255629,-0.17348644648057787,-0.8218096050580497,-0.39433847576144077,-0.4274711292966089,-0.29269018789707124,-0.11943671452223979,-0.17325347337483143,True,True
BNCI2014_004,4,4test,-0.4797229620073751,0.6740106022855216,-0.29050449192808503,0.18921847007929005,0.9493583354222435,-0.3749795536303276,-0.16117745134593447,-1.110535786768178,-0.1315942792706219,-0.4526115526815978,0.3210172734109759,0.18359712270155915,0.38391976266040984,-0.2003226399588507,0.3210124198435185,-0.2780354481777377,-0.02180519369023906,-0.3428176135337576,0.7847605921626774,0.03570283859789109,0.38359503281098606,-0.4011655593516913,0.440410810663014,0.808407229940324,-0.36799641927730997,0.4339036468349587,0.4112919717980141,0.022611675036944612,True,False
BNCI2014_004,5,0train,-0.7180808720956069,-0.20385213959556367,0.6104326940045655,1.3285135661001723,0.18147793914781307,0.9143149118791868,-0.7976143775199087,-0.9790923166677218,1.0940628371829901,0.4797151795437263,0.6143476576392639,-0.768427381279941,-0.48449433993397073,-0.2839330413459703,-0.7553486222393918,-0.7469805159004058,-0.6081640954238727,0.14718452681551908,0.12230428512701443,0.25319613813037595,-0.4992289567592138,-0.6215332418862283,0.32526710171486173,0.7542360372466403,-0.4289689355317786,-0.7028974825810097,-0.3911063103209783,-0.3117911722600314,True,False
BNCI2014_004,5,1train,0.1023061018649561,-0.5222933789593401,0.1280728095985843,0.0257667077336282,0.5778446362052367,-0.16010484283121854,-0.8503163154988087,-1.4281609517040454,0.5711863252923818,0.4949635729082607,0.07622275238412107,-0.5918901286726168,-0.2072054295937412,-0.3846846990788756,0.4787642269508619,-0.13532248529291088,-0.23579125450460553,-0.7145554814554674,0.18688446694261723,-0.9766104981767985,0.4414583622067307,0.25457389526411345,0.2680996295449498,0.5012043215834866,-0.2331046920385368,0.6134074297215499,0.36046084812909823,0.2529465815924517,True,True
BNCI2014_004,5,2train,0.05159424798392013,0.35848397086708705,-0.19497548603213635,-0.24656973401605647,0.19072391369458727,0.9356283419900525,0.31006168679451396,0.11933777309992669,0.37396114023273613,0.4811503032312888,-0.10718916299855269,-0.07117217342769544,-0.12842776362306285,0.05725559019536741,0.741126854518148,-0.28595606322331124,-0.9999354150458246,-1.7410622695639726,0.43905909570350293,-0.8590082767511594,0.3447205203814321,-0.09433857532207085,-0.3971198502878608,-0.06182749217057495,-0.33529235811728586,0.28087301449582736,0.23094473516273764,0.049928279333089715,False,True
BNCI2014_004,5,3test,-0.16506349381241922,0.9143113904591996,0.9587006721855459,1.1237641659979651,-0.5717263720758745,-0.7086936748753503,0.012166411063299043,0.5838927831391736,-0.23721422024629493,-0.4206502034173206,0.1834359831710257,0.4043019817407028,0.2155143172366134,0.1887876645040894,0.13753836007295178,0.9659624014767063,-0.8878975045590607,-1.0254358646320125,-0.039814373868341774,-0.6577887188209774,0.6899444046219213,0.729758778490263,-0.2627169854277841,0.017216268956932068,-0.27993325438471617,-0.13548806810820993,-0.23930885851760442,0.10382079040939449,True,True
BNCI2014_004,5,4test,-0.5389888498560409,-0.23925371037179838,0.40996368204112793,0.9489525318971688,-0.10413605140576848,0.030347549962934046,0.755608408973489,0.8597444603792574,0.40863964926856383,0.14701669551551644,0.2616229537530474,0.3255644252415212,-0.07385860917938136,0.39942303442090255,-0.25046892416592675,-0.81506194777636,0.8848858519059427,1.1353547760718694,0.8104972203823717,0.3435108379601938,0.03335906988929479,-0.7771381504930769,1.0147697127766264,0.43475832821834903,0.5800113845582774,-0.3188090488595883,0.004070602147026536,-0.3228796510066148,True,True
BNCI2014_004,6,0train,-0.1032511159291731,-0.5842837328446305,0.8194918917078545,0.9227430076370277,-0.3544691723143289,-0.520644280309187,-0.36609101088981294,-0.011621838575484045,0.5682527466079176,-0.02583281678441895,0.5940855633923365,-0.04735078574195903,-0.06873805286053619,0.021387267118577163,-0.14206426306363365,0.25016322587540196,0.631786116367704,0.7738503794313376,0.7045269126536137,-0.3249030247613598,-0.4817006516028118,-1.1862275642564255,0.5732320496628454,0.27102379473529375,0.3022082549275516,-0.1553327287151027,0.10405292942324934,-0.259385658138352,True,False
BNCI2014_004,6,1train,0.4929036049534944,0.3658519089842441,-0.7847336282030619,-1.2776372331565562,0.39499484088124986,-0.018015420464796268,0.7750244989722302,0.3800296580909804,-1.5136652773503037,-0.5737004179902766,-0.939964859360027,0.046008580929912724,-0.044985846610215374,0.0909944275401281,0.8742632999218861,-0.673610811508819,-0.06419227255831382,-0.9384555724802,-0.16794053308583262,0.05298846082703504,-0.9070453234635154,-0.7391047903776828,-0.01862209549712296,0.0725447003165392,-0.09116679581366216,-0.4932609044961117,-0.4429096121003282,-0.05035129239578351,False,True
BNCI2014_004,6,2train,0.3589389075441151,0.3219496321856814,-0.19714949275924404,-0.5560884003033592,0.20109105914263295,0.03389401383814161,-0.6062730798090765,-0.8073641389517094,-0.3501712584488993,-0.11604808610670773,-0.23412317234219154,0.012262602685830763,0.22908455661827398,-0.21682195393244322,-0.9820784230316815,0.8188257579991705,-0.36927282295804903,0.6128056000736324,-0.7738224890274494,-0.09431911869391814,-0.3167273631363406,0.45709512589110884,0.04728689447879103,-0.09841444885252722,0.14570134333131823,0.008658847400921585,-0.2236776903624361,0.23233653776335766,True,True
BNCI2014_004,6,3test,0.000382609010052891,-0.02166416910640196,0.5843453213626703,0.5839627123526173,-0.4750533228079049,0.5870843062990095,0.8258429542433298,1.3008962770512347,0.7788438674907131,0.37755962699022355,0.40128424050048955,0.1484609708599217,-0.16381100362242554,0.3122719744823472,-0.2825490089562581,-0.6998049469813746,-0.16836510293014786,0.11418390602611025,-0.22817865073556734,-0.386350699395174,-0.9723652076587637,-0.7441865569231964,0.21695155143880884,0.2335924701375984,-0.01664091869878956,-0.24858299301613956,0.13242925210581014,-0.3810122451219497,True,True
BNCI2014_004,6,4test,0.12286222068868285,0.020905375859315563,-0.3265069652099887,-0.44936918589867153,-0.08647774292019769,0.18958579723678418,-0.2923271206981825,-0.20584937777798482,-0.12414981492832804,-0.02406534864820289,-0.10008446628012514,-0.08600732885664594,-0.059310824804734145,-0.026696504051911797,-0.434306756624152,-0.2450541193465241,-0.7837977101482195,-0.3494909535240675,-0.966384140278556,-0.3570301319782236,-0.5435547039842291,0.4228294362943269,-0.05055065761271621,0.5252721903017091,-0.5758228479144254,0.36004158677094045,0.6012162878770821,-0.2411747011061417,False,True
BNCI2014_004,7,0train,-0.6203956707505864,0.9694776980476776,0.24891775035760325,0.8693134211081897,0.10883122043434663,0.5639068210248034,-0.28590673719508525,-0.39473795762943187,0.3940428233051133,0.1985862764190872,0.19545654688602612,0.25711833777840765,0.46458080990329026,-0.2074624721248826,-0.33364372732832465,-0.38195458929901216,0.17974975552251327,0.513393482850838,-0.1275380856979643,0.619758794479116,0.9384172676631025,1.0659553533610668,0.5060233850268445,0.16830108876098382,0.3377222962658607,0.5573529947265841,0.08995360746748404,0.4673993872591,True,True
BNCI2014_004,7,1train,0.3438105195866175,-0.05386568641139597,-0.6871767577190846,-1.030987277305702,-0.1734356107609932,-0.9637748825947977,-0.32645906257252744,-0.15302345181153423,-0.4601377825234878,-0.0028521969341080977,-0.4572855855893797,0.26383983550146956,0.39851213522611423,-0.13467229972464467,0.19484961544136373,-0.7023645811624338,-0.5602863359182292,-0.7551359513595929,0.7192387684872874,-0.8235634243515102,0.3072827615294861,-0.4119560069578013,0.2572575212550863,0.6771033116906587,-0.41984579043557246,0.3238187026578795,0.2833248650119216,0.040493837645957875,False,False
BNCI2014_004,7,2train,-0.5947045130894207,-0.8775393531072985,-0.45964856886716315,0.13505594422225758,-0.6682830761065687,-0.5771838802627905,-0.9450252049761384,-0.2767421288695697,0.47289127781900786,0.7315677446081248,-0.25867646678911693,-0.15005219823577298,-0.13493569479934847,-0.015116503436424511,-0.8629155676787725,-0.6029255571863467,-0.18366418984145513,0.6792513778373174,-0.7885568355004756,-0.3790592181731418,-0.5323049376581764,0.2562518978422992,0.45691058328539336,0.0419714931099231,0.41493909017547026,0.08932263466208215,-0.2129971863646144,0.3023198210266965,True,True
BNCI2014_004,7,3test,-0.05073175356304264,-0.3915230256139457,-0.19469588960329784,-0.1439641360402552,-0.47236146122173794,-0.41703390045807665,-0.1750538251635723,0.2973076360581657,0.8406543291499621,1.1301666782069308,-0.28951234905696877,0.5164207174118978,0.4009226999523261,0.11549801745957167,0.2038977861371397,-0.34478754437887893,-0.14284742375106696,-0.3467452098882067,-0.033850752894415706,-0.8207252300101056,-0.07006669981953333,-0.03621594692511762,-0.29623502473053004,-0.11867381537767951,-0.17756120935285052,-0.1397466973521232,-0.11590586549764015,-0.023840831854483047,False,True
BNCI2014_004,7,4test,0.31530438581347064,-0.027694829517799422,-0.6153494232621781,-0.9306538090756488,0.20332318818819656,-0.25409389868333415,-0.11445470413534574,-0.3177778923235423,-1.0478911655233936,-0.6394551070738927,-0.4084360584495008,-0.2750151933461476,-0.14667252726096602,-0.12834266608518158,0.12614830198727156,0.17639113222293393,0.5058261157956391,0.3796778138083675,-0.6756808037507028,-0.49684321913958,-0.6978747581189849,-0.022193954368282087,0.6616729937184082,0.3642516005972763,0.29742139312113186,-0.07538446983569441,-0.21252408861072802,0.1371396187750336,True,False
BNCI2014_004,8,0train,0.5985240838298184,0.026312627651217772,0.08899528500857336,-0.509528798821245,0.6083331600880748,-0.1964929671837276,-0.47590556135575257,-1.0842387214438274,-1.3353517263502048,-0.7394364031969609,-0.5959153231532439,-0.6873714400509869,-0.33043323242359685,-0.3569382076273901,0.042610398901904455,0.5313409465705413,0.5601228409106305,0.517512442008726,-0.19168920048488583,0.004074631372406369,-0.3860349334360433,-0.19434573295115745,0.028316485108503986,-0.13324084207109366,0.16155732717959764,0.03271984140975273,0.14266213617719375,-0.10994229476744102,True,False
BNCI2014_004,8,1train,0.8938940804390004,0.3944058265824274,0.5875873168020621,-0.3063067636369383,-0.05433790235307158,-0.20651752454515382,0.7455515540142341,0.7998894563673057,-0.8073424872962092,-0.3778787878374573,-0.42946369945875185,0.17651549774762587,0.006409041188987441,0.17010645655863843,0.6380743677826437,-0.40297871949563674,-0.8971697143593244,-1.535244082141968,-0.4575315341891212,-0.18078213258686163,-0.012357514652193072,0.4451740195369281,-1.3518127660880777,-0.09754844723731215,-1.2542643188507654,0.4014542140447347,0.3100962294093392,0.09135798463539552,False,True
BNCI2014_004,8,2train,0.0053005615448637215,0.04528010091516714,0.22962825175605497,0.22432769021119126,0.9239230412256528,0.5731573600410819,0.8257521772735444,-0.09817086395210839,1.4986669198630513,1.1151169105778902,0.38355000928516114,0.6779582324633529,0.37679946779288886,0.301158764670464,-0.4706320578116904,-0.8897433747825078,-0.07261009276125698,0.3980219650504334,-0.4476493564716053,-0.9222241370568391,-0.2440172752991604,0.2036320811724449,0.9243169648298524,0.25800894895956406,0.6663080158702883,0.17220179341761227,0.07898394133448883,0.09321785208312344,True,True
BNCI2014_004,8,3test,-0.3199225760308709,-0.35227874998525177,-0.45122806215820294,-0.13130548612733206,0.3725465837314111,0.40203479343278065,0.1170054442369037,-0.2555411394945074,0.26197810641214136,0.7019784527533861,-0.44000034634124474,-0.34529932954785136,-0.2132080767197903,-0.13209125282806106,-0.1948746510253032,-0.37631057514042404,-0.591085193904604,-0.3962105428793008,-0.42856651693383935,-0.36624365837770195,-0.07461158119088189,0.35395493574295744,-1.1323829233298182,-0.4156054693960591,-0.716777453933759,-0.064312595657841,-0.26134556574438783,0.19703297008654683,False,True
BNCI2014_004,8,4test,0.21447507994822324,-0.38719738359757877,-0.6339894626110231,-0.8484645425592463,0.18655182385439756,-0.4784460512462042,-0.7901121897878985,-0.9766640136422962,-1.5970496960523253,-0.4215855609896233,-1.175464135062702,-0.48892538647480993,-0.17709367434727663,-0.3118317121275333,-0.6119999798844987,-0.7800185244353866,-0.4654821286185649,0.1465178512659338,-0.7265668466251818,-0.2959712870050539,-0.5878368256714995,0.13873002095368225,0.41600513221519475,0.02886262553048624,0.3871425066847085,0.1312965158344548,0.09474867463884051,0.0365478411956143,True,True
BNCI2014_004,9,0train,0.07120725607276333,-0.4495909718827448,0.13570525306623762,0.06449799699347429,-0.7054008528033565,-0.4307588888004698,-0.905711974674494,-0.20031112187113753,0.6074199603100637,0.496956407480161,0.11046355282990272,-0.0036892872441241994,0.3532199783275019,-0.3569092655716261,0.7330568875051773,-0.2543217358817342,-0.3465448299005683,-1.0796017174057455,0.17457648336119808,-0.899858940384324,-0.10886624688797154,-0.2834427302491696,-0.008482850657251406,0.5194996848437357,-0.5279825355009871,0.05949582843265977,0.17142789835744277,-0.111932069924783,True,False
BNCI2014_004,9,1train,0.35330431562321385,0.15746054026043482,0.11895308686762468,-0.23435122875558917,-0.6211138240038699,0.22028926439734603,0.44778739784744004,1.06890122185131,0.2260873692212132,0.2520704269225391,-0.025983057701325918,0.6262645321868925,0.31041174908406494,0.31585278310282755,-0.42530175976144785,-0.5883681678920564,-0.0809988010356824,0.34430295872576544,-0.9434750184385892,0.153059847994717,-0.5983841805402091,0.34509083789838,-0.37506235488855505,-0.9526584987655666,0.5775961438770116,0.10480463496917816,-0.20819988391875532,0.31300451888793346,True,True
BNCI2014_004,9,2train,-0.5004092607996162,0.7311360482460869,-0.6164801581908846,-0.11607089739126841,-0.12321000985436663,0.9188644322791808,0.6579183564456587,0.7811283663000252,-0.08730148573944033,-0.026209271340311924,-0.0610922143991284,-0.021901813227656386,-0.3458005558124874,0.32389874258483103,0.13027179419739146,0.38791613977733536,0.49724125949097153,0.3669694652935801,0.9903411618801997,0.7845216949576692,0.7067330354833685,-0.2836081263968312,0.21637750298961672,0.0443543876366046,0.17202311535301212,-0.10480685462515038,0.0345438478791269,-0.13935070250427728,True,True
BNCI2014_004,9,3test,-0.11091775551969843,0.6054258412941323,0.7124394912581927,0.8233572467778911,0.6164401773239817,0.6419831136892489,0.5892794635262337,-0.027160713797747982,0.8406513822507502,0.1676408936954369,0.6730104885553133,-0.20864064167416715,-0.12351911190790976,-0.08512152976625739,0.033223863952422494,0.345239492454402,0.8090171989429724,0.7757933349905499,0.7954547416175398,0.7549946845703829,0.5766501531628014,-0.21880458845473838,1.3886619301283805,0.6530051017478837,0.7356568283804967,0.6987973360801422,0.49477999491365376,0.2040173411664884,True,False
BNCI2014_004,9,4test,0.4525768473318584,0.7441786447868395,0.13337631389746593,-0.3192005334343925,0.48449755012983153,0.9595961084854191,0.7133209095754746,0.22882335944564303,-0.34968863812713225,-0.11658993155706654,-0.2330987065700657,-0.33488579375033417,-0.2530748533123499,-0.08181094043798426,0.7017969334079978,0.6356343030354248,0.9685228982461207,0.26672596483812294,0.38687523271949237,0.4272324456064449,0.20697180175096785,-0.1799034309685245,0.4167547462256244,0.12491994403750506,0.29183480218811936,-0.23990950197609784,-0.10436577777466471,-0.13554372420143312,True,True
Cho2017,1,0,0.3171782837515742,0.7357318629885876,-0.5400727357661214,-0.8572510195176956,-0.9967417999307193,0.4499374069273931,-0.635478008443696,0.36126379148702337,-0.333425098666598,0.2450922146133796,-0.5785173132799776,0.09101170116727972,0.029272058912226118,0.0617396422550536,-0.5445504399680572,-0.5132568457837157,-0.30458278785027854,0.23996765211777865,0.5314413938977993,-0.21677921592803878,0.17070594520073104,-0.3607354486970683,0.2656048676161905,0.34693058410923616,-0.08132571649304565,-0.23885569196715878,-0.12574779112889023,-0.11310790083826855,True,True
Cho2017,2,0,0.05803087901149695,-0.6998893114599201,-0.06417175778924519,-0.12220263680074214,0.07365480358846299,0.31519866946467007,0.43880626447945076,0.36515146089098777,-0.6722403385256028,-0.5667452928957926,-0.10549504562981027,0.3288368270215549,0.20306847256430532,0.1257683544572496,-0.323023576729851,-0.7029860820554508,0.05240580518055274,0.37542938191040376,-0.2917124541037193,-0.7669211670034434,-0.14422196821713704,0.14749048588658228,0.15022048157839468,-0.006568979189573442,0.15678946076796813,0.0015707323840405685,-0.04161799789688114,0.04318873028092171,True,True
Cho2017,3,0,0.05934084067840737,-0.3505053480744789,0.5984830387477904,0.539142198069383,0.41262261835585845,0.5353563503499468,0.9849194853067056,0.5722968669508471,-0.16945331845948547,-0.3120485831010129,0.14259526464152744,0.03770024677772321,-0.21952029827350483,0.25722054505122804,-0.8241792390926828,-0.5661878707265636,0.15823471444191115,0.9824139535345939,-0.16542831860861132,0.04005043596157164,0.5004838498919824,0.6659121685005936,0.4174272506520509,0.23890970054702557,0.17851755010502532,0.25181987839873166,-0.009054351111142056,0.2608742295098737,True,True
Cho2017,4,0,0.18223896112619203,0.27362115665426795,0.21094765342539054,0.028708692299198507,0.6858156829876092,-0.6976885197259901,0.46252700112997647,-0.22328868185763273,1.4254731381711925,1.1624773291944916,0.26299580897670083,0.10093668992008942,0.11267936150877843,-0.01174267158868901,-0.44759162161735555,0.08688696163304169,0.16361578446752814,0.6112074060848837,-0.017944891125637203,-0.36345525100222525,0.27560854016422354,0.2935534312898607,0.23883218103334589,-0.33927402677364915,0.5781062078069951,-0.383357962237821,-0.4728989712799342,0.0895410090421132,True,True
Cho2017,5,0,-0.07201090157943521,-0.07900571333584017,-0.026591359229188226,0.045419542350246984,-0.045221093291748914,0.0005545136913822723,0.12952346838423517,0.1747445616759841,-0.1691433650492571,-0.3476492305625314,0.1785058655132743,0.9337705962079142,0.7159764545616516,0.21779414164626265,-0.11940075927899736,0.009716765212039478,0.03959674874880056,0.1589975080277979,-0.024149047925546844,0.29335657055398684,0.1973308657565846,0.22147991368213144,-0.019847230846642194,-0.6761485146783865,0.6563012838317444,0.1803319775718597,-0.10857635569125423,0.28890833326311394,True,True
Cho2017,6,0,-0.15369430612188012,0.1349595946905076,-0.12308983444527519,0.030604471676604933,0.35355285356142313,0.23826464843014647,0.7666885814301837,0.41313572786876057,0.37422653462436317,0.4106579753120362,-0.03643144068767301,-0.02148745380802819,-0.12237970621133132,0.10089225240330313,0.14159631170640466,-0.3438622381522754,-0.6232250434947926,-0.7648213552011972,0.7388466999393125,-0.5319498004107872,-0.6942578059429775,-1.43310450588229,-0.6170857347100488,-0.1496860345632165,-0.4673997001468323,-0.21525478230269018,0.11145749473740649,-0.32671227704009664,True,True
Cho2017,7,0,-0.05540382634947453,0.0800625854247967,0.14933335277276027,0.2047371791222348,0.2665926933152225,-0.02787076023036327,0.3846102745446738,0.11801758122945127,0.7085773690464129,0.4514688796669184,0.2571084893794945,0.44161005376663404,0.3139341588601821,0.12767589490645193,-0.16290626336071495,-0.10611314098008412,-0.061099596056099284,0.10180666730461567,0.5114365265563646,0.42635911070560395,-0.3055340889004613,-0.8169706154568259,1.136520586861284,1.1715321254831847,-0.03501153862190076,-0.0795385338422353,0.14296163497865272,-0.22250016882088802,True,True
Cho2017,8,0,-0.3170575198015472,0.5219069629801965,0.12229804635250416,0.43935556615405136,0.1578476464263541,-0.8312658920333276,0.33247558559049706,0.17462793916414296,0.6965041562482135,0.4833068833579775,0.213197272890236,0.07036926064885396,0.01992118276467303,0.05044807788418093,-0.8666570575584999,0.9501390093999612,-0.6109127105366549,0.255744347021845,-0.3858307875029931,-0.6439781617435336,-0.17880936428246985,0.20702142322052325,0.16430684448097174,0.32912025051344085,-0.1648134060324691,0.13864804128834593,0.1412552825200977,-0.002607241231751767,True,True
Cho2017,9,0,0.08385868761275603,0.04276612502269272,0.20747778981675724,0.12361910220400121,0.061710370014251816,-0.004997632525299277,0.35429120071531306,0.2925808307010612,0.3728844011653665,0.22911859275554067,0.1437658084098258,0.23714554397611606,0.1580139002708948,0.07913164370522127,0.24501872593857987,0.044262855301553036,-0.024701076253651394,-0.26971980219223124,-0.6098954648686482,-0.3578777856482322,0.0947745707652454,0.7046700356338936,-0.09574183100598808,0.14726342048503982,-0.24300525149102792,0.2807638034355223,0.14013574097841633,0.140628062457106,True,True
Cho2017,10,0,0.19369489671148138,-0.378630503506385,-0.1061313304042047,-0.2998262271156861,0.09910922147736384,0.5208658752855536,-0.10083305181785741,-0.19994227329522124,0.13771019456094757,0.47662125371050235,-0.33891105914955477,-0.020010104951802388,0.08280783063764602,-0.1028179355894484,0.4240771312229936,0.052201119502763106,0.17481901722117474,-0.24925811400181888,0.15787926265472102,-0.06621577440042976,0.6577705880039566,0.4998913253492356,0.18687196404120188,0.30779155272999215,-0.12091958868879027,-0.12319167095560207,-0.21990305090031256,0.09671137994471049,False,True
Cho2017,11,0,0.10003987310251292,0.9970007675246996,-0.28921213657877703,-0.3892520096812899,0.13076016021863812,-0.2583575837766555,0.6518618168429452,0.5211016566243071,-0.24832496130746937,0.045175510607791014,-0.2935004719152604,0.05958582834629841,0.007970627482577514,0.05161520086372089,-0.4549217820320714,-0.898697919457762,-0.5014081075035451,-0.046486325471473744,0.033807188161761634,-0.6492562456027309,0.06422370667429009,0.030416518512528454,-0.12325929180683895,-0.19407857026931935,0.0708192784624804,0.1188395885570042,0.10444789740511949,0.014391691151884711,False,True
Cho2017,12,0,-0.6405538683209776,-0.22845111112732694,0.07382798806522133,0.7143818563861989,-0.9220604370438384,0.5343952085013678,0.22635281983628827,1.1484132568801266,0.7287605760784853,0.5165935507076208,0.21216702537086451,0.40066448733947335,0.23972942537290504,0.16093506196656832,0.04964133196527174,-0.06609333164772659,0.27294113985481283,0.2232998078895411,-0.10146147120728749,0.8010995243599406,-0.11060563649574998,-0.009144165288462486,0.3727639298843992,0.11272644503057272,0.2600374848538265,0.3328487523239684,0.37794407111063505,-0.04509531878666667,True,True
Cho2017,13,0,0.3179385193903673,0.48994144299436093,-0.943441087274879,-1.2613796066652463,0.05758988003936705,0.19292688913451217,0.132586579062357,0.07499669902298994,-0.5196532458321869,-0.09342771256325622,-0.42622553326893065,0.2717776975071725,0.2332292756474194,0.0385484218597531,-0.21043562960140733,-0.09349723670679402,0.19392566782652368,0.40436129742793103,-0.4294273374343722,0.3717922115765583,-0.13129839311248961,0.29812894432188264,-0.1465417412678942,-0.6994274467224577,0.5528857054545635,0.11505587590723214,-0.018699707775955865,0.13375558368318802,True,True
Cho2017,14,0,0.4415345335588666,0.2441192760119338,0.4575335164603051,0.015998982901438474,0.24364260089529202,-0.04340550969776434,0.0840657072207554,-0.15957689367453662,-0.3950150045563636,-0.2942013300526001,-0.10081367450376355,0.0037324187367411272,0.10134782525858455,-0.09761540652184342,0.6673208673591996,0.24433129983174487,0.17404591142148804,-0.49327495593771153,0.23106550805712525,0.0984656592906532,-0.1114693994192511,-0.3425349074763764,-1.7105901140514694,-0.6423304242830696,-1.0682596897683998,-0.27094809624654337,0.020212774178261506,-0.2911608704248049,True,False
Cho2017,15,0,-0.0011017894733351364,-0.8440970176029656,-0.05481757623993157,-0.053715786766596434,-0.12751483081619408,-0.36998005932161604,-0.05492881678680499,0.07258601402938909,-0.6793312948298382,-0.6568843875288466,-0.022446907300991636,0.134178227744852,0.12662970656029277,0.0075485211845592315,-0.13757011266465705,0.33203888206309484,0.08254748316479998,0.22011759582945703,0.3422899056612108,0.14915935721327508,-0.037542307236684114,-0.3798322128978949,-0.12433801970637826,-0.3175839382123078,0.19324591850592954,0.4273384260814535,0.49358568054257995,-0.06624725446112645,True,True
Cho2017,16,0,-0.6165857299377956,-0.08801153930572098,-0.9847769620107825,-0.3681912320729869,-0.13291707571929487,0.3324343967474016,-0.8052524366678181,-0.6723353609485232,-0.2162714087707004,-0.0682384297276164,-0.148032979043084,-0.35616849194755906,-0.1867613987875137,-0.16940709316004537,-0.007131982353498187,0.09492443951301735,-0.8094385624711811,-0.8023065801176829,0.5190558335848013,-0.8481775150799833,-0.5117311773949081,-1.0307870109797095,-0.5543113671789719,-0.21871423303878337,-0.33559713414018855,0.06486629843200588,0.27003561737977283,-0.20516931894776697,False,False
Cho2017,17,0,-0.11641790767482553,0.39304987767030025,-0.2242454544863769,-0.10782754681155136,-0.6206510266802368,0.7422452113169898,0.4786904813775403,1.099341508057777,-0.08662288127500095,-0.04098918086298453,-0.04563370041201642,-0.03576682572352875,-0.29632664863543007,0.26055982291190133,-0.2638099912062772,0.23725525836490177,-0.807859626533652,-0.5440496353273747,0.030515591232007335,0.5704710735524052,0.5926830887009297,0.5621674974689224,-0.21167363016944643,-0.09869535453612599,-0.11297827563332044,-0.33417914393009496,-0.3627195971872318,0.028540453257136833,False,True
Cho2017,18,0,-0.4313092411609927,-0.7620637536038031,-0.17165367279004257,0.2596555683709501,0.6994050522747637,0.48169024331007404,-0.4351224136249669,-1.1345274658997306,1.2121331464597551,1.3660511932434316,-0.1539180467836765,-0.45251712013598644,-0.19546301310632536,-0.2570541070296611,0.435357039220645,0.9733709129204773,0.1858400200449527,-0.2495170191756923,-0.1480129868839896,0.36868912212828703,0.3233982635761883,0.47141125046017784,0.2765988219007564,0.2839127850779682,-0.00731396317721178,-0.3007587103605197,-0.45843503494714183,0.15767632458662212,True,True
Cho2017,19,0,0.452089134083824,0.09557900822299431,0.008125622615701225,-0.4439635114681228,-0.21260795465093657,-0.10045486303282065,-0.0659206251891308,0.14668732946180577,0.5794750835933247,0.8212928056176932,-0.24181772202436858,0.7641021308985501,0.766326497522525,-0.0022243666239749604,-0.26354922708104006,-0.09244597442245643,-0.16081245383291493,0.10273677324812514,-0.24704268318193476,0.08210177378661188,-0.10760545396095154,0.13943722922098323,0.31590653783004996,0.2761263174949644,0.03978022033508555,0.2555830572734835,0.17397070879751153,0.08161234847597199,True,True
Cho2017,20,0,0.03732878634818559,0.14795678217721667,-0.8900243544729277,-0.9273531408211133,0.2920444463872464,0.036292272217021394,0.3739408198823182,0.08189637349507178,-0.8809833907023986,-0.548436045867043,-0.33254734483535564,0.22132912430564536,0.1418448804349839,0.07948424387066147,-0.28660181884212627,-0.1140601566716531,0.27557603111430984,0.562177849956436,-0.2525481581371924,-0.12900606865299608,0.27632108624548246,0.5288692443826748,0.22667541963950905,0.01367688706301523,0.21299853257649382,0.17960110731369094,-0.08743219751565134,0.2670333048293423,True,True
Cho2017,21,0,-0.0033222990092777564,0.40580673251241584,0.08239716983477234,0.0857194688440501,0.04719410254425716,0.03580444591056148,-0.42462012016716294,-0.4718142227114201,1.1558804463778634,0.9500818897785152,0.2057985565993482,-0.5690705533111148,-0.3059243330201272,-0.26314622029098755,0.2447494432596651,-0.3287309738399383,-0.2580358119309034,-0.5027852551905685,0.01661533185628475,0.11663416491852328,0.05740812421897343,0.04079279236268868,-0.5363191046918445,0.1619551818727769,-0.6982742865646214,0.2027394890014914,0.16222023531838103,0.04051925368311038,True,True
Cho2017,22,0,0.25701227081476674,0.2513962103533483,0.06112465073665879,-0.19588762007810795,-0.6044321902209528,0.1332199503066486,0.26869340139944187,0.8731255916203947,0.5926153283757837,0.658194450805102,-0.06557912242931829,0.37699104216826934,0.14445835468614068,0.23253268748212866,-0.37441823789875694,-0.12526029315928802,0.23448538489016035,0.6089036227889173,-0.020912173415420232,0.8528270789388923,-0.1917852387607983,-0.17087306534537808,0.22800576734089928,0.07853277434977066,0.14947299299112862,-0.012861520525352166,0.013993451140902472,-0.02685497166625464,True,True
Cho2017,23,0,0.4355274906421623,-0.4818125563440891,0.44521619932685047,0.009688708684688185,0.4666068782427632,0.9163143650478375,0.45546015168092513,-0.011146726561838072,-0.8037101791660924,-0.5643441359191546,-0.2393660432469379,0.4090799151209226,0.28287403291959834,0.12620588220132428,-0.027451582414311598,0.5352080487348709,0.7490227905256711,0.7764743729399827,0.06952547359025586,0.429431870607471,0.4964428391463837,0.42691736555612786,-1.7920951914213359,-2.034129336254079,0.242034144832743,-0.165701429377894,-0.3033741573394003,0.1376727279615063,True,True
Cho2017,24,0,0.3205511596180016,-0.11114924375673785,0.07650762723330988,-0.24404353238469173,0.053212645987516544,0.19186149948123626,0.26875570444013486,0.2155430584526183,-0.1789507560952831,0.033611733047206105,-0.2125624891424892,-0.029041957611944946,-0.14829879432195714,0.11925683671001219,-0.13810484487174593,0.041432774981214254,-0.0990195121404835,0.039085332731262426,-0.11898779539468733,0.005942207685360226,-0.39993024889559403,-0.2809424535009067,0.6370116838158748,0.6721306693112279,-0.03511898549535308,0.0891424951712659,0.27515440550385056,-0.18601191033258466,True,True
Cho2017,25,0,-0.4323455992475529,-0.5446697096458205,0.10692201632163018,0.5392676155691831,-0.9701975897681144,0.9758562677703357,-0.3545721420902593,0.6156254476778551,1.1103968637202435,0.9091658462007267,0.20123101751951677,0.02048450635994972,-0.21364286880377326,0.23412737516372298,-0.2361055556376917,0.5683879326100508,-0.550661651781982,-0.3145560961442903,0.11891501370577585,0.01208132263882523,0.5961871244801211,0.4772721107743453,-0.34904026142666855,-0.3148452081251055,-0.03419505330156303,-0.2931547636476514,-0.30110815755260845,0.007953393904957029,True,True
Cho2017,26,0,0.10831188722358259,0.11317837880895606,0.2163622929410825,0.10805040571749991,0.3141806611704515,0.7586665586868457,0.285980784822795,-0.028199876347656527,1.1077933205425687,0.8137685261140968,0.29402479442847196,0.7632716942473028,0.5979910508735126,0.16528064337379023,0.03153254047510441,-0.17506328612083666,-0.0054570318567471405,-0.03698957233185155,0.20512687175041128,-0.37513543469622035,-0.3229545362691062,-0.5280814080195175,1.0599238232598922,1.108702422190774,-0.04877859893088177,0.042256849061891366,0.37778434718116094,-0.3355274981192696,True,False
Cho2017,27,0,0.13182017912428357,-0.5515238589273034,0.5970728462484519,0.46525266712416835,0.6979025454360567,-0.40909688854676185,0.10855184833498455,-0.5893506971010721,-0.04786293457150078,-0.08880598805488814,0.04094305348338736,-0.4121055247053721,-0.1897887878315876,-0.2223167368737845,0.22393009236325018,-0.10374053763508141,0.5950162814576557,0.37108618909440555,-0.40724121986423617,-0.3696084070875387,-0.12107438565280448,0.2861668342114317,0.26856183397783884,0.12351300431306811,0.14504882966477073,0.07871366097707341,0.027377056777064673,0.05133660420000874,True,True
Cho2017,28,0,0.5709809346648099,0.8321796783403247,0.40775293534820284,-0.1632279993166071,0.0401805740606088,-0.16043633950858172,-0.018086501092428483,-0.05826707515303728,-0.5547768705670404,-0.31979867448924437,-0.23497819607779602,-0.11187737871695679,-0.06286526778367285,-0.049012110933283934,-0.6616245476201374,0.277093438261916,-0.7171695561416206,-0.05554500852148314,0.1424735809478015,-0.08308443890525932,-0.000927093947165866,-0.14340067489496736,0.06613956453921854,0.298079243907174,-0.23193967936795545,0.3252579143234722,0.4255530514106769,-0.10029513708720472,False,False
Cho2017,29,0,-0.7397943080448031,0.39703928080223067,-0.17559440064547208,0.564199907399331,0.14041529016809384,-0.057373325521351874,0.1015640399276696,-0.03885125024042424,0.7682730012262943,0.7697257991271355,-0.001452797900841185,-0.3536525307779904,-0.2863810508051634,-0.06727147997282701,-0.5350458022732807,0.6105866853611015,0.6425831516504216,1.1776289539237021,0.021535522239945357,-0.09771066555320862,-0.40352260492536757,-0.42505812716531294,0.23910738421532393,-0.001604223034571528,0.24071160724989546,-0.5353321624852135,-0.32231179728274667,-0.21302036520246687,True,False
Cho2017,30,0,0.2137176018830966,-0.09862383217058689,-0.6494500871279066,-0.8631676890110033,0.5307054173146971,-0.009707079512589136,0.34473205028521775,-0.18597336702947936,-0.5565209092405442,0.0821732861450919,-0.6386941953856361,0.5640930379570042,0.43160915752287077,0.1324838804341334,0.04115455867359252,0.2164756652943771,0.20680908421162236,0.16565452553802984,-0.1652370516047692,0.08659236095754548,-0.09470700570225568,0.07053004590251352,-0.7874396374082557,-0.8067215398623234,0.01928190245406769,-0.014682564953026998,-0.04605020164536627,0.031367636692339274,True,True
Cho2017,31,0,0.9600873145136479,0.33455778848120005,-0.338716588225488,-1.2988039027391358,-0.011486518257258282,-0.03872270953148839,0.9205958828800314,0.9320824011372897,-0.9197358846244998,-0.30137907936568603,-0.6183568052588138,0.25144925195547474,0.06597123524923093,0.1854780167062438,-0.8703102324003961,-0.27561468166077313,-0.37242867057232937,0.4978815618280667,-0.2808767902678159,0.9272689883401132,-0.1129443682313984,0.1679324220364175,0.32673139587370326,0.2668073559800404,0.05992403989366285,0.2515872395282031,0.25537959832959356,-0.0037923588013904497,True,True
Cho2017,32,0,-0.20810760917215462,-0.17890392110653136,-0.029474732568830157,0.17863287660332447,-0.028519419480326734,0.4636521879256023,-0.3193160161331325,-0.29079659665280577,1.4741649779035717,1.3108408341922486,0.1633241437113231,-0.05125837231576785,0.01754951779795591,-0.06880789011372376,-0.36653827177946424,-0.32404219567461245,-0.2317466011586952,0.13479167062076905,0.1377091714104816,-0.09076251821660966,-0.38910083224999403,-0.5268100036604757,0.6434643002062129,0.6863924662474161,-0.0429281660412032,-0.43754928302214846,-0.3494142483727417,-0.08813503464940675,True,False
Cho2017,33,0,0.19733911921660968,0.31503734488194673,0.5927653204963591,0.3954262012797494,0.7300556154035145,0.7399505967115159,0.527571466312305,-0.2024841490912095,-0.3043948593375194,-0.6299049762610807,0.32551011692356124,0.10716322289462177,0.09525109826176739,0.011912124632854376,-0.3411179419019606,-0.013563611922748258,-0.6258607682604891,-0.2847428263585285,-0.406672277187856,0.061316643967646224,-0.6011108918439263,-0.19443861465607032,-0.6154106393695247,-0.3700780026680648,-0.24533263670145988,-0.15436384172844209,-0.1702728002658695,0.01590895853742741,True,False
Cho2017,34,0,-0.09330766801668101,-0.08803179022500905,0.10088088603703445,0.19418855405371546,-0.11169943287855548,-0.47745171972816314,0.4707393560474485,0.582438788926004,0.27908659442681494,0.13685836825601339,0.14222822617080155,-0.39198548710624265,-0.45842808743929714,0.06644260033305449,-0.09868474620206256,0.29081112606914467,0.12372416511025608,0.22240891131231866,0.3143465005053601,0.9466638628620251,0.2105941284324133,-0.10375237207294682,-0.07327254195972321,-0.18524848235553038,0.11197594039580716,-0.29579284964274466,-0.19021945616773112,-0.10557339347501354,True,True
Cho2017,35,0,-0.3869077348850605,0.39217383555176066,0.3096870913996026,0.6965948262846631,0.881534152016048,-0.13964920196495026,-0.38614098416620884,-1.267675136182257,0.47343054909922977,-0.02081937319563698,0.49424992229486675,-0.9402472004771281,-0.33742090878972797,-0.6028262916874001,-0.5152901590196256,-0.6409265679159872,0.17810657063886737,0.693396729658493,-0.02193918125613975,0.3869513337668392,0.25447829539028766,0.2764174766464274,0.7656918747815519,0.6115573811643504,0.15413449361720144,0.043903471094200786,-0.05935461330165042,0.10325808439585121,True,True
Cho2017,36,0,0.029640637515536895,0.22269331280766694,-0.026906067364852997,-0.05654670488038989,0.8614832562773268,0.40373108980663436,0.09585961758986146,-0.7656236386874653,0.0849543146020475,0.10915190109122479,-0.02419758648917729,0.22887032228407475,0.3054261535446946,-0.07655583126061985,0.4857751951129807,-0.06761138720774773,0.26740286553871057,-0.2183723295742701,-0.299055922632555,-0.7054473168248564,0.9623150111558125,1.2613709337883674,0.7324696367041355,0.6181924689125979,0.11427716779153752,-0.1534181305925404,-0.4550101462719388,0.3015920156793984,False,True
Cho2017,37,0,0.0673051428330958,-0.37227977066681395,0.09113421107681287,0.02382906824371707,-0.3655098504736967,-0.47267498233089056,0.6722572068226772,1.037767057296374,-0.8185984391305211,-0.772480862692157,-0.046117576438364116,-0.26887299321492,-0.5645297368302815,0.29565674361536154,-0.12300818194571386,-0.29752380478786494,-0.4039312802762132,-0.28092309833049933,-0.7433644576189091,0.5380310146395043,0.7884541654366864,1.5318186230555955,-0.5462248616949741,-0.5177751747832647,-0.02844968691170935,0.44157020457180024,0.10888892800348066,0.3326812765683196,True,True
Cho2017,38,0,-0.7860936200463366,0.38893908656248305,0.9185338580975101,1.7046274781438466,0.2679117185125233,-0.570241433397115,0.7072693629447455,0.4393576444322222,0.6553768912908859,0.03913949128494115,0.6162374000059447,-0.10904769499779773,-0.10102596701854155,-0.008021727979256182,0.09399824979093342,0.5624048376212133,0.20004764181700588,0.10604939202607246,0.551348339415756,-0.7782132438684921,-0.3650805667338026,-0.9164289061495586,0.7136577146544691,0.566739940038036,0.14691777461643318,-0.04267341482111883,0.10760376801314273,-0.15027718283426156,True,True
Cho2017,39,0,-0.08903984002075134,0.013508347551586402,-0.01935055298528214,0.0696892870354692,0.42654854682803156,0.5619478919610739,0.007095265283456009,-0.41945328154457556,2.0562863658061303,1.9833015075926501,0.07298485821348022,0.2804149885692476,0.3162001096050877,-0.035785121035840084,0.02103949271922159,0.06054163664201562,0.02471976306230516,0.0036802703430835713,-0.7248613767136866,-0.42397186167022394,0.040183324394766996,0.7650447011084536,0.2829079546114095,0.2703991184604806,0.012508836150928904,0.5335183191654111,0.3829646414245783,0.15055367774083284,True,True
Cho2017,40,0,0.07749217820827041,-0.13669435643385874,0.6341138321948881,0.5566216539866178,0.05691371834136267,-0.09737050436417298,-0.15344046953193718,-0.21035418787329985,0.25973341592756893,-0.018344107620382966,0.2780775235479519,-0.540625164746623,-0.36882179429859174,-0.1718033704480313,-0.029990316066785195,0.1251885535980348,0.7524988317691708,0.7824891478359559,0.2618726033285403,0.007228280252293738,0.18701842066796617,-0.07485418266057411,-1.7520473808516996,-1.888993390493415,0.13694600964171544,-0.33663194353270265,-0.22155384681437437,-0.11507809671832828,True,False
Cho2017,41,0,0.5711612420706187,-0.0482222777051264,-0.6514909216587177,-1.2226521637293364,0.3953864927109404,-0.28718321718913953,-0.853189815086533,-1.2485763077974734,-0.49669009338189823,0.11274910760342681,-0.609439200985325,-0.03981538146022018,0.1747229973215696,-0.21453837878178977,0.3699570186118427,0.2085028970736839,0.45047483928484067,0.08051782067299795,-0.2874245319942772,0.6107740579619436,0.7381746505699205,1.0255991825641977,-0.5733953953645095,-0.4236883379527351,-0.14970705741177437,0.7149772610260687,0.32266640358369786,0.3923108574423709,True,True
Cho2017,42,0,-0.42769696248730027,0.18859715369707616,-0.33117763076913603,0.09651933171816424,0.2532342644398208,0.09083217315486902,-0.48006438597981715,-0.7332986504196379,0.24264798498280615,0.33303415216086163,-0.09038616717805548,-0.050484236977398955,0.19250186221322463,-0.24298609919062358,0.8000832609149138,-0.1725047583770541,-0.4355965575651299,-1.2356798184800437,-0.1825222205131884,-0.1457993465809651,0.2203950209906784,0.40291724150386676,-0.18670456702076174,-0.021965273779910394,-0.16473929324085135,0.6186828846724222,0.4649181540336291,0.15376473063879303,True,True
Cho2017,43,0,-0.006958910963850859,-0.08437904786712833,-0.08034016838062782,-0.07338125741677697,-0.28899427599054417,0.2079915214118631,0.37923757601098207,0.6682318520015262,0.10151532957584386,0.16571644903454552,-0.06420111945870166,0.3006601272169189,-0.13215333064617274,0.43281345786309167,-0.8487099070055789,0.8998795739548661,0.6441130207280441,1.4928229277336231,-0.7528972614855555,0.5046285097501914,0.3711263114881877,1.1240235729737431,1.1082410103863325,0.4851081671312212,0.6231328432551113,0.20914890880713227,-0.15134659668490996,0.36049550549204223,True,True
Cho2017,44,0,0.7214460181680188,0.05191029484067278,0.21677188808519382,-0.504674130082825,0.10265855573919451,0.0881469042821977,0.1421447809164402,0.03948622517724569,1.256719258813176,1.2372398834333171,0.019479375379858777,0.4856696388275553,0.41223900341369535,0.07343063541385997,-0.10857486882577928,-0.0907177193427368,-0.0933394879218306,0.015235380903948686,-0.11264184791545934,-0.05469671085891046,-0.11572035021859392,-0.0030785023031345837,0.6594713440701172,0.7074018401131268,-0.047930496043009585,0.3408040869243859,0.3874445592722141,-0.0466404723478282,True,True
Cho2017,45,0,-0.3664198680997518,0.22072982230898336,0.42223529738732773,0.7886551654870795,-0.140146672237883,-0.47570313740650844,0.07069138382058174,0.21083805605846473,1.1526759279515726,0.6949848051350794,0.45769112281649316,0.019012728276445845,-0.14080190032027928,0.15981462859672513,-0.1448650889828804,0.04827311904527497,0.01810693500450288,0.16297202398738328,0.10515977607509888,0.8152301274098427,0.018180183299056095,-0.08697959277604278,0.3249818776183149,0.10847117931312321,0.21651069830519165,-0.47613542636036127,-0.3957303579926188,-0.08040506836774247,True,True
Cho2017,46,0,-0.04285813843302967,0.03646711605023167,0.10514219617759445,0.14800033461062412,-0.6200116169561355,-0.7297213069520054,0.1486957850836059,0.7687074020397414,-1.3512371209364282,-1.4821564970807828,0.13091937614435456,0.23288154917832823,0.04063460690768883,0.1922469422706394,-0.2564804190431189,0.016381891231354053,0.2523846952450175,0.5088651142881364,-0.11039602600709696,-0.14075479475507535,0.12781808300485645,0.2382141090119534,-0.19026681898688558,-0.5128633545493337,0.32259653556244816,0.4416959329243985,0.3511655459304119,0.09053038699398663,True,True
Cho2017,47,0,-0.031194266594127905,-0.5190861959586555,-0.6074632901952889,-0.576269023601161,-0.9891986360062659,-0.6984039133842875,-0.8257753140663715,0.1634233219398944,-0.06959914544728137,0.011558640418887961,-0.08115778586616933,0.019719582318114,-0.13854341434189887,0.15826299666001287,0.028599030185855093,0.07364558672349776,0.13839720440674266,0.10979817422088757,-0.8693477322830726,0.04592060378603369,0.9115222636208057,1.7808699959038783,0.6076902003917635,0.4346569260218731,0.17303327436989036,0.460811019895611,0.06897207823946538,0.39183894165614563,True,True
Cho2017,48,0,-0.3785732089344401,-0.1678730774625924,-0.25613238527949533,0.12244082365494474,0.03729252610783856,0.12014134889595633,0.575852964993456,0.5385604388856174,0.4048597972902726,0.38167532025295436,0.02318447703731824,0.348220942780252,0.19555934397853328,0.15266159880171873,0.3078558016247682,-0.09923216842674577,0.22177601060674712,-0.0860797910180211,-0.07674330596105502,0.006673373026295336,-0.9720091848438057,-0.8952658788827507,0.7116204801402664,0.6507775913904238,0.06084288874984256,-0.18011043996003817,-0.08113542528957146,-0.09897501467046671,True,True
Cho2017,49,0,-0.0855535151757878,0.6727969715518292,0.20067603827285946,0.28622955344864726,-0.09562997234163499,-0.36413755980118623,-0.665403439625495,-0.56977346728386,0.58416053291175,0.23967039554941016,0.3444901373623398,-0.24714235225273937,-0.06431243589086344,-0.18282991636187593,-0.058092615399238934,-0.14783897156463727,-0.11476711571655086,-0.05667450031731193,-0.22556572622223664,0.07907640556306461,0.2383350247041001,0.46390075092633676,0.9315797936055403,1.0913632697058677,-0.1597834761003274,0.19385346254426866,-0.009809789407668634,0.2036632519519373,True,True
Cho2017,50,0,0.2027294809259417,0.11278227388306086,0.1935333913072193,-0.009196089618722397,-0.09125863757835685,0.758481068101745,0.38002572529845585,0.4712843628768127,0.4748777940929067,0.41405515321825964,0.06082264087464706,0.07702646804792374,-0.07709699442813667,0.1541234624760604,-0.20342506258417664,-0.559247176498997,-0.18689929720706566,0.01652576537711098,0.32946359175227186,0.33467966545113265,0.2026846733554701,-0.12677891839680175,0.6735696732869529,0.8000186275569704,-0.12644895427001746,0.14961160444747423,0.14057859265204053,0.009033011795433699,True,True
Cho2017,51,0,-0.11680721358095042,-0.21852820880999044,-0.25630582493592047,-0.13949861135497005,-0.028307803411488735,-0.005574369950635854,-0.10650372991499125,-0.07819592650350252,0.01271545463825585,0.1789868708936927,-0.16627141625543684,0.1430715391951196,0.25065542770461935,-0.10758388850949974,-0.011850361491150312,0.45673016974925323,0.38660373744204524,0.39845409893319556,0.13786357155575027,0.09430113080650325,0.13454868179309226,-0.0033148897626580076,0.27046267369021537,0.041579711158186816,0.22888296253202856,-0.228689884033894,-0.19836794842234326,-0.03032193561155075,True,False
Cho2017,52,0,-0.28554764467176635,0.24983269396277014,0.6041747887845375,0.8897224334563039,-0.24855576026740175,0.09962392253394928,0.037100169217993625,0.28565592948539537,0.043960277305234496,-0.3405474405554034,0.3845077178606379,0.01331528602632559,-0.05617769791031588,0.06949298393664147,-0.2596018898614009,-0.6355530138326724,-0.6451917927473351,-0.38558990288593414,0.9400254406584915,0.15744491868145535,0.6518168616519523,-0.2882085790065392,-0.20487898383336084,-0.20155246605362065,-0.00332651777974019,-0.053658609062031196,-0.016991456385068382,-0.036667152676962814,True,True
Lee2019_MI,1,1,-0.54099104304756,0.06020315414346446,-0.4543804067564561,0.08661063629110388,0.23472559089394351,-0.21995683013923992,0.18238748696397217,-0.05233810392997135,-0.20685654074072732,-0.4686200177846903,0.26176347704396297,1.4151709733094437,1.1988423140110918,0.216328659298352,0.021577707044204458,-0.5749647022749597,-0.3482323901565869,-0.3698100972007914,-0.8988063961616458,-0.5418451421574011,-0.791788102142064,0.10701829401958185,-0.9335590738838346,-0.6494874303001077,-0.28407164358372694,0.04791810571471694,0.02658884440361653,0.02132926131110041,True,True
Lee2019_MI,2,1,0.07432285569352119,0.33236760463470927,-0.46823611672065174,-0.542558972414173,0.08087727463763288,0.4192953498353117,0.06259267948188142,-0.018284595155751454,-0.3104473619864135,-0.04816617630410458,-0.2622811856823089,-0.33567828347373163,-0.3088333851916811,-0.026844898282050556,0.5290035009502118,0.7536284029595293,-0.5261094810941103,-1.0551129820443221,-0.22356836622769585,-0.31484117416809393,-0.3695391912336194,-0.14597082500592354,-0.3264649611939351,-0.12405542596957984,-0.20240953522435523,-0.5612241609126455,-0.6849644172165661,0.1237402563039206,False,False
Lee2019_MI,3,1,0.36940634443983617,0.08751018899770334,-0.09252361062969998,-0.46192995506953616,-0.9271816169605017,-0.20371178929572145,-0.1668868674915195,0.7602947494689822,-0.4187919299457984,-0.09273292148849577,-0.3260590084573026,0.29687644629638765,0.19217610537272256,0.10470034092366509,0.177818308499631,0.1549380825681788,0.3784491065178938,0.2006307980182628,0.10421718487489376,0.3933880100946488,-0.21301083575436658,-0.31722802062926037,-0.0654675910674628,-0.1653533157245588,0.099885724657096,-0.6152902592340038,-0.4735368156772058,-0.14175344355679803,True,True
Lee2019_MI,4,1,-0.12713599927424912,0.1823841291309711,0.33497015572251887,0.462106154996768,0.09977908869566132,0.35995460077593344,-0.39488431686995923,-0.49466340556562055,0.6489960872039258,0.25200288591268594,0.39699320129123983,-0.8974747998046619,-0.6592230042049807,-0.23825179559968124,-0.13576915559352212,-0.04579224761019676,-0.0746922599480093,0.061076895645512816,-0.019051509120860195,-0.03299583859937976,0.06384593493264401,0.0828974440535042,1.7110064034161934,1.8153367586283449,-0.1043303552121515,-0.7738300728822557,-0.8331110848807471,0.05928101199849145,True,True
Lee2019_MI,5,1,0.9436327840117517,0.38798585688868664,0.13332403405244425,-0.8103087499593074,0.5873302505580701,0.3517627881181401,0.8284988504227198,0.24116859986464967,-0.41737358876308434,0.07077908537975186,-0.4881526741428362,0.4682727490066999,0.2192442260619034,0.2490285229447965,0.16449543314806048,0.013368537236737435,-0.6230160143874552,-0.7875114475355157,-0.28798591651290006,-0.4472495596930488,-0.24504174604330764,0.042944170469592424,-0.9977668598751019,-0.7061983602333012,-0.29156849964180076,-0.2117288541954264,-0.30075768642258466,0.08902883222715827,False,True
Lee2019_MI,6,1,0.1497899424246266,-0.22982473749410087,-0.6367606633676522,-0.7865506057922789,-0.3717496805567607,0.2009912149429704,0.1405236539256113,0.512273334482372,-0.5068067520210033,-0.37759543391551215,-0.1292113181054912,0.37711526650277555,0.09732240914514999,0.27979285735762555,0.9486670711661342,-0.9741072588322166,-0.578551955894826,-1.5272190270609602,0.2714438773365612,0.7733803330542617,-0.29015474015803583,-0.561598617494597,-0.48797057490273543,-0.025229180414139293,-0.46274139448859614,-0.1439792273371413,0.0992023100619167,-0.243181537399058,False,True
Lee2019_MI,8,1,-0.9226275617709999,-0.24108689408661968,0.01970552809872201,0.942333089869722,-0.4907587461551957,-0.5093765566273145,0.22368786455783107,0.7144466107130267,0.6155954664861633,0.25355001876255534,0.3620454477236079,0.47221013681166946,-0.08855463490911797,0.5607647717207874,0.2003425137890698,0.012093736488289928,0.8588418382064102,0.6584993244173405,-0.4068123886732536,-0.0601084685563067,-0.33906440871524157,0.06774797995801202,-0.6505341521321084,-0.6637175531155753,0.01318340098346693,0.2364198022362332,0.3344778112223828,-0.09805800898614958,True,True
Lee2019_MI,9,1,-0.6137768520369807,-0.6271275328149287,-0.9138428203904315,-0.3000659683534508,-0.5531730102435161,-0.6543251497318969,-0.6634935705255276,-0.11032056028201154,-0.09975860585021575,0.27397987184074024,-0.373738477690956,0.055732331976248675,0.18242151210913393,-0.12668918013288527,0.43592657567450316,0.289694338073258,0.5691307606344527,0.1332041849599495,0.07809170331312897,0.41598114688874044,-0.25123505362772003,-0.329326756940849,-0.4577768932425321,-0.32343239185408346,-0.13434450138844867,-0.09854487919627766,-0.04181563494835766,-0.05672924424792,True,False
Lee2019_MI,10,1,-0.28714431443149213,-0.5776352855115106,-0.33995329001825725,-0.05280897558676512,-0.18436946093682954,0.3082864893399901,-0.0812573949729679,0.10311206596386165,0.33076527296116176,0.5191446596711032,-0.18837938670994148,0.14476510241145701,0.08006153789515325,0.06470356451630377,-0.19403335682827333,0.14052915107195751,-0.09719723202841354,0.09683612479985979,0.0402069308534413,0.5490436508033384,-0.27359771781938946,-0.31380464867283075,-0.2642720029978818,-0.4283546895045646,0.16408268650668284,-0.7282228790305527,-0.5338706409060827,-0.19435223812447,True,True
Lee2019_MI,12,1,0.1744638165035781,-0.6921958630683663,0.7002623085923333,0.5257984920887552,-0.2906049455307221,-0.13038871117494,-0.3365332955831703,-0.04592835005244822,0.05047605913852038,-0.18300289689303906,0.23347895603155944,0.03459012048153032,0.11047404757275858,-0.07588392709122826,-0.11819409364921582,0.9996409201001516,0.2580361470929277,0.3762302407421435,0.6887259700185471,0.27811300648683407,0.1729231517353972,-0.5158028182831499,0.3223430210782927,0.16852666199891092,0.1538163590793818,-0.49751304765562526,-0.20104165312985345,-0.2964713945257718,True,False
Lee2019_MI,13,1,-0.1500018581935162,0.014154149693299282,0.02313808358188652,0.1731399417754027,-0.023294066128022598,-0.525177280435013,-0.18025614773355336,-0.15696208160553077,0.42680217013419663,0.15280770644595498,0.27399446368824165,-0.19255830816329933,-0.07349330525102338,-0.11906500291227595,0.5182704094462257,-0.05683175616674688,-0.15925246361338205,-0.6775228730596078,-0.051691907698231,-0.15403602578544295,-0.1515866541522018,-0.09989474645397078,0.441019460836642,1.3086820457727137,-0.8676625849360717,0.3420500381855257,0.48739327360199836,-0.14534323541647265,True,False
Lee2019_MI,14,1,-0.17544978637448302,-0.47639098956694104,0.20874385402429263,0.3841936403987757,-0.30099603567171496,0.2340193563666587,-0.5840478680935262,-0.2830518324218112,0.7022414376477815,0.41005806231889674,0.2921833753288847,-0.13369020099009188,-0.05195661644191463,-0.08173358454817725,-0.7530089006404396,-0.9189906381726255,-0.8447088332691502,-0.09169993262871068,-0.15505392913209773,0.5618513667257012,-0.18870905811790567,-0.03365512898580794,0.004997102893543527,0.15806613628552327,-0.15306903339197975,-0.5693182705917231,-0.665921608257408,0.09660333766568485,True,False
Lee2019_MI,15,1,0.3324704450787709,-0.04527288000465031,0.14226948112350835,-0.19020096395526254,-0.17994945566967838,-0.7800741595968608,-0.12146826410537138,0.05848119156430699,-1.0987142907748686,-0.778216790040254,-0.3204975007346146,0.26036909839519046,0.2843252089635849,-0.023956110568394418,0.21817022953892398,0.5399764172587487,0.8070421550527139,0.58887192551379,0.30838582044933915,0.13609688176735493,0.13232230631648922,-0.17606351413284993,-1.0028738914998832,-1.035409761312573,0.032535869812689855,-0.09271129180158677,0.03261600928728581,-0.12532730108887258,True,True
Lee2019_MI,16,1,0.10375183773190587,0.5900721732752213,0.9365576613239266,0.8328058235920207,0.0600026308555805,-0.1414999692033016,-0.045332754404109665,-0.10533538525969016,0.8055655676958915,0.14102675154359945,0.664538816152292,-0.9362180620540169,-0.8539182326978786,-0.08229982935613833,0.5017581620729034,-0.8151680810236598,0.8958902714717205,0.39413210939881715,0.3313469763436406,-0.2661561030376651,0.686086805869109,0.3547398295254684,0.03178076246930672,-0.031124220335791042,0.06290498280509776,0.35569357662206413,0.07477603548902756,0.2809175411330366,True,True
Lee2019_MI,17,1,-0.3203508125962516,-0.1437894969581631,0.6402323218032272,0.9605831343994788,-0.12842354264356592,-0.8085518209556168,0.6550973460600813,0.7835208887036472,-0.3295633874592684,-1.2694596696830902,0.9398962822238218,-0.08842714858558831,-0.4421512788275583,0.35372413024196997,0.5581181635791171,-0.2859109919277467,-0.407388666536528,-0.9655068301156451,0.9223934773385971,-0.44994289187988845,-0.4009481150292453,-1.3233415923678424,-0.48188315167014995,0.21250363323057853,-0.6943867849007285,0.11373144625288661,0.5475449008792659,-0.43381345462637927,True,True
Lee2019_MI,18,1,0.268282615481381,0.3957749746174715,0.6298487409274093,0.3615661254460283,-0.15040599695737628,-0.8548389295092681,0.7810579884363014,0.9314639853936777,0.19057477916596532,-0.04838243330674219,0.23895721247270751,-0.0212774246668386,-0.1264102669904758,0.1051328423236372,-0.020519406287559598,-0.1766806192501767,0.07288958120194736,0.09340898748950696,0.24652425209280887,-0.1689911988482785,0.6587827556456152,0.4122585035528063,0.10785492580897915,-0.0010558430206597524,0.1089107688296389,0.004068449144769393,-0.04521120317360347,0.04927965231837286,True,True
Lee2019_MI,19,1,-0.6115965570912625,0.9845486456479932,-0.8295180432532715,-0.21792148616200901,0.20161476592709673,0.4241195262831223,-0.04851822985816967,-0.2501329957852664,-0.06660862154263214,0.07429113291502232,-0.14089975445765446,-0.14108968651212805,-0.0351039814911418,-0.10598570502098625,-0.4883370427321999,-0.4520628078962848,0.07631497408704506,0.5646520168192449,-0.5279814764017964,-0.5717993675777306,0.7095360424673535,1.2375175188691498,0.6644556736352534,0.30980022278157615,0.3546554508536772,0.07733577069731942,-0.27217884317538016,0.34951461387269955,True,True
Lee2019_MI,21,1,-0.00121996363441937,0.07937263160729961,0.17506977950635072,0.1762897431407701,-0.01782909599741874,0.32505222838049375,0.11304280708610352,0.13087190308352226,0.9915973356575956,0.6892084269351115,0.30238890872248403,0.4039065180936716,0.21469884242441362,0.189207675669258,-0.046722491508899885,0.10947869224786497,0.03906328327193458,0.08578577478083446,0.5837634218648412,0.7116125430702804,0.4107004479277364,-0.1730629739371048,0.22362502332881862,0.09251200501624313,0.1311130183125755,-1.259154183860341,-0.672917610061484,-0.5862365737988571,True,True
Lee2019_MI,22,1,-0.9361176441481793,0.4743925107460342,-0.3463423614735624,0.589775282674617,-0.5025382351378669,-0.14482752786622807,0.19305690325490604,0.695595138392773,0.4304475254641818,0.45729544945577943,-0.026847923991597633,0.992904546392559,0.6271499979802738,0.36575454841228516,-0.19064970299300332,0.0026580538773765725,-0.005262811174400104,0.1853868918186032,-0.2933353217384947,0.3839123285745944,0.25594598416167513,0.5492813059001698,0.7161141596001834,0.5069430256427339,0.20917113395744957,0.8913378104189932,0.5280937576000282,0.363244052818965,True,True
Liu2024,1,0,0.27492392676527194,0.5448546376922678,-0.03132475012434691,-0.3062486768896189,0.4022316923479338,0.36101815710275725,-0.18440762377710043,-0.5866393161250343,-0.7152079884277234,-0.41592035803799,-0.2992876303897334,-0.4127459214476916,-0.20175162454498985,-0.21099429690270177,-0.2821712335641133,0.2535671643867857,-0.23606146831934832,0.046109765244764955,0.6321628043658817,-0.016781361106086926,-0.5762001425843903,-1.2083629469502721,-0.09205392341154861,-0.17461404017631588,0.08256011676476727,-0.14427511673517415,0.3262338061560348,-0.47050892289120894,True,False
Liu2024,2,0,0.16469280245126822,0.0038888244719014605,-0.1622767042260384,-0.3269695066773066,0.4807763375359543,-0.5878713989365908,0.09151449739443426,-0.38926184014152,0.1825940988125439,0.3518281294028687,-0.16923403059032477,0.7087709676178708,0.7712928012666016,-0.06252183364873076,0.9770789583031839,0.20233847923389853,-0.20514908111637373,-1.1822280394195577,-0.7252223942103988,0.811814330727037,-0.6858284027696344,0.039393991440764387,-0.6603039046395646,-0.11583557585065074,-0.5444683287889138,-0.006393933529136087,-0.05167287859916511,0.045278945070029025,False,True
Liu2024,3,0,-0.7961704649712342,0.48934539154191,-0.9731175986014766,-0.1769471336302424,-0.7481205057350238,-0.5626825825307752,0.06461986869988764,0.8127403744349114,-0.2171393938254506,-0.8403825566926205,0.62324316286717,0.6490213215412539,0.3581918894877767,0.2908294320534772,-0.7408768151269692,-0.37469684577847284,-0.14060696425114497,0.6002698508758243,0.08928405114598503,0.012715625715965536,0.7956061649978878,0.7063221138519028,0.4907786716802764,0.06809236773778127,0.4226863039424951,0.3948818866353706,-0.13488268453455887,0.5297645711699295,True,True
Liu2024,4,0,-0.45761345092942846,-0.8246882790980101,-0.08908557263045451,0.36852787829897393,0.07307440258671508,-0.05975594949394261,-0.592365791325533,-0.6654401939122481,0.4093102890227915,0.27990204532269114,0.12940824370010034,-0.07987049392872275,0.13152332703985786,-0.21139382096858061,0.7041526289003872,0.07073026115282909,-0.9429965706384734,-1.6471491995388607,-0.48974737024977816,-0.8612019906339647,0.06191093650420009,0.5516583067539782,-2.327395846019085,-0.8247357960455127,-1.5026600499735725,0.4922490937735905,0.31438613543531024,0.17786295833828025,True,True
Liu2024,5,0,-0.45761345092942846,-0.8246882790980101,-0.08908557263045451,0.36852787829897393,0.07307440258671508,-0.05975594949394261,-0.592365791325533,-0.6654401939122481,0.4093102890227915,0.27990204532269114,0.12940824370010034,-0.07987049392872275,0.13152332703985786,-0.21139382096858061,0.7041526289003872,0.07073026115282909,-0.9429965706384734,-1.6471491995388607,-0.48974737024977816,-0.8612019906339647,0.06191093650420009,0.5516583067539782,-2.327395846019085,-0.8247357960455127,-1.5026600499735725,0.4922490937735905,0.31438613543531024,0.17786295833828025,True,True
Liu2024,6,0,-0.0533193832802863,0.3665499045059458,-0.03226438132755859,0.021055001952727706,0.7957892272616041,0.8719325103633413,-0.1266108025607981,-0.9224000298224022,-0.4841319559130498,-0.5337069959090457,0.049575039995995884,-0.8431139939045434,0.028580899613835694,-0.8716948935183791,-0.0020816739460185942,0.238930561903042,-0.6267618729402867,-0.6246801989942682,0.043854722122864974,0.001778290426311158,-0.6385683345754634,-0.6824230566983284,-0.23936556017124966,0.35000619386553056,-0.5893717540367802,-1.1676869827675014,-1.0279536044219832,-0.13973337834551813,True,False
Liu2024,7,0,0.12720739054406838,0.5248389682230318,0.22272591888495716,0.09551852834088878,-0.25263813365431037,-0.055307442805513904,0.05761910469812301,0.31025723835243335,-0.25658690541756535,-0.3096071109684253,0.053020205550859956,0.3000826349546021,0.06301008434829802,0.23707255060630406,0.3752748052298679,-0.24115991111455418,-0.34503240748184494,-0.7203072127117128,0.07776034960658261,-0.40517831034146107,-0.32231199651024456,-0.4000723461168272,-0.6330363155509167,-0.2591245147454688,-0.37391180080544784,-0.48649331309855665,-0.20701992138760647,-0.2794733917109502,True,True
Liu2024,8,0,0.8161077457634918,-0.16564602623425378,0.03209858253066557,-0.7840091632328262,0.4575467739272107,0.40225946482623437,0.880009229978286,0.4224624560510753,0.22376124031369907,0.30744358283575085,-0.08368234252205178,-0.035729841591154776,-0.10756430366471502,0.07183446207356024,0.8427845151753046,-0.7717657990624783,-0.4509974231740473,-1.2937819383493518,0.7429596178652078,0.35419735149664494,0.031389722642925305,-0.7115698952222825,-0.5780314739191278,-0.025431525858825133,-0.5525999480603027,-0.8722360295355959,-0.4849398343730893,-0.3872961951625066,False,True
Liu2024,9,0,-0.2958912083613692,0.8143972051498671,-0.1672055607042723,0.12868564765709686,0.28406704903882385,-0.30988166968136766,0.230141427907743,-0.05392562113108085,0.4880349635352863,0.5510755495087308,-0.06304058597344453,-0.6859285908097772,-0.528641374642174,-0.15728721616760322,-0.18444990261901548,0.4206642689901497,-0.7369752139841524,-0.5525253113651369,0.3125525426124145,-0.13915026617503817,-0.8938467167346575,-1.206399259347072,-0.47248539929156347,-0.18978230264595328,-0.2827030966456102,-0.5364522353875657,-0.18346592190636032,-0.35298631348120535,True,False
Liu2024,10,0,0.3738819873936764,0.8167230849519205,0.3808365607966973,0.006954573403020914,-0.3037405248859535,-0.14848148957874516,0.06404599029706451,0.36778651518301797,0.6512888666481778,0.4674323929106105,0.18385647373756725,-0.23650489764031937,-0.3548373765679654,0.118332478927646,0.22211018805408347,-0.4883918705042325,-0.5198662717693936,-0.741976459823477,-0.044718848484337055,-0.7071881460398863,-0.6882854658447553,-0.6435666173604182,-2.402518074680468,-1.8769467361592098,-0.5255713385212584,-1.8887939105215543,-1.7984557732981634,-0.0903381372233909,True,True
Liu2024,11,0,0.5019619429895305,-0.5614312950826157,-0.07476997222292606,-0.5767319152124565,-0.13021310716388046,-0.8353555303681748,-0.6955584222320141,-0.5653453150681337,-0.625272610879374,-0.16746539296620921,-0.4578072179131648,-0.09003919165959018,0.2567965488855375,-0.34683574054512767,-0.9791306177794195,0.21491092887580338,-0.1750657220315838,0.8040648957478357,0.5124995034057921,-0.5668510756119645,-0.14949060892188848,-0.6619901123276806,0.19160784383840584,-0.41268924708713584,0.6042970909255416,0.24915539951319732,0.4466473973709352,-0.19749199785773786,True,False
Liu2024,12,0,-0.7898177095580629,-0.49164477614138846,0.8973976884290051,1.6872153979870679,0.056451366551942536,0.4400691395509978,0.3368383478118647,0.2803869812599222,1.3433710634399154,0.35209929928083694,0.9912717641590785,0.42770570421065035,0.20080766891756394,0.22689803529308641,-0.6007593242158623,0.32127564391834657,-0.4507700102200901,0.1499893139957722,0.6363983538912285,0.7603198735225474,-0.593130731942591,-1.2295290858338195,0.1421724125466782,0.2300301498063539,-0.08785773725967569,-0.44746629893452067,0.1673878556225506,-0.6148541545570713,True,True
Liu2024,13,0,0.6142852587390906,0.7234765499800822,-0.06093420032368947,-0.67521945906278,0.15925226512174387,0.039192950161939674,0.9806465500457415,0.8213942849239977,0.7845168340912249,1.366265231288064,-0.5817483971968392,0.19051325924406678,-0.36398021188195506,0.5544934711260219,0.04649090838838235,-0.3757191098222414,-0.7124289221053122,-0.7589198304936945,-0.15817889055427517,0.12428221104510952,0.12689897244431003,0.2850778629985852,-4.520609345700918,-4.151976642201528,-0.36863270349939015,-2.3832289864085423,-3.0242366982925484,0.6410077118840061,False,True
Liu2024,14,0,0.09329604780109033,0.16036458014452257,0.8898881288861749,0.7965920810850845,-0.17167228925951528,-0.6157461385379013,-0.9045245365606027,-0.7328522473010874,0.3452692292906304,-0.005132288669946361,0.3504015179605768,-0.32131263641066027,-0.21225671804861165,-0.10905591836204862,-0.4669540744262546,0.2676309297591823,-0.7722467491744871,-0.3052926747482325,0.8580471632316294,-0.6939097706532064,-0.13869821395487864,-0.996745377186508,-0.09881917702754926,0.10989520654314122,-0.2087143835706905,0.18620879266007528,0.5373839044993762,-0.35117511183930095,True,False
Liu2024,15,0,0.5018724447626244,-0.5614038117992889,-0.07458129328989464,-0.576453738052519,-0.12874593771887283,-0.8356829918296106,-0.6966439409590615,-0.5678980032401886,-0.6254627916648985,-0.16771531856508737,-0.4577474730998111,-0.09130065087911937,0.25637466279365206,-0.34767531367277144,-0.9785910038431014,0.2149160520933303,-0.1739814137618971,0.8046095900812043,0.5110439300481987,-0.5664723915892119,-0.14967905221791494,-0.6607229822661136,0.1913679219944415,-0.4129037647661505,0.604271686760592,0.24884469931905548,0.44632175167225546,-0.19747705235319998,True,False
Liu2024,16,0,0.2704224876685276,-0.30426186541220906,-0.12993816031822542,-0.400360647986753,-0.4804337485018181,-0.24527933284279066,0.4884657278357534,0.9688994763375716,-0.648719431223259,-0.24615700098096682,-0.4025624302422922,0.9926198874368213,0.2377020919048778,0.7549177955319435,0.801190840585219,0.1830424832261127,-0.3636226874597323,-1.1648135280449514,0.7177169650556958,0.009635751987044435,-0.6383563557066136,-1.3560733207623095,-0.9626528758044804,-0.2740067826530428,-0.6886460931514377,-1.799893999407923,-0.2256205262852935,-1.5742734731226296,False,True
Liu2024,17,0,0.45951105817934634,0.5638527613131926,0.1653823329394432,-0.29412872523990313,0.1108837367183064,0.11900806075428089,0.581072456643859,0.47018871992555256,-1.2674985886215469,-0.8509049074657064,-0.4165936811558405,-0.14203880907499167,-0.2463115229592705,0.10427271388427883,0.34570682047579404,0.7727370795012631,-0.423253327617082,-0.768960148092876,-0.24519844346439995,0.5448280112254338,-0.8414520565553479,-0.5962536130909479,-0.5618022100459752,-0.2479517529493384,-0.3138504570966368,-0.7312110163790194,-0.4840530081409201,-0.2471580082380993,False,True
Liu2024,18,0,0.8070520894528294,-0.013649744882522807,0.06736191280625398,-0.7396901766465753,0.5606995752418356,-0.27481638539124903,-0.576443834223684,-1.1371434094655195,-1.3196236427701133,-0.5428473056465806,-0.7767763371235328,-0.4362356471274418,0.09548780257009475,-0.5317234496975365,0.32865892138131914,0.41422614637913674,0.44563300982196524,0.1169740884406461,-0.8886112156830175,0.877398788764508,-0.35529804598320713,0.5333131696998104,0.8463937481955761,0.45646294787239844,0.3899308003231777,0.47001231518843234,0.4212680977837367,0.048744217404695644,True,True
Liu2024,19,0,0.3019280495019443,0.16818759048301216,0.1132648305608584,-0.1886632189410859,-0.13745782834599926,-0.8751690421010311,0.8726029658847437,1.010060794230743,-0.39399407745168613,-0.2161923581262284,-0.17780171932545774,0.5828892783423778,0.14715741373989633,0.4357318646024815,-0.27252253954794003,0.012771094093747994,-0.34246553945288527,-0.06994299990494524,-0.28576119912668124,0.4884574396088845,0.5804747700420015,0.8662359691686827,0.4290520744787794,0.704906010195606,-0.27585393571682654,0.20400392472074,-0.38332268007086545,0.5873266047916055,False,True
Liu2024,20,0,-0.5812044836831387,0.21076856131101415,-0.9175403756572247,-0.336335891974086,0.5815081385213373,-0.11453837274496434,-0.4939608794618251,-1.0754690179831625,-0.32991718020824085,-0.5183502656760262,0.1884330854677853,0.2069981076221441,0.7780612009754181,-0.571063093353274,-0.3540579549712444,-0.06346549489801287,0.009449969450487816,0.36350792442173224,0.43832577335540307,-0.07794955144384466,-0.3360658453935991,-0.7743916187490022,-0.3008954060191445,-0.558533018168891,0.2576376121497465,-0.1985046131624832,-0.07471328153510517,-0.12379133162737802,True,False
Liu2024,21,0,0.9055652168440518,-0.703449073459168,0.05663064691011284,-0.8489345699339389,0.18313393072064796,-0.5281970802948109,0.06657143638225804,-0.11656249433838992,0.2931823127432043,0.7663841044457906,-0.47320179170258636,0.5112273866755955,0.5569641163354356,-0.0457367296598401,0.21248560740325154,-0.43752841645960927,-0.0411889313671924,-0.25367453877044394,-0.10396658627477981,-0.6495136545622129,-0.11193768240616328,-0.00797109613138347,0.06387392680559678,0.3439728167744067,-0.28009888996880994,-0.5713371861395848,-0.6329870067272797,0.06164982058769486,False,False
Liu2024,22,0,0.8336013757667812,-0.7700767412851736,-0.13986608471922043,-0.9734674604860016,0.21420406314708437,0.3511397872440419,-0.6646375359445176,-0.878841599091602,-0.3518492578002221,0.10000079415776686,-0.45185005195798894,-0.20341887737951353,0.16925319600918598,-0.3726720733886995,0.7129893793280978,0.199394107169183,-0.248621537138897,-0.9616109164669948,0.9183163822661684,-0.9849161731821627,0.4395989983674543,-0.4787173838987141,-0.1633795328717107,0.22909185403058796,-0.39247138690229866,-0.25403754938398737,-0.02847682118463879,-0.22556072819934858,False,False
Liu2024,23,0,0.06927014145391817,0.023798382838962212,0.8903719786904872,0.821101837236569,-0.05775828609632216,-0.08991957028996159,0.9072053628549773,0.9649636489512995,0.7788868824148567,0.27535964102569627,0.5035272413891605,1.1432809221260194,0.507723112838398,0.6355578092876214,0.6494120689117195,0.7294665176249657,0.5258819576779202,-0.12353011123379931,0.03468894415973408,0.4368233554179275,0.4578788865962883,0.4231899424365542,-0.4572978666576321,-0.2595985574313133,-0.1976993092263188,0.3261088959564458,0.13367260083247456,0.19243629512397126,True,True
Liu2024,24,0,-0.7458419399901153,-0.055906379890694455,0.3289347064792596,1.0747766464693749,0.6071320936029309,-0.5716866424210288,-0.7905395252971318,-1.3976716189000626,1.713802038311139,0.44747027542351225,1.2663317628876267,-0.30787283269685783,0.3614896051770389,-0.6693624378738967,0.30623548440864934,0.16541736792709524,0.4426427138742177,0.13640722946556838,0.6043167698784265,-0.44817527465126117,-0.19922796983107183,-0.8035447397094984,-0.5039834830238349,-0.4429047178209153,-0.061078765202919605,-1.1057060330623463,-0.504870228889774,-0.6008358041725723,True,False
Liu2024,25,0,-0.8213574213095687,0.28337838853487923,-0.0817450842755723,0.7396123370339964,0.18341208344753623,0.6348961192011155,-0.3464234923642952,-0.5298355758118314,0.7030228451860229,0.2178983117352201,0.48512453345080275,-0.10459518225535595,0.12479802555967445,-0.22939320781503042,0.13895216053876658,0.3565901927841682,0.2547871068716481,0.1158349463328815,-0.49860586590251277,-0.022555653794221735,0.1223357936395707,0.6209416595420835,0.7224131202660469,0.5392628773152548,0.18315024295079207,1.4478000049872684,0.8788354318141987,0.5689645731730697,True,True
Liu2024,26,0,-0.5738683915754794,0.605538508536615,-0.77179204825144,-0.19792365667596057,-0.2958176210235563,-0.8928661543916571,-0.6507153883184578,-0.35489776729490147,-0.36549217106850707,-0.6274844183811148,0.26199224731260773,-0.16244613782705186,-0.14634710507589985,-0.016099032751152015,-0.030871973218738913,0.686950329478166,-0.22150546403260443,-0.19063349081386552,-0.053943658562955875,0.042843595330651615,-0.19222183899626577,-0.1382781804333099,-0.5695913195883955,-0.5109280792240898,-0.0586632403643057,0.07849569967521325,0.15786398536696022,-0.07936828569174698,False,False
Liu2024,27,0,-0.13078109566263654,0.09229307549433381,-0.5649680256915444,-0.43418693002890785,0.4809241003317992,-0.29434587361204356,0.2482542817802021,-0.23266981855159713,-0.5802788510472853,-0.2354942474376478,-0.3447846036096375,1.1798453360872156,1.048908373294835,0.13093696279238065,0.04435030664417249,-0.013735461022281556,0.14347416115718375,0.09912385451301126,0.721644905964146,0.08280943399266551,0.15637192899579283,-0.5652729769683531,-0.29562761354478917,-0.3595250967385232,0.063897483193734,-0.30268088201177834,0.13561061709766364,-0.438291499109442,True,False
Liu2024,28,0,-0.4168691554367993,0.275622387123989,-0.7297634387169122,-0.3128942832801129,-0.4294743898406191,-0.9777465689968178,0.6199395932661473,1.0494139831067664,-0.3499935397156371,-0.4450250730113862,0.0950315332957491,0.033409110229777106,-0.5303321969865618,0.5637413072163389,0.5167779887667289,0.9316163162503147,-0.5431184460638525,-1.0598964348305815,0.18107637159614173,-0.6440101945342676,0.453113321626617,0.27203695003047523,-1.1961772659379064,-0.2288591699949972,-0.9673180959429092,-0.21506529055411822,-0.24408997678838673,0.029024686234268515,False,True
Liu2024,29,0,0.628865043094346,0.25487884215995804,-0.6190363226420058,-1.2479013657363518,0.5365838139565144,0.9387850201811687,-0.23175531311739644,-0.7683391270739108,-1.189623535511394,-0.5390627054633692,-0.6505608300480248,-0.34464234689476203,0.19777187122186501,-0.542414218116627,-0.9105181660970261,0.7961067121020619,-0.1457097192282447,0.7648084468687814,0.21657131612944103,-0.14636898047756583,0.745445710098303,0.5288743939688619,0.7016191615855685,0.16927268370536663,0.5323464778802018,0.3006392761481533,0.06510818017988446,0.23553109596826882,True,True
Liu2024,30,0,0.15199083879150002,-0.8027692294865872,0.3641506365923382,0.21215979780083818,0.3837259154737442,0.06899214270809786,0.33434793223011855,-0.049377983243625634,0.13861343620834976,-0.03486228432123095,0.1734757205295807,0.29824143254665214,0.23177935659677487,0.06646207594987727,-0.8911746053225116,-0.9693900957821578,-0.7506242951523103,0.14055031017020125,0.22176235618177034,-0.10085339884494839,-0.8377458312757307,-1.059508187457501,0.020669600072201755,-0.3439461007556227,0.36461570082782446,-1.3180075655088026,-1.049139941982573,-0.2688676235262295,True,False
Liu2024,31,0,0.15991636182354316,-0.9281337057215074,0.12424643043043056,-0.0356699313931126,0.37657835496486913,-0.5651168788188808,-0.5956772969497729,-0.972255651914642,-0.19144575351542348,-0.1346599774822581,-0.05678577603316537,-0.48496908048833,-0.0433698545830688,-0.4415992259052612,0.5791005621867424,0.7371487856639659,-0.19843587645268645,-0.7775364386394289,0.8357969290635707,0.9143470230395331,0.4327186624940646,-0.4030782665695061,-1.0609002257612639,-0.3577584690620592,-0.7031417566992046,0.007905653630795595,0.06345039255064103,-0.05554473891984543,False,False
Liu2024,32,0,-0.4899815663378827,0.43136189862198515,-0.24833455259072865,0.24164701374715405,-0.4008695657414708,0.3921509735580413,-0.49162870047983254,-0.09075913473836172,0.5252079655246963,0.5394460003909354,-0.014238034866239091,0.09580567435059203,0.24043510443758823,-0.1446294300869962,0.17777843630655865,0.28382456437933684,0.12271634170820848,-0.05506209459835017,0.3704366609902534,0.14178977249832003,-0.27234573402089945,-0.6427823950111529,0.5867201785833608,0.5505495396899412,0.03617063889341954,0.06093838299706514,0.16742529278787655,-0.10648690979081141,True,False
Liu2024,33,0,-0.1431771538457241,0.5415308099459144,0.45491010294753753,0.5980872567932616,-0.09540178132178609,0.2873320371642454,0.6147387002924822,0.7101404816142683,1.1763290477857495,0.40893467489338,0.7673943728923696,0.09498925059872318,0.03703996661808706,0.05794928398063612,0.11016067134554196,0.3869208579500035,-0.11076544172682126,-0.2209261130723632,0.1583171803903018,-0.604444435169843,-0.2325375801838932,-0.390854760574195,-0.35536442658693335,-0.29729001092734764,-0.05807441565958571,-0.5971685082821789,-0.39810649289630823,-0.1990620153858707,True,True
Liu2024,34,0,0.26176957943306506,-0.21641253348021475,-0.08302439257099893,-0.344793972004064,-0.2932004940988909,0.24561145920418948,-0.831589353774168,-0.538388859675277,0.37080961686072805,0.521965623547842,-0.151156006687114,-0.49962335582157086,-0.36980473397378316,-0.1298186218477877,0.2995381546101535,-0.04804205645628485,-0.1318809871211471,-0.4314191417313006,0.014062077947813254,-0.7383085698238356,0.15216256934515116,0.1381004913973379,-1.0011985588966312,-0.49415510869911644,-0.5070434501975147,-0.09947127496943031,-0.15829386771522758,0.058822592745797264,False,True
Liu2024,35,0,-0.39521316103473086,-0.5364041203391107,0.2496769542032822,0.6448901152380131,-0.359932571427627,0.6293789014269774,0.771930719327262,1.1318632907548891,0.11451172375887879,-0.3245377067001205,0.4390494304589993,1.3528958003834115,0.36928967999158735,0.9836061203918242,-0.11036386331696173,-0.1329523511612078,0.03149795081614589,0.1418618141331076,0.1740811139039911,0.3498848072077409,0.060361491395121904,-0.11371962250886922,0.06781756239945902,-0.11623451043697774,0.18405207283643676,0.15938069793230808,0.19396641318591776,-0.03458571525360968,True,True
Liu2024,36,0,-0.20912922031846568,0.21895605402741977,-0.4492328619589179,-0.2401036416404522,0.01967450012082388,0.12922679662525516,0.3029623896298739,0.28328788950905,-0.15113296019733208,-0.041476548361585375,-0.1096564118357467,0.09476049774022244,-0.052222130438537066,0.1469826281787595,-0.21940226525603101,0.3576565729696418,0.8164273690001287,1.0358296342561597,0.26888635129418686,-0.12389401094030648,0.051850673155258334,-0.21703567813892854,0.8191001733958164,0.17659983677219115,0.6425003366236253,0.8330483047423383,0.8013420388091824,0.03170626593315584,True,True
Liu2024,37,0,-0.08074882059372042,0.42231861192514575,-0.03593802311951208,0.04481079747420834,0.7601010907470594,0.5166519135670934,0.9575823504868671,0.19748125973980768,-0.7885943724044551,-0.8684182909120566,0.07982391850760151,-0.1685987536389043,-0.1290232581966782,-0.039575495442226105,0.12039805904012874,0.28319629177649075,-0.7923403420117326,-0.9127384010518613,-0.9101901521872128,0.05435992054852498,-0.26080775541221213,0.6493823967750006,-0.6123643004494309,0.3293198156773489,-0.9416841161267798,0.522594719090931,0.41904092019279465,0.10355379889813637,True,True
Liu2024,38,0,0.8190750063015279,-0.20141762417898884,0.7008218328044743,-0.11825317349705355,-0.9940271629347297,-0.20601808008843475,-0.3079366337378079,0.6860905291969218,2.398798187868968,1.4188525904726657,0.9799455973963025,0.18196515493408985,-0.04647392024221181,0.22843907517630166,0.6564882590503798,-0.9376653091814053,-0.3064757605443127,-0.9629640195946925,0.4289349397654848,0.15307478898996976,-0.4726799846317549,-0.9016149243972398,-0.44812634971195114,0.0658735102827277,-0.5139998599946789,-0.3512161088284726,-0.1096960513686702,-0.2415200574598024,False,True
Liu2024,39,0,0.8481591035645746,0.8861813792005346,0.4168614004260915,-0.4312977031384831,-0.8032414238324836,0.9633725888433143,0.773413434012555,1.5766548578450386,-0.3438320532228132,0.0035336454988015298,-0.3473656987216147,0.0878843029171362,-0.1406923494311555,0.2285766523482917,-0.9453939817188233,0.3091829057351919,0.17889136531222724,1.1242853470310505,-0.37582041682541484,0.4517776376892691,0.6334290066909413,1.009249423516356,2.1367257026933117,1.4449499667167496,0.6917757359765622,0.46971226259806564,0.1048262680438442,0.36488599455422144,True,True
Liu2024,40,0,-0.23700439947031657,0.834058940446456,-0.024979467906371955,0.2120249315639446,0.2808525918050707,0.3056803162643434,-0.8100885792445485,-1.0909411710496193,-0.08279263834816303,-0.17393224772626187,0.09113960937809884,-0.7412113642311524,-0.4233911982138018,-0.31782016601735064,-0.23909732184736432,-0.10704084990648663,0.14503340046367474,0.38413072231103906,0.42043949590387925,0.04239632610974614,0.7111346394107972,0.290695143506918,0.31963010016103394,0.13656273414079612,0.18306736602023782,-0.21347699524332492,-0.20753867973314638,-0.005938315510178538,True,True
Liu2024,41,0,0.7783454320668364,-0.31916862097138626,0.866556973909109,0.08821154184227264,-0.04868124132713909,-0.5905107826733806,-0.5056778482233801,-0.45699660689624105,-0.8858548332575162,-0.5087065694294718,-0.37714826382804445,-0.4230434114481296,-0.33300973043783244,-0.09003368101029718,-0.1533309627506519,-0.22280694566855597,0.7661137886211199,0.9194447513717718,-0.20306699573329554,0.9254535989323155,0.5158944733261628,0.7189614690594583,0.42725509288862823,-0.0628724433530422,0.49012753624167044,0.8164767949230569,0.36422117162262685,0.45225562330043007,True,True
Liu2024,42,0,0.8889988318058683,-0.7227705282539437,-0.2682045433096662,-1.1572033751155344,-0.43384511141470117,-0.41296563820243104,0.7339831765152066,1.1678282879299078,-0.7521816827811536,-0.028918974804925446,-0.7232627079762282,0.9194950193090057,0.08870185869062497,0.8307931606183807,-0.14658254806270174,0.9040932396298934,-0.42395762838030365,-0.27737508031760194,0.3660949828402249,-0.1325375450013391,0.21482030538265467,-0.15127467745757023,-0.4384117262120978,-0.32951180612482633,-0.10889992008727145,-0.8218632907954442,-0.5482938593438293,-0.27356943145161483,False,True
Liu2024,43,0,-0.10430073280718175,-0.6213312809123698,-0.07204609686943657,0.03225463593774518,-0.05858225246312272,0.22122819394445947,-0.8404105248060875,-0.7818282723429647,0.5507352002955636,0.5808587992934887,-0.03012359899792516,-0.7522831433043753,-0.5550388574149672,-0.19724428588940812,-0.05834784749362567,-0.3926781617205803,0.02884364872347718,0.08719149621710284,-0.24718048290630754,0.41782531195038175,0.40209357382525324,0.6492740567315608,-1.1755089486736088,-1.2646870802471541,0.08917813157354537,-0.08664385006867997,-0.2966423512020328,0.20999850113335283,True,True
Liu2024,44,0,-0.8353701313338859,0.07879859501686834,-0.723527323322039,0.11184280801184698,-0.622498739079209,-0.08278666988729477,0.3092599050270824,0.9317586441062915,-0.04545616935746455,-0.5231418381366862,0.4776856687792217,0.57225487238212,0.14591620551107215,0.4263386668710479,-0.25741350397143214,0.22783098664717863,0.12189590005154445,0.3793094040229766,0.29209897564262377,0.9310174506932518,0.740204912096468,0.4481059364538442,0.03131534628036026,-0.08385761319724933,0.11517295947760958,-0.05838453833347801,-0.0819588714777352,0.023574333144257192,True,True
Liu2024,45,0,0.22645813774661094,-0.6620321864921498,-0.4048661238561736,-0.6313242616027845,-0.9704086183328802,0.0394905005287346,-0.22876094003695316,0.741647678295927,0.18771621912484449,0.8898572892257416,-0.7021410701008971,0.1920818524161376,-0.07312380015127856,0.26520565256741613,0.6859395717842165,-0.48831157429192945,0.05673683891456408,-0.6292027328696524,-0.5201044909044781,0.35948199846715356,0.27065017769588506,0.7907546686003631,0.2534589255197057,0.46009637369700007,-0.20663744817729435,-0.05465761818287265,-0.2769859918759648,0.22232837369309214,False,True
Liu2024,46,0,0.12718260168086554,0.30406921227965333,-0.041138073605283286,-0.16832067528614883,-0.3777048968093283,0.10972904849993875,-0.06937457136515339,0.3083303254441749,-0.9585304373157704,-0.7995322420037381,-0.1589981953120323,-0.07804038989484413,-0.31077298185753877,0.23273259196269463,-0.5055039166178137,-0.5477475986527697,0.7284660798323642,1.233969996450178,-0.20322757436755182,0.0895883802112442,0.885036260507258,1.08826383487481,0.3985865531955589,-0.3106729189177774,0.7092594721133363,0.2693257086708629,-0.012219893497477374,0.2815456021683403,True,True
Liu2024,47,0,0.35355721646911425,0.02541330903241099,0.6004411046176048,0.24688388814849055,-0.3256730040152216,-0.9734349456654161,-0.016744209834321587,0.3089287941809,0.057576228165783894,-0.12067906716559129,0.17825529533137519,0.3157628812095587,0.1354155738078331,0.1803473074017256,0.23379699867114262,-0.6833303250627731,-0.07948368598666213,-0.31328068465780473,0.4879715088769887,-0.32631754847864675,0.18790942372575392,-0.3000620851512348,0.040031467860652814,0.29369108588256854,-0.2536596180219157,-0.24813346424811614,-0.11984658792950002,-0.12828687631861613,True,True
Liu2024,48,0,-0.3585188917513418,0.7370586135318422,-0.6065342019179618,-0.24801531016662004,0.6523813766648345,-0.6990506905589147,0.80872829976361,0.15634692309877551,-0.34786298732975496,-0.35563378815806024,0.00777080082830528,-0.06435639107783031,-0.05434368924761601,-0.010012701830214299,-0.08313154547903023,-0.25237342873453833,0.74798315835279,0.8311147038318202,0.6603838686603115,0.1788551502295627,0.5485344861317638,-0.1118493825285477,0.6339954852118257,0.09011103230985651,0.5438844529019692,0.40753724673906694,0.2846100054931679,0.12292724124589904,True,True
Liu2024,49,0,0.35355388281819106,0.025418372158694753,0.6004475926648796,0.2468937098466885,-0.3256876494010231,-0.9732747624642613,-0.016746083220697535,0.3089415661803256,0.05759793429662596,-0.1206693660390441,0.17826730033567006,0.3157703380296709,0.1354167367952288,0.1803536012344421,0.23380655138608816,-0.6833330168841211,-0.07948401945156064,-0.3132905708376488,0.48798818831325647,-0.3263171709407373,0.1879093628253537,-0.30007882548790277,0.040010964427668716,0.29368054415565026,-0.25366957972798154,-0.24812807069471554,-0.1198390003800699,-0.12828907031464565,True,True
Liu2024,50,0,-0.1832403289403814,-0.4088557218874143,0.2910696126501356,0.474309941590517,-0.05667714350481169,-0.2072156694188,0.4272674124842192,0.48394455598903086,0.13552335457316028,-0.06590592213537172,0.201429276708532,-0.18255599847264836,-0.4061849768976735,0.22362897842502516,-0.21244632231474272,0.1476093266420283,-0.14160465797970917,0.07084166433503356,-0.9444691740467123,0.7110461961854249,-0.656301169843919,0.2881680042027933,0.6302664572850318,0.6827469806227646,-0.05248052333773279,0.2364626480393875,0.4732116478357008,-0.2367489997963133,True,True
PhysionetMI,1,0,0.09611279827545283,0.25676012549023386,0.43941716299807426,0.34330436472262144,-0.15863212162691412,0.3195597120236017,0.10142878440239125,0.26006090602930537,-1.7075018071643666,-1.768930214443754,0.061428407279387365,0.2040553101462071,0.08118688131257634,0.12286842883363075,0.5865838792679395,0.3283239292052156,-0.6634318234028107,-1.2500157026707504,0.4202253986752044,0.5740563717160716,0.01597189195397337,-0.40425350672123106,-1.194721147730016,-0.5486608832055744,-0.6460602645244415,-1.2605975303641703,-0.8293261088285178,-0.43127142153565257,True,True
PhysionetMI,2,0,0.0010573324031026854,-0.6652447495087684,-0.6421241540471866,-0.6431814864502893,-0.24077035771527053,0.24883353068460803,0.2557619859902612,0.4965323437055317,-1.122176386882121,-0.8561944700777645,-0.26598191680435657,0.18470838420503255,-0.09365178825683262,0.2783601724618652,0.41826786653998826,0.29300701934658197,0.34219243620940454,-0.07607543033058373,-0.08026463569848025,-0.9659823463738393,0.7132216211610063,0.7934862568594865,0.029884477484580674,0.05515547926846376,-0.025271001783883085,0.35141238423958654,0.11138645426751581,0.24002592997207073,False,True
PhysionetMI,3,0,-0.019040154664872223,0.6447668627204207,-0.01317645510758703,0.005863699557285194,0.4526645628687258,-0.3262382642517204,-0.26605244709016485,-0.7187170099588907,-0.4999820997228741,-0.5156484612970822,0.015666361574208088,-1.0726891454119036,-0.6570688386408848,-0.4156203067710188,-0.4771736807931643,-0.05858130557722083,-0.5798741126901256,-0.10270043189696126,-0.41366101572933306,-0.7654144304698856,0.3326055057537163,0.7462665214830493,-0.6974187688572584,-1.2255844482277851,0.5281656793705267,0.11022989295613328,-0.12262603842022762,0.2328559313763609,True,True
PhysionetMI,4,0,0.07782882418783364,-0.032457771156533886,-0.9163690080129765,-0.9941978322008101,0.28365239207987164,0.21641909115865487,0.6430738804965073,0.3594214884166356,-0.657998705541454,-0.17830180611116647,-0.47969689943028754,-0.22445665752380273,-0.3710443578326871,0.14658770030888435,0.05490743018801485,0.3013085315283459,0.45338852114012695,0.3984810909521121,-0.44739910225873397,-0.6789703543488872,-0.6953040553998724,-0.24790495314113842,-0.5949806565983227,-0.6370016644233312,0.042021007825008505,-0.29685766019177734,-0.3483526645347136,0.051495004342936246,True,True
PhysionetMI,5,0,0.06165763646030534,0.08631624420006309,0.9586101289786846,0.8969524925183793,-0.19532969315221166,-0.2868164504847617,-0.3795566606974014,-0.18422696754518975,-0.7889768356972744,-1.0121285882566728,0.22315175255939845,-0.2498636014624462,-0.2902907364421443,0.040427134979698104,-0.9461808183365472,0.02162316867020662,0.5111438298821772,1.4573246482187243,0.09081376566767119,-0.043590286473819954,-0.027009602730706857,-0.11782336839837804,0.23759784930391242,-0.24482241232927848,0.4824202616331909,-0.4030252075296732,-0.33738265135157725,-0.06564255617809595,True,False
PhysionetMI,6,0,-0.3535369238750382,0.11884885300999094,-0.3931084022617406,-0.039571478386702386,0.19787392185889457,-0.29177657799951956,-0.4907032236895925,-0.688577145548487,0.05646476129810573,0.11165333224096673,-0.055188570942861,-0.4979513444728346,0.24198505467425924,-0.7399363991470939,0.15972687910378922,-0.3152923040951077,-0.18795796815677102,-0.34768484726056026,-0.4386141634995227,-0.3865804718340482,0.03894422719743595,0.47755839069695866,-1.0336939095409179,-0.42058925857542184,-0.613104650965496,0.14098446072407195,-0.2199615740431504,0.3609460347672223,False,True
PhysionetMI,7,0,0.795645589112074,-0.46503290195680863,0.8718233423558115,0.07617775324373754,-0.21157823413049923,-0.10642295367654138,0.5093775411868803,0.7209557753173795,1.2917465503168983,0.6881539501046429,0.6035926002122555,-0.07098229316278398,-0.30268813298476005,0.23170583982197607,0.12357710905025786,-0.0879345243123214,-0.11921690023483875,-0.2427940092850966,-0.9521066228022835,-0.14125906245914996,-0.1978071039041699,0.7542995188981136,0.4079322013189289,0.5994855336143246,-0.19155333229539567,0.2842440030417212,0.2600436395027317,0.024200363538989522,True,True
PhysionetMI,8,0,0.10081783276276725,-0.07824229901466352,0.8581105567725247,0.7572927240097574,0.706292216710225,-0.1573160551438969,0.11057473943851069,-0.5957174772717143,-1.811928827910068,-1.6870597476724536,-0.12486908023761445,-1.5132843988801385,-0.7246182786298249,-0.7886661202503137,-0.12415063378581967,-0.37516780989429,-0.25299427611155983,-0.12884364232574017,-0.4403439804061586,0.03743871751244965,0.000827520125730086,0.44117150053188864,-0.8118213687923491,-0.9078232081531384,0.09600183936078932,0.6827818495737787,0.6071741931527113,0.07560765642106748,True,True
PhysionetMI,9,0,0.08363036754817374,-0.5648286372833056,-0.08120879196616361,-0.16483915951433736,-0.1016357130580326,-0.17469306947389443,0.04797285781740516,0.14960857087543775,-0.6141309953900553,-0.49583803971496015,-0.11829295567509518,0.15792830746412567,0.09712096656412383,0.06080734090000184,0.05028600887983139,0.1358007918510644,0.47840836668258263,0.42812235780275126,-0.8815000920385496,0.6166262964845681,-0.5631972298851586,0.318302862153391,-0.8572685143625566,-1.1038681857765906,0.24659967141403405,0.0254565718484344,-0.005689024847461546,0.031145596695895946,True,True
PhysionetMI,10,0,0.6971820392181906,0.742177416994172,0.17150121188683065,-0.5256808273313599,-0.055458951733645796,-0.8932613516529967,0.6910132503369188,0.7464722020705646,-0.11857516248797695,0.2203648838850296,-0.33894004637300656,-0.06709236288555148,-0.2991989923038872,0.2321066294183357,-0.23194312296022038,0.16547048878312373,0.6049380429105493,0.8368811658707697,0.5314534377471541,0.15488797980427568,-0.03020422126875811,-0.5616576590159122,0.05272254770524942,-0.3781523289016908,0.43087487660694024,0.12148759326587305,0.31413182571082165,-0.1926442324449486,True,True
PhysionetMI,11,0,-0.07828402553410795,0.14225720785582993,-0.07980707128846234,-0.001523045754354399,0.5854775974037182,-0.01777479174369014,-0.27744162532274835,-0.8629192227264666,-1.1452798617660593,-1.2400262491244745,0.09474638735841512,-0.37380913939504457,-0.1995580461045929,-0.17425109329045166,0.0699724228888337,0.09202917937306557,-0.4478042027103276,-0.5177766255991613,0.08884099332931059,-0.7466829371450416,0.31801743810030375,0.22917644477099317,-1.8459918541757372,-1.3973512668496237,-0.44864058732611345,-0.6038319082540724,-0.6298317059236973,0.025999797669624902,False,True
PhysionetMI,12,0,-0.7646347460676334,-0.24720326757322914,0.35356196368529,1.1181967097529233,-0.3984830467592409,0.5725818839149533,-0.3956197094182622,0.002863337340978711,2.259887415078107,1.15468350040517,1.1052039146729369,-0.1346643697410552,-0.22491168701093361,0.09024731726987842,0.7034145551462139,-0.3699678906445565,-0.6496149187860732,-1.353029473932287,0.7612930213648933,0.24023358166280187,0.25541514141732363,-0.5058778799475696,-0.15382855748942195,0.3998731587680447,-0.5537017162574667,0.11895253737335265,0.27285963277907427,-0.15390709540572162,True,True
PhysionetMI,13,0,0.0752322289552239,0.15221707713364604,-0.02430254035794945,-0.09953476931317334,0.03171091951840931,-0.3212565516884581,-0.9890159519749072,-1.0207268714933164,0.6146428524786749,0.8133340636551696,-0.1986912111764947,-0.46612089951339564,-0.36651189704785714,-0.0996090024655385,0.20863773769899505,-0.03359420730408513,-0.10536677473352532,-0.31400451243252037,0.6082932455447337,0.7480505681352547,-0.8570621695133895,-1.4653554150581232,-1.1055089715023105,-0.7848960286124294,-0.3206129428898812,-0.4951755792172111,0.1588661066846937,-0.6540416859019048,False,False
PhysionetMI,14,0,0.4116489061517523,-0.0675436987912008,-0.13456537031382146,-0.5462142764655737,0.01722331441497852,-0.3445898653728268,0.2627875099626166,0.24556419554763806,-0.015058187848833615,0.3534388927622436,-0.3684970806110772,-0.7983743204267704,-0.8894042568156716,0.09102993638890122,0.12400644135408655,0.5158214955891233,-0.15806822525505854,-0.2820746666091451,-0.33639043639377914,-0.4561495898334914,0.061352149666512035,0.39774258606029117,0.100595410039637,0.34374957607053225,-0.24315416603089524,-0.14828936673575516,-0.4207116532608206,0.27242228652506545,False,True
PhysionetMI,15,0,-0.6479088006331307,0.2777544824044502,-0.14080764462372358,0.5071011560094072,-0.11710059839745829,-0.2676059183101801,0.07544559865533762,0.1925461970527959,0.7317961919182926,0.6658748458479923,0.06592134607030031,0.17168857559252126,0.042451868951439375,0.1292367066410819,-0.6211884109047565,0.6964745043224891,0.020742275077447903,0.6419306859822044,0.062410645961927025,-0.6836472863508154,-0.055962400817566565,-0.11837304677949359,0.0038915327853742965,-0.4001487814441648,0.4040403142295391,-0.2077012083848903,-0.15829258134468727,-0.049408627040203046,True,True
PhysionetMI,16,0,-0.9055138420379469,0.4146463496517111,0.32753692342321344,1.2330507654611604,-0.4230385948379932,-0.3966896750264948,-0.11221313431837464,0.31082546051961857,0.049225116269725755,-0.7287188428849687,0.7779439591546944,0.0777532713468693,0.05517102534521139,0.022582246001657903,0.2646318709243896,0.6920323136546345,-0.11366122336026876,-0.3782930942846584,0.4259137027327337,0.05918776274693044,0.5273766927819274,0.10146299004919374,0.5542100851411458,0.8294213591900172,-0.27521127404887147,0.7558452895606538,0.46259988353670184,0.29324540602395194,True,True
PhysionetMI,17,0,-0.9323917230763912,0.7886233981977103,0.4946751328719298,1.427066855948321,0.23005364244993223,-0.2780282594359497,-0.50544033244504,-0.7354939748949723,0.724850961738779,0.2245848573622706,0.5002661043765084,-0.5165791383281937,-0.08589452519357299,-0.4306846131346207,-0.6269108259831081,0.30869411859153506,-0.20298228725839648,0.4239285387247116,-0.481734188859515,0.4960114890794527,0.7662334290799795,1.2479676179394945,0.37107625726307225,0.2837425453111717,0.08733371195190054,0.010415832264770775,-0.2511034832282157,0.26151931549298646,True,True
PhysionetMI,18,0,0.05845804448066486,-0.322039617663798,0.4865053465491417,0.4280473020684768,0.09974903554267797,-0.2527317791441208,0.04721228852740003,-0.05253674701527794,-1.519284529215288,-1.5018835297977815,-0.01740099941750639,1.0784839331269105,1.0844142200284628,-0.005930286901552284,0.06525919108921098,-0.27594774250951853,-0.485045787830489,-0.5503049789197,0.8130393076624711,-0.10221019012991703,-0.2526457694535932,-1.0656850771160644,-1.9268981273677923,-1.7326976150025173,-0.19420051236527502,-0.09612771862064484,0.5087450380623331,-0.6048727566829779,True,False
PhysionetMI,19,0,0.1885092126142209,-0.6010575432108973,0.1316419492554458,-0.056867263358775094,-0.09138660718340787,0.04323687633882031,0.002000859657832557,0.09338746684124043,-0.6219528259523717,-0.44522289066149673,-0.17672993529087494,0.1777346489788486,0.11077316132699844,0.06696148765185017,0.22152779905925885,-0.6503543705468066,0.0674076551617905,-0.15412014389746836,-0.0932821427158994,-0.9695511620442655,-0.3442602099782027,-0.2509780672623033,-0.7190334911150225,-0.5240810591787584,-0.1949524319362641,0.19737605819625603,0.5215241038807645,-0.3241480456845085,False,True
PhysionetMI,20,0,-0.3867366202045216,0.5629161904372583,0.38790926557124955,0.7746458857757712,-0.09178072334800791,-0.48611071580868137,-0.007502583199722717,0.08427814014828519,0.5416624372196043,-0.13384451894018334,0.6755069561597876,0.005901795512553987,-0.06543805207802411,0.0713398475905781,-0.4149876244662192,0.7835210590130096,-0.6996780957086296,-0.2846904712424104,-0.1351337950759207,0.06887203005758057,0.8795251823925103,1.014658977468431,-0.3018616068248384,-0.1935062843285289,-0.10835532249630953,0.1402253522883518,-0.21779478909086897,0.3580201413792208,True,True
PhysionetMI,21,0,-0.029752566022769416,-0.8886221540128226,-0.17450858268576241,-0.144756016662993,-0.30018103512431316,0.3778334842745359,0.05907137427106946,0.3592524093953826,1.3846786631506371,1.761001385615912,-0.37632272246527476,1.2396498520372412,1.0088005142686267,0.2308493377686145,0.5111688728922444,0.5718913671152102,0.5036645694496148,-0.007504303442629645,0.47958015029666345,-0.20173295768375346,-0.004776884492858656,-0.48435703478952213,-2.4259924455779514,-1.6029645341682865,-0.8230279114096648,-0.4088667052619397,0.09628817566094171,-0.5051548809228814,False,True
PhysionetMI,22,0,-0.6275219481573757,-0.9411817919196774,-0.3566461514298254,0.2708757967275503,0.3039079800080213,-0.25344714742453855,-0.21734313774930072,-0.521251117757322,0.24045518115744358,0.19103484347447736,0.04942033768296622,0.04068699492903893,0.239347076248135,-0.19866008131909607,0.11386430425525353,-0.2706026857946407,0.18759331078616998,0.07372900653091645,0.05023032058426076,-0.2666419733367602,-0.9099474323664094,-0.9601777529506702,1.321717877470139,1.0940097188019755,0.22770815866816352,-0.24738363345279474,0.012027858078707765,-0.2594114915315025,True,False
PhysionetMI,23,0,-0.1569578238958901,-0.013479577366236714,-0.8085600168497066,-0.6516021929538165,-0.16254220547861772,0.3150569040107133,0.18993685394401805,0.3524790594226358,-0.0445810292202512,0.5025806646301068,-0.547161693850358,0.4859308660608252,0.36047562713673353,0.12545523892409166,-0.25598070091623776,0.49992828592588345,-0.0667547898817657,0.18922591103447206,0.7280273510013079,0.43638918859633424,-0.6265215915797449,-1.3545489425810526,0.585173110182897,0.5799710069341657,0.005202103248731271,-0.47492526270111013,0.15562900585780698,-0.6305542685589172,True,True
PhysionetMI,24,0,-0.23679307032804692,-0.06604139760418112,-0.5181837265763595,-0.28139065624831255,-0.8767535247743744,-0.12518997090901515,-0.4927701421547792,0.3839833826195952,-1.339706568179357,-1.6461198984799181,0.30641333030056117,0.11804655591766983,0.1859327434527067,-0.06788618753503686,-0.0903434217313795,0.8407348116545896,-0.42911608923389766,-0.33877266750251817,0.03136670442627987,-0.60912061359084,0.3943553210067852,0.36298861658050535,-0.5851449649823586,-0.2765890988509403,-0.3085558661314183,-0.7749647214255948,-0.8616910120295341,0.08672629060393933,False,True
PhysionetMI,25,0,0.04056985575963116,-0.204637470624372,0.7861843717709236,0.7456145160112925,-0.1575327725125936,-0.07445388301052935,0.022253289415724173,0.17978606192831775,-0.15991779529892736,-0.4355195315994851,0.27560173630055773,0.5561513686196485,0.41114850474646314,0.1450028638731854,-0.37159950991354507,0.35991646937773814,0.26838017299791206,0.6399796829114571,0.3068137557381526,0.3670369862607756,0.12110960068474347,-0.18570415505340915,1.0030189863005754,0.553933186652842,0.44908579964773343,-0.3818789897845023,-0.17013318156932045,-0.21174580821518185,True,True
PhysionetMI,26,0,0.7158762545507437,-0.04737338718289517,-0.033224448017659794,-0.7491007025684034,0.4420181397569313,-0.10474895391773752,0.09054316492609228,-0.35147497483083906,0.3670931577913983,0.8228176867367738,-0.4557245289453755,0.4657223609313009,0.5227426449400061,-0.05702028400870518,0.5029496905274536,0.9517269139091477,0.38061856391530546,-0.12233112661214818,0.22996947906036616,0.6194660346033468,0.09083694916261144,-0.1391325298977547,-0.9414925263488245,-0.578214140484397,-0.3632783858644275,0.0801612152147646,0.17889724925748496,-0.09873603404272036,False,False
PhysionetMI,27,0,-0.5192794935667342,0.2380607266520336,-0.7666142764731755,-0.2473347829064413,-0.17198588207287233,-0.8274174592782705,-0.2724574390069582,-0.10047155693408585,0.04532648366893441,0.3572229378865629,-0.31189645421762846,0.029569902188078923,0.07581325653671928,-0.04624335434864035,0.9120741401461615,0.07830227191327922,0.5022961454446287,-0.40977799470153276,-0.5763735913273283,0.8473487977040468,0.3106555600441894,0.8870291513715178,0.935986221518211,0.6708197862702188,0.2651664352479922,0.6334824525427667,0.2118362672620262,0.4216461852807405,False,True
PhysionetMI,28,0,-0.41976180126470364,-0.49771549427618944,0.12584428409374748,0.5456060853584511,-0.04058564863415514,-0.41466858023349834,0.25526072166949826,0.2958463703036534,0.7466071383977076,0.501541121271113,0.2450660171265946,0.38922210515040223,0.25256601187986244,0.1366560932705398,-0.07409300868218302,-0.8718888892790242,-0.02826636384419385,0.04582664483798917,0.014854888713136841,-0.20393861715570244,0.5830885448909374,0.5682336561778005,-1.4135693432379663,-1.5496191415979699,0.13604979836000353,0.1972792613969846,-0.012027054849762575,0.20930631624674717,True,True
PhysionetMI,29,0,0.853457909234432,0.3496035086528019,0.70876770611958,-0.14469020311485203,0.5303984812660881,-0.056922082001230875,0.34836666196231053,-0.1820318193037776,-1.436959167662478,-0.7202759925468343,-0.7166831751156437,-0.22303514523628487,-0.03747105647104432,-0.18556408876524055,0.29935933371108747,-0.22190917046010625,0.1600658784504433,-0.13929345526064418,0.5347456328586878,0.11282761252807395,0.25507960804375496,-0.27966602481493286,0.9917637014295423,0.9887214141030833,0.003042287326458948,1.6473862803528267,1.3802242929678359,0.26716198738499086,False,False
PhysionetMI,30,0,-0.874507826554893,-0.6794018729892708,0.6738458912032355,1.5483537177581286,0.5891922527316189,-0.5023189270327815,0.17974769429483423,-0.4094445584367847,0.8396505714044298,0.254171350522374,0.5854792208820558,-0.45772368119367957,-0.24675504184799324,-0.21096863934568633,-0.2073857786146072,0.41492998060784686,0.21555225534158146,0.4229380339561887,-0.8687620871148313,0.8111690884339993,0.1734207924642422,1.0421828795790735,0.5631057061201399,0.3719733414027657,0.19113236471737416,0.27629602705503065,0.09432237307409264,0.181973653980938,True,True
PhysionetMI,31,0,-0.3867267779663623,-0.13528866110398102,0.027958373437855354,0.41468515140421763,0.7228245107680634,-0.24052137404118734,-0.41855922949623847,-1.141383740264302,-0.2073760434810329,-0.7456257931415523,0.5382497496605194,0.14105911322998876,0.5447415821770487,-0.40368246894705995,0.19469747807852172,-0.39667336909725226,-0.3149531104673174,-0.5096505885458391,-0.10295699123325813,-0.48866918334017556,0.34341247763391397,0.4463694688671721,-1.6284933643652075,-1.1350006215495378,-0.4934927428156697,0.2021573309096556,-0.1030360973320703,0.3051934282417259,True,True
PhysionetMI,32,0,-0.3769427424927846,-0.25337224724603763,-0.5397286473317148,-0.16278590483893018,-0.040878506144529106,0.317909419585924,-0.38487924385231426,-0.34400073770778516,0.2222447265468734,0.6071428653948612,-0.38489813884798774,0.018371547258747623,0.19538873746765228,-0.17701719020890466,0.1408748151682528,-0.4686997434199023,0.5642809932440718,0.423406178075819,0.33596680974341303,0.8256216681311441,0.684481240676508,0.3485144309330949,-0.197662767294392,-0.3482121949499097,0.15054942765551768,0.24971699861975952,0.13456650781981425,0.11515049079994527,True,True
PhysionetMI,33,0,0.25479300976056163,0.5632721354708536,0.462388542254904,0.20759553249434237,0.9149478869295208,-0.3800360760473623,0.7096094927468339,-0.20533839418268685,0.6275765217222504,0.3159908009875634,0.31158572073468704,-0.5981509835410203,-0.2929125296184092,-0.30523845392261106,-0.34320862781178835,0.2936383231070277,0.44358219628182183,0.7867908240936101,-0.11309752221647,-0.9518530742312128,0.6081400837687461,0.721237605985216,1.0041216507598425,-0.6700832709332696,1.674204921693112,0.22330322121990975,-0.13726195067898822,0.360565171898898,True,True
PhysionetMI,34,0,-0.09957088475048806,0.6103216603508629,-0.02336113568236294,0.07620974906812512,0.31754861615263696,0.499724930252598,-0.9642244398940172,-1.2817730560466543,-0.5959729659890018,-0.81087961385066,0.21490664786165814,-1.5840217958802238,-1.1819037954696407,-0.4021180004105831,-0.07627705871620712,-0.0878786113522117,0.16491794708064547,0.2411950057968526,-0.25961952648995196,-0.30376996110217286,0.545233923433725,0.804853449923677,-1.0033946344037936,-1.4836356831563406,0.48024104875254703,-0.5262900944753826,-1.2076153218518746,0.681325227376492,True,True
PhysionetMI,35,0,-0.2022047485692325,0.08720703908145178,0.13866351164213914,0.3408682602113716,0.24824235754063503,-0.32436667980560296,0.5232543898836367,0.27501203234300164,-0.2039541932183568,-0.8563318152102868,0.65237762199193,-0.4402509610593709,-0.4252950673826507,-0.014955893676720178,-0.5306399646690769,-0.01287471132782629,-0.1628603516626515,0.3677796130064254,-0.39830495859948933,0.339703213217849,-0.4270374879961231,-0.028732529396633788,0.7601384559994779,0.48944647131552393,0.270691984683954,0.1459479574784089,0.2672840113697659,-0.12133605389135696,True,True
PhysionetMI,36,0,0.8020563192297456,0.7972855293513209,0.7341907494657676,-0.06786556976397806,-0.21568312553377955,0.10323323274565797,0.24111666321036856,0.4567997887441481,-0.05644349638796742,-0.026151440792568006,-0.030292055595399412,0.08951001294077965,-0.06537812869316734,0.15488814163394699,0.6713807742536988,-0.40327748236065714,-0.14365883397214818,-0.815039608225847,-0.919927558421316,0.018146225906743776,-0.17864552789918367,0.7412820305221324,-0.41818794659769165,-0.005859550534155432,-0.4123283960635362,0.7004860975527122,0.5944483966170284,0.10603770093568377,False,True
PhysionetMI,37,0,-0.3699851502338281,0.1850597900164882,0.5879256186392066,0.9579107688730346,-0.1316203822710521,0.21690241616751482,0.013371011606270607,0.1449913938773227,0.3765208030134905,0.12615630057791752,0.25036450243557296,1.1795367923807214,1.1424434456895103,0.037093346691211115,-0.7409176155098383,-0.07453902516029699,-0.058712614577641924,0.6822050009321964,0.2451866896198842,0.291440507480413,0.14718576619395643,-0.09800092342592778,0.34717278331804985,0.07141095184768853,0.2757618314703613,0.5044450261601021,0.45365844454168935,0.05078658161841276,True,True
PhysionetMI,38,0,0.8821691196369494,0.39097797089558206,0.25969707959374483,-0.6224720400432047,-0.054155522337938716,0.09536057794730296,0.21194724781165172,0.26610277014959044,-0.6061567318088429,-0.17326059731872834,-0.43289613449011455,0.2071213092425431,0.1291002272013626,0.0780210820411805,0.15295579625511277,0.13453268153494322,-0.544497298097623,-0.6974530943527358,-0.3556935885537121,-0.5909388781093923,-0.7498656194979101,-0.394172030944198,-1.1524976440420618,-0.5167564850590554,-0.6357411589830064,-0.27726266217083606,-0.18305699332590747,-0.09420566884492859,False,True
PhysionetMI,39,0,-0.10326506684003052,-0.47315837193092986,0.011171022192765683,0.1144360890327962,-0.1002911346624071,0.6444918743149659,0.03518501853160697,0.13547615319401407,-0.32468995078826235,-0.5189196266345926,0.19422967584633022,0.9239567455865205,0.8202072834201986,0.10374946216632197,0.7214666072688347,0.15773321208924368,0.5914088972181295,-0.1300577100507052,-0.9122738443748242,-0.24833395220872356,-0.8443925208899192,0.06788132348490494,-1.213303223926439,-0.6633700446581481,-0.5499331792682909,0.03490952653332993,0.11858189730588595,-0.08367237077255602,True,True
PhysionetMI,40,0,-0.4286889584925571,0.08292622163795739,-0.12895529067127856,0.2997336678212785,-0.5227884586398835,-0.2225842291201302,0.7776922269304443,1.300480685570328,1.2024392200010157,1.2030131097369756,-0.0005738897359599537,0.23411938761561746,-0.2351846875466238,0.46930407516224126,-0.02278303103190516,0.3375906746262824,-0.34753966507611844,-0.3247566340442133,0.1304878425858547,0.008380998147004421,0.04111696098592364,-0.08937088159993105,-0.17417998157410453,0.02776191373255421,-0.20194189530665874,-0.9838152214802318,-0.8391895636887983,-0.14462565779143355,True,True
PhysionetMI,41,0,-0.8686061823365233,-0.6349153325349877,0.4314715246138629,1.3000777069503862,0.14963082048512835,-0.017681112338611825,-0.7836648089328468,-0.9332956294179752,0.7033038259583663,0.36397977181018787,0.3393240541481784,-0.12857289138255362,0.43859610651770525,-0.5671689979002589,0.8228667174261612,-0.08824961706665092,-0.19714811052984693,-1.0200148279560082,-0.20743543905334214,-0.1873617896170577,0.8371106677520898,1.0445461068054318,1.0436923970498915,1.5052997343251437,-0.46160733727525227,0.2485305838443116,-0.20958369267736332,0.4581142765216749,True,True
PhysionetMI,42,0,-0.6889236143438103,-0.7104069226264259,-0.9334813607821417,-0.2445577464383314,-0.14438863936430188,0.42060557704467383,0.3148431877550322,0.4592318271193341,-0.2363788708074374,-0.11515167211995814,-0.12122719868747928,-0.6720251883192893,-1.1084947110516246,0.4364695227323353,-0.07455843984809075,0.5339906825750727,0.21533905873041279,0.28989749857850355,-0.9238134175283472,0.4138902605912226,0.06931844242123401,0.9931318599495812,0.0840407420243442,-0.0750987191168021,0.1591394611411463,0.14682039287466403,-0.24808396207390998,0.394904354948574,True,True
PhysionetMI,43,0,0.08152888415801884,-0.30153266631752706,-0.9497172446637796,-1.0312461288217984,0.5154799448889354,0.14416401615736454,0.3644082493988046,-0.15107169549013083,-0.8209369060607019,-0.5210265163194907,-0.2999103897412112,0.12106114004921154,0.13681586654945765,-0.01575472650024612,0.2653879356590046,0.5034351216104637,0.5668888768556436,0.301500941196639,-0.6664643864471407,-0.8636680653161186,0.015181778008717504,0.6816461644558581,-0.26880273034210744,-0.3823216261322602,0.11351889579015273,0.287745777640246,-0.005038340926737217,0.2927841185669832,True,True
PhysionetMI,44,0,-0.5599896096950953,0.05629543736497971,0.3275542899896214,0.8875438996847167,-0.03413946315742205,-0.23546490475565773,0.2827615335190859,0.31690099667650795,0.8915792784531276,0.1517270216741079,0.7398522567790197,0.8056617720336117,0.5734839357449915,0.2321778362886202,0.8333931029088867,0.09978110732381858,-0.8792885951083333,-1.71268169801722,-0.883740537984562,-0.2155717959211392,-0.8984655575021825,-0.014725019517620508,-0.8923079147018659,-0.014651026206070505,-0.8776568884957954,0.02091015855024822,0.23739289917263873,-0.2164827406223905,True,True
PhysionetMI,45,0,-0.9089127579749903,0.05358264721532917,-0.08489976068427363,0.8240129972907166,-0.18322566076628763,-0.131220059900323,0.0928838274727887,0.27610948823907633,0.29183750412550796,0.01001492771215523,0.28182257641335273,0.008552836423891652,-0.018590561604758415,0.027143398028650068,-0.43819887912202415,0.06818999561957963,0.4545315289777269,0.8927304080997511,-0.3846508952544201,0.4776096689669353,0.8946501908604311,1.279301086114851,-0.44124863282877647,-1.174249180387735,0.7330005475589586,0.8947169573063372,0.4586658749153602,0.43605108239097695,True,True
PhysionetMI,46,0,0.9585868605628233,0.19513925922141026,0.32532627729696906,-0.6332605832658542,0.4857256466971228,0.037483918194394734,0.30831886478943743,-0.17740678190768538,0.9224922217659397,1.0148905938749748,-0.09239837210903512,-0.6243585442971749,-0.39173596454834225,-0.2326225797488326,-0.140840068242626,-0.1371115242158148,-0.20556580623681975,-0.06472573799419376,-0.28412026877172675,-0.11351740850388847,0.19013220036982664,0.4742524691415534,-0.04873889563034161,0.05354978887994233,-0.10228868451028394,-0.5131759025198435,-0.8295418067330945,0.31636590421325106,False,True
PhysionetMI,47,0,-0.15156438293354593,-0.28979013186855024,-0.17383640180970977,-0.02227201887616384,-0.06940746790073718,0.21138634688793814,0.04084045251690904,0.11024792041764622,0.22082670641119373,0.2795427518379827,-0.05871604542678899,1.7560725935402755,1.6749068506821956,0.08116574285807987,-0.6695414753293057,-0.2917842421535045,0.31958654970411327,0.989128025033419,-0.2973021920164491,-0.08058342089859706,-0.12889500499864417,0.1684071870178049,0.8282020600353686,0.4140722825889405,0.41412977744642804,1.2175929814718143,1.320676264277708,-0.10308328280589363,True,True
PhysionetMI,48,0,0.19515187890982183,-0.6626164669084698,0.044090256564460216,-0.1510616223453616,-0.5362647312145677,0.8215396794033695,-0.7021795916168874,-0.16591486040231962,-0.09390001618622068,-0.030790561991061727,-0.06310945419515895,-0.012761105099114128,0.06958332558911431,-0.08234443068822844,-0.010849601925856886,-0.49766521654697765,0.1076650117505119,0.11851461367636879,-0.7110155570845595,-0.878333236684227,-0.6840483077219814,0.026967249362578105,-0.10524970005884327,-0.2268552776741164,0.12160557761527313,-0.002616087166147793,-0.04290042365825303,0.040284336492105235,True,True
PhysionetMI,49,0,0.0009513490164056821,-0.4095740382295014,0.044314674849140714,0.043363325832735035,0.2722112366114747,0.1456799724002773,0.13427697564678961,-0.1379342609646851,-0.21628132745762074,-0.28359052241046534,0.0673091949528446,-0.431475795418688,-0.2935083269711556,-0.13796746844753244,-0.32301171822881425,-0.5808292691997036,0.0002772241411788771,0.3232889423699931,-0.28048387083307313,0.48099452113123253,0.020526127201331935,0.3010099980344051,0.002667926505149687,-0.7939936871384127,0.7966616136435624,0.05838386387897731,-0.2629916982960022,0.32137556217497953,True,True
PhysionetMI,50,0,0.07193678751943947,-0.9321318943467077,-0.08848247988947233,-0.1604192674089118,0.5268911104118481,-0.34297240858640465,-0.0877603714781959,-0.614651481890044,-0.15464005081121246,-0.03802932199036568,-0.11661072882084678,-0.006448940819144488,0.37062973318753767,-0.37707867400668216,-0.019579899035758776,0.8827768091392793,-0.9930839169159665,-0.9735040178802078,-0.12018563384718264,0.4256327354741227,-0.17484095877364164,-0.054655324926459,-0.7732810025250203,-0.43424783220008956,-0.33903317032493074,0.15048869883166527,0.24118876364367425,-0.09070006481200898,False,False
PhysionetMI,51,0,-0.30950784573096457,0.49941337912198575,-0.8612104831081906,-0.551702637377226,0.9220231170230018,0.1787166654930896,-0.24746555357408062,-1.1694886705970824,-0.16615012347746108,0.1777665196402804,-0.3439166431177415,-0.14028370599591006,0.12124000395703231,-0.2615237099529424,-0.9178739578221081,-0.37166289433509214,0.805075503054799,1.7229494608769071,0.4795261404209722,0.2033886887403992,-0.6182317480251676,-1.0977578884461399,0.19320743397466453,-0.19960222809313466,0.3928096620677992,-0.16522725493652352,0.3741797332767508,-0.5394069882132744,True,False
PhysionetMI,52,0,-0.086904788688045,0.5339053376117708,0.24639687068070593,0.33330165936875095,-0.8749466414425359,0.23532040685533284,-0.4856296791702466,0.3893169622722893,-0.21798047048352354,-0.8866603507449731,0.6686798802614495,0.5339514328559815,0.6041123206760171,-0.0701608878200356,-0.3141000038628291,0.15923188194150573,0.05616042749830753,0.3702604313611366,-0.297003401793107,0.7027539406154347,0.42806561316534014,0.7250690149584471,0.5208467399275829,-0.3680656598967045,0.8889123998242874,0.02230372724814511,-0.4760651092889846,0.4983688365371297,True,True
PhysionetMI,53,0,0.7068825810534993,0.026269846995846287,0.7258552360154912,0.018972654961991853,-0.3307756604082097,-0.8440589080264347,0.24828387990193831,0.5790595403101481,0.596341683136085,0.3441724026804856,0.25216928045559944,-0.06327768942816864,-0.36994130557939076,0.3066636161512221,0.6295675920592329,0.3792308231509866,0.26543003082263467,-0.3641375612365982,0.3404060194103695,0.3102006050948349,0.15155371771335013,-0.1888523016970194,1.3089767746925038,1.1424289650237043,0.16654780966879956,0.24011041784183898,0.23582707467600558,0.004283343165833398,True,True
PhysionetMI,54,0,-0.23740231444098506,0.4092806854637568,0.3499428605464925,0.5873451749874775,-0.6106105518940261,-0.5058084225632404,0.6014715747728289,1.2120821266668549,0.8830132314781938,-0.08029302555940077,0.9633062570375945,0.6665749967990077,0.22304091092393155,0.44353408587507615,0.21780029751591368,-0.48295850758652714,-0.31962005503864843,-0.5374203525545621,-0.49686025411921536,-0.28523662406992756,0.26943278291865413,0.7662930370378696,-0.7932580344907313,0.3212742434589433,-1.1145322779496745,1.0733997853147672,0.7193096297932742,0.35409015552149303,True,True
PhysionetMI,55,0,0.08606592110201046,0.27752172728504765,0.22752914388936477,0.1414632227873543,-0.20017478741297756,-0.11175919167875609,0.09756511020484739,0.29773989761782493,1.9731381790264302,1.56132013434645,0.4118180446799802,-0.01925141697244978,-0.09164525596585682,0.07239383899340704,-0.17200156506604916,0.7771576784518239,0.0861149026750536,0.25811646774110275,-0.30431783363806614,-0.24996266590743094,0.02024596164982409,0.32456379528789026,1.643702437143292,1.4872190940043484,0.15648334313894363,0.16689093117999448,0.0634046970517409,0.10348623412825358,True,True
PhysionetMI,56,0,0.9662825322010977,0.4912308135060423,-0.28120669210761173,-1.2474892243087095,-0.7276809089030315,-0.01964467413165426,0.3542077736852991,1.0818886825883305,-0.2682419570521924,0.2896783999432045,-0.5579203569953969,0.37492380857257834,0.004333642011480954,0.3705901665610974,0.3628831802495365,0.5556353709833697,0.5968731136941192,0.23398993344458274,-0.35678384990119494,0.23980899536249004,0.06754553860450664,0.42432938850570157,0.3769907116868112,0.12547288302549897,0.2515178286613122,0.2163067459349443,0.02614240699739273,0.19016433893755158,True,True
PhysionetMI,57,0,0.40127408420011196,0.5904642218229579,-0.09347794913840894,-0.4947520333385209,-0.37604184175162264,-0.8563853496610638,-0.06796975006422988,0.30807209168739275,-0.2817181743711037,0.10977097527488955,-0.39148914964599324,0.07902784503788307,-0.10333023530679057,0.18235808034467366,-0.2496495740109244,-0.13626519378877786,0.5962940607579553,0.8459436347688798,0.14468769768322076,-0.3982327580225755,-0.13807926878380555,-0.2827669664670263,-1.40797090015471,-1.92356404935874,0.51559314920403,0.19069887262263352,0.3575137422337781,-0.16681486961114456,True,True
PhysionetMI,58,0,-0.2576225838116465,-0.19347159441856765,0.3894897883696099,0.6471123721812564,0.16940186308879576,0.9435364447574591,0.13240696383105957,-0.03699489925773619,0.42331057064415,0.223213970793864,0.200096599850286,-0.8502769580434204,-0.7175931641746084,-0.13268379386881202,0.4211870767856008,-0.5458336583240231,0.4171978715394528,-0.0039892052461479865,-0.024956089515381828,0.15036856860266593,-0.597383647121558,-0.5724275576061761,0.2724233949591912,0.19497548125932648,0.07744791369986473,-0.5728504205700484,-0.5570420343211948,-0.015808386248853612,True,False
PhysionetMI,59,0,-0.19649418660165505,0.6359360495334977,0.8957121609464983,1.0922063475481534,0.6512862042342287,0.4087788458455729,0.4818159593123064,-0.16947024492192225,-0.5481810707469887,-1.2912524554386937,0.743071384691705,-1.3523412704772517,-0.7843859865791675,-0.5679552838980843,-0.1704634151416052,-0.43168482674998965,0.27219134283483876,0.44265475797644394,-0.18711061093409312,0.12910585881191175,-0.12806505324290543,0.05904555769118769,0.4008697007749752,0.10466031022520383,0.29620939054977136,0.09876933257988169,0.07337588150894503,0.025393451070936657,True,True
PhysionetMI,60,0,0.7179473946048899,0.6346961087386896,0.7118740831476301,-0.006073311457259756,0.7810648976672898,-0.025154559794500174,0.022391991185314992,-0.7586729064819748,-1.2899847186133115,-0.7473992639695666,-0.542585454643745,0.02975780075399076,0.19459148505302276,-0.164833684299032,-0.2553990518823766,-0.13003139652994702,-0.43146220333298263,-0.17606315145060603,0.4634725195426684,-0.7876078736496953,-0.3396138284339461,-0.8030863479766145,-0.6937356679024063,-0.7360396350053228,0.042303967102916507,-0.35666473578738866,0.15701205565905818,-0.5136767914464468,False,False
PhysionetMI,61,0,0.08772378383016737,0.36098195156400603,-0.05860506813134912,-0.1463288519615165,-0.47227571563120757,0.4568637956250112,-0.5853698042965461,-0.11309408866533849,0.6758656129336428,0.8050293054989481,-0.12916369256530535,0.05607560706814596,0.17909517640267147,-0.12301956933452551,-0.12470496676703617,0.08865379833677846,0.9622397928602049,1.086944759627241,-0.4165152736226498,-0.8253266110003887,-0.7856021915010278,-0.36908691787837805,0.0748807195005241,-0.30952763055446947,0.3844083500549936,-0.041461761177626705,0.11479235463516763,-0.15625411581279433,True,False
PhysionetMI,62,0,-0.15579393456733856,0.3588793579717608,-0.38154063655512455,-0.22574670198778599,0.43612684611041314,0.11474152258686744,0.5839050802167568,0.14777823410634366,-1.1308979987078243,-1.2186887035491032,0.08779070484127893,-0.6477379300011277,-0.47295063046720565,-0.17478729953392202,-0.001632205158274403,0.04549110182218339,0.5694767987376431,0.5711090038959176,0.585340732186923,0.7582383516714041,-0.9716451544234166,-1.5569858866103394,0.19245350525631774,-0.21802570294122536,0.41047920819754313,-0.2352444004682257,-0.017688845534443248,-0.21755555493378245,True,True
PhysionetMI,63,0,0.9917054357091236,0.11195472694614451,0.5656614820809236,-0.4260439536282,0.12088977886097697,-0.312553464191988,0.6819828202527526,0.5610930413917756,0.04554183444321025,0.12699885598619265,-0.0814570215429824,0.04646644606814054,-0.06126572828499138,0.10773217435313193,0.12657809573169984,0.1551595961515425,0.5908728086375422,0.46429471290584234,0.12390998586268469,0.10113184925093431,-0.8742853272919974,-0.998195313154682,-0.02080221973610774,-0.21879314240881897,0.19799092267271123,-0.44829889439400383,-0.16131492151372295,-0.2869839728802809,True,True
PhysionetMI,64,0,-0.29642313092375544,-0.2957890305301426,0.8932018534241679,1.1896249843479234,-0.331697794062177,-0.03884827419290332,0.2769014331359153,0.6085992271980922,-0.7405504766773011,-1.300129995446816,0.5595795187695148,0.3743452697790771,0.22852342328487235,0.14582184649420477,-0.4109856905327101,-0.43004334441971787,0.529799890596569,0.9407855811292791,0.7464466464363477,-0.18073449657172727,0.5137153874115556,-0.23273125902479208,0.5335861331019021,0.034312545246629855,0.4992735878552722,0.10917122203573887,0.10478658871129741,0.004384633324441459,True,True
PhysionetMI,65,0,-0.010961335471003069,-0.7737132599023869,-0.8726808565652628,-0.8617195210942598,-0.424743188609325,-0.21188153461613818,0.2983633578858675,0.7231065464951925,-0.7019615681643496,-0.5049256690174528,-0.1970358991468968,0.18990417352519617,-0.01856854070731595,0.20847271423251212,-0.44438229845197885,-0.41063097303217844,-0.30939005477163795,0.1349922436803409,-0.12804915564152403,-0.9339232957789289,0.07235803749670205,0.20040719313822608,0.7033335806438958,0.9721874911890135,-0.26885391054511765,0.28689960084326427,0.2132059612036281,0.07369363963963615,True,True
PhysionetMI,66,0,0.09896803470397819,0.12188642428714733,0.07476598899607867,-0.024202045707899522,0.03745620135802568,0.8959747930404751,-0.37555964098289707,-0.41301584234092276,-1.9450044444756682,-1.7363858697660903,-0.2086185747095779,-1.8283927694667124,-1.6232220777612334,-0.20517069170547897,-0.21380593419568358,-0.12086585831411638,0.24676589673026647,0.46057183092595005,0.01156208623800674,0.19030309416610872,0.19503996119734857,0.1834778749593418,0.9260656913808665,0.08698503710354388,0.8390806542773226,-0.4996252861274883,-0.6238907510843503,0.12426546495686203,True,True
PhysionetMI,67,0,-0.049382081410181536,-0.686988603126017,0.6873291576271215,0.7367112390373031,0.06798785750401323,-0.24832696926399242,-0.27116139380219023,-0.33914925130620344,2.5132555673060573,1.3870616078553155,1.1261939594507417,-0.4511921035840126,-0.28768041000584244,-0.1635116935781702,0.3142735620211703,-0.6468913182679092,-0.8017826151202726,-1.1160561771414428,-0.11410468660566377,-0.9535222082166173,-0.6432848803571272,-0.5291801937514634,-0.40433131623695573,0.399869732232526,-0.8042010484694817,-0.15054291658816576,0.05862845439194275,-0.20917137098010852,True,False
PhysionetMI,68,0,-0.08605894666095729,0.6692763862140745,-0.1175172597862182,-0.031458313125260914,0.0462484953151449,-0.19814024141563538,-0.7489803545257253,-0.7952288498408702,-0.6466318996268712,-0.6855198614800896,0.03888796185321841,-0.17923629463744767,0.007940412920592499,-0.18717670755804017,0.11664960070129592,-0.16539461529058982,0.9857632675159301,0.8691136668146342,0.5000476845351,0.22375216501324385,0.02658046909216033,-0.4734672154429396,-0.2738913560144999,-0.44741132693983626,0.1735199709253364,-0.2267022212541227,-0.031039416760141103,-0.1956628044939816,True,False
PhysionetMI,69,0,0.454922278757488,-0.43626801382912084,-0.4513885998558229,-0.9063108786133109,0.35528916865725374,-0.8720813455816528,-0.4552030561209467,-0.8104922247782005,-0.9793938323188908,0.1231200474130849,-1.1025138797319756,-0.42040193546659876,0.08989256263544276,-0.5102944981020415,0.6494177126329733,0.349400779782713,-0.2793103022710635,-0.9287280149040369,-0.44290384658589627,0.6190692987232865,0.19680133974617248,0.6397051863320687,-0.5226387483836683,-0.05185753740951915,-0.47078121097414916,0.1459604147363817,-0.0740122509442443,0.21997266568062598,False,True
PhysionetMI,70,0,-0.2181736014434418,-0.054127238597956914,-0.4400702744020013,-0.2218966729585595,0.1050262037719732,-0.07146222869546649,0.02499778059287266,-0.08002842317910054,-0.7789856740770045,-0.8717599812629204,0.09277430718591595,-0.12343398254142694,-0.09061555859288506,-0.03281842394854188,-0.049570668417974764,0.05144086946670579,-0.6281833134977589,-0.5786126450797842,-0.09393286050079992,0.13273413570477816,-0.7529791344472407,-0.6590462739464408,-1.542867114366472,-1.201651368875292,-0.34121574549118017,-0.05600922966279056,0.27864569139030004,-0.3346549210530906,False,False
PhysionetMI,71,0,-0.3880062211912204,0.8504728617671304,-0.8462405847348676,-0.4582343635436472,-0.3016192748154566,-0.9487248270730949,-0.22944575896780928,0.07217351584764731,-0.2316432707817342,-0.022398530021528418,-0.20924474076020577,0.35633687710431433,0.4350849270970831,-0.07874804999276874,0.025696310395943344,0.5760465380298591,-0.7727525910355079,-0.7984489014314512,0.5171212362309633,0.2472520319834163,0.5336122210898289,0.016490984858865576,-0.6329319756145341,-0.022104625472603723,-0.6108273501419303,0.7672783962297997,0.4991188893475939,0.26815950688220574,False,True
PhysionetMI,72,0,0.6757146962085498,0.3442606735490035,0.117474834574054,-0.5582398616344959,0.8667698035796926,0.9409167385622038,0.7933271175918476,-0.07344268598784498,-0.09477028180706591,0.40366167468080544,-0.49843195648787136,0.10177091608626976,0.07353398596323674,0.02823693012303302,-0.03678183900005974,0.5040149330512176,0.9225562685916443,0.959338107591704,0.33932963768946345,0.3550383912643782,0.911957954478123,0.5726283167886596,-0.8747273681247647,-1.669887930186048,0.7951605620612834,0.22868650558726014,0.04822527614682531,0.18046122944043483,True,True
PhysionetMI,73,0,0.4305289336930215,-0.025723690662785084,-0.14433342864138984,-0.5748623623344113,-0.7109245921290399,0.4614814634899654,0.28243885579757366,0.9933634479266136,0.9527239871872601,1.3656441403241046,-0.4129201531368445,0.8820317689017214,0.31594189183564775,0.5660898770660736,-0.03579275714325114,0.4628727302841277,-0.0660859959164264,-0.03029323877317526,-0.7028151036645773,-0.44792525065146227,-0.23746642355318137,0.46534868011139596,0.40664738122739674,0.48630314618748693,-0.07965576496009019,0.38889313451670576,0.30671980402543203,0.08217333049127373,False,True
PhysionetMI,74,0,0.06032384194522954,-0.659136760292384,-0.5337441616011247,-0.5940680035463543,-0.5194537397054905,-0.34192148465081623,-0.2072185340165476,0.31223520568894286,-0.8587532728761628,-0.34927900792108013,-0.5094742649550826,0.03883222739850081,-0.14905174735981996,0.18788397475832078,-0.1304120094078263,-0.6746215546665996,0.08298884512969758,0.2134008545375239,-0.21534857148849712,-0.34501474568651824,-0.3711545937694089,-0.15580602228091178,-0.2624724545051732,-0.338116356665228,0.07564390216005479,-0.2698733072262581,-0.25187042048068153,-0.01800288674557654,True,True
PhysionetMI,75,0,0.9705425403553087,0.8409971204511049,-0.9336390356494819,-1.9041815760047907,-0.3706176052005688,0.29564310083923545,0.9618692321294156,1.3324868373299843,-1.0112805680385721,-0.3452352128491408,-0.6660453551894313,0.34896788355727304,-0.33712150265619606,0.6860893862134692,0.17491339564980596,0.32378553637233454,-0.7233278914799095,-0.8982412871297154,-0.15832874399389962,0.31082432779506414,-0.6706160288047031,-0.5122872848108034,-0.4942225080383301,-0.025960128183443617,-0.4682623798548865,-0.4970233985864847,-0.477371580040407,-0.019651818546077726,False,True
PhysionetMI,76,0,0.17316682511056355,-0.0017511889266813934,-0.4861039065515384,-0.6592707316621019,-0.03928645296047633,0.01255830816858247,-0.9799338785741059,-0.9406474256136296,-0.8807011473134315,-0.7418888673959997,-0.13881227991743184,-0.5050198168598378,-0.1285008734699466,-0.37651894338989117,-0.5723111396952387,0.6886251175560851,0.15350390477555056,0.7258150444707893,-0.087707023109547,-0.2725413033050862,-0.06690524864985271,0.02080177445969429,0.10498927260042983,-0.5987070142867985,0.7036962868872283,0.22346831983351728,0.2351613744242716,-0.011693054590754315,True,True
PhysionetMI,77,0,0.615415883950758,0.12599316761087445,0.6396130050484375,0.024197121097679575,0.7136419562802642,-0.30764529741298724,-0.08826947997769624,-0.8019114362579605,-0.2954588099159736,-0.18975794554948683,-0.10570086436648679,0.16778878011870257,0.5252866496787613,-0.3574978695600587,0.14355565809097245,-0.8590930457838213,-0.6541116025874306,-0.7976672606784031,0.26594331290418277,0.033694198824668,0.36402178513906036,0.09807847223487759,-0.6178301400315882,-0.09100453364720551,-0.5268256063843827,0.6267021601289322,0.43799913099304166,0.18870302913589054,True,True
PhysionetMI,78,0,-0.1384187360267756,-0.07563381121810026,-0.24792997289696542,-0.10951123687018982,-0.3719839815421297,0.2174185386602598,0.5238363988919701,0.8958203804340998,-0.2184584645118218,-0.186390002137099,-0.0320684623747228,-0.10839792018779537,-0.3881966478653898,0.27979872767759445,0.17378859984890763,0.16248825037382,0.24370850939083796,0.06991990954193034,0.08219501978500712,-0.41442306426343917,-0.15955037411926784,-0.24174539390427496,-0.2024981089071456,-0.2105348328226867,0.00803672391554111,-0.01311789572057742,0.14533188922299778,-0.1584497849435752,True,True
PhysionetMI,79,0,0.27569884720738835,0.5435642702353672,0.8896453518090991,0.6139465046017107,0.8534255472435996,-0.08252880409273494,-0.18723840957407858,-1.0406639568176783,-0.6735851780757738,-0.6192422712558638,-0.05434290681990994,-0.49726477194221164,-0.1498310361204991,-0.34743373582171255,-0.12598285184497723,0.25319780711392326,-0.9282576838105184,-0.8022748319655412,-0.008079158345445012,0.5216346477250388,0.1592285250704006,0.16730768341584562,-0.4655394158359668,-0.12090215300993455,-0.34463726282603224,0.36073507036083596,0.19877483564270038,0.1619602347181356,True,True
PhysionetMI,80,0,0.2465586680578248,0.0962010888587668,0.10638435447411065,-0.14017431358371416,0.039805437862457785,-0.9040786016733889,-0.029447284514802528,-0.06925272237726031,-0.48449074082965726,-0.1303586602396356,-0.35413208059002166,-0.11227663817087774,-0.08054475134635636,-0.03173188682452138,-0.8043621542224694,-0.6972197714767527,-0.41054922653306125,0.3938129276894081,-0.1686712893962119,-0.2945516706071586,-0.6985693367784777,-0.5298980473822658,0.8733901485707749,0.6612755369763397,0.21211461159443523,-0.046448161947188316,0.19852469662318079,-0.2449728585703691,True,False
PhysionetMI,81,0,-0.02142730792413749,0.1466281860839093,-0.04557895532408294,-0.02415164739994545,0.03377155085999233,0.05829063201753852,0.012956836588592518,-0.020814714271399814,1.9970087937960184,2.0956405951209116,-0.09863180132489324,0.46301900179342054,0.4781241549731283,-0.015105153179707786,0.1421533731389127,-0.46735863512904424,0.17428980865638433,0.03213643551747164,-0.16166849995439322,0.45593684677550605,-0.3105763454666885,-0.14890784551229527,0.8584670484236437,0.7133128934720416,0.1451541549516021,0.2848817921634494,0.4476741124469243,-0.1627923202834749,True,False
PhysionetMI,82,0,0.7904241470285831,-0.7443961633146632,0.8702430844250626,0.0798189373964795,0.18477062539436132,-0.9091263124067925,-0.11323867239043907,-0.2980092977848004,-0.16974776981062156,-0.11515866917734024,-0.05458910063328132,-1.011762113576822,-0.737882897990903,-0.273879215585919,-0.7289477237648873,0.23656155174006052,-0.9546287956689313,-0.22568107190404407,0.5529079183548873,-0.5918849188267145,-0.2037871283829071,-0.7566950467377944,-0.13799619210218245,-0.4634564945255048,0.32546030242332236,-0.16400135223935247,-0.03020120786338598,-0.1338001443759665,True,False
PhysionetMI,83,0,0.16626471795793063,-0.1689246752666561,-0.5710303250479891,-0.7372950430059197,0.6781532282798934,-0.287606930136262,0.5680886336398153,-0.11006459464007812,-0.46032360801028677,-0.3299120398591306,-0.13041156815115618,0.5896935631257961,0.4058251328847619,0.18386843024103422,-0.5176458790234545,-0.16958621229303028,-0.6190761808767381,-0.10143030185328361,0.19190612059643328,0.05124226482377212,-0.08565205853371351,-0.2775581791301468,0.09471336908835563,0.4308539329259979,-0.33614056383764224,0.38805142739761933,0.5083257511843168,-0.12027432378669745,False,False
PhysionetMI,84,0,-0.9168392246020648,0.1132094316059866,-0.7278568079231058,0.188982416678959,-0.37710823925768655,0.6329259357092367,-0.35280658581412905,0.024301653443557503,0.2365102215631821,0.6787450026124776,-0.4422347810492955,0.591781176901867,0.9110537671306597,-0.3192725902287926,-0.1414477869335015,0.26227019453788647,0.5320572015069956,0.6735049884404971,0.2011651228961246,0.46664818391011365,-0.891285192589904,-1.0924503154860286,-0.062196014798767685,-0.4035245003680214,0.3413284855692537,-0.0960126109881443,0.06090118154903975,-0.15691379253718404,True,True
PhysionetMI,85,0,-0.0952853562284299,0.7899682830907102,-0.168923555165436,-0.0736381989370061,-0.8677279686613367,0.19015284645743863,-0.34632999034851447,0.5213979783128222,0.27044600120749407,0.39414275385916486,-0.1236967526516708,0.2232656304564821,0.21038917690600484,0.012876453550477257,0.8014810562758831,-0.23013534079347864,0.8968178091951082,0.09533675291922517,0.9007524753105731,-0.5576004313390034,-0.6900810460919271,-1.5908335214025002,-0.5231158518897605,-0.31280278380224535,-0.21031306808751515,-0.7904785987734502,-0.12308642545961496,-0.6673921733138353,True,True
PhysionetMI,86,0,-0.3352393668608703,-0.4442996984202027,-0.023023475592219376,0.3122158912686509,0.2542065729284594,0.04802178176304363,-0.7213297428241262,-0.9755363157525856,-0.6449313841166753,-1.279102544600256,0.6341711604835807,-0.5482090278710308,-0.18459006600791394,-0.3636189618631168,0.7321170205134965,0.29210495129436925,0.17788102748622303,-0.5542359930272734,0.2833596334714774,0.06366241913603436,0.13557245580271532,-0.1477871776687621,0.750943002302636,0.7941073349052439,-0.04316433260260788,-0.6385757858567869,-0.46406875752101007,-0.1745070283357768,True,False
PhysionetMI,87,0,-0.014209550998123722,0.5501267601545818,0.39700552195385547,0.4112150729519792,-0.03869319407647818,-0.17290069149388135,-0.5075346991625437,-0.4688415050860655,-0.0003272614801113072,-0.28769172321889436,0.28736446173878305,-1.018925959663794,-0.8110983660376518,-0.20782759362614223,-0.42419326400911017,0.08035900805848764,0.7304648497872095,1.1546581137963197,0.23836842833652974,0.27973231991842296,0.8547818790605082,0.6164134507239785,0.5535094613483053,-0.46780469616310916,1.0213141575114144,-0.9029847924795146,-0.8130933807539654,-0.08989141172554915,True,True
PhysionetMI,89,0,0.5061404630286949,0.06981863791273711,0.40175613999533794,-0.10438432303335693,-0.28004507322400374,0.011109853934685993,0.10492555378916775,0.3849706270131715,0.2714333074462947,0.1949130197320902,0.0765202877142045,1.1724792245177975,0.7530577701146602,0.4194214544031373,-0.4457885625251836,-0.1582727601285318,0.23039168838056875,0.6761802509057524,0.22234553036628057,0.2784087501339262,0.13405011776387107,-0.0882954126024095,2.1242823741593,1.4937715115060044,0.6305108626532956,-0.4942029474729206,-0.3862048832173547,-0.1079980642555659,True,True
PhysionetMI,90,0,0.16994392690491686,0.08889662188610582,-0.25003642434999507,-0.41998035125491195,0.5583994707768117,0.47466753930762945,0.17548838930516808,-0.38291108147164366,-1.7904528704587117,-1.4762397667228537,-0.314213103735858,-0.1575139227993812,0.0012300210926541322,-0.15874394389203533,0.022293603133856057,-0.41795981980376745,0.23957294145858374,0.21727933832472768,-0.21346576444983847,-0.13920901167296218,0.8727106091905823,1.0861763736404209,-0.46739326938420644,-0.5897058737396244,0.12231260435541791,0.32803369275804195,-0.04106207787451516,0.3690957706325571,True,True
PhysionetMI,91,0,-0.07531129393664876,-0.1047458285725641,-0.7944420714003894,-0.7191307774637405,0.02802059000453229,0.5681650452914405,0.4223669240982853,0.394346334093753,-0.4068079234582252,0.1427339820164082,-0.5495419054746333,-1.3960137882691286,-1.4056713867916706,0.009657598522541999,-0.6648095911020284,-0.0531873621909812,0.04497573268062862,0.709785323782657,-0.5172499136628718,0.10382812691174544,0.8386825754475407,1.3559324891104123,1.722296499425541,1.454841830135824,0.26745466928971706,0.6124645546286688,0.1317374945982704,0.4807270600303984,True,True
PhysionetMI,92,0,0.22784712030235582,-0.3394779750821068,-0.8677460064571426,-1.0955931267594985,0.008627910782161024,-0.25672799757591525,-0.5195039521880962,-0.5281318629702573,-1.183913121947708,-0.02514114218042618,-1.1587719797672817,-0.21430974560713925,0.15944804319112738,-0.3737577887982666,0.5479980686774922,0.4309207617156932,0.09023834812604323,-0.457759720551449,-0.04018811755067621,0.38173080530365516,-0.4550113899718159,-0.4148232724211397,0.6040347800052228,0.6246785258426145,-0.020643745837391703,-0.8483579785272767,-0.6501451911188376,-0.19821278740843906,False,False
PhysionetMI,93,0,0.22340188494223615,-0.07076359314189061,-0.6018311783430512,-0.8252330632852873,0.4673475520883677,-0.7036003186276804,-0.6253219485532262,-1.0926695006415938,-2.8555256439735763,-2.2785146530755096,-0.5770109908980667,-0.6128411695080533,0.23782581082654142,-0.8506669803345948,-0.09379028252032784,-0.2745104474550592,0.4249776964527584,0.5187679789730862,0.029488943289739354,-0.24673236295196793,0.8273476408949328,0.7978586976051935,-0.0679002729517717,-0.40045764249585947,0.33255736954408777,-0.0931906180859208,-0.1345464891432555,0.04135587105733471,True,True
PhysionetMI,94,0,0.11470282098919399,0.09062531748229484,0.30281272472968,0.18810990374048603,-0.008765859561043154,0.5361674479222985,-0.9042065103633294,-0.8954406508022863,-0.5848462549787583,-0.645269151237003,0.06042289625824471,-0.9174243590607876,-0.84549321371861,-0.0719311453421776,0.9781459931682843,0.3713930691758073,-0.4661321047515195,-1.4442780979198038,0.5201880415793113,0.6685378900609459,-0.4733181665526607,-0.993506208131972,0.15896838215834708,0.9948305349337814,-0.8358621527754343,-0.2600986077494587,0.015132924687705551,-0.27523153243716425,True,False
PhysionetMI,95,0,-0.0010808069507753841,-0.25768112552241557,0.09257355236283828,0.09365435931361366,-0.21009500984246707,-0.033788097076269466,0.055914397078647045,0.26600940692111413,-0.557727626641191,-0.6462412154828194,0.08851358884162841,0.055256786641239286,-0.07025807814846113,0.12551486478970042,0.8669120196254286,-0.23194462695759227,0.4667451371109617,-0.4001668825144669,-0.48551276432310847,-0.06826352907849456,0.3340380691449646,0.819550833468073,0.3858336239484658,0.29352839882446236,0.09230522512400346,0.08144771945578172,-0.4362473464012462,0.5176950658570278,True,True
PhysionetMI,96,0,-0.1794782517105816,0.029076967258068572,0.9308381794625833,1.1103164311731648,-0.7917107651495844,0.4171198759069488,0.2864555820432496,1.078166347192834,0.09291892876463392,-0.7312656142297039,0.8241845429943379,0.47200725311589914,0.3559229873088373,0.11608426580706183,-0.07607435187693616,0.13200438223230757,-0.20512231566752098,-0.1290479637905848,-0.09624274275079991,-0.5493663147850716,0.24587717749382174,0.3421199202446217,0.3044563858308831,0.5930058290749578,-0.2885494432440747,-0.21439495255581958,-0.3190618849768716,0.10466693242105202,True,True
PhysionetMI,97,0,-0.01479784265517482,0.11757233954223031,0.09362467606298482,0.10842251871815964,-0.42355743489650294,-0.6030100103786926,-0.3863393132764805,0.037218121620022415,1.7288734748145633,1.5048876185106335,0.22398585630392986,-0.11650236648284096,-0.22703439130100622,0.11053202481816526,-0.18462609161479637,0.32741739641486617,0.18065577783691505,0.3652818694517114,0.44357872060658526,0.2630361202783118,-0.31433028984145917,-0.7579090104480444,-1.0831958057399702,-1.4820556555509796,0.3988598498110094,-0.7751132598176568,-0.32335682937421156,-0.4517564304434452,True,True
PhysionetMI,98,0,-0.45605519389563703,0.3267466742384817,0.011422610998786754,0.4674778048944238,-0.27972793142173097,0.14917262087710023,-0.5374743464404427,-0.2577464150187117,1.549267383973481,0.9805278675218098,0.5687395164516712,0.03436178782574517,0.3242658004349465,-0.28990401260920134,0.5928187025817261,-0.20059923356413067,-0.01140214090598289,-0.604220843487709,-0.35492741269968814,0.6939944509203712,0.44974687555459064,0.8046742882542788,-0.12300874718523902,0.33169413446063956,-0.4547028816458786,0.8902291727421865,0.393923982306434,0.4963051904357525,True,True
PhysionetMI,99,0,0.7879109011689021,-0.7601386988598761,0.051384142525442766,-0.7365267586434593,-0.08633117056737535,0.1933636228551004,0.303835308671289,0.3901664792386643,1.1577030773833303,1.3494667255685187,-0.19176364818518832,0.009169315888854501,-0.29069391760443264,0.29986323349328714,0.3010004599005923,-0.6110792266601743,0.7817812234444589,0.48078076354386656,0.5699605431592542,0.4684426388227597,0.12319375072399001,-0.4467667924352641,-0.1386432687654277,-0.172494197731809,0.03385092896638128,0.20314423720869096,0.1877613444473121,0.015382892761378858,True,True
PhysionetMI,100,0,-0.16202814764260381,-0.5728723758202326,0.8892046880651862,1.05123283570779,-0.9770224772351327,-0.2965790545371752,0.7948518072909574,1.7718742845260902,2.057263003260243,0.7096019142249836,1.3476610890352594,0.46919673817067015,0.1874901418874647,0.28170659628320543,-0.07461246751217991,-0.24953716353681038,0.3396895458361,0.41430201334827993,-0.43065327638087164,-0.6785635592390732,-0.7141842304416143,-0.28353095406074263,1.6945053329973017,0.7022500880025364,0.9922552449947653,-0.037485473710229145,0.16191243390605647,-0.19939790761628562,True,True
PhysionetMI,101,0,0.4045492135776106,0.223121625132309,0.045287932207276956,-0.35926128137033364,-0.4863218126192283,-0.5195860876759941,-0.22952341893330927,0.25679839368591906,-0.6772680979573619,-0.3921648433385789,-0.285103254618783,-0.17370849611682881,-0.5976644500475585,0.4239559539307297,0.3858697372904121,0.7220440405533722,-0.02137639127782862,-0.4072461285682407,0.037228593221801706,0.012609212384107591,-0.01766266671518405,-0.05489125993698576,-0.6579871662962723,-0.40546527223569073,-0.25252189406058156,-0.7381813064604156,-0.7027277182938917,-0.035453588166523886,False,True
PhysionetMI,102,0,0.021087019809548264,-0.1554260986677806,-0.276503313023646,-0.29759033283319425,-0.16807131974985287,-0.4963306713354599,-0.28974813817744993,-0.12167681842759706,-0.2765190352213577,-0.05049452498367968,-0.226024510237678,-0.35580411898004416,-0.37493749026100254,0.019133371280958378,-0.7825344967340557,0.6419271063716335,0.12488849651452599,0.9074229932485818,0.5693973044094199,0.393229844293314,-0.06853249340179998,-0.63792979781122,1.0777672533900873,0.46864315237094767,0.6091241010191396,0.06623626131121155,0.12358736490065762,-0.057351103589446076,True,False
PhysionetMI,103,0,-0.7955787893185997,0.009647208957196098,0.1175608730233398,0.9131396623419396,-0.009763674129922338,-0.30071899888070186,0.25782566007146607,0.2675893342013884,1.2350453535023407,0.748656969135208,0.4863883843671327,-0.39867788723332565,-0.49922930235711105,0.1005514151237854,0.06585743079475433,0.015026578058985628,-0.22570102938561257,-0.2915584601803669,-0.140643612154249,-0.21884956107976944,-0.08434213294461389,0.056301479209635116,0.04887054012230407,0.40956001719562296,-0.3606894770733189,-0.147871660609329,-0.2161187498983964,0.06824708928906742,True,True
PhysionetMI,104,0,-0.42702190912457694,0.004133263804490103,0.25856856425882263,0.6855904733833995,0.7405317171177831,0.14670720451262084,0.2099493570003515,-0.5305823601174315,0.3772684936152543,0.18777562846881635,0.18949286514643793,0.6620577718610523,0.5627075212097787,0.09935025065127356,-0.3022243918666113,-0.11276727464653412,-0.5101518213313317,-0.20792742946472043,0.14724106739821682,-0.09530924008592777,0.0569028731339156,-0.09033819426430123,-0.23866864026237372,-0.15676446855870485,-0.08190417170366887,-0.13853908658596714,-0.09576076278909944,-0.042778323796867704,True,False
PhysionetMI,105,0,-0.10447029462774633,0.5471461632345664,0.320515822733951,0.42498611736169734,0.38480616363106557,-0.47798915411849346,0.6892322955211002,0.30442613189003465,-0.72192553493997,-1.20656853764255,0.4846430027025799,0.4594481026879673,0.25673197209099413,0.2027161305969732,0.2907417727319622,-0.8504626346950611,-0.6491918704816676,-0.9399336432136298,0.496753847423889,-0.7199607979691265,-0.012451717852869682,-0.5092055652767586,-0.8233085681546893,-0.36382321823770003,-0.4594853499169893,-0.6552329584220251,-0.35884113397904127,-0.29639182444298384,True,True
PhysionetMI,106,0,-0.5852676821050841,0.5324924947384007,-0.38592848890385295,0.1993391932012311,0.28172324828987105,0.10909766234868036,0.2098926990514596,-0.07183054923841145,0.27364930965322004,0.3784186871978063,-0.10476937754458626,0.2400849982073818,0.2313743706357104,0.008710627571671403,0.7150371802047086,-0.10521480521799342,0.2167138532363833,-0.4983233269683253,-0.6024305281268088,0.18429520848015823,0.9180439352035373,1.5204744633303462,0.3424266141671123,0.32620698644068985,0.016219627726422436,-0.12077240026005691,-0.8130011054148594,0.6922287051548025,True,True
PhysionetMI,107,0,-0.2710194356772971,0.21317260144482844,0.2526417217708546,0.5236611574481517,0.06973008629170144,-0.33833726136366576,0.23152367382977374,0.1617935875380723,-0.3368312560603005,-0.5554256073724813,0.21859435131218075,0.28066484268019387,0.04931115037532918,0.2313536923048647,-0.1590951801261408,0.4580616453647402,0.044491839279881165,0.20358701940602197,0.10953483154440037,-0.5572950674088986,-0.05796999910385396,-0.16750483064825433,1.589951925446444,1.3274310032809071,0.2625209221655369,1.0560541985168301,1.2055018169547027,-0.14944761843787258,True,True
PhysionetMI,108,0,-0.9558580131034559,0.2574643161807722,0.3150975459980236,1.2709555591014794,-0.7809473119925235,-0.08887845483591666,-0.20134258512816577,0.5796047268643578,0.8016672596571164,0.11662968412867003,0.6850375755284464,0.7499836671733958,0.7364939477168357,0.013489719456560079,-0.2216854526335749,-0.4867683950163143,-0.8543967995514125,-0.6327113469178376,0.06820670449739154,0.4559638795258496,0.5826245537309553,0.5144178492335638,-0.00968276738540974,0.4543431457380877,-0.46402591312349745,-0.13569586027987057,-0.34385843958192885,0.20816257930205828,True,True
PhysionetMI,109,0,-0.9741332173456274,-0.06278338431577322,0.46848236252568176,1.4426155798713092,-0.6071277376083848,-0.7958928343872161,0.9411383940677578,1.5482661316761426,0.6194171988451416,-0.3365726865707489,0.9559898854158905,0.19201181917769664,-0.7254792076720792,0.9174910268497758,-0.16861061250160775,0.7613806140050925,0.5390439381991935,0.7076545507008012,0.38626075781345587,0.2016981327558517,0.31454405523693935,-0.07171670257651652,0.5378155658585471,-0.15645616783056393,0.694271733689111,-0.05409425322687627,-0.023856002935323414,-0.030238250291552856,True,True
