dataset,subject,session,task,stage,n_trials,mu_ERD_CV_contra,beta_ERD_CV_contra,mu_onset_latency_mean,mu_onset_latency_SD,beta_onset_latency_mean,beta_onset_latency_SD
PhysionetMI,1,0,T1,early,7,0.4218844932310178,1.7063672196607729,0.7830357142857143,0.5450130474940719,0.6705357142857143,0.1478534764900849
PhysionetMI,1,0,T1,mid,8,0.7753661974163245,1.5670234592627232,1.2234374999999995,0.6852359738394869,0.7390625,0.4663035115069905
PhysionetMI,1,0,T1,late,8,2.6262699373421974,3.0049954757935264,1.1357142857142857,0.6776709250462655,0.85078125,0.3500200538339732
PhysionetMI,1,0,T2,early,7,1.361918542103469,0.7674400609353192,0.6910714285714284,0.2878463973534977,0.8321428571428572,0.2970545241300365
PhysionetMI,1,0,T2,mid,7,1.0400450637113303,3.2188516674049685,0.7383928571428572,0.2328115369450016,0.6208333333333333,0.1130580295934594
PhysionetMI,1,0,T2,late,8,19.000399185678027,5.073498270003584,0.628125,0.1671217744640117,0.84296875,0.5207551373591408
PhysionetMI,2,0,T1,early,7,1.3549147168147075,1.9528202681951885,0.7741071428571429,0.2442286639731758,0.5830357142857142,0.0695741419242077
PhysionetMI,2,0,T1,mid,8,6.759643548847817,0.8094044584830379,0.53203125,0.0388352766301142,0.60546875,0.1331865138102859
PhysionetMI,2,0,T1,late,8,10.918218056470536,1.034408635597203,0.9517857142857142,0.4157033933280912,0.5946428571428573,0.0924872440184182
PhysionetMI,2,0,T2,early,7,1.899626869315284,5.659944522554451,0.8324999999999999,0.3652781474438349,0.59375,0.1156310326611576
PhysionetMI,2,0,T2,mid,7,2.109872041953786,51.9069348812974,0.6553571428571427,0.1967772878672946,0.5839285714285715,0.1142647860302141
PhysionetMI,2,0,T2,late,8,1.8878858588463203,1.9652560119215257,0.71875,0.231355550235995,0.67734375,0.3275879160980109
PhysionetMI,3,0,T1,early,7,1.19407238187377,1.0183843185418069,0.9660714285714284,0.679990292922912,0.7741071428571429,0.166047425300664
PhysionetMI,3,0,T1,mid,8,1.753910710609559,3.656833107787059,0.84609375,0.3139643425588923,0.90625,0.4298664400136396
PhysionetMI,3,0,T1,late,8,2.3604457794596594,7.947062943770633,1.00390625,0.489638114732133,0.6901785714285714,0.1557978150799089
PhysionetMI,3,0,T2,early,7,3.635805483888455,4.368251834735866,0.6330357142857144,0.1548225613733479,0.5883928571428572,0.1023402812350313
PhysionetMI,3,0,T2,mid,7,1.2571228999897894,12.458020346395164,0.7910714285714285,0.3363382309703208,0.6857142857142858,0.1763251576618884
PhysionetMI,3,0,T2,late,8,10.11365415786345,4.386851968307795,0.6125,0.1292632367496652,1.07890625,0.6040548006169949
PhysionetMI,4,0,T1,early,7,4.4154113556151735,0.98072444451986,0.6517857142857143,0.2099296833198571,0.7098214285714286,0.2178644612353923
PhysionetMI,4,0,T1,mid,8,1.6456818403210096,0.5248256965541406,0.82421875,0.3447349171260978,0.61640625,0.1934962425951406
PhysionetMI,4,0,T1,late,8,63.069361584267895,1.5566386869776725,0.8265625,0.343874267311106,0.93671875,0.4652309311900247
PhysionetMI,4,0,T2,early,7,1.2429650489145734,3.091435904049471,1.0526785714285714,0.650788130904775,0.8169642857142858,0.4122796257346685
PhysionetMI,4,0,T2,mid,7,4.191840169048505,5.523079495732651,0.8541666666666666,0.4656098524754627,0.6473214285714286,0.1466081216254086
PhysionetMI,4,0,T2,late,8,10.38965572929242,8.120464115138045,0.6,0.094727051499106,0.59609375,0.1477678149951385
PhysionetMI,5,0,T1,early,7,1.2280956170693371,3.357754713997789,0.7723214285714286,0.1913549298650898,0.7866071428571428,0.3990142509346998
PhysionetMI,5,0,T1,mid,7,2.189113906053136,2.314564717922645,0.7571428571428571,0.354663267287811,0.6848214285714285,0.3000903350387571
PhysionetMI,5,0,T1,late,7,3.673957585628584,21.45263462209759,0.7162499999999999,0.228432156230247,0.6544642857142857,0.2494796881429796
PhysionetMI,5,0,T2,early,8,96.48010714758556,1.5318898838926254,0.8171875,0.4505936838979769,0.6078125,0.0845339937170248
PhysionetMI,5,0,T2,mid,8,1.2154964845786418,2.507429947080744,0.7250000000000001,0.2859844565269238,0.7359375,0.2298468834762612
PhysionetMI,5,0,T2,late,8,7.224530770509282,2.755230703432934,0.96171875,0.3271329870418718,0.6734375,0.1897199313297103
PhysionetMI,6,0,T1,early,8,9.639652447213836,1.1144304100959466,0.86171875,0.2471603868663777,0.78046875,0.3391659908303565
PhysionetMI,6,0,T1,mid,8,0.7566275259552447,2.253858672076106,0.915625,0.3437215897350645,0.7671875,0.343433803437795
PhysionetMI,6,0,T1,late,8,12.41476293467458,2.6795015206586767,0.58125,0.0930179754133575,0.71171875,0.1888347672859463
PhysionetMI,6,0,T2,early,7,0.7274946988298323,3.2852876036194423,0.7205357142857142,0.4119817399856851,0.5741071428571428,0.1445987587097765
PhysionetMI,6,0,T2,mid,7,1.5096304036631,3.843853744495424,0.6642857142857144,0.1975778069417675,0.5517857142857142,0.1074623213512721
PhysionetMI,6,0,T2,late,7,0.8292308484954486,1.9293616264674989,0.5517857142857142,0.0717070464473616,0.6678571428571429,0.1701964651063408
PhysionetMI,7,0,T1,early,7,24.866812793727373,2.2583693647415144,0.8107142857142857,0.4797892288095186,0.6598214285714287,0.1266347189392243
PhysionetMI,7,0,T1,mid,8,2.931020066059013,4.164597542221376,0.87890625,0.797211555766998,0.6203125,0.1595204605802967
PhysionetMI,7,0,T1,late,8,1.8674374961782187,3.2376617527815257,1.003125,0.5173267372995524,0.6304687500000001,0.1099288432848153
PhysionetMI,7,0,T2,early,7,2.924340235307768,244.737547406766,0.7687499999999999,0.2279812413962416,0.6446428571428572,0.2152248764640825
PhysionetMI,7,0,T2,mid,7,2.3195493381945003,1.8430228392617585,1.0758928571428572,0.7045169046073707,0.6687500000000001,0.0673145600891813
PhysionetMI,7,0,T2,late,8,1.3420752208269515,4.710885122826078,0.74609375,0.1539815805492251,0.675,0.127437178150648
PhysionetMI,8,0,T1,early,7,0.647928299365152,0.4366711301543513,0.6517857142857143,0.1187130715942728,0.6276785714285714,0.1418491222016821
PhysionetMI,8,0,T1,mid,7,1.174434114619182,1.706180930065559,0.6875,0.1754458605952274,0.6017857142857144,0.1216384740423314
PhysionetMI,8,0,T1,late,8,17.22277070550443,2.141574466616783,0.821875,0.3251502056742391,0.54375,0.0395284707521047
PhysionetMI,8,0,T2,early,7,1.9343611989967515,6.763795070009495,0.55625,0.075519037334966,0.5482142857142858,0.0480320630582598
PhysionetMI,8,0,T2,mid,8,4.110601409662075,2.657134993937728,0.74140625,0.2646477888599062,0.68515625,0.2019179883602189
PhysionetMI,8,0,T2,late,8,18.414331914710782,1.2482189723160773,0.93515625,0.5403985933072342,0.8366071428571429,0.4420733992292709
PhysionetMI,9,0,T1,early,8,1.530598397661027,3.589639546465495,0.55859375,0.0653967384388357,0.7234375,0.2144157668963502
PhysionetMI,9,0,T1,mid,8,21.62817864756136,1.1202637746923536,0.8570312499999999,0.5509086732035877,0.66171875,0.1541875601692221
PhysionetMI,9,0,T1,late,8,5.468217292210429,3.411333357496713,0.71015625,0.2006565760782275,0.72578125,0.1500142408604513
PhysionetMI,9,0,T2,early,7,0.94474285947352,139.94866604096032,0.6866071428571429,0.362152366739048,0.575,0.0769537198581069
PhysionetMI,9,0,T2,mid,7,3.526448685520533,5.321452982802074,1.0330357142857145,0.6256310589626889,0.7232142857142857,0.0902448483463805
PhysionetMI,9,0,T2,late,7,2.554166146420435,30.799225477124963,0.599107142857143,0.1225395604592697,0.6401785714285715,0.1107430838122403
PhysionetMI,10,0,T1,early,8,1.4477681816627117,2.07583236327154,0.6242187499999999,0.122332374950123,0.6160714285714286,0.0960060186251096
PhysionetMI,10,0,T1,mid,8,2.463133609355689,28.501572807726088,0.80078125,0.4121736102189677,0.56328125,0.0672737455173821
PhysionetMI,10,0,T1,late,8,1.7388263378249442,2.0945268405195225,0.71015625,0.3808263206810127,0.83125,0.7399456272254064
PhysionetMI,10,0,T2,early,7,1.9766846682849908,1.7275111891899069,0.8714285714285712,0.629562429025761,0.5919642857142857,0.1692523701338281
PhysionetMI,10,0,T2,mid,7,17.423082221287416,1.4446487817233349,0.875,0.6070456855012761,1.0580357142857142,0.7287902332507157
PhysionetMI,10,0,T2,late,7,2.874549573969002,2.41845930573485,0.6410714285714286,0.2796453657979064,0.9866071428571428,0.6163456946439412
PhysionetMI,11,0,T1,early,7,0.4517621728793223,4.15662954383732,0.7419642857142856,0.3707002646674127,0.6151785714285715,0.082297990155735
PhysionetMI,11,0,T1,mid,8,0.7804691022767002,7.03076143273772,0.75,0.5464551960133602,0.8585937499999999,0.5803667474308272
PhysionetMI,11,0,T1,late,8,1.4266941237909818,23.397496467275104,0.98203125,0.5280735690563745,0.7953125,0.5253323910570811
PhysionetMI,11,0,T2,early,7,0.9526832767533662,1.8622048615458555,0.5946428571428571,0.2066535168353255,0.6035714285714285,0.0781951215921832
PhysionetMI,11,0,T2,mid,7,3.491861024258117,19.21374874014098,0.7241071428571428,0.2034695860539839,0.61875,0.1747393892820581
PhysionetMI,11,0,T2,late,8,6.915230653390218,2.255479388690233,0.6484375,0.1650269272535546,0.8140625,0.6548329194105548
PhysionetMI,12,0,T1,early,7,12.69751970699428,5.962305759997087,1.0428571428571427,0.4661706243645219,0.8249999999999998,0.2091338785722358
PhysionetMI,12,0,T1,mid,7,1.0836980636294915,2.462859303164114,0.7919642857142859,0.3990182467312614,0.6848214285714285,0.1659273568616761
PhysionetMI,12,0,T1,late,7,0.5301658329470819,11.886874153290828,0.5723214285714285,0.1525767204138459,0.6232142857142857,0.1535558546920438
PhysionetMI,12,0,T2,early,8,5.319670237225537,0.948304463600966,1.2796875,0.7408342926854493,0.6125,0.1139232883347386
PhysionetMI,12,0,T2,mid,8,10.62817221376075,3.120288414637179,1.1046875,0.6636248557873266,0.6812499999999999,0.1705631756124398
PhysionetMI,12,0,T2,late,8,9.60448872750694,1.3136952610479489,0.8953125,0.4245948206452241,0.6734374999999999,0.1409977698183556
PhysionetMI,13,0,T1,early,7,0.7275635463716172,2.596427807188393,0.7205357142857142,0.3290563192289274,0.7973214285714285,0.3856357393569581
PhysionetMI,13,0,T1,mid,8,1.186297000231454,1.968722213910784,0.6703125,0.3330251667948685,0.80625,0.3038490064982935
PhysionetMI,13,0,T1,late,8,1.5192085462488023,2031.3985484072589,0.65234375,0.2001693009016055,0.63671875,0.1590817614811248
PhysionetMI,13,0,T2,early,7,1.5992980727059227,1.2125912447489111,0.8098214285714286,0.3941941534475681,0.650892857142857,0.1585871131239218
PhysionetMI,13,0,T2,mid,7,4.701441117114425,2.216128412668225,0.7830357142857142,0.1847933898676451,0.5446428571428571,0.0365090148218944
PhysionetMI,13,0,T2,late,8,3.875343641042917,16.78333440195386,0.7546875,0.380079530123302,0.8070312500000001,0.3856740940689917
PhysionetMI,14,0,T1,early,7,2.060028669572581,0.9968552809178836,0.8044642857142856,0.267630856797575,0.6458333333333334,0.0976058897926873
PhysionetMI,14,0,T1,mid,7,1.783659539132376,2.119799487203832,0.5366071428571428,0.0491477105161531,0.7571428571428572,0.3019732088738188
PhysionetMI,14,0,T1,late,8,1.9546157450366213,2.2958632220342827,0.7945312500000001,0.3400717625898062,0.71875,0.2554293260864931
PhysionetMI,14,0,T2,early,7,1.3131101356111785,3.706298626912798,0.6616071428571428,0.2060585846455382,0.9017857142857144,0.3986544652365771
PhysionetMI,14,0,T2,mid,8,4.779574074877844,6.240481449039412,0.8656250000000001,0.5301090689660006,0.5406249999999999,0.0607569440475736
PhysionetMI,14,0,T2,late,8,3.478903709655756,3.3541931121588564,0.7401785714285714,0.2157021638032121,0.8039062499999999,0.4179556072700036
PhysionetMI,15,0,T1,early,7,7.770321111260396,1.5476596076944742,0.8479166666666665,0.6761146917416372,0.7651785714285714,0.3863297008451486
PhysionetMI,15,0,T1,mid,8,5.291831342460379,6.136459210547232,0.640625,0.1902403906903053,0.7508928571428573,0.3455137959087384
PhysionetMI,15,0,T1,late,8,1.9628697657427236,1.472084842559628,0.7453125,0.2833558316741514,0.52421875,0.0265969445789831
PhysionetMI,15,0,T2,early,7,6.018300745718797,2.0281290966805736,0.7794642857142856,0.5000302924497144,0.7026785714285714,0.1206315756376261
PhysionetMI,15,0,T2,mid,7,2.748387532845016,3.513494139481553,0.8239583333333332,0.4262606405481927,0.7776785714285713,0.4393945858119058
PhysionetMI,15,0,T2,late,8,7.346893067260154,3.168272033490069,0.6890625000000001,0.2466523917251767,0.81015625,0.5044425440755741
PhysionetMI,16,0,T1,early,7,26.43608279388641,19.571101028076157,0.8142857142857142,0.3832822633091009,0.7026785714285715,0.2819308652047555
PhysionetMI,16,0,T1,mid,7,1.5932874528993186,2.180643413691599,0.6875,0.1811114002091373,0.6294642857142857,0.0783275435695046
PhysionetMI,16,0,T1,late,8,7.465356348659768,8.742105157499704,0.86953125,0.25440335952172,0.64453125,0.1735834830447226
PhysionetMI,16,0,T2,early,7,3.904022304746784,1.8282853389038556,0.9010416666666666,0.5019158174905651,1.0412499999999998,0.7698782371258457
PhysionetMI,16,0,T2,mid,8,6.192346256801055,1.4333707506544944,0.6265625000000001,0.1691185212173699,0.671875,0.2016775350032819
PhysionetMI,16,0,T2,late,8,1.8130050400664155,1.2422174512330342,0.6796875,0.2031430280461281,0.6080357142857143,0.0757193394539792
PhysionetMI,17,0,T1,early,7,49.33496312887831,1.2451091855280478,0.8133928571428571,0.5148295116059376,0.6964285714285714,0.37250445141841
PhysionetMI,17,0,T1,mid,8,7.081819505407564,6.0797091454128855,0.67734375,0.2477227828610794,0.61171875,0.0830590375030767
PhysionetMI,17,0,T1,late,8,3.0324578061929803,3.458162447235116,0.6866071428571429,0.3296275727767535,0.69765625,0.1664759243807869
PhysionetMI,17,0,T2,early,7,18.65193584488637,5.733664903295078,0.6169642857142856,0.0712385866261382,0.5696428571428571,0.0398698456460109
PhysionetMI,17,0,T2,mid,7,0.5758104951977177,3.466604411297105,0.72,0.2166290031366991,0.8580357142857142,0.669085482321251
PhysionetMI,17,0,T2,late,8,6.341534753943053,6.1589194302118,0.6276785714285714,0.111396229280704,0.71875,0.2445841952609133
PhysionetMI,18,0,T1,early,7,1.0111635817078666,1.2779200026748838,0.8017857142857142,0.2917717254908679,0.786607142857143,0.2324997256965684
PhysionetMI,18,0,T1,mid,7,18.75751965988492,2.128687686113614,0.8714285714285716,0.6219107324879298,0.7125,0.2630521404045756
PhysionetMI,18,0,T1,late,8,8.629423333823556,0.8954016825288985,0.6273437500000001,0.2504281002572145,0.6734375,0.1788567753643959
PhysionetMI,18,0,T2,early,7,1.1785620151890566,2.258277620268725,0.8160714285714287,0.3305646066711823,1.00625,0.4616123238172915
PhysionetMI,18,0,T2,mid,8,2.246681893510159,2.903857019298472,0.9383928571428573,0.3627989618710255,0.85625,0.4337788174865158
PhysionetMI,18,0,T2,late,8,25.20357690855623,0.7637265130494,0.87421875,0.3774973807338767,0.99375,0.607617658359268
PhysionetMI,19,0,T1,early,7,0.5140569292789544,1.557961211909714,0.7205357142857143,0.2692108649291821,0.5491071428571429,0.0694709416568818
PhysionetMI,19,0,T1,mid,8,8.255096492472216,7.052547936207993,0.9203125,0.6140108120739813,0.7890625,0.3050478638160739
PhysionetMI,19,0,T1,late,8,1.1455341359887197,1.1407031067842572,0.6171875,0.0955427546638152,0.7982142857142858,0.2877078884591673
PhysionetMI,19,0,T2,early,7,2.625324089502421,1.7344469636908848,0.7258928571428571,0.2931781776966884,0.5598214285714286,0.0943053280465064
PhysionetMI,19,0,T2,mid,7,6.786509846014207,121.21805959435903,0.5364583333333334,0.0599931274999247,0.5580357142857143,0.0536309193488614
PhysionetMI,19,0,T2,late,8,2.283785759896642,1.2989109268314567,1.1375,0.798876163745045,0.5734375,0.0602525608895588
PhysionetMI,20,0,T1,early,7,2.5141020959599327,1.8979925125359327,0.5875,0.076837607049822,0.771875,0.4811789720311975
PhysionetMI,20,0,T1,mid,8,3.298118469110338,5.953663988062991,0.90390625,0.478818303507121,0.66328125,0.2187374438360691
PhysionetMI,20,0,T1,late,8,1.8993353611480537,1.700089326850762,0.7203124999999999,0.2201240328627249,0.56875,0.1045358042729858
PhysionetMI,20,0,T2,early,7,2.511447834717109,3.38984809707091,0.6633928571428572,0.1380439149291977,0.5875,0.0633689592781828
PhysionetMI,20,0,T2,mid,7,1.7731878154620648,0.5781017625958893,1.0830357142857143,0.6006666152309958,0.7553571428571428,0.1838765529769738
PhysionetMI,20,0,T2,late,8,9.601620145450882,3.3300179378322623,0.8328125,0.3472513442648567,0.73046875,0.382980670969094
PhysionetMI,21,0,T1,early,8,1.9484154740134088,3.806298338142837,0.69375,0.1313562495114499,0.9464285714285714,0.6963621763222388
PhysionetMI,21,0,T1,mid,8,34.80116552304816,0.8843276276946336,0.74765625,0.1489198577203104,0.6812499999999998,0.1813269541069785
PhysionetMI,21,0,T1,late,8,0.7764544295392862,1.2762996703831309,1.0953125,0.5266134990139828,0.828125,0.5358623307343034
PhysionetMI,21,0,T2,early,7,0.5534081751998945,0.9177240049306442,1.15625,0.8853406830141717,1.1080357142857142,0.5320080126372196
PhysionetMI,21,0,T2,mid,7,4.261453223534079,1.6069317852019276,0.7510416666666666,0.1887947196839878,0.5723214285714285,0.078763968634789
PhysionetMI,21,0,T2,late,7,1.2706155893157016,1.0616118237116985,0.6541666666666667,0.0937962848707535,0.6749999999999999,0.15
PhysionetMI,22,0,T1,early,7,11.246999656843624,2.8136656721994493,0.7928571428571429,0.1876912290145163,0.73125,0.1140762589548888
PhysionetMI,22,0,T1,mid,7,123.4406045070507,3.903157511495048,1.155357142857143,0.3173275081819721,0.6892857142857142,0.1569347241787528
PhysionetMI,22,0,T1,late,8,4.033719503682784,3.96849943017497,0.60234375,0.1629182567990386,0.72265625,0.3621622551059642
PhysionetMI,22,0,T2,early,7,5.053382161247354,4.637391646050369,0.7697916666666668,0.231008225713333,0.6366071428571428,0.2035792605009716
PhysionetMI,22,0,T2,mid,8,17.719678645522738,6.093031267356496,0.71328125,0.250866418559634,0.91953125,0.5590470188954928
PhysionetMI,22,0,T2,late,8,0.8861697767786496,31.392835823333638,0.565625,0.0992156741649221,0.6203125,0.1159097001710814
PhysionetMI,23,0,T1,early,7,8.444415717827564,9.048741264467647,0.8785714285714287,0.4481093360339822,0.75625,0.3800258449857626
PhysionetMI,23,0,T1,mid,7,2.8764242667388404,1.0027716379919864,1.1160714285714286,0.5712792773723742,0.6169642857142856,0.1481551086682123
PhysionetMI,23,0,T1,late,8,15.80142322934121,2.958032943965092,0.815625,0.5788508956328908,0.83046875,0.6442764647928229
PhysionetMI,23,0,T2,early,7,14.674171095104148,1.7007460122283262,0.95,0.5277563696577102,0.5955357142857143,0.1110880786785413
PhysionetMI,23,0,T2,mid,8,2.872773870997366,6.250250863367295,0.95234375,0.4754103644730912,0.72734375,0.1344453849094029
PhysionetMI,23,0,T2,late,8,3.155882164834485,3.897918676366832,1.1160714285714286,0.8132953328707769,0.6820312500000001,0.2818645629303859
PhysionetMI,24,0,T1,early,7,0.8473358190434703,132.07232150987926,0.8294642857142858,0.3556576260095873,0.6124999999999999,0.1927248223318863
PhysionetMI,24,0,T1,mid,7,7.868084261844013,4.740402150611866,0.6410714285714285,0.1639991678052554,0.6419642857142858,0.1538825751629323
PhysionetMI,24,0,T1,late,8,8.418288168858838,8.422153182005584,0.87109375,0.4248958684471261,0.7,0.2518098550990409
PhysionetMI,24,0,T2,early,7,1.893988595762196,1.239654644920691,0.9178571428571428,0.4228995966864369,0.621875,0.1021736420266988
PhysionetMI,24,0,T2,mid,8,10.196323918951096,10.93785630205828,0.621875,0.2140111708532991,0.66875,0.2803457686500725
PhysionetMI,24,0,T2,late,8,4.267220643473987,3.0725379610933805,1.0484375,0.654982033985475,0.5821428571428572,0.0616394842646186
PhysionetMI,25,0,T1,early,7,1.4578316543279155,1.4486249802498534,0.9705357142857142,0.6785350084211287,0.6116071428571429,0.1216253657418415
PhysionetMI,25,0,T1,mid,7,1.787619854616229,1.6908615633381647,0.7116071428571429,0.2895584032238592,0.5964285714285715,0.0688600695880672
PhysionetMI,25,0,T1,late,8,2.800523758319692,1.045454172655366,1.24609375,0.8101826177001316,0.69375,0.3801212799883742
PhysionetMI,25,0,T2,early,7,9.309412813157218,1.182854371971986,0.6169642857142857,0.1078769494585835,0.8330357142857141,0.6796607797351588
PhysionetMI,25,0,T2,mid,8,1.0063709948462871,0.6197145716569031,0.6343749999999999,0.2595067436503337,0.6982142857142858,0.1777436169524716
PhysionetMI,25,0,T2,late,8,1.7296747253568117,1.0769423668187037,0.6625000000000001,0.2489234633878454,0.60859375,0.0998014386090576
PhysionetMI,26,0,T1,early,8,2.2637851609999946,2.5996605372733166,0.67890625,0.1380648023517851,0.6703125000000001,0.1138697000687628
PhysionetMI,26,0,T1,mid,8,2.1568836786373957,1.7959346519894628,0.66328125,0.1656968446770713,0.7710937499999999,0.2237582378895523
PhysionetMI,26,0,T1,late,8,1.6318922998126328,1.70078068079139,0.934375,0.545909862637597,0.875,0.6015975755080324
PhysionetMI,26,0,T2,early,7,1.7964441852231026,0.6692023596092233,1.1008928571428571,0.7129026789063405,0.8232142857142858,0.3376440546686128
PhysionetMI,26,0,T2,mid,7,1.5100302434539965,3.820054595547219,0.6677083333333332,0.1411640901476796,0.6857142857142858,0.1585971665083894
PhysionetMI,26,0,T2,late,7,2.9462033701131767,0.923521785782872,1.0276785714285717,0.5146173286024861,0.66875,0.1045825033167594
PhysionetMI,27,0,T1,early,7,20.394250252492483,4.238875030369521,1.0322916666666666,0.5041677427674466,0.7598214285714286,0.1764562225295207
PhysionetMI,27,0,T1,mid,8,3.996489964897812,48.68840319315862,0.89453125,0.5386836304464221,0.60078125,0.1200357002559551
PhysionetMI,27,0,T1,late,8,14.06475344104699,3.3465969949258114,1.0328125,0.6053533156089508,0.7492187499999999,0.1576015762482644
PhysionetMI,27,0,T2,early,7,3.382198597942692,8.133219671255384,0.9160714285714284,0.4614231810830664,0.6321428571428571,0.1047652867419473
PhysionetMI,27,0,T2,mid,7,4.986468341541229,3.1195588165090133,0.7089285714285715,0.2667357478548263,0.6455357142857142,0.1436806620706531
PhysionetMI,27,0,T2,late,8,2.154284634416393,1.3044701983586224,0.8148437500000001,0.3261538636494093,0.6359375,0.1263501304659001
PhysionetMI,28,0,T1,early,7,8.0149832215952,3.880113879664834,0.8401785714285713,0.2620714431725262,0.8526785714285714,0.3476781587054561
PhysionetMI,28,0,T1,mid,7,19.60895236061114,4.735961377739566,0.7633928571428571,0.4551592707335465,0.5446428571428571,0.0502703152152116
PhysionetMI,28,0,T1,late,8,3.821850527304759,2.433227929016244,1.0580357142857142,0.5955725250992201,0.84765625,0.4238949040132913
PhysionetMI,28,0,T2,early,7,1.3016008144681086,6.101099558905014,0.6,0.102761353792821,0.72875,0.2971373840498701
PhysionetMI,28,0,T2,mid,8,74.8338737126657,3.391164977758504,0.7078125000000001,0.1804061715095966,0.6580357142857143,0.1226890981135584
PhysionetMI,28,0,T2,late,8,5.14644164448877,2.756729675499084,0.9453125,0.3929400151024962,0.5714285714285714,0.0545739528212004
PhysionetMI,29,0,T1,early,7,0.9291101577092288,0.8409358754370944,0.5473214285714285,0.0638127442328772,0.78125,0.3669827506650882
PhysionetMI,29,0,T1,mid,8,3.0283874399860164,1.3879485142441288,0.6515625,0.1978584069953814,0.7242187499999999,0.2820204291552963
PhysionetMI,29,0,T1,late,8,1.941650852794176,1.959890041443125,0.6169642857142856,0.1490563429289305,0.61796875,0.1535846894580885
PhysionetMI,29,0,T2,early,7,0.9998852311439026,2.8815776850585264,0.6625,0.2477765710608383,0.5794642857142857,0.0943560343830207
PhysionetMI,29,0,T2,mid,7,2.0350640516340874,1.3751968869379396,0.7598214285714285,0.2542684083196097,0.5526785714285714,0.0815487052412888
PhysionetMI,29,0,T2,late,8,0.6367608451275826,0.5800129717868006,0.5187499999999999,0.0343749999999999,0.57109375,0.094214344838976
PhysionetMI,30,0,T1,early,8,64.20320109131808,3.5029390086890326,0.8031250000000001,0.3302313346352826,0.87578125,0.5423602705637071
PhysionetMI,30,0,T1,mid,8,22.263908221683835,22.240750801907613,0.55234375,0.0515328987001264,0.66484375,0.260819350122719
PhysionetMI,30,0,T1,late,8,3.319678230265696,7.802079297157768,0.53125,0.0494388149996683,1.028125,0.8608963805969914
PhysionetMI,30,0,T2,early,7,7.156591300685162,61.33486374453032,0.6464285714285715,0.1716795038460221,0.6104166666666667,0.1532064692570852
PhysionetMI,30,0,T2,mid,7,2.9020015524599545,1.6224854872148802,0.91875,0.6762389423442406,0.6785714285714286,0.1710281782487963
PhysionetMI,30,0,T2,late,7,2.944341460785533,9.835448002535257,1.161607142857143,0.7737347720304288,0.7833333333333333,0.1953118055543209
PhysionetMI,31,0,T1,early,7,3.1381247514800887,7.178761582194958,0.7473214285714286,0.5434046228950151,0.8080357142857143,0.5162505867961283
PhysionetMI,31,0,T1,mid,7,2.889994142762927,4.064309540515888,0.5696428571428572,0.1393715394921365,1.1303571428571428,0.7347058796496981
PhysionetMI,31,0,T1,late,8,4.452423211792571,4.233669181056639,0.85703125,0.4427082567401895,0.65859375,0.1626182712626029
PhysionetMI,31,0,T2,early,7,1.5836822618148043,1.6698054102065472,0.83625,0.2737014797183237,0.6866071428571427,0.2780157002614002
PhysionetMI,31,0,T2,mid,8,3.32023371258394,9.649881316868894,0.89140625,0.4850694366773044,0.8223214285714286,0.469456100836111
PhysionetMI,31,0,T2,late,8,5.194083058924247,1.9331904316036683,0.60859375,0.1841613566235802,0.7089285714285714,0.1676337799599874
PhysionetMI,32,0,T1,early,7,7.537898806645833,3.308140605536733,1.094642857142857,0.5921871213853726,0.5864583333333334,0.1147016434663814
PhysionetMI,32,0,T1,mid,7,3.882862064507605,2.5535755163584994,1.1196428571428572,0.7978516673939244,0.6285714285714284,0.1666990827319498
PhysionetMI,32,0,T1,late,7,4.344598738361281,3.0819410100063656,1.0991071428571428,0.5973381110205098,0.6035714285714285,0.1075216518299681
PhysionetMI,32,0,T2,early,8,1.5796449777678103,19.16225307226748,0.72734375,0.2613616967411971,0.71484375,0.3274686515888773
PhysionetMI,32,0,T2,mid,8,8.400030136963501,0.6232354331051522,0.72890625,0.2721072553212014,0.6359375,0.1401641755005536
PhysionetMI,32,0,T2,late,8,2.4215254757175693,2.81532551268121,0.96875,0.4870490702947702,0.5695312499999999,0.1261446613453676
PhysionetMI,33,0,T1,early,7,2.785443266739389,1.6086313213876946,0.609375,0.1293890894099395,0.5991071428571428,0.1439799624664374
PhysionetMI,33,0,T1,mid,8,1.962707942766168,4.493860411930072,0.57109375,0.0846025577239689,0.79609375,0.3794905288982025
PhysionetMI,33,0,T1,late,8,1.4408725051210682,5.004373948769698,0.6796875,0.2124253085645635,0.67109375,0.1667689708801895
PhysionetMI,33,0,T2,early,7,1.1837144316609525,2.8841516701893477,0.6770833333333334,0.1914400834610023,0.5464285714285714,0.0814117307146776
PhysionetMI,33,0,T2,mid,7,1.3914891944276295,175.42347290375602,0.5419642857142858,0.0609370911812555,0.6526785714285713,0.2195230509490043
PhysionetMI,33,0,T2,late,8,1.150436529723674,1.9154398155515275,0.6375,0.2547977138829939,0.5508928571428572,0.0490340364919499
PhysionetMI,34,0,T1,early,7,1.133019341011431,0.5149194007753445,0.8598214285714285,0.5600727107497121,0.5604166666666667,0.0900424282707262
PhysionetMI,34,0,T1,mid,7,0.62382694512674,3.7544462528960274,0.68125,0.1984313483298443,0.6366071428571428,0.1804455229001093
PhysionetMI,34,0,T1,late,7,1.278139702704731,2684.174042569078,0.7848214285714287,0.209507744243403,0.6214285714285713,0.1347060764806707
PhysionetMI,34,0,T2,early,8,0.8423923148948449,1.1994008613618603,0.915625,0.5488357706317983,0.6473214285714286,0.1882679850204847
PhysionetMI,34,0,T2,mid,8,0.7720783796001951,3.8114393495071774,0.63046875,0.1911477846744175,0.6796875,0.1312406990752106
PhysionetMI,34,0,T2,late,8,1.067710378325824,2.24904892494522,0.6937500000000001,0.1742169983095794,0.7023437499999999,0.1585437113178491
PhysionetMI,35,0,T1,early,7,0.957873704726384,1.8504216975667156,0.6544642857142858,0.2222981198337778,0.6339285714285714,0.1139713869390748
PhysionetMI,35,0,T1,mid,7,2.4281681408475784,3.824121521380766,0.8098214285714287,0.4702637123823965,0.540625,0.0827387643429607
PhysionetMI,35,0,T1,late,8,0.984327210952927,2.332881419676386,0.6390625,0.1809736578724926,0.640625,0.1107943618827239
PhysionetMI,35,0,T2,early,7,3.7083158824185016,7.641581253769225,1.0357142857142856,0.6885034421089835,0.6044642857142856,0.1457245707154565
PhysionetMI,35,0,T2,mid,8,1.37356637196778,2.502268072083545,0.5640624999999999,0.1113548487662302,0.60390625,0.1243709759085193
PhysionetMI,35,0,T2,late,8,1.6168650508712952,3.0876764391863207,0.77421875,0.2641768890553023,0.7921875,0.2857923128667914
PhysionetMI,36,0,T1,early,7,5.956299434328201,3.965533531902624,0.9205357142857143,0.2362682883537963,0.6053571428571428,0.1181813721983878
PhysionetMI,36,0,T1,mid,8,1.9250083201635413,1.1414074481821102,1.1890625,0.5554747933918784,0.63671875,0.1461898079926829
PhysionetMI,36,0,T1,late,8,9.486236809457711,2.3993963717373474,1.4052083333333334,0.6359296085368953,0.7526785714285714,0.3905675978232036
PhysionetMI,36,0,T2,early,7,2.5473314311389093,49.88509658931313,0.8927083333333333,0.473853010275573,0.9196428571428572,0.6797323246420354
PhysionetMI,36,0,T2,mid,7,8.452287914558285,1.4999129239480369,0.7160714285714286,0.1647460553552103,0.5982142857142857,0.0811960181742118
PhysionetMI,36,0,T2,late,8,3.861694293496552,1.5037030213532885,0.8796875,0.6027666519630543,0.7375,0.2665058922894576
PhysionetMI,37,0,T1,early,7,12.81852386686594,6.718683337313287,0.9000000000000001,0.3640208245612957,0.7544642857142857,0.2529229635881331
PhysionetMI,37,0,T1,mid,8,2.0048368151088343,1.338248049683291,0.7258928571428572,0.3305404896621932,0.746875,0.3679679206466237
PhysionetMI,37,0,T1,late,8,3.0311312350357267,0.924836988931392,0.9109375,0.2982492861999002,0.671875,0.1070740106188238
PhysionetMI,37,0,T2,early,7,15.228752190066992,5.647132975269712,1.0044642857142858,0.6244793749964193,0.8142857142857142,0.3572232052475691
PhysionetMI,37,0,T2,mid,7,1.0486605834749738,2.408565281956694,0.8321428571428571,0.4536733575008813,0.7593749999999999,0.2285811649247009
PhysionetMI,37,0,T2,late,8,3.605810931069878,1.8525910041957916,0.58984375,0.0843134903110854,0.803125,0.2384438482116911
PhysionetMI,38,0,T1,early,7,1.3244945638227874,6.958256097879722,0.7205357142857143,0.2257110363690165,0.5892857142857143,0.0963458640015443
PhysionetMI,38,0,T1,mid,8,3.140940174055292,4.320443446992528,0.8892857142857142,0.3996750114729696,0.7468750000000001,0.2831532822518574
PhysionetMI,38,0,T1,late,8,2.935963263208559,3.624648227308511,0.828125,0.2222488048336818,0.76640625,0.3412685649139655
PhysionetMI,38,0,T2,early,7,1.2466506123152463,4.37623652063279,0.6651785714285714,0.1536700264879795,0.775892857142857,0.1889358289181265
PhysionetMI,38,0,T2,mid,7,1.445459911497038,5.772064337601536,1.111607142857143,0.6074907091756169,0.6714285714285715,0.1832511797996378
PhysionetMI,38,0,T2,late,8,3.723115246137589,7.426140996810495,0.70625,0.2488365786156506,0.6000000000000001,0.1150747039970123
PhysionetMI,39,0,T1,early,7,1.0185335560914457,1.0752614970461647,0.6526785714285713,0.1344987861260753,0.5883928571428572,0.0986192947963148
PhysionetMI,39,0,T1,mid,8,18.0852432809415,1.036430004014051,0.9151785714285714,0.4236303711096864,0.959375,0.3990100053570086
PhysionetMI,39,0,T1,late,8,1.7978230985372692,0.4309452546567628,0.965625,0.5602472250042833,0.73046875,0.2543841656057575
PhysionetMI,39,0,T2,early,7,0.6512666187711738,57.44683465083995,0.8571428571428571,0.4557473818031302,0.8973214285714286,0.7689993580979779
PhysionetMI,39,0,T2,mid,7,1.5054194307559263,1.40941829307761,0.9178571428571428,0.4354727082055047,0.6785714285714286,0.2957635612844718
PhysionetMI,39,0,T2,late,8,2.619298280447258,19.78178793633093,0.68671875,0.2874394892163174,0.6296875,0.1856878576233513
PhysionetMI,40,0,T1,early,7,7.542837941533205,4.5974377777756805,0.6607142857142857,0.1657543055124613,0.6785714285714286,0.1449621695900171
PhysionetMI,40,0,T1,mid,7,2.1802434455483497,2.294341714538972,0.5357142857142857,0.0653556791405182,0.6375000000000001,0.194540438322877
PhysionetMI,40,0,T1,late,7,0.9178721940394224,1.5666800903477478,0.7455357142857143,0.2727119565117924,0.6875,0.3326536970226803
PhysionetMI,40,0,T2,early,8,2.0484080536473965,1.0625625830012748,0.6226562499999999,0.1687481915412355,0.6742187500000001,0.1577254555737199
PhysionetMI,40,0,T2,mid,8,0.811619329352895,1.2454344847364984,0.9828125,0.652951158084393,0.73125,0.241758692966768
PhysionetMI,40,0,T2,late,8,3.008570724318494,3.1259860429908044,0.6953125,0.1752996875888545,0.9234375,0.4587447845411978
PhysionetMI,41,0,T1,early,8,127.20750168071278,4.70750189215356,0.6895833333333332,0.3078966502289724,0.7765625,0.2657490519150539
PhysionetMI,41,0,T1,mid,8,12.127479936806433,4.326550822804657,0.84921875,0.654875327322642,0.6544642857142857,0.159053923278252
PhysionetMI,41,0,T1,late,8,1.915708598609566,11.500554319422625,0.8648437499999999,0.4696755186013399,0.64453125,0.1507933932933983
PhysionetMI,41,0,T2,early,7,4.221081784326458,3.4270621177667784,0.6446428571428572,0.1636098286179903,0.9321428571428572,0.3378871551151904
PhysionetMI,41,0,T2,mid,7,3.53786345381225,2.0677676607191,0.9071428571428573,0.5972166521387667,0.6883928571428571,0.2127999084125934
PhysionetMI,41,0,T2,late,7,1.7238596400227617,1.7746044384579058,0.6455357142857142,0.1696804469632039,0.78125,0.3140852648110518
PhysionetMI,42,0,T1,early,7,5.513916257503369,1.33289020018346,0.7571428571428572,0.2820806893534586,0.7544642857142857,0.3357380310751287
PhysionetMI,42,0,T1,mid,7,3.877022220434668,0.6422751430593056,1.0214285714285716,0.5419650211809555,0.5857142857142856,0.1213169129484712
PhysionetMI,42,0,T1,late,8,21.146270564419574,1.6340612911773928,0.7234375,0.52799323430206,0.56640625,0.1093722097858386
PhysionetMI,42,0,T2,early,7,3.161747522838461,54.69779636704372,0.7517857142857143,0.3011643010459403,0.5375,0.0329027245940862
PhysionetMI,42,0,T2,mid,8,1.4801425624761828,7.442726364909229,1.05078125,0.4836530658291514,0.6553571428571429,0.2619984275151439
PhysionetMI,42,0,T2,late,8,3.302122101797476,8.066054094737584,0.85234375,0.4431877765388362,0.55703125,0.0360984845379622
PhysionetMI,43,0,T1,early,7,1.8074692923630853,2.796982760447148,0.5785714285714285,0.1270746205332656,0.6491071428571429,0.162617696780278
PhysionetMI,43,0,T1,mid,8,3.546267586489986,0.7415910287014246,0.8531249999999999,0.547651234820118,0.6625,0.255300942866593
PhysionetMI,43,0,T1,late,8,164.02097926958766,1.240557039173258,0.79375,0.2570680539759851,0.6617187499999999,0.3413472489063556
PhysionetMI,43,0,T2,early,7,1.8158267945546305,7.727755702786273,0.9142857142857144,0.6222144558603832,0.5803571428571429,0.096097314621955
PhysionetMI,43,0,T2,mid,7,0.769461254114967,24.947572066049947,0.7776785714285716,0.4556301702486527,0.5946428571428571,0.1064037003537921
PhysionetMI,43,0,T2,late,8,1.6974146548914335,4.118321117542999,0.86171875,0.4073355388508809,0.7093750000000001,0.2415162067543294
PhysionetMI,44,0,T1,early,7,6.552921529982936,5.219582128336119,0.7885416666666667,0.2748677870308236,0.6598214285714287,0.0860113898485163
PhysionetMI,44,0,T1,mid,7,2.7668448407996378,4.175366723297403,0.8375,0.1462197262113882,0.5875,0.1131430036975962
PhysionetMI,44,0,T1,late,8,2.2868383681219195,1.2111709830315391,0.571875,0.1342780658124525,0.69296875,0.2197841070481155
PhysionetMI,44,0,T2,early,7,1.6939632288104984,46.01683514038192,0.6169642857142856,0.2083286564100883,0.7205357142857143,0.2136971082668941
PhysionetMI,44,0,T2,mid,8,2.4987323453739365,3.738962653710836,0.76484375,0.4207500916796542,0.65859375,0.1658882783635947
PhysionetMI,44,0,T2,late,8,47.99623157721564,49.06952554797714,0.6919642857142857,0.215310051709963,0.75859375,0.3871840634936276
PhysionetMI,45,0,T1,early,7,53.90784965851653,12.734730788715604,0.8383928571428572,0.300639730323488,0.7517857142857143,0.1860573753947301
PhysionetMI,45,0,T1,mid,8,4.568611669474403,2.680108142314868,1.015625,0.794266564196177,0.6359375,0.1558040511146934
PhysionetMI,45,0,T1,late,8,3.3415298277113985,13.681978827662997,0.77578125,0.2778340736139783,0.6453125,0.1494700926397986
PhysionetMI,45,0,T2,early,7,2.2361274364728816,94.92457888528672,0.9071428571428573,0.4082085832622577,0.584375,0.1027455138923349
PhysionetMI,45,0,T2,mid,7,6.715078593743417,1.2521764053647613,0.8098214285714286,0.3297702315434868,0.7428571428571429,0.3243026269976101
PhysionetMI,45,0,T2,late,8,4.627344471137067,1.0093641262725122,0.8929687499999999,0.3995656516280365,0.5874999999999999,0.0880562675225335
PhysionetMI,46,0,T1,early,7,0.7520998504766695,1.093407812088151,0.5982142857142857,0.1156654989746779,0.6839285714285713,0.1903021898701845
PhysionetMI,46,0,T1,mid,8,0.4956945360441193,1.6383836038659003,0.575,0.1802775637731994,0.6071428571428571,0.1351433007392296
PhysionetMI,46,0,T1,late,8,1.1090775686941332,2.995885637637248,1.01640625,0.7498433267346168,0.7046875,0.1867105777500299
PhysionetMI,46,0,T2,early,7,1.5713859888602877,2.4189525773112144,0.7669642857142857,0.4394689658426127,0.7937500000000001,0.4145107916913279
PhysionetMI,46,0,T2,mid,7,0.5285118246518602,0.8122961078176418,0.6482142857142856,0.3107938116619231,0.7026785714285715,0.2159090298798859
PhysionetMI,46,0,T2,late,8,1.1765334948660229,5.669168384794319,0.684375,0.2387099115558463,0.5914062499999999,0.0932244383111933
PhysionetMI,47,0,T1,early,8,5.014957762568323,13.085816979728769,1.17890625,0.8617520392482036,0.9053571428571427,0.5116110383795845
PhysionetMI,47,0,T1,mid,8,5.5216578560872245,1.308709968273501,1.02421875,0.2710374581325199,1.3151785714285713,0.947876251287636
PhysionetMI,47,0,T1,late,8,4.125336873851899,0.7061795517615109,0.7984375,0.2972982180719387,0.73125,0.2013382958480576
PhysionetMI,47,0,T2,early,7,21.658830096366177,4.609460261948097,0.5696428571428571,0.1133119790306247,0.7223214285714284,0.2092678868565068
PhysionetMI,47,0,T2,mid,7,11.951580971127544,2.2828059497314044,0.5607142857142857,0.0939411316968759,1.078125,0.5647726081869882
PhysionetMI,47,0,T2,late,7,1.2857939077630087,0.7881130898508607,0.8739583333333334,0.3733543172116207,0.6875,0.1732614534453638
PhysionetMI,48,0,T1,early,7,6.669578124896165,9.37204777133978,0.5964285714285714,0.1404654707370738,0.5642857142857143,0.0814019380002963
PhysionetMI,48,0,T1,mid,7,22.27776964103452,8.316590460080123,0.5410714285714285,0.0472286826979935,0.5875000000000001,0.0828482907833003
PhysionetMI,48,0,T1,late,8,6.199893403436261,18.536561106811728,0.5705357142857144,0.0701333460237695,0.6296875,0.226745615654967
PhysionetMI,48,0,T2,early,7,1.8182820823690735,6.500443620113787,0.5794642857142857,0.1007070032828108,0.6035714285714285,0.0918471861966652
PhysionetMI,48,0,T2,mid,8,21.187407715921378,71.84386404333408,0.78515625,0.2288289118499616,0.7062499999999999,0.1527098965358826
PhysionetMI,48,0,T2,late,8,2.218434493790815,5.187576049624054,0.6265624999999999,0.1700973411572032,0.96015625,0.4716984096310242
PhysionetMI,49,0,T1,early,7,0.8583881387504376,1.7243981598385676,0.5982142857142857,0.1000398517530664,0.7607142857142858,0.247841446600566
PhysionetMI,49,0,T1,mid,8,6.243392204465441,0.63919485731243,0.69296875,0.2893864316721458,0.56796875,0.1352239714730251
PhysionetMI,49,0,T1,late,8,0.8970258553336422,2.406616478500293,0.86953125,0.3023094295766135,0.7726562499999999,0.3017678623933262
PhysionetMI,49,0,T2,early,7,1.502285338637605,2.0427722726062334,0.5794642857142858,0.1167220774632928,0.6437499999999999,0.1403916715071497
PhysionetMI,49,0,T2,mid,7,4.6145310210526205,3.19129374169769,0.7062499999999999,0.2885623488375894,0.5741071428571428,0.0566383983112632
PhysionetMI,49,0,T2,late,8,0.8106089780949429,1.250106539162783,0.68203125,0.1809922062160067,0.60078125,0.1024331670453349
PhysionetMI,50,0,T1,early,7,1.0459078426265749,1.4590483198811752,0.5848214285714286,0.1397485442222741,0.7142857142857144,0.1238660299167892
PhysionetMI,50,0,T1,mid,8,37.28965669514756,2.647793701454349,0.6982142857142858,0.2091840623440885,0.5914062499999999,0.0667271657455754
PhysionetMI,50,0,T1,late,8,3.205291979936058,1.390431931401323,0.73125,0.3173529433060295,0.6366071428571428,0.1486707686432662
PhysionetMI,50,0,T2,early,7,1.584261074334725,2.2039641352954358,1.1616071428571428,0.7680377694528587,0.5803571428571429,0.0623595360365508
PhysionetMI,50,0,T2,mid,7,1.708773590165355,1.535054669882222,0.9401785714285716,0.4914089748999756,0.9366071428571427,0.7123231968247937
PhysionetMI,50,0,T2,late,8,365.48515935009806,1.6704458539040332,0.8671875,0.3244699704421812,0.9339285714285712,0.6160144901224452
PhysionetMI,51,0,T1,early,8,7.920770052689613,1.743329973199397,0.5875,0.1432509453139256,0.6044642857142856,0.0632732775590234
PhysionetMI,51,0,T1,mid,8,6.16004876578884,1.006136482208251,0.66796875,0.1093945295064497,0.6929687499999999,0.1319341358820282
PhysionetMI,51,0,T1,late,8,17.044315959039753,5.543126159392846,0.72421875,0.2398615628564474,0.6578124999999999,0.1875976308319217
PhysionetMI,51,0,T2,early,7,69.84458033852877,2.1623936825534,0.6572916666666667,0.1835492336692135,0.713392857142857,0.2452091984824553
PhysionetMI,51,0,T2,mid,7,4.01622380826202,0.7578244319909694,0.7625000000000001,0.2159127221157395,0.5919642857142857,0.103602212174002
PhysionetMI,51,0,T2,late,7,11.496101016250307,6.116470595468543,1.0366071428571428,0.5372032878240597,0.7508928571428571,0.3086265038481805
PhysionetMI,52,0,T1,early,8,0.9012195781472696,16.214353928293594,0.64453125,0.1725112513314348,0.8035714285714285,0.2311862156931736
PhysionetMI,52,0,T1,mid,8,1.277981077989484,1.5026452032326452,0.7544642857142857,0.4328285586978864,0.525,0.0182981263677849
PhysionetMI,52,0,T1,late,8,1.0301545888065171,3.0504626155637045,0.6,0.1433077435974762,1.1140625,0.5497224974646299
PhysionetMI,52,0,T2,early,7,1.6012743724537652,2.2207531662463507,0.6919642857142857,0.3549194181322669,0.6044642857142856,0.1132767966225264
PhysionetMI,52,0,T2,mid,7,1.6383878230569646,3.1695877466418807,0.8482142857142857,0.7303735153596245,0.6669642857142856,0.144918168323382
PhysionetMI,52,0,T2,late,7,0.9077980402283828,1.6381232900052696,0.5883928571428572,0.1194961787451543,0.6910714285714287,0.3016298202588526
PhysionetMI,53,0,T1,early,7,10.122426345471824,3.7041317360013672,0.7357142857142857,0.1982263509841458,0.8419642857142857,0.2218206494224648
PhysionetMI,53,0,T1,mid,7,1.890604553907333,41.94437289501023,0.925,0.6374299681421595,0.7616071428571428,0.3914890952947398
PhysionetMI,53,0,T1,late,8,1.4800446513487933,5.528475727171689,0.6429687500000001,0.1430157026725999,0.6875,0.1799677550483498
PhysionetMI,53,0,T2,early,7,2.5337291990940107,4.407308813105458,0.6348214285714285,0.2020502374890654,0.6392857142857143,0.1385396686726165
PhysionetMI,53,0,T2,mid,8,1.566691734481109,2.101316642448177,0.6796875,0.2554627770708484,0.5642857142857143,0.0779705105165028
PhysionetMI,53,0,T2,late,8,1.3553876440824786,3.852071977580879,0.721875,0.2527002609318003,0.93984375,0.4797759232427545
PhysionetMI,54,0,T1,early,7,2.468054434455944,12.979117046393672,0.7589285714285714,0.272612549309118,0.6008928571428571,0.0973091407707982
PhysionetMI,54,0,T1,mid,8,0.5596233093067189,5.872431369924097,0.5757812499999999,0.122611456789068,0.71171875,0.2404308774594842
PhysionetMI,54,0,T1,late,8,0.9275841967393992,1.0353475825692944,0.78515625,0.3868938997301941,0.58515625,0.1141774891273998
PhysionetMI,54,0,T2,early,7,0.986456964011012,5.177728101270096,0.5571428571428572,0.0604511102850384,0.6214285714285713,0.1080910425030111
PhysionetMI,54,0,T2,mid,7,18.97109749216947,4.419476609150121,1.0604166666666668,0.7869100523919844,0.7241071428571428,0.2571397569257557
PhysionetMI,54,0,T2,late,8,1.389745426189838,1.0471763302647032,0.73125,0.3052438830263433,0.74296875,0.4745519834127106
PhysionetMI,55,0,T1,early,7,4.989197526382133,5.123387409460723,0.8008928571428572,0.2643098444582626,0.71875,0.1985719103282953
PhysionetMI,55,0,T1,mid,8,5.733682427556901,34.83595418665968,0.9276785714285716,0.4270938069065849,0.6991071428571428,0.2586975570437574
PhysionetMI,55,0,T1,late,8,0.8126861851702746,4.76039516875411,0.91015625,0.643104481420739,0.7109375,0.4109315588924146
PhysionetMI,55,0,T2,early,7,24.84544595514772,6.698378715442862,0.6508928571428572,0.1756184407592035,0.5982142857142857,0.153918834627414
PhysionetMI,55,0,T2,mid,7,1.7861904633928702,6.171778010291806,0.6428571428571429,0.1571377840090196,0.8053571428571429,0.3754079413770833
PhysionetMI,55,0,T2,late,8,0.9227191427364332,2.602636807625095,0.6648437500000001,0.17399088237157,0.6328125,0.243624767508868
PhysionetMI,56,0,T1,early,7,2.226218330084793,4.236754888324945,0.6285714285714287,0.2101991281366023,0.8035714285714286,0.3329531207426128
PhysionetMI,56,0,T1,mid,7,1.9557358257944943,1.9984463143333195,0.7678571428571429,0.3514070659796244,0.93125,0.5192929602559894
PhysionetMI,56,0,T1,late,8,6.220618158709777,2.1978217517827563,1.0453125,0.7097448787900832,0.5960937500000001,0.0805218271553589
PhysionetMI,56,0,T2,early,7,1.797062067230458,2.685010978098525,1.2116071428571429,0.98903265200634,0.6687500000000001,0.1959124713451684
PhysionetMI,56,0,T2,mid,8,0.8415943785190323,1.3988515725064683,0.77578125,0.415383359032277,0.79609375,0.4317811210827049
PhysionetMI,56,0,T2,late,8,1.6929517581043252,3.0163271529420164,1.2531249999999998,0.9175587515249364,0.76875,0.3867305869400557
PhysionetMI,57,0,T1,early,8,1.3316372568813233,2.8008294938404603,0.72265625,0.2761682836576957,0.5901785714285716,0.078337720603728
PhysionetMI,57,0,T1,mid,8,28.71674601428964,16.86159163131581,0.5875,0.093062958719967,0.64921875,0.0916130140096782
PhysionetMI,57,0,T1,late,8,2.3997521563131587,2.784296611216664,0.621875,0.11800754742812,0.75078125,0.2682305572374958
PhysionetMI,57,0,T2,early,7,0.9718199842716414,2.440694920351988,0.6544642857142858,0.1293749691905711,0.5732142857142858,0.084826127689383
PhysionetMI,57,0,T2,mid,7,2.702769724941792,4.435796465137801,0.7178571428571429,0.4498936949265836,0.6937499999999999,0.2781475713152488
PhysionetMI,57,0,T2,late,7,26.854780354964824,2.660224321816784,0.91875,0.4580626906564521,1.0785714285714283,0.7774935198890005
PhysionetMI,58,0,T1,early,8,17.062326244992775,0.8542341587735028,1.1953125,0.5027245106355468,0.8312499999999999,0.3059947916223412
PhysionetMI,58,0,T1,mid,8,11.17740276335468,23.320532651403877,0.9640625,0.4384559867806003,0.8703125,0.4346418919279986
PhysionetMI,58,0,T1,late,8,3.293772741308649,1.992670640103364,0.7828125,0.44737461144856,0.7578125,0.2088788430974999
PhysionetMI,58,0,T2,early,7,0.8272196512379639,1.7995472961858567,1.075,0.7305055734606978,0.7410714285714286,0.2923285735229438
PhysionetMI,58,0,T2,mid,7,4.808552168390663,1.838095233961882,0.9294642857142856,0.6209486036439303,0.7330357142857143,0.2573411933521689
PhysionetMI,58,0,T2,late,7,1.044271504234427,35.91111502539574,1.2294642857142857,0.6975620354974509,0.5678571428571428,0.0716069201991551
PhysionetMI,59,0,T1,early,8,1.5556176850086318,0.7487223468989115,0.79921875,0.4893438437958912,0.9330357142857144,0.6511126661965904
PhysionetMI,59,0,T1,mid,8,0.6289609601066274,1.4206191179732788,1.1296875,0.7407749716302179,1.0203125000000002,0.5524868317152456
PhysionetMI,59,0,T1,late,8,1.8222702724282211,3.065187264734126,0.9140625,0.5463010380904928,0.8812499999999999,0.430989504657596
PhysionetMI,59,0,T2,early,7,3.030299674494082,2.2679683103173978,0.7803571428571429,0.3447053052231421,0.5821428571428572,0.1020672797317374
PhysionetMI,59,0,T2,mid,7,7.277337393399391,4.02472397595167,0.8178571428571428,0.2852088162689769,0.8008928571428572,0.4966565509402214
PhysionetMI,59,0,T2,late,7,2.489976307649857,0.7937979815818993,0.7544642857142857,0.3798013209131149,0.6446428571428572,0.1194961787451543
PhysionetMI,60,0,T1,early,7,0.5572269481237985,4.004193553753367,0.817857142857143,0.241586750802409,0.7696428571428571,0.3766100640000508
PhysionetMI,60,0,T1,mid,8,0.9212314833647238,2.469120053250537,0.70078125,0.2219286356825939,0.6883928571428571,0.2547413904735706
PhysionetMI,60,0,T1,late,8,1.2850138828534157,3.6710571914925154,0.77578125,0.5338853522395397,0.7234375,0.2286114248976853
PhysionetMI,60,0,T2,early,7,1.6088796293288037,2.1336236282215606,0.5357142857142857,0.0638002503033923,0.6098214285714285,0.1383842163201086
PhysionetMI,60,0,T2,mid,7,5.58601466302682,14.040896849815542,0.8535714285714285,0.5120409218141114,0.6428571428571429,0.1220376008466577
PhysionetMI,60,0,T2,late,8,3.979451925604899,2.2291623178111277,0.8642857142857144,0.3166283430981206,0.771875,0.3197899701366508
PhysionetMI,61,0,T1,early,7,2.5193300324023307,16.879318518031237,0.8276785714285715,0.3005734315522615,0.6285714285714287,0.1343327235346804
PhysionetMI,61,0,T1,mid,7,1.5384635685396395,1.5117425436784278,0.7241071428571428,0.2983853230646711,0.6114583333333334,0.082554958546144
PhysionetMI,61,0,T1,late,8,2.2375156966597847,7.202769236537196,0.8695312499999999,0.5237097006796203,0.5968749999999999,0.1317698040144251
PhysionetMI,61,0,T2,early,7,2.3925558425954474,8.503432782675043,0.8500000000000002,0.2225060191802203,0.7383928571428572,0.2190795622412933
PhysionetMI,61,0,T2,mid,8,1.9588661174520656,30.195802140114207,0.95703125,0.6603919697504941,0.6124999999999999,0.1333170562981346
PhysionetMI,61,0,T2,late,8,5.003804157988995,26.845733508529,1.13203125,0.4925562854496301,0.62890625,0.1011620711948776
PhysionetMI,62,0,T1,early,7,1.6331221932264008,1.392136026445328,0.6133928571428572,0.1297502998305686,0.7071428571428572,0.2855998654818754
PhysionetMI,62,0,T1,mid,8,1.0097662053932654,1.023596050670369,0.55,0.0582123000318661,0.5984375,0.1024480622986594
PhysionetMI,62,0,T1,late,8,9.206310530075148,2.05998383990588,0.77265625,0.4140234356572554,0.59140625,0.094006809718432
PhysionetMI,62,0,T2,early,7,1.6148597408069012,4.358309105462396,0.55625,0.0592927061281571,0.6562499999999999,0.0737999225706136
PhysionetMI,62,0,T2,mid,7,1.656609758972576,1.1309127488547213,0.588392857142857,0.0840804097642396,0.8732142857142857,0.7108432671905981
PhysionetMI,62,0,T2,late,8,1.063454203750723,257.5581089385605,0.89921875,0.3313596148234385,0.62421875,0.1322298801744049
PhysionetMI,63,0,T1,early,7,1.8570279905004463,3.080706759098476,1.3303571428571428,0.4062352823079708,0.8616071428571429,0.4731216216550993
PhysionetMI,63,0,T1,mid,7,2.239073632182208,6.090208475483729,0.7020833333333334,0.0982706367922562,0.9080357142857142,0.4896326324867638
PhysionetMI,63,0,T1,late,8,2.2734950709065287,2.6854846470138907,0.77421875,0.2101301098984567,0.65625,0.2864962096171605
PhysionetMI,63,0,T2,early,7,1.771452034560107,2.9543366815235266,0.6607142857142857,0.1548225613733479,0.6026785714285714,0.0651969152268881
PhysionetMI,63,0,T2,mid,8,1.32286557608127,2.229793587747486,0.90703125,0.5036239519333225,0.5921875,0.0950816877413837
PhysionetMI,63,0,T2,late,8,3.296417215346157,33.01185761035152,0.73125,0.248275300825515,0.5625,0.0371073190219934
PhysionetMI,64,0,T1,early,7,1.8800476105558372,22.31525163918169,0.5999999999999999,0.1254011420544941,0.7392857142857142,0.3806525512799282
PhysionetMI,64,0,T1,mid,8,8.677099349037196,5.975264241074427,0.90859375,0.3707564256333766,0.7671874999999999,0.4037029529477707
PhysionetMI,64,0,T1,late,8,6.54609988373747,3.620364519097567,0.659375,0.1551209205748857,0.6328125,0.1681049593074219
PhysionetMI,64,0,T2,early,7,8.062235738297737,2.180258059882876,0.6553571428571429,0.2114054946383023,0.6196428571428572,0.0845437183126129
PhysionetMI,64,0,T2,mid,7,10.621456054744188,4.822233616577644,0.8276785714285715,0.2877688405860594,0.7107142857142856,0.433202287550257
PhysionetMI,64,0,T2,late,8,2.204346161553477,3.18810206423201,0.53515625,0.0543010902140785,0.8390625,0.3500523119388729
PhysionetMI,65,0,T1,early,8,1.5368533588644393,8.781379097413321,0.86015625,0.2707039705073376,0.6507812500000001,0.1389988442791432
PhysionetMI,65,0,T1,mid,8,37.566223572729314,1.4354970717833244,0.7071428571428572,0.283776913674622,0.703125,0.3142606650934857
PhysionetMI,65,0,T1,late,8,52.40393902169316,3.771323519922635,1.09296875,0.630518120743518,0.6116071428571429,0.192476476166702
PhysionetMI,65,0,T2,early,7,16.01002515007077,5.61850364102586,0.8395833333333332,0.2292613440789547,0.85625,0.3744489999605134
PhysionetMI,65,0,T2,mid,7,4.536064129198311,68.64753900848265,1.0294642857142855,0.5845262341138736,0.759375,0.4118326356563631
PhysionetMI,65,0,T2,late,7,2.4401283502041315,1.984129036389691,0.7339285714285714,0.3317105481517011,0.6107142857142858,0.1364290388922432
PhysionetMI,66,0,T1,early,7,0.5121944785597001,0.8356930501111124,0.5666666666666668,0.1029301610586301,0.6687500000000001,0.1573709789001771
PhysionetMI,66,0,T1,mid,7,1.3897083698619153,2.826976428048275,0.6572916666666666,0.2059788832555954,0.7089285714285715,0.2130993947453074
PhysionetMI,66,0,T1,late,8,1.9166185487896363,6.592888431916077,0.68125,0.2463007561904754,0.996875,0.4574257111816081
PhysionetMI,66,0,T2,early,7,2.017374575888816,1.2804778779992958,0.8973214285714286,0.7574765521392832,0.6714285714285716,0.1148007368603245
PhysionetMI,66,0,T2,mid,8,2.7906581085101387,1.1675381429985472,0.8234375,0.4672763293477961,0.55625,0.0599478940414089
PhysionetMI,66,0,T2,late,8,0.8038029479513381,2.294483076810231,1.0539062499999998,0.915843284027588,0.8695312500000001,0.7483212820780507
PhysionetMI,67,0,T1,early,7,7.791289972416126,1.8805505648740064,0.7901785714285714,0.3033271075648753,0.8910714285714285,0.429465213839211
PhysionetMI,67,0,T1,mid,7,5.946689533551412,3.529174785825078,0.6705357142857142,0.2074697236333287,0.5776785714285715,0.0593733216733796
PhysionetMI,67,0,T1,late,8,0.9812441740794116,2.9825522185173563,0.8637499999999999,0.3834139408002792,0.771875,0.4190414097974089
PhysionetMI,67,0,T2,early,7,2.235854931175362,4.371192465419968,0.9089285714285714,0.2777230671745081,0.7526785714285714,0.2102522173437397
PhysionetMI,67,0,T2,mid,8,9.039295739723189,163.07722330774664,0.83125,0.1528377407579685,0.7339285714285715,0.2387387138052556
PhysionetMI,67,0,T2,late,8,10.019090489224588,11.263075856453789,0.734375,0.3135762716230295,0.62890625,0.1866108474833055
PhysionetMI,68,0,T1,early,7,1.363207268129612,4.857732221170085,0.642857142857143,0.1383265970411316,0.6535714285714285,0.209587635705965
PhysionetMI,68,0,T1,mid,7,2.7095489898854246,4.613293127120167,0.6072916666666667,0.1448516062983846,0.6322916666666667,0.1094741613984272
PhysionetMI,68,0,T1,late,8,4.237364528214311,23.012916426947363,0.6625,0.1297909978580949,0.6546875000000001,0.1469663944367895
PhysionetMI,68,0,T2,early,7,2.900600153233206,2.097979039254214,1.0571428571428572,0.5406203919232656,0.7937500000000001,0.3967783206203253
PhysionetMI,68,0,T2,mid,8,1.897936350583293,1.340603994126691,0.80859375,0.3263185018481752,0.6140625000000001,0.0749837221918864
PhysionetMI,68,0,T2,late,8,3.757733637607609,2.4026078317851125,1.28359375,0.5797438272836007,0.68125,0.2022094752354597
PhysionetMI,69,0,T1,early,8,0.8720546651655808,2.261057116534918,0.6843750000000001,0.1103527723938098,0.6312500000000001,0.2187723202898392
PhysionetMI,69,0,T1,mid,8,22.23715957927052,30.57293516336288,0.98046875,0.4080182371364514,0.64140625,0.1294118871025281
PhysionetMI,69,0,T1,late,8,3.8116533982864778,3.137316014260757,0.8015625000000001,0.5579219080379888,0.72734375,0.4131616083912414
PhysionetMI,69,0,T2,early,7,2.958796359344876,5.696261859316139,1.3199999999999998,0.6719537744517847,0.61875,0.114515672664113
PhysionetMI,69,0,T2,mid,7,4.292780810039671,7.442709010565873,0.8125,0.2710141337906304,0.5848214285714286,0.0919686198701292
PhysionetMI,69,0,T2,late,7,8.465433778417852,2.715714886853998,0.7848214285714287,0.2773812717145106,0.9303571428571428,0.7397998988281375
PhysionetMI,70,0,T1,early,7,1.661165728033905,5.430119655444679,0.5375,0.0501114828585795,0.5531250000000001,0.0884435731130306
PhysionetMI,70,0,T1,mid,7,1.8252645155333809,3.0732693443699666,0.6447916666666667,0.1721651591173106,0.775,0.0816496580927725
PhysionetMI,70,0,T1,late,8,9.001991567720555,8.619789881825625,0.896875,0.3234085635204073,0.69,0.2184319115880277
PhysionetMI,70,0,T2,early,7,0.8409234818114001,17.550478849910203,0.5348214285714286,0.0448032831796227,0.8703125,0.1675521723784863
PhysionetMI,70,0,T2,mid,8,7.155811217828895,1.4663796847785373,0.74609375,0.318840941377417,0.74375,0.2137524366332853
PhysionetMI,70,0,T2,late,8,8.411949880526132,13.626913748903776,0.7164062499999999,0.2102114239841343,0.8614583333333332,0.4130901187157053
PhysionetMI,71,0,T1,early,7,5.5441745368902335,6.274421326649407,0.8142857142857143,0.2308204090293789,0.678125,0.1971723944293419
PhysionetMI,71,0,T1,mid,7,1.64537096113877,57.63311685524611,0.7857142857142857,0.2732843047532913,0.9669642857142856,0.551203171457213
PhysionetMI,71,0,T1,late,8,25.63820207606064,2.455731422135909,0.76640625,0.4671633302694439,0.6857142857142857,0.3157458977386333
PhysionetMI,71,0,T2,early,7,2.6974057345776736,6.8019411977629165,1.0910714285714285,0.8068059900696356,0.7321428571428571,0.3827536007375385
PhysionetMI,71,0,T2,mid,8,6.805536848744604,2.8368060480485093,0.78984375,0.5008287808956644,0.6937499999999999,0.2252974224695626
PhysionetMI,71,0,T2,late,8,9.427181406031202,1.516595257141844,0.6484375,0.1843683791184106,1.075,0.7686737767089497
PhysionetMI,72,0,T1,early,7,1.1166557124511147,1.369883797747492,0.7642857142857143,0.3036554505571425,0.6535714285714286,0.1472537723434878
PhysionetMI,72,0,T1,mid,7,0.778492256435002,0.9671515925866212,0.6303571428571428,0.2024522808476312,0.5750000000000001,0.0494388149996683
PhysionetMI,72,0,T1,late,8,1.2921075652737657,1.4028908314736348,0.81015625,0.3207342878434382,0.94765625,0.6404491946270503
PhysionetMI,72,0,T2,early,7,0.7045300451637937,3.3024336175417326,0.5830357142857142,0.1174370217675527,0.9669642857142856,0.5252732525037977
PhysionetMI,72,0,T2,mid,8,0.6563781276761985,1.2587648957288815,0.63125,0.2296183994696418,0.675,0.2302978709736588
PhysionetMI,72,0,T2,late,8,1.6265037619783431,2.627923262276969,0.6609375,0.2349731949473173,0.5812499999999999,0.0970260918516251
PhysionetMI,73,0,T1,early,7,4.165522718836621,9.493504133357089,0.6473214285714286,0.2255661810662589,0.6642857142857143,0.1580331920702684
PhysionetMI,73,0,T1,mid,8,1.086898492783364,3.145151829065141,1.15390625,0.6590782618729263,0.61875,0.1825920144748943
PhysionetMI,73,0,T1,late,8,0.911204110607703,1.163750776054626,0.9375,0.651830355614097,0.6203125,0.1121413554124882
PhysionetMI,73,0,T2,early,7,1.4554800357696136,12.648673367135345,1.100892857142857,0.5615709447793824,0.6830357142857143,0.1249425888566588
PhysionetMI,73,0,T2,mid,7,3.5152523522508163,3.606586270942552,0.6116071428571429,0.152378045917222,0.6607142857142857,0.2018528649329324
PhysionetMI,73,0,T2,late,8,0.7758821509373058,3.6540882665849,0.95625,0.5670992527767956,0.8382812500000001,0.3148263022460758
PhysionetMI,74,0,T1,early,8,1.263270371113725,7.457940273724589,0.95625,0.4023854650704968,0.61953125,0.1155167356314118
PhysionetMI,74,0,T1,mid,8,7.261161235456764,3.1479442670120754,0.63203125,0.1547565344692673,1.09453125,0.8645211683850995
PhysionetMI,74,0,T1,late,8,4.796704866890963,7.122187574962709,1.071875,0.7673959111013037,0.9,0.5981579797595281
PhysionetMI,74,0,T2,early,7,4.589858099178913,3.886697695939638,0.6848214285714286,0.203974381894854,0.8,0.4739297152532219
PhysionetMI,74,0,T2,mid,7,56.06282926208343,4.635220353089985,1.15,0.5727147912729835,0.7776785714285716,0.4381354714315318
PhysionetMI,74,0,T2,late,7,9.0087055334386,5.291233771357556,0.7982142857142858,0.3164520508863927,0.7500000000000001,0.3652451476161495
PhysionetMI,75,0,T1,early,7,1.4218810410580192,2.802762778336255,0.7303571428571428,0.2446852153110945,0.6473214285714286,0.1315200089533985
PhysionetMI,75,0,T1,mid,7,7.217548983328164,2.185012904851546,0.6017857142857143,0.1402212173528613,0.6526785714285716,0.1290788597750085
PhysionetMI,75,0,T1,late,8,130.47494808723746,1.2752629158204982,0.77578125,0.1959660939064141,0.875,0.4644069639066581
PhysionetMI,75,0,T2,early,7,2.0815829759528124,2.174959011634616,0.7999999999999999,0.3352770709215205,0.7267857142857144,0.2603593474333471
PhysionetMI,75,0,T2,mid,8,1.5436880982582266,6.64720175021241,0.6242187499999999,0.1664905889560653,0.79140625,0.360581365156933
PhysionetMI,75,0,T2,late,8,12.01367353912811,23.540545616172302,0.62578125,0.1334063012414987,0.9734375,0.7558092077989987
PhysionetMI,76,0,T1,early,7,1.4826414935340206,3.2955544542026183,0.6401785714285714,0.1035021319902668,0.6098214285714285,0.1105413395753011
PhysionetMI,76,0,T1,mid,8,2.289910861713444,9.342091388634511,0.68046875,0.2742076208567834,0.6890625,0.1853983780774525
PhysionetMI,76,0,T1,late,8,240.98914657514288,139.61775401638127,0.6890625,0.2597277345486038,0.67109375,0.1408656794554212
PhysionetMI,76,0,T2,early,7,3.775920025385176,6.499328059272225,0.9107142857142856,0.5420870948171954,0.6633928571428571,0.1736371862504676
PhysionetMI,76,0,T2,mid,7,2.4044742678571307,1.0038976091021392,0.6732142857142858,0.2637875372263034,0.8333333333333331,0.3781579990192224
PhysionetMI,76,0,T2,late,8,2.7477568209069894,2.094259835404875,0.63984375,0.1246454933940152,0.60390625,0.1198117623542759
PhysionetMI,77,0,T1,early,7,0.6228080930081967,1.4471612375903662,0.6267857142857142,0.1511013985807584,0.625,0.1005564873235791
PhysionetMI,77,0,T1,mid,7,0.753727951578057,3.711793837140681,0.8830357142857143,0.7829924446425693,1.2553571428571428,0.7720452644153207
PhysionetMI,77,0,T1,late,7,1.437051963518407,1.9867367913010403,0.819642857142857,0.4348443452453264,0.6281249999999999,0.0838331365968533
PhysionetMI,77,0,T2,early,8,1.737670484754924,3.7974190518540953,0.77734375,0.2449676616891247,0.6226562499999999,0.1434077958077506
PhysionetMI,77,0,T2,mid,8,28.9026350774846,2.119530956329518,0.5484375,0.0539232310210543,0.6916666666666668,0.1827048887930722
PhysionetMI,77,0,T2,late,8,9.68806654401815,1.65570045286858,0.85390625,0.5341733674786094,0.7571428571428572,0.3153163903453294
PhysionetMI,78,0,T1,early,7,3.426203929549265,3.4676365787504864,0.8385416666666666,0.3992900057358756,0.8419642857142857,0.2918099745116499
PhysionetMI,78,0,T1,mid,8,5.93289197327917,4.452507758179286,0.7666666666666667,0.2540471030253161,0.7289062500000001,0.1923065561114272
PhysionetMI,78,0,T1,late,8,5.259137936617916,4.568584561048277,0.7821428571428571,0.2048907747846074,0.6421875,0.1946488725725119
PhysionetMI,78,0,T2,early,7,2.316488539795838,1.946553289944563,0.8705357142857143,0.3611847179909527,0.6839285714285713,0.2748550174405497
PhysionetMI,78,0,T2,mid,7,2.962759695516827,3.213062550600288,0.8669642857142856,0.5176754607406663,1.1321428571428571,0.6049962050817057
PhysionetMI,78,0,T2,late,8,1.6013192154862868,1.993297845924824,0.8,0.3476343040826092,0.8017857142857144,0.264252531700652
PhysionetMI,79,0,T1,early,7,1.3849463974375562,1.690014091095582,0.7544642857142857,0.3287339466088971,0.6339285714285714,0.1312651837670132
PhysionetMI,79,0,T1,mid,7,16.110013679786253,1.972140950666275,0.7651785714285714,0.2989725176776798,0.6107142857142858,0.1825145018001225
PhysionetMI,79,0,T1,late,8,3.2523863257361025,7.266741755858883,0.8515625,0.4489108999498118,0.6890625,0.2439852630667475
PhysionetMI,79,0,T2,early,7,1.7406594249330147,0.9965382962618072,0.6285714285714287,0.2149246427025442,0.6232142857142857,0.142979858007757
PhysionetMI,79,0,T2,mid,8,2.495914480161767,1.0037123929826848,0.7982142857142858,0.2327464680018731,0.6796875,0.1649085328864155
PhysionetMI,79,0,T2,late,8,34.03184143272049,1.2086345350821808,0.996875,0.4499782980878077,0.84453125,0.3355330050247478
PhysionetMI,80,0,T1,early,7,0.5694394066865036,2.322758558451544,0.6517857142857143,0.1759449705250514,0.8348214285714286,0.2935097258757765
PhysionetMI,80,0,T1,mid,8,0.7649525751241059,68.28024823328298,0.73828125,0.3318013910247175,0.8953125000000001,0.5685503598791843
PhysionetMI,80,0,T1,late,8,0.968745344694706,2.30199768452343,0.7421875,0.4205621934907487,0.7867187499999999,0.3315953020414154
PhysionetMI,80,0,T2,early,7,9.18993746516291,6.957365943495228,0.7535714285714287,0.1451160689565003,0.7041666666666666,0.195311805554321
PhysionetMI,80,0,T2,mid,7,6.514065122122096,2.160435683033968,0.7883928571428571,0.327657891523386,0.9107142857142856,0.4916457680327268
PhysionetMI,80,0,T2,late,8,1.89390751466905,12.005103922334277,0.7046875000000001,0.1275042125529584,0.7133928571428572,0.1148770971472538
PhysionetMI,81,0,T1,early,7,19.03782983618224,1.2304017341521034,0.94375,0.4224318415014257,0.6776785714285714,0.344161395752822
PhysionetMI,81,0,T1,mid,7,1.1938668207769745,1.4410975142863118,0.8794642857142857,0.3801097451622977,0.9098214285714284,0.5929351282615415
PhysionetMI,81,0,T1,late,8,0.9274224773921312,0.6511060183240457,0.8955357142857144,0.3254412232583917,1.1140625,0.6835236571207687
PhysionetMI,81,0,T2,early,7,2.397601118396786,10.089213046031851,0.6749999999999999,0.200863093033183,0.65625,0.149254097814049
PhysionetMI,81,0,T2,mid,8,9.802961207225058,1.6407050926161644,0.9578125,0.3651004517167158,0.596875,0.0896499267986315
PhysionetMI,81,0,T2,late,8,1.0557426361243942,3.857711869858529,0.728125,0.2940158371584768,0.78671875,0.3178362746146788
PhysionetMI,82,0,T1,early,7,2.263285812519956,0.8728158831202292,1.0017857142857145,0.4561792299041226,0.9794642857142858,0.6530296349183801
PhysionetMI,82,0,T1,mid,8,13.427837498956617,50.37618369012038,0.6946428571428571,0.1362945770553395,0.6578125,0.1727181026087017
PhysionetMI,82,0,T1,late,8,2.023960156066668,4.585347561595172,1.040625,0.3912869391507976,0.71875,0.1605045754799532
PhysionetMI,82,0,T2,early,7,16.31913424525528,3.4394817690498902,0.9375,0.6287491716363,0.9151785714285714,0.7045995026848043
PhysionetMI,82,0,T2,mid,7,10.875495469563294,20.36540013457285,0.7482142857142857,0.2283166828181007,0.7196428571428571,0.1710794435939285
PhysionetMI,82,0,T2,late,8,554.7192691836145,16.90103071536016,0.753125,0.3080305382587902,0.5919642857142857,0.0590771935345473
PhysionetMI,83,0,T1,early,7,3.09704395770894,1.529761700304805,0.7214285714285714,0.2960275902406285,0.6,0.0898287060386123
PhysionetMI,83,0,T1,mid,7,4.192201537277825,2.022048921161162,0.5958333333333333,0.1374368541872553,0.71875,0.2393256896245902
PhysionetMI,83,0,T1,late,8,55.88715996502647,1.23679555120009,0.7289062500000001,0.1832043743294289,0.8882812499999999,0.6557247712157422
PhysionetMI,83,0,T2,early,7,5.966163747383516,3.352740011598872,0.6883928571428571,0.4438622666263645,0.5419642857142856,0.0213166721184166
PhysionetMI,83,0,T2,mid,8,4.154500918345017,1.690258222683361,0.6851562499999999,0.3032045240401889,0.56875,0.0378886114155691
PhysionetMI,83,0,T2,late,8,3.001929709668114,2.043830399928314,0.8453125,0.4183387672912348,0.87421875,0.450243396632241
PhysionetMI,84,0,T1,early,7,53.98699435966355,34.275344761608174,0.7026785714285714,0.2275121941114096,0.6526785714285713,0.1076254014664583
PhysionetMI,84,0,T1,mid,8,6.099204746140077,2.392627750985883,1.12734375,0.4993935531206199,0.90390625,0.2805013908582941
PhysionetMI,84,0,T1,late,8,11.101175776417058,2.6631128713667165,1.1796875,0.6934736921605247,0.69921875,0.1563573849740955
PhysionetMI,84,0,T2,early,7,2.991954519412188,12.033239503201418,0.9866071428571428,0.6179010100034352,0.7455357142857143,0.2065261756400137
PhysionetMI,84,0,T2,mid,7,0.8086318532000428,1.6286500858366992,0.8116071428571429,0.3747384291824397,0.7419642857142856,0.2527905481312341
PhysionetMI,84,0,T2,late,8,4.314407503555718,86.65601350804893,0.7660714285714285,0.6390200465540647,0.6151785714285714,0.1692570801581826
PhysionetMI,85,0,T1,early,7,3.323756988967978,35.2956392799024,0.7866071428571428,0.5211854252077465,0.7366071428571429,0.1233565431369324
PhysionetMI,85,0,T1,mid,8,3.300434644837088,1.368304892846841,0.7109375,0.2292512864604035,0.72265625,0.2508956125531841
PhysionetMI,85,0,T1,late,8,1.5399031837504482,2.440193785613755,0.5859375,0.0755675143083984,0.56640625,0.0820238091863423
PhysionetMI,85,0,T2,early,7,1.3907312497811202,0.9478480556558952,0.7267857142857144,0.4821213619547066,0.5758928571428571,0.069551221764823
PhysionetMI,85,0,T2,mid,7,2.732105112189985,6.530028785330451,0.7633928571428571,0.3158468734196677,0.6660714285714286,0.1736830916541118
PhysionetMI,85,0,T2,late,8,2.864098597558261,18.358388366000128,1.0078125,0.4286806385221404,0.6026785714285714,0.0592792595453494
PhysionetMI,86,0,T1,early,7,1.752118607988383,3.807912309661456,0.6437499999999999,0.213913366976981,0.6446428571428572,0.1336485167160794
PhysionetMI,86,0,T1,mid,7,6.070748835522632,2.0647213757684777,0.71875,0.2043882422533854,0.8197916666666666,0.5473589128843055
PhysionetMI,86,0,T1,late,8,1.4478746878240554,10.16039852422514,0.68515625,0.1918489777753259,0.5960937500000001,0.1248020894193582
PhysionetMI,86,0,T2,early,7,1.3399273021722158,1.1418474294687715,0.6982142857142858,0.1441846799725113,0.6946428571428571,0.2400573910972294
PhysionetMI,86,0,T2,mid,8,2.313818632366233,4.403724176450211,0.6898437500000001,0.3323087076024905,0.703125,0.208650799782795
PhysionetMI,86,0,T2,late,8,1.37784590830522,3.4069088865006942,0.7625,0.5567764362830022,0.625,0.1403121520040228
PhysionetMI,87,0,T1,early,7,2.2701012394089632,1.054153882278728,0.8885416666666667,0.5543086049430307,0.6135416666666667,0.0895893893301855
PhysionetMI,87,0,T1,mid,7,170.7299621179619,1.2074512585771735,0.5705357142857143,0.1066282283526864,0.6616071428571428,0.2234926835308859
PhysionetMI,87,0,T1,late,8,3.1526798504534392,3.216223045900641,0.7267857142857143,0.2801409539528853,0.7039062500000001,0.3092477247667919
PhysionetMI,87,0,T2,early,7,3.150354042363952,1.450518978077781,0.5892857142857142,0.06720789023771,0.7419642857142856,0.3077806915347885
PhysionetMI,87,0,T2,mid,8,1.7286958101665837,3.524976281711149,0.6671875,0.2029025223937593,0.6921875,0.231856257665714
PhysionetMI,87,0,T2,late,8,1.4935020267860768,5.642786985380765,0.7333333333333333,0.155484234642044,0.7257812499999999,0.1350794579532265
PhysionetMI,89,0,T1,early,8,75.11674952727472,1.2031080074806144,0.7008928571428571,0.2579631014984389,0.7249999999999999,0.1262051281644292
PhysionetMI,89,0,T1,mid,8,1.797335541039232,0.9403524705292132,0.86640625,0.4238257848437698,0.6125,0.0722138750518209
PhysionetMI,89,0,T1,late,8,8.553671873158336,0.507067098466223,1.07734375,0.5158137675299463,1.10234375,0.7700632678705286
PhysionetMI,89,0,T2,early,7,8.494351872217898,1.4144276412129757,0.8107142857142857,0.392972791419353,0.9580357142857142,0.2921157863811219
PhysionetMI,89,0,T2,mid,7,2.090266949911549,2.037247704733752,0.6281249999999999,0.1167456949598856,0.7089285714285715,0.3057823897773695
PhysionetMI,89,0,T2,late,7,0.5384289384189365,6.7888710639202845,0.6544642857142857,0.1410149073028545,0.71875,0.313355970560183
PhysionetMI,90,0,T1,early,7,0.7825906363976329,1.6775281607556218,0.6517857142857143,0.1481927695225901,0.8544642857142856,0.2913506548501867
PhysionetMI,90,0,T1,mid,7,0.7928292397233293,4.867538709683252,0.5607142857142856,0.0716291825718985,0.9044642857142856,0.438337391021285
PhysionetMI,90,0,T1,late,8,16.252735516325604,3.0965459640581585,0.8257812499999999,0.4734703732399077,0.95625,0.5839570698047931
PhysionetMI,90,0,T2,early,7,0.774559744438988,2.07021998877344,1.144642857142857,0.5756540202416797,1.0214285714285716,0.740835805915542
PhysionetMI,90,0,T2,mid,8,3.891169562625752,3.775122719329356,0.77109375,0.2003156079127073,0.7,0.1082531754730548
PhysionetMI,90,0,T2,late,8,1.4251795043729467,0.8942021292485982,0.57890625,0.0873848293380349,0.6117187500000001,0.1243513443270216
PhysionetMI,91,0,T1,early,7,3.3272238835385206,0.6267158087675707,0.7366071428571429,0.3078661541604582,0.5741071428571428,0.0703489842985436
PhysionetMI,91,0,T1,mid,7,4.427512419824082,2.116379459559997,0.7651785714285715,0.4014601855878673,0.8544642857142858,0.4675128231352787
PhysionetMI,91,0,T1,late,8,11.406990043202764,7.078500803207378,0.61796875,0.1576325552065229,0.60078125,0.083176528906522
PhysionetMI,91,0,T2,early,7,20.446398897509567,8.556506576776929,0.553125,0.0394872737938018,0.6714285714285715,0.167233835129871
PhysionetMI,91,0,T2,mid,8,2.0830017032559,1.885019972919026,0.83046875,0.3946843762247722,0.925,0.3658074687136208
PhysionetMI,91,0,T2,late,8,0.8578275133371027,1.2437460906589843,0.92421875,0.4430720778958402,0.7482142857142857,0.3415058938147394
PhysionetMI,92,0,T1,early,9,1.3301123402023354,2.5365399768238306,0.7805555555555556,0.3194429347790414,0.8468749999999999,0.4350938296793003
PhysionetMI,92,0,T1,mid,9,5.571356152549918,3.0345193762273723,0.8111111111111112,0.4059537143688632,0.713392857142857,0.1360486951388347
PhysionetMI,92,0,T1,late,9,19.640434003741028,4.406951316210956,0.8854166666666666,0.6513141096617242,0.6965277777777777,0.1635147565734785
PhysionetMI,92,0,T2,early,10,6.584854691382922,1.189164842258208,0.655625,0.2337441509963404,0.843125,0.6505133189451235
PhysionetMI,92,0,T2,mid,10,1.0365281019736046,1.5095387371844289,0.74921875,0.29977917491203,0.9075,0.5022434046356409
PhysionetMI,92,0,T2,late,10,3.2333527817200194,4.871444260068224,0.7675,0.4376321229069,0.55859375,0.0605909617718476
PhysionetMI,93,0,T1,early,7,0.6796698750456365,1.430320777078584,0.7392857142857142,0.1985638808945835,0.7785714285714286,0.5562535828822929
PhysionetMI,93,0,T1,mid,8,1.5726541288624898,22.851869640071712,0.6375,0.1817879946531123,0.92890625,0.34847515911961
PhysionetMI,93,0,T1,late,8,62.2828296907248,3.905352673126846,0.74296875,0.3103274086927184,0.70078125,0.171517739493434
PhysionetMI,93,0,T2,early,7,3.3138249661462087,6.291565687264858,0.7848214285714284,0.3684677664300626,0.9196428571428572,0.5301977875072199
PhysionetMI,93,0,T2,mid,7,4.2656265690710935,3.845624307277133,0.6508928571428572,0.1149256636407434,0.8401785714285713,0.3529666544925646
PhysionetMI,93,0,T2,late,8,1.858494999627375,14.599070496582506,0.58359375,0.0606714947354809,0.6508928571428572,0.1270118707291662
PhysionetMI,94,0,T1,early,7,1.260439797256376,1.4294511079266428,0.7151785714285713,0.5094405319683984,0.5732142857142856,0.0987485468764177
PhysionetMI,94,0,T1,mid,7,2.4463189963393845,1.907859947478903,0.603125,0.1082982715697716,0.5857142857142857,0.1043000846263377
PhysionetMI,94,0,T1,late,8,2.0948656724640777,157.69559247750874,0.70234375,0.1698441812322032,0.76640625,0.3228283439359646
PhysionetMI,94,0,T2,early,7,5.06836397533274,4.701669305392284,0.5357142857142857,0.0356248881129642,0.6875,0.1585368366387717
PhysionetMI,94,0,T2,mid,8,1.7967159541941211,0.844996414869998,0.6484375,0.2074479885868985,0.565625,0.0648013792291491
PhysionetMI,94,0,T2,late,8,2.269792461399222,6.483186013982359,0.67421875,0.2172591496023527,0.6109375,0.206480694845184
PhysionetMI,95,0,T1,early,7,1.1707456629941266,3.590760482985169,0.7919642857142856,0.1913799245224119,0.5642857142857143,0.0765257226329147
PhysionetMI,95,0,T1,mid,8,9.751686773299197,1.2637159574640633,0.7468750000000001,0.2070769407128664,0.7953125,0.351444424616112
PhysionetMI,95,0,T1,late,8,0.9126425390224828,1.802777485887379,0.69453125,0.3254269656327476,0.5875,0.1421789145759665
PhysionetMI,95,0,T2,early,7,3.0915681518297062,2.3437052556401,0.75,0.2723697263962037,0.78125,0.263920476388519
PhysionetMI,95,0,T2,mid,7,3.708037927397649,3.1001594458035275,0.9455357142857144,0.4864080523257678,0.6705357142857143,0.219875022479144
PhysionetMI,95,0,T2,late,8,3.0458464081587304,1.5870345889642514,0.60234375,0.1308004764839849,0.5906250000000001,0.1233088728559303
PhysionetMI,96,0,T1,early,7,1.849749083630131,558.2201449183106,0.7250000000000002,0.3098638814060134,0.6955357142857143,0.3361699035928598
PhysionetMI,96,0,T1,mid,8,0.8335360231859991,1.369528413339426,0.73203125,0.2176184461067983,0.69921875,0.1918107969743557
PhysionetMI,96,0,T1,late,8,2.1637000325243108,6.517544679399748,0.7321428571428571,0.1860188093956619,0.8773437500000001,0.6599592901448069
PhysionetMI,96,0,T2,early,7,1.9916456266124656,1.5706208497810792,0.6437499999999999,0.216248451687273,0.7000000000000001,0.2123160968932878
PhysionetMI,96,0,T2,mid,7,0.6994147324832256,1.992871304980839,0.6232142857142858,0.1434085341012215,0.7749999999999998,0.3344104620714745
PhysionetMI,96,0,T2,late,8,1.1382812695518254,6.579942316368187,0.6898437500000001,0.2205492411536197,0.6820312500000001,0.1460561448927689
PhysionetMI,97,0,T1,early,7,1.5804844351896234,2.8781818203585066,0.7651785714285714,0.3178270451239871,0.7491071428571427,0.419295068647172
PhysionetMI,97,0,T1,mid,8,0.9338993657303252,19.35614668991803,0.54609375,0.0628068638640515,0.77265625,0.4130197660505336
PhysionetMI,97,0,T1,late,8,0.8026975295081475,5.589439611289225,0.80078125,0.3530342458047625,0.7296875,0.2074715247781005
PhysionetMI,97,0,T2,early,7,1.3421043345392738,1.181717112981396,0.5580357142857143,0.0722497440147996,0.66875,0.1100426053853688
PhysionetMI,97,0,T2,mid,7,1.0594536473879264,2.272940452564376,1.0241071428571429,0.5072073022433525,0.7357142857142858,0.2035322644031192
PhysionetMI,97,0,T2,late,8,4.452759061124466,3.5521713387194738,0.65234375,0.2273518039810493,0.72890625,0.2169105135728499
PhysionetMI,98,0,T1,early,7,3.7785894981010713,4.708965112292351,0.5803571428571429,0.1342733656936247,0.5866071428571429,0.1153618420095515
PhysionetMI,98,0,T1,mid,8,0.5444365918057817,1.0723537229142637,0.7151785714285713,0.3758302883114197,0.99140625,0.4876495914316318
PhysionetMI,98,0,T1,late,8,1.2463574265908213,2.632539587663493,0.8046875,0.380246502079572,0.755357142857143,0.2297472546526033
PhysionetMI,98,0,T2,early,7,1.9721127716131523,3.906806219066799,0.7258928571428571,0.2263951924473337,0.6321428571428571,0.1665507675252963
PhysionetMI,98,0,T2,mid,7,0.6372942024742095,6.028461569373615,0.6526785714285716,0.1895382412547905,0.9017857142857144,0.2481114895052016
PhysionetMI,98,0,T2,late,8,3.319475020868956,2.005946312819185,0.6642857142857144,0.2057411006828827,0.6697916666666667,0.1819818796306074
PhysionetMI,99,0,T1,early,7,4.048236180553095,1.1775702160344972,0.9660714285714284,0.6301914492875177,0.99375,0.5412514434160892
PhysionetMI,99,0,T1,mid,7,10.7545134786853,1.070352904967259,0.7741071428571428,0.3537021764024597,0.8624999999999999,0.5614673060065792
PhysionetMI,99,0,T1,late,8,0.7636867897572689,1.406206020378847,0.796875,0.3733426919399923,0.628125,0.1838976872475562
PhysionetMI,99,0,T2,early,7,4.420546446665695,65.5573714755025,0.9214285714285714,0.4304256762265723,0.713392857142857,0.317714153230959
PhysionetMI,99,0,T2,mid,8,48.96867540133516,3.888252359649124,0.71171875,0.2182010410972814,0.88828125,0.6280584347502528
PhysionetMI,99,0,T2,late,8,6.368269763200449,8.112218278180443,0.7937500000000001,0.4064422621972277,0.56875,0.0661437827766147
PhysionetMI,100,0,T1,early,6,5.308822765163031,726.4080655714895,0.6322916666666666,0.2875094352316497,0.6385416666666667,0.1294226294505288
PhysionetMI,100,0,T1,mid,6,4.638060215726477,2.2645128007980584,0.8479166666666668,0.3092259040284663,0.6072916666666667,0.1079771789803547
PhysionetMI,100,0,T1,late,6,0.5149619889146535,1.355684032849786,0.7979166666666667,0.2462126311183531,0.6375000000000001,0.13910053318853
PhysionetMI,100,0,T2,early,6,0.939032823086495,4.651135445097852,0.615625,0.1415018955997881,0.665625,0.1099686271548996
PhysionetMI,100,0,T2,mid,6,0.9699508861622304,7.638627152599105,0.7468749999999998,0.3099216550866794,0.8385416666666666,0.3886142693561601
PhysionetMI,100,0,T2,late,6,0.4920647663521682,9.85740908841352,0.6635416666666666,0.1683411972173049,0.625,0.1646887847830973
PhysionetMI,101,0,T1,early,7,1.242446085971399,2.1277221076449013,0.6302083333333334,0.1502782430933441,0.6303571428571428,0.0972517771727864
PhysionetMI,101,0,T1,mid,7,2.7110085665120462,4.643705698016075,0.8052083333333333,0.2841154187659577,0.7883928571428571,0.5795763979152432
PhysionetMI,101,0,T1,late,8,4.7906944054258265,2.492698918684031,0.778125,0.3028671583797094,0.7205357142857143,0.213905913419705
PhysionetMI,101,0,T2,early,7,1.3877591253614,1.472463793401514,0.7294642857142858,0.2943234199145628,1.0303571428571427,0.6098926699654219
PhysionetMI,101,0,T2,mid,8,1.371514407551751,1.6099662605045673,0.8171875,0.3196639776292442,0.6053571428571429,0.0900414445391336
PhysionetMI,101,0,T2,late,8,8.042736379699802,8.049206494895897,0.9703125,0.4457125396135383,0.975,0.6779614269474122
PhysionetMI,102,0,T1,early,7,1.9648767095939803,1.85764358774253,0.828125,0.4612701836144047,1.0666666666666669,0.3507741933526784
PhysionetMI,102,0,T1,mid,7,9.033514141992557,11.635869272578386,1.1660714285714284,0.6895979122736995,1.221875,0.9603652598317304
PhysionetMI,102,0,T1,late,8,4.341311187980902,4.595205383571023,0.9203125,0.5640148871871646,0.7625,0.2914470899666009
PhysionetMI,102,0,T2,early,7,9.70273609273029,16.445458794315257,1.0178571428571428,0.7579152899465044,1.2339285714285713,0.5438357603023853
PhysionetMI,102,0,T2,mid,8,6.1804868508325415,1.9835652724939563,0.696875,0.2341040100041005,0.5875,0.0565961571133588
PhysionetMI,102,0,T2,late,8,1.6255511546331316,9.702534444168233,1.09453125,0.5196757317894857,0.9741071428571428,0.4890820092118437
PhysionetMI,103,0,T1,early,7,21.35924203708046,1.517209832003851,0.9464285714285714,0.6976431716127947,0.7052083333333333,0.3679089396130817
PhysionetMI,103,0,T1,mid,7,1.1274563755919769,2.2224575569052742,0.8705357142857143,0.2859374128749727,0.7635416666666667,0.5118824616197442
PhysionetMI,103,0,T1,late,8,1.7444430613180872,4.660051932256778,0.7765624999999999,0.4627295671812533,0.7107142857142857,0.2093973678274424
PhysionetMI,103,0,T2,early,7,2.0776010440699326,1.83379819946964,1.1919642857142858,0.6199682657283387,0.8946428571428572,0.316058817343241
PhysionetMI,103,0,T2,mid,8,3.510471490229212,1.9899984396211885,0.6578125000000001,0.1638689334308062,0.6609375,0.1627927051306353
PhysionetMI,103,0,T2,late,8,1.986441597451238,1.8238346879870224,0.925,0.4205767059942811,0.81328125,0.5938276059480037
PhysionetMI,104,0,T1,early,7,26.00176547984413,27.540946635627904,1.125892857142857,0.5116546662046381,0.5552083333333333,0.0933614633948194
PhysionetMI,104,0,T1,mid,7,3.895023746412453,1.6803916446704077,0.7142857142857143,0.3158165841052657,0.5616071428571427,0.0620904951811203
PhysionetMI,104,0,T1,late,8,1.8816375437257464,1.3697617220165392,0.92734375,0.6576542824869595,0.6062500000000001,0.0916962546945075
PhysionetMI,104,0,T2,early,7,3.590272887989816,2.5490953734164528,1.35,0.8199929224433239,0.96875,0.8147770290962166
PhysionetMI,104,0,T2,mid,7,1.07195970860876,3.992552731487524,0.7312500000000001,0.3041748205038863,0.6062500000000001,0.0547926285448795
PhysionetMI,104,0,T2,late,7,6.140178977558889,2.74179852236181,0.8455357142857143,0.4201364877838474,0.9821428571428572,0.5433899523418909
PhysionetMI,105,0,T1,early,7,0.8574338551759321,11.810098120638488,0.8250000000000001,0.2858453940257116,0.6830357142857143,0.2559278088980307
PhysionetMI,105,0,T1,mid,8,0.538277083194486,4.909095594375641,0.69765625,0.0904058503274953,0.63671875,0.1280273065050479
PhysionetMI,105,0,T1,late,8,1.8645332417964051,2.5477182821766102,0.6359375,0.219702168784812,0.7140625,0.1543557047658103
PhysionetMI,105,0,T2,early,7,1.7678392306297572,1.565736604711616,0.8651785714285714,0.3359231872840903,0.8660714285714286,0.446087369611078
PhysionetMI,105,0,T2,mid,7,20.17761836161873,66.59405462600273,0.6035714285714286,0.1363939746709165,0.7017857142857143,0.4286830211858888
PhysionetMI,105,0,T2,late,8,16.37651235570227,6.092189914394845,0.67578125,0.144948721401527,0.68671875,0.3524251568928324
PhysionetMI,106,0,T1,early,8,22.334276572115343,1.8308550084844069,0.65546875,0.1500793247284165,0.66875,0.1849303078189186
PhysionetMI,106,0,T1,mid,8,2.535661861349165,3.3154955139427944,0.8187500000000002,0.4396376348767244,0.740625,0.1647085494138054
PhysionetMI,106,0,T1,late,8,7.498053828587541,1.012437027448183,0.7640625000000001,0.437541850676881,0.63828125,0.1299578319530512
PhysionetMI,106,0,T2,early,7,9.980159433515151,2.3367632675979637,0.9035714285714284,0.5723722676327898,0.5616071428571429,0.0684187287881
PhysionetMI,106,0,T2,mid,7,4.431450703892434,1.0513445093742904,0.6232142857142857,0.0999282267940549,0.95625,0.6395275879227461
PhysionetMI,106,0,T2,late,7,3.775431938722279,3.3603686115861158,0.8651785714285715,0.5074100151449396,0.8196428571428572,0.4378369693558253
PhysionetMI,107,0,T1,early,8,3.278672852368361,0.7312089427006103,0.896875,0.2400154617415303,0.696875,0.1837914494066576
PhysionetMI,107,0,T1,mid,8,3.444135836126025,9.244608484642429,0.7953125000000001,0.1728876418913451,0.7124999999999999,0.1668098343423832
PhysionetMI,107,0,T1,late,8,16.07558745855228,1.076898459451146,0.9,0.3312794798202871,0.6742187500000001,0.1472547451219739
PhysionetMI,107,0,T2,early,7,2.213025134822193,3.2304495674759184,0.7214285714285714,0.1612886561796734,0.6854166666666667,0.2045277419379146
PhysionetMI,107,0,T2,mid,7,11.14281754072534,14.105336335064177,0.98125,0.5744335978451586,1.0921875,0.2784364478094597
PhysionetMI,107,0,T2,late,7,0.9125872146699304,1.4323933725178208,0.8583333333333333,0.298426137799996,0.68625,0.0962094070244693
PhysionetMI,108,0,T1,early,7,66.12745993768772,18.16532355998875,0.5875,0.1073472752332354,0.7151785714285716,0.1352847997404598
PhysionetMI,108,0,T1,mid,7,2.265819938638613,0.9839294292123162,0.7026785714285714,0.2290278645822425,0.853125,0.3530143631992897
PhysionetMI,108,0,T1,late,8,1.8557215375943483,2.123560339826647,0.796875,0.3953094120432752,0.61484375,0.1358903474255529
PhysionetMI,108,0,T2,early,7,27.729761254551697,1.0775250886278371,0.8830357142857144,0.4090728067526486,0.5739583333333332,0.0584541160274925
PhysionetMI,108,0,T2,mid,8,5.020344905349033,1.6932475730351937,0.74453125,0.1534256455451222,0.753125,0.4058050447875186
PhysionetMI,108,0,T2,late,8,24.733102139490665,1.8383893197395027,1.0859375,0.5711124526691306,0.6703125000000001,0.2686182453199149
PhysionetMI,109,0,T1,early,7,68.14177813417746,2.325657200277569,1.075892857142857,0.3401586514602639,0.6785714285714286,0.2504874075208784
PhysionetMI,109,0,T1,mid,8,2.689978745252895,16.444321867819003,0.9098214285714288,0.4773421712664698,0.6625,0.16357815410378
PhysionetMI,109,0,T1,late,8,1.9098647280489995,3.102321534324163,0.86796875,0.3797927773285552,0.6859375000000001,0.1636900534356012
PhysionetMI,109,0,T2,early,7,1.737131476769037,3.657144070456367,0.6624999999999999,0.1332542548235193,0.5973214285714284,0.0721835104693133
PhysionetMI,109,0,T2,mid,7,0.9330290329359308,3.443247149840916,0.6705357142857142,0.152168634637191,0.6571428571428573,0.203634075573549
PhysionetMI,109,0,T2,late,8,0.6842678376116065,2.497317991386914,0.6328125,0.1016826212720246,0.69140625,0.1546776354177859
BNCI2014_004,1,0train,T1,early,20,1.1857160804495368,5.094174522383583,0.6265624999999999,0.1684821369426148,0.62,0.2313986009032898
BNCI2014_004,1,0train,T1,mid,20,1.89298860237102,43.44743845871732,0.6840625,0.2031824438005164,0.5840624999999999,0.0922690317427792
BNCI2014_004,1,0train,T1,late,20,1.261730958671318,8.644188160213455,0.6449999999999999,0.1913623036284837,0.636875,0.2806931988399433
BNCI2014_004,1,0train,T2,early,20,3.341102275887878,288.7907377314847,0.7409375,0.3575386506641624,0.7006249999999999,0.2469888977768029
BNCI2014_004,1,0train,T2,mid,20,2.144270837852041,9.515208196726157,0.778125,0.5355615481669684,0.6840625000000001,0.2406978380018192
BNCI2014_004,1,0train,T2,late,20,2.206122056355687,1.7993800075695303,0.7975,0.278524292028541,0.7090625,0.3360180136075296
BNCI2014_004,1,1train,T1,early,20,0.7166689350648492,2.2903572611961494,0.590625,0.161553735255487,0.7212500000000001,0.3112688247319349
BNCI2014_004,1,1train,T1,mid,20,1.1819433993547612,6.695984382010795,0.7084374999999999,0.3473913667878779,0.6259375,0.1866258267731184
BNCI2014_004,1,1train,T1,late,20,1.4015690235383478,67.32299078668264,0.6178125,0.1323801787230626,0.61375,0.1136675525380924
BNCI2014_004,1,1train,T2,early,20,3.7449592660729896,2.2095571167804797,0.7090624999999999,0.2487819938595838,0.8009375000000001,0.6690281985602325
BNCI2014_004,1,1train,T2,mid,20,1.7562375956983516,4.585179424853673,0.8240625000000001,0.4882217213712947,0.8196875,0.5035121763361338
BNCI2014_004,1,1train,T2,late,20,3.558672865230065,6.106685985296053,0.7199999999999999,0.3155822990916949,0.7971875000000002,0.3905848729389682
BNCI2014_004,1,2train,T1,early,26,2.369073868290143,3.430220032205003,0.6891826923076925,0.3280394013454163,0.6414062500000001,0.2276880268373903
BNCI2014_004,1,2train,T1,mid,27,1.499563533089188,2.956571721292078,0.7405092592592594,0.4723897896231375,0.6993055555555555,0.2842373920893034
BNCI2014_004,1,2train,T1,late,27,5.344623414259294,8.492463630119403,0.7752314814814816,0.3789165898512123,0.8432870370370371,0.5009450730577659
BNCI2014_004,1,2train,T2,early,26,2.1908302398501127,1.192758312166457,0.62925,0.1592337118828798,0.5975961538461538,0.1337342384121158
BNCI2014_004,1,2train,T2,mid,27,1.5176911448199113,4.0960819856472845,0.6728365384615385,0.2053589603773074,0.5909722222222222,0.155105375371506
BNCI2014_004,1,2train,T2,late,27,2.036063057523779,9.428381562552628,0.7525462962962963,0.3319034403105612,0.6159722222222223,0.1741740872067972
BNCI2014_004,1,3test,T1,early,26,1.9571081739035503,8.58173472425903,0.7365384615384615,0.3128684957551569,0.5990384615384616,0.1083321479983704
BNCI2014_004,1,3test,T1,mid,27,5.7151125648193375,2.8509081568688224,0.8824074074074075,0.4291566781369885,0.682638888888889,0.4627105793548637
BNCI2014_004,1,3test,T1,late,27,4.122481480645194,5.24449981585662,0.7596153846153846,0.2686674222933907,0.6282407407407407,0.1448016120722092
BNCI2014_004,1,3test,T2,early,26,1.7447985705602296,1701.4289716979251,0.7846153846153847,0.4043417860617689,0.630048076923077,0.3865839794525618
BNCI2014_004,1,3test,T2,mid,27,2.143984571316247,10.668316410103138,0.7194444444444444,0.2690450218187136,0.6351851851851853,0.1326932132951619
BNCI2014_004,1,3test,T2,late,27,5.1304825808109,2.183344866502707,0.9444711538461538,0.532671533977748,0.5898148148148148,0.0677889082137893
BNCI2014_004,1,4test,T1,early,26,9.632667824377258,25.532008013576373,0.7538461538461537,0.2718574647477116,0.6711538461538462,0.2159440708053276
BNCI2014_004,1,4test,T1,mid,27,5.561940108199857,31.881553483233805,0.795601851851852,0.3579851943145449,0.6145833333333334,0.2173466892624162
BNCI2014_004,1,4test,T1,late,27,2.2516880048157546,12.775199286809002,0.7420673076923077,0.306326313550633,0.6701923076923075,0.2670749886384215
BNCI2014_004,1,4test,T2,early,26,3.758638775284143,6.174860050066394,0.7927884615384614,0.3344443777221271,0.6514423076923077,0.2143675549020293
BNCI2014_004,1,4test,T2,mid,27,5.053756209345121,17.367507037522675,0.8770833333333334,0.4904380836444993,0.7351851851851853,0.3334381265316936
BNCI2014_004,1,4test,T2,late,27,3.128548547172437,4.883338260682979,0.711574074074074,0.219398534031688,0.7050480769230769,0.2219682173544954
BNCI2014_004,2,0train,T1,early,20,3.819241198509759,1.7127533401313433,0.7103125,0.2194922674463727,0.66625,0.3731642567288565
BNCI2014_004,2,0train,T1,mid,20,7.381460068251783,3.603001790660698,0.806875,0.2905739202423369,0.8912500000000001,0.4743885867619498
BNCI2014_004,2,0train,T1,late,20,2.388703245337564,5.696408718237141,0.8525,0.3964313465153834,0.7065625000000001,0.2685498891616788
BNCI2014_004,2,0train,T2,early,20,1.4763345432520956,3.011893160456798,0.7371874999999999,0.2978993839683962,0.7353125,0.2601702792763808
BNCI2014_004,2,0train,T2,mid,20,1.552068354278534,1.9954893841980907,0.6806249999999999,0.1914469982136048,0.7521875,0.3743498269917457
BNCI2014_004,2,0train,T2,late,20,0.9391309141953856,10.41953798896568,0.8696874999999998,0.5043841967872804,0.6915625000000001,0.2795733007079717
BNCI2014_004,2,1train,T1,early,20,3.3758519534487665,4.656071479478072,0.938486842105263,0.5458623638075871,0.6194078947368421,0.133815692439027
BNCI2014_004,2,1train,T1,mid,20,1.6318616839549025,3.5807625556642173,0.8703125000000002,0.6204644020560326,0.67,0.1637881634917493
BNCI2014_004,2,1train,T1,late,20,12.020797596316362,4.788096555667257,0.8946875000000001,0.458373802664103,0.6928124999999999,0.1828514915682942
BNCI2014_004,2,1train,T2,early,20,1.1261834675254916,2.464552492713019,0.6575,0.2548866169495762,0.6503125000000001,0.1422952888143173
BNCI2014_004,2,1train,T2,mid,20,1.405641781446853,3.281614504064281,0.5720394736842106,0.1002129398343812,0.6993421052631578,0.3140742894281198
BNCI2014_004,2,1train,T2,late,20,11.794857071528511,2.936125068387034,0.8265625,0.4411361175632188,0.6960526315789474,0.2796718187041471
BNCI2014_004,2,2train,T1,early,26,2.856424410095197,6.355929410955373,0.7115384615384616,0.291731466456243,0.6862980769230769,0.3263517526207106
BNCI2014_004,2,2train,T1,mid,27,5.954771985230595,35.209636682994706,0.8275462962962963,0.4058821670199383,0.6960648148148147,0.2458283200297911
BNCI2014_004,2,2train,T1,late,27,86.381394892182,4.274739139927685,0.8210648148148147,0.2693664772011924,0.6863425925925926,0.2055088890137086
BNCI2014_004,2,2train,T2,early,26,9.602577371010549,3.0390876211801348,0.7177884615384615,0.2317606906951204,0.7397499999999999,0.2433739406756606
BNCI2014_004,2,2train,T2,mid,27,51.10287787668749,22.97495712155168,0.6747685185185185,0.3026335099154275,0.6400462962962963,0.111391909844814
BNCI2014_004,2,2train,T2,late,27,5.173626161614673,3.670561836882938,0.9233796296296296,0.414220572002687,0.7641203703703703,0.386582667901815
BNCI2014_004,2,3test,T1,early,20,3.549582814759913,2458.02769212896,0.72875,0.2867204104175355,0.7431249999999999,0.4784002475699609
BNCI2014_004,2,3test,T1,mid,20,20.6460453852718,5.826193353366714,0.7753124999999998,0.3111374984934313,0.65,0.1657016332146427
BNCI2014_004,2,3test,T1,late,20,2.355024331182428,23.95538716485721,0.7103125,0.2061010352199862,0.5971875000000001,0.1347665081492801
BNCI2014_004,2,3test,T2,early,20,27.602899533480382,3.282437692593563,0.7503124999999999,0.2504096253516426,0.7346874999999999,0.3454191011926671
BNCI2014_004,2,3test,T2,mid,20,11.38926280092882,2.592820991073329,0.8784375000000001,0.5545073651167765,0.7143750000000001,0.3199432322694137
BNCI2014_004,2,3test,T2,late,20,2.3952873945090403,2.3817367788399597,0.6962499999999999,0.1974980221419951,0.7125,0.2332461851665249
BNCI2014_004,2,4test,T1,early,26,8.65777118637424,3.941829605663094,0.8569711538461539,0.3543485309401435,0.7395,0.3297476307723833
BNCI2014_004,2,4test,T1,mid,27,4.920903952186107,14.125414615683626,0.7768518518518519,0.2440425287319896,0.7485576923076922,0.3229982161454395
BNCI2014_004,2,4test,T1,late,27,11.77232927189148,4.898750271074761,0.75075,0.2645356781230086,0.6893518518518519,0.1899897567811376
BNCI2014_004,2,4test,T2,early,26,9.36924622283642,2.2235190473177924,0.8078124999999999,0.2674523541095684,0.6846153846153847,0.2087496456787554
BNCI2014_004,2,4test,T2,mid,27,8.193743230936958,1.3166394583218473,0.8896634615384614,0.4619732652432998,0.7354166666666666,0.2364560389022309
BNCI2014_004,2,4test,T2,late,27,10.330797989759825,6.3814754306478445,0.7649038461538461,0.372822511887121,0.6743055555555556,0.3301073642219759
BNCI2014_004,3,0train,T1,early,20,7.733105131128247,7.094613128268546,0.6900000000000001,0.2413940632037167,0.62,0.1773458837977357
BNCI2014_004,3,0train,T1,mid,20,18.66753284864448,12.801295555599811,0.745625,0.3762328692113436,0.6025,0.0991644782671698
BNCI2014_004,3,0train,T1,late,20,4.883630526143442,2.911299361836287,0.7898026315789473,0.3960288614129305,0.8768750000000001,0.5303562334648289
BNCI2014_004,3,0train,T2,early,20,20.31656292417908,2.063431857861621,0.7253125,0.3116016775769187,0.9625,0.6298561343672061
BNCI2014_004,3,0train,T2,mid,20,20.57096816067666,3.0675711543371253,0.90375,0.5521775076911409,0.9282894736842108,0.5939884161946318
BNCI2014_004,3,0train,T2,late,20,13.912842018250018,3.576258098686452,0.8009374999999999,0.3816661407156128,0.7374999999999999,0.3453521276976053
BNCI2014_004,3,1train,T1,early,20,40.22574502290043,36.90231221054032,0.7593749999999999,0.2309584310541617,0.6909375000000001,0.1831631252975063
BNCI2014_004,3,1train,T1,mid,20,12.029182381359906,2.581325962381138,0.7625000000000001,0.5214912511250788,0.7515625,0.3899563026401162
BNCI2014_004,3,1train,T1,late,20,2.030975950022793,2.3117290724658432,0.7894736842105264,0.4172378068504506,0.6731249999999999,0.2558388469818451
BNCI2014_004,3,1train,T2,early,20,14.86459204381186,74.0004143037199,0.7109375,0.2611862586713742,0.7414473684210526,0.3389176520358534
BNCI2014_004,3,1train,T2,mid,20,7.334065201499114,2.1453817001184903,0.7309375,0.3318418945352591,0.7049342105263158,0.1923450648215826
BNCI2014_004,3,1train,T2,late,20,3.845878603434518,3.5933547581501952,0.8259868421052632,0.5222486771145739,0.8896875,0.3747148655561318
BNCI2014_004,3,2train,T1,early,26,4.920643757291428,99.98286184530993,0.7337500000000001,0.3750041666435188,0.7360576923076922,0.3660236062406956
BNCI2014_004,3,2train,T1,mid,27,10.095781771140226,8.8245847839548,0.7872685185185185,0.4268020126363017,0.7643518518518518,0.289594897924632
BNCI2014_004,3,2train,T1,late,27,38.44407226512136,8.035608624025011,0.8664999999999999,0.471897367019567,0.6680288461538461,0.1589982058274902
BNCI2014_004,3,2train,T2,early,26,7.693483043155376,48.81493935031422,0.98525,0.6123364067242776,0.6278846153846154,0.1696223071149721
BNCI2014_004,3,2train,T2,mid,27,3.869062996525957,7.375121347176739,0.8767500000000001,0.5115342119545867,0.7710648148148147,0.3607081678769055
BNCI2014_004,3,2train,T2,late,27,20.25901703224573,90.40390617151203,0.9163461538461538,0.5011347607647524,0.7923611111111112,0.4396716384887226
BNCI2014_004,3,3test,T1,early,26,34.90474409005246,19.03803403955606,0.8127499999999999,0.3743305691497824,0.635576923076923,0.1836853074139663
BNCI2014_004,3,3test,T1,mid,27,4.970506313495246,12.462224073849166,0.9881944444444444,0.7615912415041303,0.6413461538461539,0.1639458323555239
BNCI2014_004,3,3test,T1,late,27,6.0350119764786525,3.520543458610832,0.9067129629629632,0.5139881452359312,0.6655092592592593,0.2037010732153391
BNCI2014_004,3,3test,T2,early,26,13.466436943475555,6.674715528345825,0.8475961538461539,0.4125804005382273,0.789,0.4282642291856746
BNCI2014_004,3,3test,T2,mid,27,8.845355814042646,2.754463672362508,0.86275,0.3765571005836963,0.717361111111111,0.2639747667280639
BNCI2014_004,3,3test,T2,late,27,2.8382555363232047,2.526656943904994,0.7586538461538461,0.2699997603001347,0.7030092592592594,0.2701935304476175
BNCI2014_004,3,4test,T1,early,26,13.22298208272388,3.894218761500084,0.8315,0.5089925097680711,0.7539999999999999,0.3820662573428855
BNCI2014_004,3,4test,T1,mid,27,71.59146637758937,13.99923640722803,1.0273148148148148,0.6911396673469996,0.6265,0.1774144159869766
BNCI2014_004,3,4test,T1,late,27,3.37409112269074,7.905417343126467,0.8157407407407407,0.4045043347835849,0.7034722222222222,0.3680267284308385
BNCI2014_004,3,4test,T2,early,26,5.69809062145541,4.382316626854755,0.7396634615384616,0.3818758352773673,0.7639423076923078,0.4129161205779403
BNCI2014_004,3,4test,T2,mid,27,23.09921865690792,7.040473034549584,0.8802884615384614,0.3974516642860953,0.6081730769230769,0.15938932091361
BNCI2014_004,3,4test,T2,late,27,8.342579618116222,3.2447505970275907,0.909490740740741,0.5464303625513225,0.7041666666666667,0.242723980182337
BNCI2014_004,4,0train,T1,early,20,1.6669447386890237,3.765133340307759,0.7000000000000001,0.1920591542988774,0.6181249999999999,0.1365578517515562
BNCI2014_004,4,0train,T1,mid,20,3.931357750441637,6.1218265651954376,0.8159375000000001,0.3209816181944848,0.6953124999999999,0.2506466246905192
BNCI2014_004,4,0train,T1,late,20,2.521281673461776,4.665009593701214,0.7040625,0.3853786439577963,0.5684375,0.0861384015335204
BNCI2014_004,4,0train,T2,early,20,6.069309416619203,3.414157464910347,0.7165625,0.338120234485826,0.7328125,0.337198215770413
BNCI2014_004,4,0train,T2,mid,20,6.450320655223559,7.2236012735161665,0.9118055555555554,0.5675502030875254,0.6881250000000001,0.2773613110637459
BNCI2014_004,4,0train,T2,late,20,3.664349505115746,12.709512943576245,0.9774999999999998,0.4988831275960332,0.6528124999999999,0.1712257624271242
BNCI2014_004,4,1train,T1,early,23,15.609619094518496,25.294407839513877,0.6772727272727272,0.2535580992805077,0.6633152173913043,0.2640501868612754
BNCI2014_004,4,1train,T1,mid,23,4.906207615468186,3.9728399116658015,0.6545454545454545,0.224377150994547,0.6318181818181817,0.2041639434517886
BNCI2014_004,4,1train,T1,late,24,5.665402481802707,76.58532487362052,0.7815104166666665,0.388303431067758,0.6945312499999999,0.3142312072783416
BNCI2014_004,4,1train,T2,early,23,1.1725403686308071,4.059700358091559,0.6421195652173913,0.2116929799718833,0.6445652173913045,0.1047983368134522
BNCI2014_004,4,1train,T2,mid,23,0.9344171919256052,8.855066046612173,0.6725543478260869,0.4204751902708057,0.6391304347826088,0.1678287796866654
BNCI2014_004,4,1train,T2,late,24,1.2950275633988424,1.955026175564309,0.7033854166666665,0.3589217212357402,0.6981770833333334,0.3043707176218824
BNCI2014_004,4,2train,T1,early,26,1.362258417031856,3.79746811666818,0.6622596153846154,0.2313830228710157,0.5819711538461538,0.1365716796672361
BNCI2014_004,4,2train,T1,mid,27,5.439115598138601,1.1575079575602527,0.7533653846153846,0.4327740307439791,0.5946759259259259,0.1395336116220418
BNCI2014_004,4,2train,T1,late,27,3.3579783530295995,8.395671814296486,0.8328703703703704,0.2931539095383866,0.7027777777777777,0.2659731288061138
BNCI2014_004,4,2train,T2,early,26,0.8092664922237008,0.8129642132741258,0.6060096153846154,0.1543585592424033,0.5947115384615385,0.1196912633432785
BNCI2014_004,4,2train,T2,mid,27,0.8814076779416513,0.9227604427310884,0.5905092592592592,0.1449014908270296,0.5949074074074074,0.1165182219922765
BNCI2014_004,4,2train,T2,late,27,1.2432457266181565,1.3652460383588654,0.6430555555555556,0.1440097626148833,0.6520833333333333,0.156772275279452
BNCI2014_004,4,3test,T1,early,26,2.611831142941525,2.8768418041290285,0.7201923076923078,0.2467414298614222,0.6069711538461539,0.134944866357935
BNCI2014_004,4,3test,T1,mid,27,1.5613297264758617,2.0361526454844863,0.6597222222222222,0.1980762027573364,0.5914351851851852,0.1321578845441615
BNCI2014_004,4,3test,T1,late,27,5.640316824339982,2.202610999280428,0.6937499999999999,0.2445806851295938,0.641435185185185,0.1900075241272452
BNCI2014_004,4,3test,T2,early,26,0.7632124424832039,1.1098789740129744,0.5810096153846154,0.1199143420395373,0.5862980769230769,0.0879627056908529
BNCI2014_004,4,3test,T2,mid,27,1.0513027762663445,1.4938712097392617,0.5650462962962963,0.1149081162123362,0.5898148148148148,0.1237220337384296
BNCI2014_004,4,3test,T2,late,27,1.0203203416913704,1.3869783261324964,0.6203703703703703,0.1692815068651313,0.6155092592592594,0.1474549755744902
BNCI2014_004,4,4test,T1,early,26,3.16161992054284,4.394311475052494,0.8362980769230769,0.3082500391417934,0.6461538461538462,0.1662029730613681
BNCI2014_004,4,4test,T1,mid,27,1.5887055752403552,16.16865084764394,0.8062500000000001,0.3761440880832769,0.5981481481481481,0.1234488809194897
BNCI2014_004,4,4test,T1,late,27,5.041809654268125,3.0171555478316856,0.8740740740740741,0.3638612042998168,0.5971153846153846,0.089908987923719
BNCI2014_004,4,4test,T2,early,26,2.556804330425817,2.2163966392436136,0.7380000000000001,0.3839715158706437,0.6514423076923078,0.197469779914016
BNCI2014_004,4,4test,T2,mid,27,1.9976507189021864,2.464848821703202,0.8763888888888888,0.6032999850104261,0.5958333333333333,0.1172603939955857
BNCI2014_004,4,4test,T2,late,27,1.2789638047946872,1.2922108443156175,0.6560185185185184,0.182768079689427,0.735648148148148,0.4726544635788549
BNCI2014_004,5,0train,T1,early,20,24.914601300924637,1.308637839206974,0.7775000000000001,0.521769824731174,0.586875,0.0551241496533053
BNCI2014_004,5,0train,T1,mid,20,3.2597055823838,14.545846967188954,0.9865131578947368,0.669815196791761,0.7460526315789474,0.3479806083805019
BNCI2014_004,5,0train,T1,late,20,2.259801908769238,30.440199872655157,0.885763888888889,0.5705664124859601,0.6884374999999999,0.2808836155220699
BNCI2014_004,5,0train,T2,early,20,43.23759624137604,1.979477138292098,0.7228125000000001,0.2910532798625537,0.6572368421052631,0.1725779662417336
BNCI2014_004,5,0train,T2,mid,20,14.881121169103588,2.7509813576870963,0.6440789473684211,0.2464340556159254,0.661875,0.163086681323154
BNCI2014_004,5,0train,T2,late,20,6.432694379870141,7.066215937668435,0.9486111111111112,0.4466530410096968,0.6421052631578948,0.1740793700516012
BNCI2014_004,5,1train,T1,early,23,3.258820855946598,2.6417718899820968,0.9192934782608696,0.5778165688521537,0.6258152173913044,0.1430489088106206
BNCI2014_004,5,1train,T1,mid,23,24.06326065236185,3.2186401581425086,0.8767857142857144,0.5232721810971839,0.5722826086956522,0.0815489085160018
BNCI2014_004,5,1train,T1,late,24,1.7345170570878872,43.606498843053565,0.6978260869565216,0.2776711226666341,0.6983695652173914,0.2166570480391264
BNCI2014_004,5,1train,T2,early,23,8.485843836851693,2.756694470685691,0.6777173913043478,0.3402505974210311,0.7467391304347825,0.541180741518532
BNCI2014_004,5,1train,T2,mid,23,1.8808195419902127,137.4640297438979,0.6523809523809524,0.1692560334974308,0.6244565217391305,0.1631562110267254
BNCI2014_004,5,1train,T2,late,24,4.257711771087596,1.2795931803506704,0.6653645833333334,0.2465714059351294,0.6140625000000001,0.1572701075180849
BNCI2014_004,5,2train,T1,early,26,42.19236884401607,1.2829725787643769,0.851923076923077,0.5698894155938652,0.6644230769230769,0.2095293577882296
BNCI2014_004,5,2train,T1,mid,27,2.9897544163910426,1.3433377623947158,0.8238425925925925,0.4816512788206575,0.5905092592592593,0.1640186371733165
BNCI2014_004,5,2train,T1,late,27,4.619196989145059,1.3502054044332208,0.71825,0.3220535669729494,0.6472222222222223,0.1826560511581572
BNCI2014_004,5,2train,T2,early,26,5.292669538233014,2.2844794437752216,0.65975,0.2523147835541944,0.654,0.1722360299124431
BNCI2014_004,5,2train,T2,mid,27,14.724362086943868,257.0018725118459,0.75775,0.3324120184349537,0.606,0.1272237202725969
BNCI2014_004,5,2train,T2,late,27,168813.76187705624,1.5007175159178654,0.6462962962962964,0.1813597948043274,0.6784722222222223,0.2200479570345103
BNCI2014_004,5,3test,T1,early,26,5.607113696521783,11.526773646845012,0.7872395833333332,0.4326760809627987,0.6495000000000001,0.1797300058420963
BNCI2014_004,5,3test,T1,mid,27,3.791070447218227,9.1746072187486,0.8504629629629629,0.4654713297437803,0.6451388888888888,0.1669471020309823
BNCI2014_004,5,3test,T1,late,27,6.886726238106579,2.1129525930078046,0.7814814814814814,0.4024860586838285,0.6143518518518519,0.1166271611537932
BNCI2014_004,5,3test,T2,early,26,7.375724743191563,3.956810244263554,0.7024038461538461,0.2761507659995353,0.70175,0.195156347578038
BNCI2014_004,5,3test,T2,mid,27,2.623321646303688,14.332178863937344,0.7233173076923076,0.3029579619677861,0.6337962962962962,0.1738741833998056
BNCI2014_004,5,3test,T2,late,27,57.82911168376271,6.729957048491708,0.9120370370370372,0.6059383169916128,0.7247685185185185,0.3029058795719995
BNCI2014_004,5,4test,T1,early,26,26.32988919353089,2.6093532937086765,0.9692500000000002,0.4828946572493839,0.7879999999999999,0.380689834379643
BNCI2014_004,5,4test,T1,mid,27,2.4062845627157983,2.1640020402544904,0.8384259259259259,0.3811065444422796,0.6069444444444445,0.1731243175321932
BNCI2014_004,5,4test,T1,late,27,4.956876972406592,1.4942461175943813,0.6966346153846152,0.3103155902183201,0.6156250000000001,0.1229550271518943
BNCI2014_004,5,4test,T2,early,26,16.966978494576022,1.447517014157465,0.7826923076923078,0.4487204956429549,0.6362980769230769,0.1784853745790098
BNCI2014_004,5,4test,T2,mid,27,142.53454779993106,2.927428339076517,0.8979166666666666,0.4687361109053437,0.6020833333333333,0.1649038721105027
BNCI2014_004,5,4test,T2,late,27,1.850434254752596,2.9270366315651297,0.825,0.4730130224892803,0.6974537037037036,0.23480598804826
BNCI2014_004,6,0train,T1,early,20,4.46334748072143,5.449475181467294,0.6836805555555556,0.2060303848538479,0.6496875,0.128170342586536
BNCI2014_004,6,0train,T1,mid,20,6.860115800096351,24.437869209436386,0.906907894736842,0.4913139218525099,0.6925000000000001,0.2373815494093844
BNCI2014_004,6,0train,T1,late,20,1.5846483215317146,8.851105590286636,0.6884374999999999,0.2580370234457644,0.6328124999999999,0.2569797155783895
BNCI2014_004,6,0train,T2,early,20,17.131592195551477,3.93841118773642,0.8822368421052633,0.5822316383948253,0.6278124999999999,0.1512509684886348
BNCI2014_004,6,0train,T2,mid,20,6.23297466323353,5.311352656144487,0.7884868421052631,0.56837307911592,0.6690625000000001,0.2244391882420492
BNCI2014_004,6,0train,T2,late,20,1.836460233877168,6.498257946995064,0.6853125,0.4097220618526052,0.7321875,0.4659469314940812
BNCI2014_004,6,1train,T1,early,20,0.8955591383617717,3.177117786550307,0.637171052631579,0.1334707747586768,0.769375,0.4424492379075818
BNCI2014_004,6,1train,T1,mid,20,3.8711554633294702,2.4644809948219573,0.7837500000000001,0.2781523862921186,0.6875,0.3085816848907271
BNCI2014_004,6,1train,T1,late,20,17.03048473232963,2.584964632272889,0.7521875,0.3037221887988264,0.6468750000000001,0.1317030869987488
BNCI2014_004,6,1train,T2,early,20,10.857390374758038,1.916005659762863,0.8890625,0.5735439274534688,0.6411184210526315,0.1973333302138703
BNCI2014_004,6,1train,T2,mid,20,10.215378997809683,2.4418847005722344,0.7978125,0.5336975786611271,0.8081250000000001,0.4931923274697205
BNCI2014_004,6,1train,T2,late,20,12.061135337289084,85.49438246616899,0.7368750000000001,0.4385340458561912,0.6437500000000002,0.215239691971532
BNCI2014_004,6,2train,T1,early,26,2.2160115921932344,12.60928798496174,0.7646634615384615,0.4316885392443733,0.7524038461538461,0.4730573792085571
BNCI2014_004,6,2train,T1,mid,27,4.708577894995545,3.005823071980911,0.7895833333333333,0.4063265597375443,0.7509615384615385,0.3687202249537457
BNCI2014_004,6,2train,T1,late,27,7.205860104885054,12.09784655095313,0.8349537037037037,0.4766942835678676,0.6420673076923076,0.1702793739159649
BNCI2014_004,6,2train,T2,early,26,485.0354020834949,11.12349927847919,0.7305000000000001,0.254946808177706,0.7911057692307693,0.4600153277811937
BNCI2014_004,6,2train,T2,mid,27,5.769128190017432,5.447706458006226,0.7768518518518519,0.3806929552805966,0.742824074074074,0.2921558581287691
BNCI2014_004,6,2train,T2,late,27,32.933951583616086,14.604878791300532,0.8328703703703703,0.4810307719538631,0.7472222222222221,0.3753367829260595
BNCI2014_004,6,3test,T1,early,26,8.52316940686997,7.04827604912052,0.7377604166666667,0.4399650760238359,0.7177884615384614,0.307872918746734
BNCI2014_004,6,3test,T1,mid,27,2.4992166241643554,4.130278753608772,0.8774038461538461,0.45143027550116,0.6712962962962964,0.3787706236717058
BNCI2014_004,6,3test,T1,late,27,1.3983605191080362,4.115165441188955,0.7613425925925925,0.2606972767988103,0.7205000000000001,0.2584601033041657
BNCI2014_004,6,3test,T2,early,26,11.684364412268271,5.131982896313883,0.81375,0.4627094120503709,0.7516826923076925,0.3352379576631144
BNCI2014_004,6,3test,T2,mid,27,8.751665195672715,2.6578796708295656,0.7824519230769229,0.2901167455594283,0.6446759259259259,0.2595664103170582
BNCI2014_004,6,3test,T2,late,27,3.2271350802044663,93.45935020225002,0.7710648148148147,0.2808827239175383,0.8368055555555556,0.6311373050608768
BNCI2014_004,6,4test,T1,early,26,5.491460167005962,10.18275585345828,0.8233173076923077,0.4241420840813905,0.7336538461538461,0.2523630919479209
BNCI2014_004,6,4test,T1,mid,27,2.6932878344044604,4.039271896622219,0.8495370370370371,0.4214788981565042,0.6539351851851852,0.24105615021878
BNCI2014_004,6,4test,T1,late,27,12.280758380148873,10.93155719551049,0.8115384615384614,0.3523133213566093,0.7449519230769232,0.3567473722292227
BNCI2014_004,6,4test,T2,early,26,7.623665091068464,137.94615905057654,0.736,0.2665361138757748,0.6028846153846155,0.0909060755450696
BNCI2014_004,6,4test,T2,mid,27,3.7223991027172674,2.397784091544377,0.738,0.305935654999544,0.6872685185185184,0.2934591816994847
BNCI2014_004,6,4test,T2,late,27,7.159767973538945,2.9282915748396485,0.6916666666666667,0.2594454110141405,0.6703703703703703,0.1757885062707453
BNCI2014_004,7,0train,T1,early,20,21.591661440111984,4.872858097122788,0.7468750000000001,0.2981616853738924,0.6665624999999998,0.1927319523814097
BNCI2014_004,7,0train,T1,mid,20,3.912245660435437,3.4188845522941795,0.6743750000000001,0.1961733528667948,0.7171052631578947,0.29038060681527
BNCI2014_004,7,0train,T1,late,20,5.393637640533801,3.404600584212756,0.6762499999999999,0.2588330180830877,0.62375,0.1727036840950418
BNCI2014_004,7,0train,T2,early,20,5.635607787728389,5.268022946560987,0.693421052631579,0.1973037174642377,0.6240625000000001,0.1624552221959946
BNCI2014_004,7,0train,T2,mid,20,17.358723723617352,1.867530804479123,1.00875,0.5538586236576984,0.5650000000000001,0.076019117661283
BNCI2014_004,7,0train,T2,late,20,2.6447836523523485,1.4500665063873317,0.9134375,0.5351521213344389,0.6181249999999999,0.1460401806866863
BNCI2014_004,7,1train,T1,early,20,3.3967910948452285,47.29749139164513,0.73875,0.273601557926851,0.6315625,0.1960695328671693
BNCI2014_004,7,1train,T1,mid,20,5.195073324182911,360.5520590790387,0.8128125,0.4269508305633682,0.5828125,0.0804983258754491
BNCI2014_004,7,1train,T1,late,20,21.835581820577502,5.782251954927816,0.7390625,0.2822127618814394,0.6249999999999999,0.1191768643655302
BNCI2014_004,7,1train,T2,early,20,24.802459153997894,8.29904522504598,0.6953125,0.2725019710364496,0.6450657894736843,0.1572609263651299
BNCI2014_004,7,1train,T2,mid,20,9.136304433003136,28.28135557281196,0.6184027777777777,0.0967006096617318,0.736875,0.2481564841486113
BNCI2014_004,7,1train,T2,late,20,8.306445979254898,4.039566842479198,0.6915625000000001,0.1821451494516117,0.6726973684210527,0.1577390954390093
BNCI2014_004,7,2train,T1,early,26,6.521305013210177,7.812603409501005,0.7687500000000002,0.3476569927606585,0.5892499999999999,0.1202279085736752
BNCI2014_004,7,2train,T1,mid,27,40.00576975176498,3.635895242678079,0.7055288461538461,0.2909767150256703,0.7005,0.2042969652246454
BNCI2014_004,7,2train,T1,late,27,2.4288854747462425,82.50331736076562,0.9620370370370372,0.6001951021670328,0.7770833333333333,0.41844066794779
BNCI2014_004,7,2train,T2,early,26,29.06960879956111,9.739773491304907,0.8326923076923076,0.4043272089087072,0.7754807692307691,0.2157272129319996
BNCI2014_004,7,2train,T2,mid,27,12.109853461882858,4.511966774262612,0.7784722222222222,0.4024208188353316,0.8245370370370368,0.3200880861380459
BNCI2014_004,7,2train,T2,late,27,3.184585115074223,4.542486356533097,0.7730769230769231,0.3615902428139134,0.6050925925925925,0.1595171119949342
BNCI2014_004,7,3test,T1,early,26,5.770020412619821,4.873706967061858,0.6913461538461539,0.3077234809929816,0.7175480769230769,0.4687628819728931
BNCI2014_004,7,3test,T1,mid,27,3.111480755317781,1.405692654170707,0.7170000000000001,0.2495152800932239,0.7150462962962963,0.3588427389297139
BNCI2014_004,7,3test,T1,late,27,1.4650435092673892,2.3085306258197424,0.8487980769230768,0.4917407365833469,0.7157499999999999,0.2043826068920738
BNCI2014_004,7,3test,T2,early,26,3.631073253274169,1.947208143326447,0.8392500000000002,0.417505688584,0.7096153846153845,0.2469296480973224
BNCI2014_004,7,3test,T2,mid,27,10.178788193742625,16.491966961207456,0.6657407407407406,0.2168827072649232,0.6506944444444445,0.1994736515290202
BNCI2014_004,7,3test,T2,late,27,5.618553746032446,2.7509443004024643,0.7768518518518519,0.3887368805649721,0.6268518518518519,0.2021428521658775
BNCI2014_004,7,4test,T1,early,26,2.2580394621118653,2.468940925554474,0.9275,0.5185104868756273,0.8184999999999999,0.3828735104443764
BNCI2014_004,7,4test,T1,mid,27,2.0272213835747626,5.370795828711367,0.7844907407407407,0.2873659629697389,0.6592592592592593,0.2566216273747953
BNCI2014_004,7,4test,T1,late,27,24.350890259005617,5.627950186065672,0.7012019230769229,0.2901529936220549,0.6645833333333334,0.2205842410676868
BNCI2014_004,7,4test,T2,early,26,6.31320229412797,8.040066005227775,0.7588942307692308,0.3076751234684587,0.6598557692307693,0.2456360285552758
BNCI2014_004,7,4test,T2,mid,27,2.832867081903082,8.280345648675414,0.6379629629629628,0.189746769646339,0.7983796296296297,0.4885126963472448
BNCI2014_004,7,4test,T2,late,27,2.4371400867993,16.209798510308627,0.7606481481481482,0.3986080193023294,0.6403846153846154,0.1800459907961716
BNCI2014_004,8,0train,T1,early,26,2.1678132873526663,2.6999880487705714,0.758,0.2902182368494441,0.6920000000000001,0.2277712668446132
BNCI2014_004,8,0train,T1,mid,27,8.637764643832988,10.12312320750555,0.7493055555555556,0.3072679290894407,0.7895833333333333,0.3449746702993542
BNCI2014_004,8,0train,T1,late,27,6.831773268823368,19.829787667097097,0.9770833333333332,0.6069523899810461,0.7762019230769232,0.399661888466308
BNCI2014_004,8,0train,T2,early,26,6.421731771717149,8.732707334941672,0.7375,0.4184341518364352,0.8692307692307693,0.6086637196914558
BNCI2014_004,8,0train,T2,mid,27,1.797921633254573,11.908372215565604,0.7060185185185185,0.3068587179879571,0.7766203703703703,0.5117982791750374
BNCI2014_004,8,0train,T2,late,27,4.610075200161305,5.882911228990282,0.960648148148148,0.579178693956889,0.7113425925925925,0.203293463169263
BNCI2014_004,8,1train,T1,early,20,2.089794143081888,7.259041331979133,0.691875,0.179909916694439,0.668125,0.1720044966708719
BNCI2014_004,8,1train,T1,mid,20,2.111112212349491,3.914271186112049,0.8887499999999999,0.3375786945291423,0.6696875,0.1648184962883414
BNCI2014_004,8,1train,T1,late,20,6.724086985726237,3.736059403870908,0.788235294117647,0.378676113649175,0.7321875,0.2675136897782055
BNCI2014_004,8,1train,T2,early,20,2.186526694692388,16.817869095983443,0.707986111111111,0.1282021372736945,0.584375,0.0783496769297742
BNCI2014_004,8,1train,T2,mid,20,2.7729480199662926,4.61008708932996,0.7654605263157895,0.2861479105834986,0.6411184210526315,0.175999446179247
BNCI2014_004,8,1train,T2,late,20,33.69181975760228,2.9922158326095825,0.7680921052631579,0.5153837942081705,0.7967105263157894,0.2910067061892069
BNCI2014_004,8,2train,T1,early,26,5.82750422550644,10.299718112898764,0.9605,0.6190711792677801,0.8360576923076923,0.4958824074881191
BNCI2014_004,8,2train,T1,mid,27,1.6630994734938944,2.53484162743611,0.8680555555555555,0.3529568115258142,0.7532407407407407,0.4238798226867289
BNCI2014_004,8,2train,T1,late,27,1.213543679926794,2.219123853283251,0.8611111111111112,0.521672472160336,0.7627314814814815,0.3918752454422169
BNCI2014_004,8,2train,T2,early,26,2.990475070557538,4.2310858212918925,0.7365,0.3722426963689147,0.6343749999999999,0.1589407734697231
BNCI2014_004,8,2train,T2,mid,27,14.52497064388428,41.98164490332273,0.91875,0.633770197675418,0.7367500000000001,0.3630354665869438
BNCI2014_004,8,2train,T2,late,27,1.1481806601180071,3.613105861477236,0.6807870370370369,0.2599853423904654,0.6935185185185185,0.2443367906183124
BNCI2014_004,8,3test,T1,early,26,5.8690564570321415,3.359607619380792,0.9370192307692308,0.6325931138631693,0.692548076923077,0.2056957824072918
BNCI2014_004,8,3test,T1,mid,27,5.19050178425515,2.0796172839870875,0.90325,0.5221353991064004,0.7849999999999998,0.226956769011193
BNCI2014_004,8,3test,T1,late,27,2.71447313541953,7.804629277190795,1.1042499999999995,0.6506432394177318,0.7671296296296296,0.3276140978118128
BNCI2014_004,8,3test,T2,early,26,1.7028019035429949,6.573727306747536,0.7418269230769231,0.4304681081796458,0.7213942307692308,0.3072597808817243
BNCI2014_004,8,3test,T2,mid,27,2.064943106123338,4.204186222199301,0.7553240740740741,0.3263580232319199,0.6858796296296296,0.2896437416638723
BNCI2014_004,8,3test,T2,late,27,3.0717200935962428,7.555376417277169,1.02421875,0.5747234176853572,0.7192129629629629,0.2345758455850934
BNCI2014_004,8,4test,T1,early,26,1.4690465107691508,3.629736433906448,0.6257211538461539,0.1267346813479283,0.6459999999999999,0.1542813987491687
BNCI2014_004,8,4test,T1,mid,27,2.6217308866073505,7.874755717914378,0.7377403846153846,0.2944829275511278,0.6911057692307694,0.200264046528828
BNCI2014_004,8,4test,T1,late,27,6.0992023787116425,31.70494777114549,0.710576923076923,0.2551263428452842,0.683894230769231,0.2402058229322555
BNCI2014_004,8,4test,T2,early,26,2.39808091221,8.52906970320049,0.7271634615384615,0.3281190123432269,0.6997596153846154,0.2949213591461651
BNCI2014_004,8,4test,T2,mid,27,5.264750531915577,2.995895416459338,0.70475,0.2594000289128742,0.6091346153846153,0.1363944934381028
BNCI2014_004,8,4test,T2,late,27,1.708457375838012,4.343299929335464,0.7895833333333333,0.301486479335678,0.686111111111111,0.2368676604778434
BNCI2014_004,9,0train,T1,early,20,3.091007976773552,25.59537358555237,0.6144736842105264,0.2023713511867809,0.7228125,0.2806053375628304
BNCI2014_004,9,0train,T1,mid,20,17.60899783445654,12.797834719127533,0.72875,0.3521052754503971,0.7671052631578947,0.5271917053433461
BNCI2014_004,9,0train,T1,late,20,1.9412586250646036,37.249013699397615,0.7805147058823528,0.4710842973661014,0.7584375,0.5452969195481945
BNCI2014_004,9,0train,T2,early,20,2.895156239245376,3.7143341275297335,0.725625,0.3373662929591515,0.6207236842105263,0.1534425765799024
BNCI2014_004,9,0train,T2,mid,20,4.970699663884381,28.153491011622258,0.9771875,0.5866658806073096,0.6793750000000001,0.2439430325403863
BNCI2014_004,9,0train,T2,late,20,6.285865174462572,4.538961518537048,1.02125,0.7267554179364608,0.7381249999999999,0.3329255969807669
BNCI2014_004,9,1train,T1,early,20,8.622135235698767,32.57712755816888,0.6835526315789474,0.3091478799920858,0.6475000000000001,0.1873061497922585
BNCI2014_004,9,1train,T1,mid,20,4.909305110740714,7.2380473733982,0.7024305555555554,0.1972812045018261,0.7215625,0.3575441133185527
BNCI2014_004,9,1train,T1,late,20,4.522320442282774,2.2742050310486177,0.6331249999999999,0.1999521427116999,0.755625,0.2667139443767423
BNCI2014_004,9,1train,T2,early,20,2.7535867732928594,33.165211109495665,0.8474999999999999,0.4370149096426802,0.6612500000000001,0.1845878009241131
BNCI2014_004,9,1train,T2,mid,20,15.708992661164316,4.485381501455445,1.0845588235294117,0.681123901062513,0.5911184210526316,0.1237157014782027
BNCI2014_004,9,1train,T2,late,20,3.642917984625901,9.744094828891589,0.9703125,0.5479075074487938,0.7084374999999998,0.2266715254917344
BNCI2014_004,9,2train,T1,early,26,7.1898202268849225,1.8561492335255456,0.7653846153846154,0.271105679709972,0.6370192307692307,0.0938288622941165
BNCI2014_004,9,2train,T1,mid,27,6.060488480009474,3.3915420855098333,0.7374999999999999,0.235855898394957,0.6432870370370372,0.2098895069071805
BNCI2014_004,9,2train,T1,late,27,9.356009877862355,1.8418345249981831,0.7656250000000001,0.2489113918839701,0.6849537037037038,0.1764265537700361
BNCI2014_004,9,2train,T2,early,26,5.520147513275755,1.540669573275718,0.7360576923076922,0.3590490063755781,0.6307692307692307,0.12404591510104
BNCI2014_004,9,2train,T2,mid,27,1.7072581696898412,1.2611789871681365,0.6322115384615384,0.1455437036582353,0.6451388888888888,0.1764435610809121
BNCI2014_004,9,2train,T2,late,27,2.6413099862248206,1.498180648232022,0.7004629629629631,0.2157159022420686,0.6069444444444445,0.1178429458073041
BNCI2014_004,9,3test,T1,early,26,4.36287615409102,2.371320779612374,0.96725,0.5667734335693585,0.6673076923076924,0.1893364210220627
BNCI2014_004,9,3test,T1,mid,27,2.5324305063251287,1.397655751687371,0.6992788461538461,0.2644236232511839,0.632175925925926,0.1999110313088236
BNCI2014_004,9,3test,T1,late,27,1.808587766077024,2.966646491346629,0.7092592592592593,0.2067605239549319,0.7125,0.2858902194769744
BNCI2014_004,9,3test,T2,early,26,9.219164410524376,2.49060708575074,0.68175,0.2216903809370176,0.68125,0.2497623870802006
BNCI2014_004,9,3test,T2,mid,27,1.7804519788421913,2.1630801474901027,0.68125,0.1936043359248157,0.6094907407407407,0.0995122708207171
BNCI2014_004,9,3test,T2,late,27,1.5145202284384505,1.0771777146833423,0.6355769230769232,0.2734152833324488,0.6354166666666666,0.1640241908536213
BNCI2014_004,9,4test,T1,early,26,1.949274162370096,1.9628639913361907,0.6487980769230769,0.1618516952222057,0.7192307692307693,0.3266872028046574
BNCI2014_004,9,4test,T1,mid,27,1.365291065357502,1.4173132362440788,0.8138888888888888,0.4739765208150617,0.5997685185185185,0.1552372873951526
BNCI2014_004,9,4test,T1,late,27,4.252974423660842,5.144997527930085,0.6817307692307691,0.2017495820589147,0.7182870370370371,0.3727592231495724
BNCI2014_004,9,4test,T2,early,26,2.041005009302817,1.8179764401737852,0.7250000000000001,0.3062270399556512,0.6872596153846152,0.3137881181316802
BNCI2014_004,9,4test,T2,mid,27,0.9563322313525716,1.936074586943403,0.7192129629629629,0.2836799652818858,0.6567129629629629,0.1451065812585845
BNCI2014_004,9,4test,T2,late,27,1.470990767683652,2.159423581119425,0.7011574074074075,0.2926077923267176,0.6956018518518519,0.3348481846386955
Liu2024,1,0,T1,early,6,0.9772274408065624,2.244735506379228,1.003125,0.861289534046672,0.6979166666666666,0.294141287857081
Liu2024,1,0,T1,mid,7,3.039826317802275,2.1360582409290965,1.0258928571428572,0.6908879878349992,0.6741071428571429,0.1296642544325575
Liu2024,1,0,T1,late,7,3.0997909135801884,7.253972316099161,0.9589285714285714,0.423867413448679,1.0125,0.7718903627736631
Liu2024,1,0,T2,early,6,3.4028713604386045,3.872813887804919,1.0760416666666666,0.844347139518983,0.828125,0.2904008992611191
Liu2024,1,0,T2,mid,7,1.816191587584524,1.0879308306472204,1.0267857142857144,0.3647821372450427,0.7303571428571428,0.3008438387371802
Liu2024,1,0,T2,late,7,3.60990338041342,5.606645537092224,0.675,0.1431470273130791,0.6821428571428572,0.1247062875851306
Liu2024,2,0,T1,early,6,4.334601577673413,4.928323671310491,0.8697916666666666,0.212482127516384,0.6437499999999999,0.2083229164062369
Liu2024,2,0,T1,mid,7,14.100753769430703,2.968880745015124,0.69375,0.1741689450750949,0.6276785714285714,0.1013776280516946
Liu2024,2,0,T1,late,7,2.268839534316412,1.1750717735892828,0.9589285714285714,0.2991404565669813,0.7767857142857143,0.3310851052807654
Liu2024,2,0,T2,early,6,1.7048499594470687,17.554139220094875,0.8427083333333334,0.2899671467262379,0.5708333333333334,0.0951743648375035
Liu2024,2,0,T2,mid,7,13.211304313033809,1.7647698722955527,0.7857142857142857,0.2527463942293111,0.6919642857142858,0.2358900859575518
Liu2024,2,0,T2,late,7,9.010887246905517,18.24320935712196,0.8160714285714287,0.1755367134109046,0.5910714285714286,0.0691027591817476
Liu2024,3,0,T1,early,6,11.69958850440325,9.759179976286015,0.8135416666666666,0.300659359320847,0.5343749999999999,0.0290361663849299
Liu2024,3,0,T1,mid,7,3.2236283507477954,2.196862596171492,0.8160714285714287,0.4225224151764385,0.6142857142857142,0.0551696132349121
Liu2024,3,0,T1,late,7,275.6431368840829,1.281544128253209,0.6687500000000001,0.1642080561796093,0.6982142857142858,0.4347710076369313
Liu2024,3,0,T2,early,6,14.984408244637514,1.960975688296507,0.7687499999999999,0.284838221627646,0.7541666666666665,0.350811311660398
Liu2024,3,0,T2,mid,7,5.4028766275743045,5.907304900509163,1.0553571428571429,0.5157283832659615,0.8250000000000001,0.2013071125703922
Liu2024,3,0,T2,late,7,3.203398553110951,1.1520787015227334,0.83125,0.4073542684200081,0.7946428571428571,0.4443523147141655
Liu2024,4,0,T1,early,6,5.462181125230934,3.1292223160691077,1.4270833333333333,0.7750056003381881,0.6395833333333333,0.1886308490735866
Liu2024,4,0,T1,mid,7,14.839279213449196,2.641978265288525,0.9714285714285716,0.3215624721098339,0.6946428571428571,0.356593327223615
Liu2024,4,0,T1,late,7,2.151660179695522,8.304324760626315,1.0767857142857145,0.4616753541754869,0.5785714285714285,0.0983035308810088
Liu2024,4,0,T2,early,6,0.9439236157559204,10.414458705363618,1.0762500000000002,0.5917585022625361,0.7197916666666666,0.3036757596745069
Liu2024,4,0,T2,mid,7,3.913892412080124,18.32513657271689,0.6901785714285714,0.2430015327070164,0.6901785714285715,0.1857314552502827
Liu2024,4,0,T2,late,7,41.02203206189808,2.256290909246838,0.5553571428571429,0.101903127768384,0.7401785714285715,0.2718335794157138
Liu2024,5,0,T1,early,6,5.462181125230934,3.1292223160691077,1.4270833333333333,0.7750056003381881,0.6395833333333333,0.1886308490735866
Liu2024,5,0,T1,mid,7,14.839279213449196,2.641978265288525,0.9714285714285716,0.3215624721098339,0.6946428571428571,0.356593327223615
Liu2024,5,0,T1,late,7,2.151660179695522,8.304324760626315,1.0767857142857145,0.4616753541754869,0.5785714285714285,0.0983035308810088
Liu2024,5,0,T2,early,6,0.9439236157559204,10.414458705363618,1.0762500000000002,0.5917585022625361,0.7197916666666666,0.3036757596745069
Liu2024,5,0,T2,mid,7,3.913892412080124,18.32513657271689,0.6901785714285714,0.2430015327070164,0.6901785714285715,0.1857314552502827
Liu2024,5,0,T2,late,7,41.02203206189808,2.256290909246838,0.5553571428571429,0.101903127768384,0.7401785714285715,0.2718335794157138
Liu2024,6,0,T1,early,6,1.806483091159271,0.3601402021727022,1.0364583333333333,0.6715519249076889,1.0950000000000002,0.6637417607774879
Liu2024,6,0,T1,mid,7,2.371560454142485,1.41675895706085,0.7089285714285715,0.3137805396145789,0.8651785714285716,0.3800971613164406
Liu2024,6,0,T1,late,7,1.615958328592184,0.9639208573754418,0.8214285714285714,0.3525395295537213,0.6169642857142856,0.098181812813509
Liu2024,6,0,T2,early,6,3.058136494710149,0.7699536231359492,0.6447916666666667,0.1237129925023596,0.6729166666666666,0.231690646240964
Liu2024,6,0,T2,mid,7,0.920919365341566,0.8976644591353423,0.9553571428571428,0.41045799456963,0.8508928571428572,0.4148933351981407
Liu2024,6,0,T2,late,7,4.65974240229083,17.075287973766322,0.7285714285714286,0.2462182073126292,0.713392857142857,0.2089896125726475
Liu2024,7,0,T1,early,6,1.8194238852323552,3.8848201342306337,0.7864583333333334,0.3041256393563175,0.6552083333333334,0.1471702115937717
Liu2024,7,0,T1,mid,7,1.2821517581272863,3.795980303132867,0.8401785714285713,0.4310086946895145,0.6991071428571428,0.192476476166702
Liu2024,7,0,T1,late,7,1.8432766625158996,2.3140845081984245,0.8866071428571428,0.396165050766697,0.6848214285714286,0.1955377527617161
Liu2024,7,0,T2,early,6,1.799362198024639,2.669105401278436,0.6166666666666667,0.1087132760470812,0.8937499999999999,0.7692156448833665
Liu2024,7,0,T2,mid,7,1.9994059966451645,1.2858364343537383,0.8427083333333333,0.423840585614319,0.6196428571428572,0.1186996402346558
Liu2024,7,0,T2,late,7,9.115015124681644,3.612190436188709,0.8571428571428571,0.3260359274994217,0.6107142857142858,0.0948868149589879
Liu2024,8,0,T1,early,6,3.4029367136083417,1.886549160673145,0.9791666666666669,0.5040934864244484,0.6052083333333333,0.0487361981887066
Liu2024,8,0,T1,mid,7,1.4881277657621803,1.4530887605031289,0.7874999999999999,0.2724311839712921,0.7848214285714284,0.2666311227374721
Liu2024,8,0,T1,late,7,3.804329121912839,1.094391526059654,0.7276785714285714,0.2206387122119113,0.6267857142857143,0.0844304900676362
Liu2024,8,0,T2,early,6,1.2508247865022044,1.4458594415157882,0.6760416666666668,0.1960686750789687,0.803125,0.282445376356208
Liu2024,8,0,T2,mid,7,11.829192762227748,1.4455064180396011,0.6848214285714286,0.1653883802645476,0.5625,0.1034559084827928
Liu2024,8,0,T2,late,7,9.02041714070051,28.972486689822844,0.6446428571428572,0.1273628714359415,0.6258928571428571,0.0709020774860422
Liu2024,9,0,T1,early,6,11.307179377053284,1.1939108815002286,0.6875,0.1831793861219105,0.609375,0.111905256616181
Liu2024,9,0,T1,mid,7,2.9407829942388446,3.2455113652139613,1.210714285714286,0.4415970696673331,0.5973214285714287,0.1309672610593493
Liu2024,9,0,T1,late,7,3.517437236833523,8.557692478847025,0.75625,0.2982650726642806,0.6866071428571427,0.0736810036992062
Liu2024,9,0,T2,early,6,2.927523742705465,2.926287797336377,0.8322916666666668,0.4095446001522775,0.5458333333333333,0.0647176023625377
Liu2024,9,0,T2,mid,7,2.5642505953554657,4.028160871905597,0.963392857142857,0.1737656908199154,0.5625000000000001,0.0791979887912024
Liu2024,9,0,T2,late,7,8.849769824877788,55.77144969549744,0.7607142857142858,0.3769253295835034,0.7258928571428572,0.3213988081458159
Liu2024,10,0,T1,early,6,1.12542929682423,3.269164742410701,0.7125,0.1951895446311951,0.8802083333333334,0.530040494063635
Liu2024,10,0,T1,mid,7,1.5643037425031605,3.78812376004275,0.7857142857142857,0.2254884154678552,0.7366071428571429,0.3167466556690868
Liu2024,10,0,T1,late,7,0.5120401948662592,46.58511082223196,0.6017857142857143,0.0995926012537567,0.6919642857142857,0.0993120468677452
Liu2024,10,0,T2,early,6,0.6072552009997843,0.5765228753370047,0.7708333333333334,0.2344837710565251,0.5968749999999999,0.0697605652093883
Liu2024,10,0,T2,mid,7,15.76759284267942,18.86104766613447,0.8258928571428573,0.3528491901937826,0.9044642857142858,0.5209635891542611
Liu2024,10,0,T2,late,7,34.97578983425311,18.02400226637237,0.7705357142857144,0.2804992815298739,0.6635416666666666,0.1685344559644176
Liu2024,11,0,T1,early,6,1.0296868529409111,3.53110160915202,0.7312500000000001,0.2655085529068068,0.8291666666666667,0.3271894732244436
Liu2024,11,0,T1,mid,7,2.068823044820495,9.628627002208122,0.7107142857142856,0.3856915502558689,0.6839285714285713,0.1478588681748889
Liu2024,11,0,T1,late,7,2.8882781030403613,5.690475181473002,0.6517857142857143,0.1822697387200114,0.7830357142857143,0.1661913929228365
Liu2024,11,0,T2,early,6,83.34371806162987,4.568169792076367,0.6229166666666667,0.1647546576647295,0.9406249999999998,0.6418636399514048
Liu2024,11,0,T2,mid,7,1.1722070373493514,26.56811762691673,0.6553571428571429,0.2749478150857143,0.6866071428571429,0.1051905462501653
Liu2024,11,0,T2,late,7,8.85641044664061,3.4201125269835124,0.7348214285714285,0.2660234856135059,0.6383928571428571,0.126395274065617
Liu2024,12,0,T1,early,6,13.568236490589792,3.256026906744037,0.6145833333333334,0.0721387070549199,0.6260416666666666,0.1580898621477319
Liu2024,12,0,T1,mid,7,6.075695128221459,1.0629063051409349,0.5758928571428571,0.0976526147282565,0.6687500000000001,0.2103356161675227
Liu2024,12,0,T1,late,7,1.9475674896281088,1.2942557489123798,0.8651785714285714,0.5675159015123609,0.6205357142857143,0.0831652215871072
Liu2024,12,0,T2,early,6,23.11392137400235,2.259893264924546,0.5770833333333334,0.0874007373475126,0.8062499999999999,0.5005986000113597
Liu2024,12,0,T2,mid,7,2.7902790721518818,4.614022685405477,0.6991071428571429,0.2015683089259453,0.78125,0.4843514779234875
Liu2024,12,0,T2,late,7,7.922693619442048,3.919555894437848,0.661607142857143,0.1545597351663552,0.6633928571428572,0.13477115902938
Liu2024,13,0,T1,early,6,1.4059687218956027,0.8187637446465263,0.6854166666666667,0.1900749121326174,0.6291666666666665,0.119605834120061
Liu2024,13,0,T1,mid,7,2.6841933624256025,1.4181755154743287,0.5375,0.0448210728500397,0.6114583333333333,0.092872046461187
Liu2024,13,0,T1,late,7,1.7419891775542595,1.2246405428505698,0.7482142857142858,0.2845484025035933,0.6080357142857142,0.088433432245817
Liu2024,13,0,T2,early,6,1.4657636643806615,2.4334359944395048,0.8950000000000001,0.5932089640253256,0.62375,0.1172204120450017
Liu2024,13,0,T2,mid,7,1.9222394246821912,2.8132947065100837,0.6160714285714286,0.1415340515745311,0.5910714285714286,0.0547780773220641
Liu2024,13,0,T2,late,7,26.297821791204704,2.2464228388576037,0.5919642857142858,0.1557926981469875,0.8589285714285714,0.4922032411638966
Liu2024,14,0,T1,early,6,3.411285239403396,2.508505050176317,0.9458333333333334,0.365088935131641,0.8260416666666667,0.4655504228121327
Liu2024,14,0,T1,mid,7,2.385306021557347,55.449102692975536,1.0455357142857142,0.6169274591035144,0.6401785714285715,0.0934135117832183
Liu2024,14,0,T1,late,7,1.8689747253262936,69.26147487183542,1.1339285714285716,0.554042138583818,0.7741071428571429,0.403284901446476
Liu2024,14,0,T2,early,6,10.975777965362685,1.1765748614243412,1.0468750000000002,0.8564001541092419,0.5937500000000001,0.0693158531650588
Liu2024,14,0,T2,mid,7,1.340075485353827,1.9497813182291897,1.2267857142857146,0.6873434422856315,0.5857142857142856,0.06901040663907
Liu2024,14,0,T2,late,7,21.79967996700488,1.7682209534610385,0.6794642857142856,0.3463572275579544,0.8482142857142857,0.328207290458643
Liu2024,15,0,T1,early,6,1.029259377846962,3.520742590297831,0.7312500000000001,0.2655085529068068,0.7333333333333334,0.1311838457619263
Liu2024,15,0,T1,mid,7,2.0684654837225147,9.647060309439098,0.7107142857142856,0.3856915502558689,0.6839285714285713,0.1478588681748889
Liu2024,15,0,T1,late,7,2.8872182534932187,5.712164254374218,0.6517857142857143,0.1822697387200114,0.7830357142857143,0.1661913929228365
Liu2024,15,0,T2,early,6,81.28783466320932,4.567890391857306,0.6229166666666667,0.1647546576647295,0.9406249999999998,0.6418636399514048
Liu2024,15,0,T2,mid,7,1.1720785868514123,26.65641798689602,0.6553571428571429,0.2749478150857143,0.6866071428571429,0.1051905462501653
Liu2024,15,0,T2,late,7,8.85151348571237,3.4212293863350074,0.7348214285714285,0.2660234856135059,0.6383928571428571,0.126395274065617
Liu2024,16,0,T1,early,6,0.6539026396376472,4.335258257221695,0.5770833333333333,0.1012079816790926,0.696875,0.2462148346295703
Liu2024,16,0,T1,mid,7,1.8994328927299136,10.148601869600146,0.7330357142857142,0.3145595398038862,0.8267857142857143,0.5537989163910656
Liu2024,16,0,T1,late,7,6.3453295884473935,2.9809440716848954,0.9160714285714286,0.6271913115840577,1.06875,0.6339097079688423
Liu2024,16,0,T2,early,6,1.2719479440397834,0.7434180923883669,0.8864583333333332,0.5377230238210209,0.7041666666666666,0.1653463326542872
Liu2024,16,0,T2,mid,7,2.7079026266398043,5.039894824130382,0.9321428571428572,0.4382318950938544,0.6151785714285715,0.1329967584383244
Liu2024,16,0,T2,late,7,4.83911760728685,5.6211009152097455,0.9696428571428573,0.6164271747211457,0.6526785714285716,0.1414551742656684
Liu2024,17,0,T1,early,6,2.355748726753001,3.4113705775143752,0.9822916666666668,0.533956545061383,0.6427083333333333,0.1154371597330003
Liu2024,17,0,T1,mid,7,1.0990420814660873,5.16352900663386,0.7901785714285714,0.2931673009162697,0.6322916666666667,0.1372828145856412
Liu2024,17,0,T1,late,7,16.769877734755656,3.0484588182136423,0.7999999999999999,0.3386389512234443,0.79375,0.3477125506178097
Liu2024,17,0,T2,early,6,4.794890099560195,1.9728150082222,0.8364583333333332,0.4717876114812916,0.5895833333333333,0.0759202798262024
Liu2024,17,0,T2,mid,7,1.0749370675496812,1.2412630719546056,0.8241071428571428,0.3795472598359519,0.6535714285714285,0.092693881201754
Liu2024,17,0,T2,late,7,18.515610388855418,22.30513805576846,0.81875,0.1948843521534905,0.7589285714285714,0.216244765183779
Liu2024,18,0,T1,early,6,1.6120933707024498,1.0473582147567355,0.6833333333333332,0.2890732918405911,0.6625,0.1755942292142123
Liu2024,18,0,T1,mid,7,29.583321055552037,34.317613867852295,0.7276785714285713,0.1198891388418688,0.6395833333333333,0.136295226948301
Liu2024,18,0,T1,late,7,3.435448199297852,9.065177431274522,0.884375,0.3913077366877208,0.8651785714285714,0.6012715056190404
Liu2024,18,0,T2,early,6,0.8766758000033337,36.10391551711555,0.6416666666666667,0.1711886548681178,0.7302083333333335,0.1784414829775358
Liu2024,18,0,T2,mid,7,2.531487079223889,1.5095243534583678,0.6760416666666668,0.1604606270934468,0.7098214285714286,0.1257502992247018
Liu2024,18,0,T2,late,7,0.4786769431885712,2.050665711719613,0.6732142857142858,0.1161949891785531,0.99375,0.4793969425970806
Liu2024,19,0,T1,early,6,1.59948675250031,6.1625275044173256,0.5750000000000001,0.1387725206948407,0.6937500000000001,0.1739177846953362
Liu2024,19,0,T1,mid,7,1.327579353632806,69.76998271317429,0.7589285714285714,0.2809593169038927,0.775892857142857,0.3763580850244422
Liu2024,19,0,T1,late,7,1.5668081170339756,1.3989554807644555,0.8395833333333335,0.2762911608350067,0.8464285714285715,0.291449141430913
Liu2024,19,0,T2,early,6,2.4897671968729167,2.0985688661845545,0.8739583333333333,0.5354784740590003,0.6604166666666668,0.1383810158784634
Liu2024,19,0,T2,mid,7,2.5741687236185715,1.5461410101628428,0.7366071428571429,0.2295042349882699,0.5794642857142858,0.0625637430048387
Liu2024,19,0,T2,late,7,1.89887926524188,1.777111840979953,0.5544642857142857,0.1004851115989887,0.7857142857142857,0.3034532332929052
Liu2024,20,0,T1,early,6,5.173356637671619,3.68551810070108,0.7624999999999998,0.2472768354159631,0.5875,0.1279648389206972
Liu2024,20,0,T1,mid,7,2.247559082393084,2.350222220602403,0.6857142857142858,0.1629702771197551,0.713392857142857,0.2169550997467504
Liu2024,20,0,T1,late,7,74.12168763637166,3.506667563120198,0.7642857142857142,0.3565977983610083,0.6035714285714285,0.0845720016872472
Liu2024,20,0,T2,early,6,2.503941425371529,5.093598996844857,0.85,0.2913018551834734,0.6145833333333334,0.1126542152882981
Liu2024,20,0,T2,mid,7,2.0273103361564333,2.688064280180396,0.8447916666666667,0.406545031758134,0.5616071428571429,0.0813823490364702
Liu2024,20,0,T2,late,7,17.188159930000552,18.26671382909572,0.6458333333333334,0.0973387198851972,0.7321428571428571,0.2371809080918304
Liu2024,21,0,T1,early,6,1.1938162839892468,1.4763945917852763,0.7125,0.1347741165802989,0.6302083333333334,0.1310721347727612
Liu2024,21,0,T1,mid,7,12.140797616795645,2.0039116618864843,0.8098214285714285,0.205527879334346,0.7669642857142858,0.271686907137985
Liu2024,21,0,T1,late,7,0.646379032767605,0.8326856262341453,0.8946428571428571,0.8018980592625098,0.6482142857142856,0.2780816436052622
Liu2024,21,0,T2,early,6,1.8453306396694005,1.3830305002346712,0.9583333333333334,0.5945243488612463,0.5927083333333333,0.0737232178300854
Liu2024,21,0,T2,mid,7,22.82212279339268,7.667762740770612,0.8250000000000001,0.2308998314049994,0.7276785714285714,0.1321971413596885
Liu2024,21,0,T2,late,7,1.031096516885216,3.722626183520107,0.7687499999999999,0.3452645207456368,0.8625,0.3592682294808235
Liu2024,22,0,T1,early,6,1.460032154152347,2.6658328821706525,0.921875,0.5470892437482207,0.7052083333333333,0.2186433271652461
Liu2024,22,0,T1,mid,7,15.38582316517447,1.692163566091493,0.5677083333333334,0.0696360204723261,0.6178571428571428,0.1773574808695933
Liu2024,22,0,T1,late,7,5.033458753275961,7.1461352371546605,0.7330357142857142,0.2802206219013431,0.6928571428571428,0.2713933247791734
Liu2024,22,0,T2,early,6,3.640092788539653,1.313041575173261,0.6989583333333332,0.117726768467876,0.6020833333333333,0.0695658660711
Liu2024,22,0,T2,mid,7,1.0506030479773871,260.47952551339483,0.59375,0.1192424001771182,0.974107142857143,0.611975254184917
Liu2024,22,0,T2,late,7,3.5766174584247867,2.843398582226716,0.7044642857142858,0.2714403192946388,0.6520833333333332,0.264763718037213
Liu2024,23,0,T1,early,6,5.3373237100150845,5.691565948502516,0.8416666666666667,0.1845485294501753,0.8739583333333333,0.4028611324189626
Liu2024,23,0,T1,mid,7,5.04586621497185,7.997681997778642,1.2785714285714287,0.5741244998487093,0.7732142857142857,0.3539590227638199
Liu2024,23,0,T1,late,7,1.384131265064912,0.860378397956887,0.8053571428571429,0.2054347679375402,0.6348214285714285,0.1191889042568945
Liu2024,23,0,T2,early,6,1.6881580380786996,2.7918878945586965,0.8322916666666665,0.218702871907425,0.5656249999999999,0.0349385621484342
Liu2024,23,0,T2,mid,7,0.7559341527098218,0.9636078777352588,0.8160714285714287,0.3691637682047116,0.7625000000000002,0.4022675682037658
Liu2024,23,0,T2,late,7,2.1517373882961,2.0417581389860664,0.6401785714285715,0.1913549298650899,0.5883928571428572,0.0799992028021504
Liu2024,24,0,T1,early,6,8.445993861381005,2.6883860397835573,0.7114583333333334,0.2011495824352834,0.6208333333333333,0.1059841445164742
Liu2024,24,0,T1,mid,7,1.3513008842008574,8.352745293358023,0.7928571428571428,0.1944379655545171,0.71875,0.2339490176451759
Liu2024,24,0,T1,late,7,1.1791561475270618,14.063444474103797,0.6955357142857143,0.1484937125034633,0.8285714285714285,0.3293977381494281
Liu2024,24,0,T2,early,6,1.5084315468434906,1.296444675078338,1.053125,0.6494363541756805,0.9333333333333332,0.5208624991833791
Liu2024,24,0,T2,mid,7,2.1588697195092266,4.931317182851359,0.7321428571428571,0.2963209787527363,0.6041666666666666,0.0876239201867212
Liu2024,24,0,T2,late,7,1.7569208416044624,4.692799867112527,1.0723214285714284,0.5890448642003564,0.8276785714285714,0.3672389917217619
Liu2024,25,0,T1,early,6,26.796501537604797,2.994565675198006,0.84375,0.4639616543063302,0.7697916666666668,0.3070655948065313
Liu2024,25,0,T1,mid,7,2.0952452511779294,1.0154325592791804,1.059375,0.5952913108652491,0.6705357142857142,0.1849141416872121
Liu2024,25,0,T1,late,7,1.5556303121407786,4.17422554074326,1.050892857142857,0.796738808890239,0.6151785714285714,0.0917255917597344
Liu2024,25,0,T2,early,6,2.152441578375957,1.2324464092423275,0.6458333333333334,0.1884581997567512,0.9354166666666668,0.3525329968795671
Liu2024,25,0,T2,mid,7,2.5867561301582844,1.3526152405967866,0.9125,0.3457894048405763,1.07875,0.6206171323771202
Liu2024,25,0,T2,late,7,2.7810745481281924,1.6386356731226357,0.9848214285714284,0.5421709125998809,0.6071428571428571,0.0725360571842496
Liu2024,26,0,T1,early,6,3.66078631585422,5.224667674727106,1.0012500000000002,0.2369533181873594,0.7739583333333333,0.2643145780704416
Liu2024,26,0,T1,mid,7,2.9881448148415632,17.076841135587166,0.80625,0.1910380478184534,0.625,0.0948546036486017
Liu2024,26,0,T1,late,7,23.02267740354941,12.698628753639264,0.8848214285714286,0.3409849366772913,0.6892857142857143,0.2130170779778092
Liu2024,26,0,T2,early,6,2.5222602232337388,5.172163890487818,0.7864583333333334,0.2872149099783799,0.6114583333333333,0.0921683713675985
Liu2024,26,0,T2,mid,7,2.522521414395278,4.863131444578441,0.9151785714285714,0.7235426943949091,0.6473214285714286,0.2162705693886097
Liu2024,26,0,T2,late,7,4.785866094609859,3.1509661698265687,0.682142857142857,0.2263212341350412,0.7196428571428573,0.1096579794131717
Liu2024,27,0,T1,early,6,3.3164977829943934,1.2912799751872632,0.8406250000000001,0.4326178488285013,0.6791666666666667,0.2099933861392358
Liu2024,27,0,T1,mid,7,1.819376322418538,1.7780308070793314,1.1041666666666667,0.4384612455951939,0.9098214285714288,0.8277272100056114
Liu2024,27,0,T1,late,7,1.953599877626033,0.6534359401170192,0.9285714285714286,0.4159066197195358,1.0776785714285717,0.8590696349860714
Liu2024,27,0,T2,early,6,0.8984597224567928,0.8309078858389558,0.9125,0.412064163692986,0.94875,0.5140586056083488
Liu2024,27,0,T2,mid,7,0.830904981200607,1.1156933171651773,0.7187499999999999,0.2483876578484297,0.7482142857142857,0.2321462911833917
Liu2024,27,0,T2,late,7,1.6207974119010622,1.5728316019088373,0.8883928571428571,0.2863803619920435,0.6133928571428572,0.177326014183262
Liu2024,28,0,T1,early,6,4.688066533166521,3.651143087820844,0.7604166666666666,0.278333645209406,0.8166666666666668,0.2630368188211596
Liu2024,28,0,T1,mid,7,3.0275333576215315,98.2476210583076,0.8017857142857142,0.4211182271340078,0.6241071428571427,0.0922455822735137
Liu2024,28,0,T1,late,7,35.12424770770876,4.145499405720663,0.6,0.1172603939955857,0.6125,0.1804322686534439
Liu2024,28,0,T2,early,6,0.6752644929548247,2.3929115745951144,0.6729166666666667,0.3346847604670533,0.6697916666666667,0.1150416968489638
Liu2024,28,0,T2,mid,7,3.0014781557314354,7.477549547873862,0.8848214285714286,0.2362952796474645,0.84375,0.3201736415045525
Liu2024,28,0,T2,late,7,6.207534098438872,3.131925294824976,0.9276785714285714,0.5525494598787016,0.7044642857142857,0.3117439834615735
Liu2024,29,0,T1,early,6,1.3088656980083375,0.9917631162595004,0.5958333333333333,0.1110828957230689,0.6958333333333333,0.2006391696276898
Liu2024,29,0,T1,mid,7,0.926741026739327,0.5244453353203428,1.1,0.3222641256278252,0.8767857142857143,0.5847171390108735
Liu2024,29,0,T1,late,7,12.020767006176037,2.24121057254716,0.7964285714285714,0.3766312310253539,0.6901785714285714,0.2150803717835047
Liu2024,29,0,T2,early,6,34.76750901556372,3.1321835712127197,0.8697916666666666,0.3340568320119929,0.6843750000000001,0.2177282686247547
Liu2024,29,0,T2,mid,7,2.8481072851194984,2.9839645228327205,1.1741071428571428,0.664891476874541,0.6223214285714286,0.0995445623726338
Liu2024,29,0,T2,late,7,2.14109716111961,2.1890535676376937,0.9008928571428572,0.3719733299085638,0.625,0.1322383422713196
Liu2024,30,0,T1,early,6,1.8146657492037024,4.345479898118008,0.7010416666666667,0.4411811895512872,0.6145833333333333,0.1687757182048281
Liu2024,30,0,T1,mid,7,19.50162409309239,2.3229724230588102,0.7544642857142857,0.2531655453795933,0.8571428571428571,0.3487770178255232
Liu2024,30,0,T1,late,7,0.7168556681312592,1.3734953376118306,0.7635416666666668,0.2853957565333133,0.8607142857142858,0.4593123048290203
Liu2024,30,0,T2,early,6,15.013758168262868,1.3018418805562055,0.9083333333333332,0.535116647460055,0.6989583333333332,0.2618895845845895
Liu2024,30,0,T2,mid,7,143.54743495410952,1.875116327799832,0.9044642857142856,0.4465606947343581,0.6580357142857143,0.1770515677791677
Liu2024,30,0,T2,late,7,12.018080293953828,278.6918343106767,0.6107142857142858,0.0892499928542842,0.6062500000000001,0.0888291900221993
Liu2024,31,0,T1,early,6,1.1281567195105202,2.13241662023402,0.653125,0.1107355850287822,0.6125,0.1573709789001771
Liu2024,31,0,T1,mid,7,156.4620212561685,8.838492896571752,0.5651785714285714,0.0956566324231133,0.5848214285714286,0.1016524817248271
Liu2024,31,0,T1,late,7,1.7582938515445885,6.549546635509364,0.7017857142857142,0.2796425150517885,1.042857142857143,0.5123086377430333
Liu2024,31,0,T2,early,6,0.9374622774060142,2.76124033901318,0.8885416666666668,0.4129009520218566,0.6572916666666667,0.1271388198540826
Liu2024,31,0,T2,mid,7,1.4755662433644945,2.490256256842967,0.625,0.1525453679588937,0.5830357142857142,0.0393465438152333
Liu2024,31,0,T2,late,7,2.4093812075462795,3.122882425799292,0.5964285714285714,0.1972992068935309,0.6089285714285715,0.0881264021454526
Liu2024,32,0,T1,early,6,5.670144505384913,8.81484036041586,1.0229166666666665,0.4140385868356823,0.6687500000000001,0.1558327762913395
Liu2024,32,0,T1,mid,7,0.9557735330116056,2.86275490386215,1.1802083333333335,0.6263674277242463,0.6901785714285714,0.1393486579389545
Liu2024,32,0,T1,late,7,2.7703996791233467,3.6132921214508986,1.0785714285714283,0.6070167936351529,0.6571428571428571,0.0967916445204832
Liu2024,32,0,T2,early,6,2.660071856463184,8.618207818571877,0.7083333333333334,0.1752849862050053,0.9291666666666668,0.4528219772223467
Liu2024,32,0,T2,mid,7,2.099544122429269,1.1760769909675015,0.6866071428571427,0.168383483302192,0.6205357142857143,0.1739032689134264
Liu2024,32,0,T2,late,7,0.7022784667899005,5.355291519190615,0.8062499999999999,0.3270567929784265,1.217857142857143,0.9459230455820734
Liu2024,33,0,T1,early,6,3.654461372568967,33.7698998156938,1.1104166666666666,0.6404716957489656,0.6729166666666666,0.1146022711622922
Liu2024,33,0,T1,mid,7,1.4694567378495875,0.8956470119272317,0.7089285714285714,0.1885345607899117,0.6517857142857142,0.1900338986945782
Liu2024,33,0,T1,late,7,0.9342989701938762,8.45501792425083,0.6901785714285715,0.1905952009160904,0.6732142857142858,0.1689883992516428
Liu2024,33,0,T2,early,6,5.780037595219516,1.4305488579098593,0.6812500000000001,0.1629800601300662,0.6510416666666666,0.1501915732674625
Liu2024,33,0,T2,mid,7,1.2513361486386658,6.306719553814316,0.6580357142857143,0.165451030118724,0.7616071428571429,0.3384317259998909
Liu2024,33,0,T2,late,7,14.90579398750086,4.878197128376261,0.7410714285714286,0.2436665869836176,0.7982142857142858,0.3098407260354973
Liu2024,34,0,T1,early,6,4.339706135384643,1.9527529589063264,0.7312500000000001,0.2472241729011681,0.5822916666666668,0.0809623647992626
Liu2024,34,0,T1,mid,7,5.159938672493757,2.553764879841017,0.7973214285714286,0.5124331091240404,0.5770833333333334,0.0391422796417832
Liu2024,34,0,T1,late,7,3.580442553510325,15.524571137004,1.082142857142857,0.4765181164511192,0.7892857142857143,0.2744050847018037
Liu2024,34,0,T2,early,6,1.2663693577454302,2.4257346683865872,1.00625,0.5814045493458061,0.525,0.0336572800445906
Liu2024,34,0,T2,mid,7,2.491397522084154,4.16143158083601,0.6535714285714285,0.1032322030913902,0.6,0.077127561314265
Liu2024,34,0,T2,late,7,2.3441851536615945,2.1942458822636026,0.7464285714285713,0.5132492035044568,0.7705357142857144,0.3720226190457143
Liu2024,35,0,T1,early,6,4.00185706444693,2.3708422902319164,0.934375,0.2747572318581138,0.7520833333333333,0.3022628776780606
Liu2024,35,0,T1,mid,7,12.551536213445912,1.0033445226437383,1.0178571428571428,0.7649436003619443,0.6803571428571428,0.1600930453307242
Liu2024,35,0,T1,late,7,3.713738070441574,1.4071942698945603,0.6196428571428572,0.1524512719071981,0.74375,0.2958417168496888
Liu2024,35,0,T2,early,6,1.4680356508499628,3.598873464767668,0.8302083333333333,0.5033535540226394,0.6593749999999999,0.2162882312062617
Liu2024,35,0,T2,mid,7,0.9323048692432898,1.197790294992198,1.1919642857142858,0.4861670683698628,1.0794642857142858,0.336849808323156
Liu2024,35,0,T2,late,7,1.4601575384230976,1.763950542872327,0.9982142857142858,0.3481891016534034,0.9114583333333334,0.3562941614928441
Liu2024,36,0,T1,early,6,4.589554958809755,2.422799643350849,0.9104166666666664,0.3933309057128474,0.5489583333333333,0.0510841659801634
Liu2024,36,0,T1,mid,7,1.3932555428166784,21.82158406496999,0.5107142857142858,0.0172670353623336,0.7089285714285715,0.2090010558024304
Liu2024,36,0,T1,late,7,4.765808996289444,1.7352202921380016,0.7089285714285715,0.1777481019732757,0.6267857142857142,0.1259213493593909
Liu2024,36,0,T2,early,6,3.2138243845828915,24.221241552924223,0.8135416666666666,0.3236634510010187,0.6020833333333333,0.1127119916226998
Liu2024,36,0,T2,mid,7,2.439217872787116,1.563623072581438,0.6625,0.1946838095843763,0.5580357142857143,0.0693331023511327
Liu2024,36,0,T2,late,7,1.20573889895623,1.1001412277530551,0.7535714285714287,0.332886073236929,0.5964285714285714,0.1384245355448821
Liu2024,37,0,T1,early,6,3.032877775528656,2.31444191013032,0.5700000000000001,0.101041451889806,0.8197916666666667,0.4487165822437984
Liu2024,37,0,T1,mid,7,2.507674529229114,3.631935260912651,0.7062499999999999,0.1607737985049625,0.5580357142857143,0.0814704622822885
Liu2024,37,0,T1,late,7,5.663088339871964,1.8456569621755032,0.7571428571428571,0.1303510272538059,0.5455357142857143,0.0543543973400872
Liu2024,37,0,T2,early,6,2.28630272459099,55.54645800105307,0.5825,0.1058743358892984,0.5583333333333332,0.078201351579681
Liu2024,37,0,T2,mid,7,1.118687120543982,3.107626470236967,0.7660714285714285,0.3035477931975491,0.7208333333333332,0.4050087876275717
Liu2024,37,0,T2,late,7,16.744077543201165,3.794801761052893,0.9071428571428573,0.6237167949527433,0.6767857142857142,0.1752776587391023
Liu2024,38,0,T1,early,6,7.540829088187189,549.1751148401434,0.7833333333333333,0.1782315714332215,0.6083333333333333,0.1070841439658032
Liu2024,38,0,T1,mid,7,2.746435619900064,3.59446602890217,0.9357142857142856,0.3209867995887122,0.5776785714285715,0.0630207894107903
Liu2024,38,0,T1,late,7,0.8193248546480127,8.895645606491279,0.525,0.0539717187846693,0.5383928571428571,0.0467024886807929
Liu2024,38,0,T2,early,6,3.3375944241439752,4.008687305345966,0.57375,0.0989317946870468,0.5364583333333334,0.0296280471944331
Liu2024,38,0,T2,mid,7,28.360466905144985,3.525353104022856,0.8883928571428571,0.6209460359740102,0.5875,0.0563656219102861
Liu2024,38,0,T2,late,7,5.581326274440289,20.530782719368403,0.6982142857142858,0.1165306848439675,0.6177083333333333,0.1537049674340061
Liu2024,39,0,T1,early,6,0.6123161104734782,16.955148892696265,0.8083333333333332,0.3449725733864778,0.6916666666666665,0.1346129998262508
Liu2024,39,0,T1,mid,7,1.1369634955657455,2.23192162523658,0.817857142857143,0.2192323399445233,0.6145833333333334,0.1201489237941351
Liu2024,39,0,T1,late,7,2.01347807548648,12.39505090606264,0.5802083333333333,0.099831672565485,0.725892857142857,0.2354808096951721
Liu2024,39,0,T2,early,6,86.54779851552898,11.031428667323327,0.703125,0.1696638066638452,0.5791666666666667,0.0821002520634918
Liu2024,39,0,T2,mid,7,1.3252086138072283,2.6574335405537752,0.9008928571428572,0.4499060984794267,0.5464285714285715,0.0305925744625211
Liu2024,39,0,T2,late,7,1.1363635540656734,1.3091326550212026,0.54625,0.0629483915600708,0.6258928571428571,0.1441349105837291
Liu2024,40,0,T1,early,6,8.374337255864324,1.7848636757255147,1.0677083333333337,0.8376276074011384,0.540625,0.0360392581083462
Liu2024,40,0,T1,mid,7,1.5845024362255309,2.089095544879997,0.5687500000000001,0.0748261874836165,0.5862499999999999,0.0631713938424664
Liu2024,40,0,T1,late,7,9.890480351674393,46.35604015606417,0.6928571428571428,0.2987964804590138,0.6991071428571428,0.3595853975945982
Liu2024,40,0,T2,early,6,3.1301405730266034,1.4147386847591352,0.7458333333333332,0.2202823314647717,1.05,0.6714121467722589
Liu2024,40,0,T2,mid,7,11.047812212985042,2.7793891682838288,0.9276785714285716,0.4453486939283346,0.66875,0.2672612419124244
Liu2024,40,0,T2,late,7,1.295116379986468,2.015159348317372,1.06875,0.5868062012769999,0.75625,0.3814621774922684
Liu2024,41,0,T1,early,6,1.1831186363651247,2.687428607490212,0.8968750000000001,0.4132529428711508,0.8302083333333333,0.5696354904795601
Liu2024,41,0,T1,mid,7,10.355749869218084,13.12491513691781,0.7107142857142856,0.255971414021016,0.8857142857142858,0.4362189700092355
Liu2024,41,0,T1,late,7,3.837904094068064,9.359638079919204,0.9776785714285714,0.4685160981051489,0.7776785714285716,0.220967261403686
Liu2024,41,0,T2,early,6,1.6294532554437375,2.7488630773948746,0.8447916666666666,0.4577517617084856,0.6104166666666667,0.1460712345246508
Liu2024,41,0,T2,mid,7,2.442735368411848,1.3746131465914309,0.9392857142857144,0.7067335124734507,0.6303571428571428,0.1980774946266006
Liu2024,41,0,T2,late,7,2.8548329843904656,1.080209718156131,0.8419642857142857,0.5321233817145672,0.7479166666666667,0.3032091091786144
Liu2024,42,0,T1,early,6,1.7927782942681798,2.528195901535136,0.8197916666666667,0.4056793534889621,0.61875,0.0814900300650331
Liu2024,42,0,T1,mid,7,10.250810181152357,3.978340150811764,0.7044642857142857,0.3119050458922734,0.6,0.1096276843076905
Liu2024,42,0,T1,late,7,2.7337479289291533,1.1484580104702882,0.7625000000000001,0.2794685645496261,0.6116071428571429,0.1422643952760679
Liu2024,42,0,T2,early,6,2.3058908585841054,1.0890224592657831,0.7625000000000001,0.2759453448299741,0.6052083333333333,0.1515723436093214
Liu2024,42,0,T2,mid,7,1.952562830081502,8.317404108527528,0.7598214285714285,0.5705168507948002,0.7875,0.5098472285190647
Liu2024,42,0,T2,late,7,6.102771074189068,2.37301064611748,0.6410714285714285,0.1298976736213735,0.5989583333333333,0.1272923486070112
Liu2024,43,0,T1,early,6,4.202283971516931,1.2074837469065365,0.6104166666666667,0.0719579834965439,0.6427083333333333,0.1073725423337932
Liu2024,43,0,T1,mid,7,13.102430771094395,9.21730076902509,0.8321428571428571,0.2816055009463865,0.5848214285714286,0.0839760504001964
Liu2024,43,0,T1,late,7,1.8549248518164756,24.881553526013057,1.0916666666666666,0.5604089218795703,0.6151785714285714,0.0919686198701292
Liu2024,43,0,T2,early,6,1.3389980093843008,2.9093760744050923,0.6802083333333333,0.1884841072360095,0.6512499999999999,0.1281112797531896
Liu2024,43,0,T2,mid,7,6.368984310669664,1.5545990214310523,1.08125,0.4913178494281137,0.5750000000000001,0.0515388203202207
Liu2024,43,0,T2,late,7,7.434981457285719,4.633684721462067,0.925,0.5805343136160982,0.7616071428571428,0.1399309687682043
Liu2024,44,0,T1,early,6,12.26386434416814,7.5564612571906675,0.7437499999999999,0.2449223941714327,0.7197916666666667,0.2312335767441417
Liu2024,44,0,T1,mid,7,6.059098380023796,5.172937293242099,0.9017857142857144,0.4990584246603696,0.6669642857142858,0.1251657064919646
Liu2024,44,0,T1,late,7,17.39339212180797,2.809815799026796,0.7642857142857142,0.3787861587777894,0.6214285714285716,0.0983602810994315
Liu2024,44,0,T2,early,6,11.21573972774228,3.6105582936297984,1.4125,0.8240050819018047,0.6291666666666667,0.1195513894616964
Liu2024,44,0,T2,mid,7,1.2752137372573085,1.754670694953503,0.5526785714285715,0.0622187549649441,0.8339285714285714,0.4073386120882222
Liu2024,44,0,T2,late,7,7.090108666016508,5.2089822910933705,0.8821428571428572,0.5490091375954187,0.8169642857142857,0.5994669719927898
Liu2024,45,0,T1,early,6,2.9418299589382144,83.70811035391782,0.8333333333333334,0.322540103019075,0.6229166666666667,0.1170195555831968
Liu2024,45,0,T1,mid,7,7.532534020727339,1.5733658290336878,0.6321428571428572,0.1872447241838708,0.6098214285714285,0.1127406722690328
Liu2024,45,0,T1,late,7,3.0405031622643555,3.8896846731910246,0.8973214285714285,0.3018702333041501,0.5830357142857142,0.0679510628230015
Liu2024,45,0,T2,early,6,1.5249737019274894,3.2449313192864326,0.7322916666666667,0.26564133936674,0.6145833333333334,0.0777839779274769
Liu2024,45,0,T2,mid,7,16.624610981838675,1.037166675133939,1.0464285714285717,0.4430371178074158,0.8098214285714286,0.3732676824413038
Liu2024,45,0,T2,late,7,2.15167666858916,6.706571346020718,0.63125,0.153675214099644,0.7955357142857143,0.2388522192759808
Liu2024,46,0,T1,early,6,1.353687053367542,3.5204126671141296,0.5697916666666668,0.0576692105652767,0.921875,0.6814387162161637
Liu2024,46,0,T1,mid,7,3.199300508247941,2.1381465326241287,1.01875,0.4944558697627698,0.5696428571428571,0.0742844264998267
Liu2024,46,0,T1,late,7,5.472906707388777,1.6874731631076112,1.1151785714285716,0.6317656764164694,0.9232142857142858,0.6350593536458315
Liu2024,46,0,T2,early,6,4.632767600352855,4.371470081548461,0.7489583333333334,0.1910571149697272,0.5510416666666665,0.0556000256045104
Liu2024,46,0,T2,mid,7,9.967083555425011,3.037048602588534,0.6885416666666666,0.1695742472995891,0.6696428571428571,0.1219918657375255
Liu2024,46,0,T2,late,7,3.244899083798736,3.776398823046548,0.8026785714285715,0.234041003515475,0.8205357142857143,0.3020708711949727
Liu2024,47,0,T1,early,6,1.194630008756368,2.5305191065539296,0.7291666666666666,0.1664451653114489,0.6916666666666668,0.1916779887960244
Liu2024,47,0,T1,mid,7,2.461219422854179,305.88615522015897,0.6553571428571427,0.1760310370940538,0.6383928571428571,0.1946674296415949
Liu2024,47,0,T1,late,7,1.5555895283598242,2.438328189950295,0.7651785714285714,0.2867197709276713,0.7303571428571428,0.2777747307089112
Liu2024,47,0,T2,early,6,2.6935637234288854,2.0828867460569387,0.8489583333333334,0.4528902648698566,1.0229166666666665,0.5485025384829337
Liu2024,47,0,T2,mid,7,24.73714756548006,1.5301508075701102,0.7357142857142858,0.2573195077751251,0.5651785714285714,0.0585213200291926
Liu2024,47,0,T2,late,7,2.6458549551017447,5.077098037227818,0.9678571428571427,0.5254083081814775,0.7910714285714285,0.4220599084567623
Liu2024,48,0,T1,early,6,3.2700000517931462,3.335764658324705,1.30875,0.873799176012429,0.5739583333333332,0.0820804250753829
Liu2024,48,0,T1,mid,7,1.1615660500142135,11.609564881021692,0.9642857142857144,0.6194099500528626,0.6364583333333333,0.0860305682914832
Liu2024,48,0,T1,late,7,8.162962364512559,4.115422751958128,0.7357142857142857,0.2590270748593746,0.6223214285714286,0.1352022766533348
Liu2024,48,0,T2,early,6,3.16878061859643,4.403842411677949,0.6900000000000001,0.2179664538409523,0.7447916666666666,0.183903587550349
Liu2024,48,0,T2,mid,7,7.480153758173249,3.055350439957416,0.6229166666666667,0.1986499573510035,0.6339285714285714,0.1438026744663445
Liu2024,48,0,T2,late,7,1.9214081691733291,1.3137780393126235,0.817857142857143,0.2450498439509973,0.8428571428571429,0.4651520077416871
Liu2024,49,0,T1,early,6,1.19464766557254,2.530529026201947,0.7291666666666666,0.1664451653114489,0.6916666666666668,0.1916779887960244
Liu2024,49,0,T1,mid,7,2.4611698151854826,304.0350324168565,0.6553571428571427,0.1760310370940538,0.6383928571428571,0.1946674296415949
Liu2024,49,0,T1,late,7,1.555585974911042,2.4383371433240293,0.7651785714285714,0.2867197709276713,0.7303571428571428,0.2777747307089112
Liu2024,49,0,T2,early,6,2.6934882081932465,2.082906649629532,0.8489583333333334,0.4528902648698566,1.0229166666666665,0.5485025384829337
Liu2024,49,0,T2,mid,7,24.73707983521512,1.5301492236858034,0.7357142857142858,0.2573195077751251,0.5651785714285714,0.0585213200291926
Liu2024,49,0,T2,late,7,2.645854861644038,5.077098067756232,0.9678571428571427,0.5254083081814775,0.7910714285714285,0.4220599084567623
Liu2024,50,0,T1,early,6,5.911435942556741,2.640101844581165,0.609375,0.1313863379186232,0.7666666666666666,0.2083437497395963
Liu2024,50,0,T1,mid,7,3.767338641763321,2.01113332780912,0.86875,0.5468065433344168,0.8214285714285714,0.4009037939965352
Liu2024,50,0,T1,late,7,4.321713037303043,1.1385531357321874,0.6285714285714287,0.1938754531304327,0.6464285714285715,0.0685351466514124
Liu2024,50,0,T2,early,6,3.14223101024292,43.0628916472563,0.6979166666666666,0.2925433253762974,0.5499999999999999,0.0411425367877739
Liu2024,50,0,T2,mid,7,1.0235467748932865,3.428491377137797,1.15,0.6341649458708899,0.6473214285714286,0.103932560060918
Liu2024,50,0,T2,late,7,2.2386168059673226,4.400099478627825,0.8919642857142857,0.3851413569014866,0.6232142857142857,0.0960558271984344
Cho2017,1,0,T1,early,33,3.931111499475991,2282.800356686778,0.559475806451613,0.08188909580308242,0.6810606060606061,0.37295999679012937
Cho2017,1,0,T1,mid,33,4.317540488231612,3.5322330165381177,0.7424999999999999,0.6356845063918631,0.62109375,0.15964858564496429
Cho2017,1,0,T1,late,34,5.390813534582008,12.718771904007403,0.7492647058823528,0.5485080966919981,0.600735294117647,0.19580131305867624
Cho2017,1,0,T2,early,33,55.46404267608493,3.23557289758665,0.5735887096774195,0.143611518828646,0.6791015625,0.28824889458926567
Cho2017,1,0,T2,mid,33,18.71452794376395,7.351447115360647,0.6489224137931034,0.4482877775273161,0.8174242424242425,0.5151326450420924
Cho2017,1,0,T2,late,34,8.083273325639677,11.471334526954662,0.7087121212121213,0.43746466143517393,0.7003676470588235,0.4103608223765063
Cho2017,2,0,T1,early,33,1.9057812830847372,13.435018338888815,0.5746093750000001,0.20954946963571483,0.7106060606060606,0.31176232953130206
Cho2017,2,0,T1,mid,33,21.808198420938144,7.382754854207413,0.7828125,0.3835706777684525,0.6707661290322581,0.4328246354615631
Cho2017,2,0,T1,late,34,4.2515470100029,4.159435565839826,0.7444852941176471,0.31644482455812006,0.7490808823529411,0.4355237200629339
Cho2017,2,0,T2,early,33,7.344414992777957,9.347260261390906,0.7151515151515151,0.4247799962627442,0.6736742424242425,0.20621704038618682
Cho2017,2,0,T2,mid,33,10.837762585737341,14.195702929038779,0.7693359375,0.406959594745438,0.5965909090909091,0.1268153306945716
Cho2017,2,0,T2,late,34,4.099054922707007,6.946051907187079,0.6435661764705882,0.23530079551645114,0.8288602941176471,0.5347119351987865
Cho2017,3,0,T1,early,33,3.2151264388776593,1.2400934385221416,0.6443181818181818,0.17861103702797698,0.5931818181818181,0.14502778303221653
Cho2017,3,0,T1,mid,33,9.234688424967532,1.7847694429697534,0.6731060606060606,0.41017620488538603,0.6865530303030303,0.2695311990541068
Cho2017,3,0,T1,late,34,4.137523062109493,1.0443446707145372,0.7700757575757576,0.46089955885387746,0.6292279411764706,0.15369021276158876
Cho2017,3,0,T2,early,33,76.86436755149958,4.41386155132661,0.8151515151515152,0.47807277220942773,0.621969696969697,0.13990765024428747
Cho2017,3,0,T2,mid,33,10.547238607749808,1.1971387824904638,0.7335227272727272,0.40764131851325947,0.6431640625,0.29018514839516013
Cho2017,3,0,T2,late,34,5.070456493356955,2.429579263199489,0.711764705882353,0.28575945600364955,0.6292279411764706,0.13245872508688736
Cho2017,4,0,T1,early,33,4.030031655605913,3.293334518547549,0.7761363636363636,0.601826950522038,0.6276515151515151,0.2066830297107907
Cho2017,4,0,T1,mid,33,2.630803458761937,20.086957950231483,0.6223484848484848,0.33251804997369744,0.7708984375,0.5385835947308306
Cho2017,4,0,T1,late,34,1.627905628275473,2.4946520284194946,0.6869485294117647,0.51568987481153,0.7097426470588235,0.5014047160569689
Cho2017,4,0,T2,early,33,4.596691678667478,2.0948386152300484,0.7375,0.5041066704143579,0.6164772727272727,0.19175610262143417
Cho2017,4,0,T2,mid,33,21.185102968916127,16.832771297467715,0.7670454545454546,0.4206756175565819,0.6950757575757576,0.46318989693691076
Cho2017,4,0,T2,late,34,3.049068045625013,5.153924461973315,0.6181985294117647,0.36271345023741736,0.6352941176470588,0.3134503283580205
Cho2017,5,0,T1,early,33,0.6672442025348388,1.9192455430673032,0.5956439393939394,0.17982054427981037,0.6585227272727273,0.15743729347715066
Cho2017,5,0,T1,mid,33,0.6556924496927314,1.0326921555570732,0.5683712121212121,0.12973913397036085,0.6009469696969696,0.11414123955247218
Cho2017,5,0,T1,late,34,0.8653911090586482,0.7611828618711524,0.6534926470588234,0.33675432049552806,0.6533088235294118,0.18788707163307222
Cho2017,5,0,T2,early,33,0.6923649434021208,1.05110771720439,0.6640151515151516,0.3052376988524429,0.6450757575757576,0.20556162429306166
Cho2017,5,0,T2,mid,33,0.5298049597362511,0.7464376469764955,0.6001893939393939,0.16072371869499485,0.6149621212121212,0.17122511012677055
Cho2017,5,0,T2,late,34,0.8499860912605343,0.920217530889527,0.6253676470588235,0.20397554491623607,0.5944852941176471,0.1659958023607347
Cho2017,6,0,T1,early,33,6.040896628985279,1.7444703692504895,0.7986742424242425,0.3202773034090482,0.77890625,0.38599363837657674
Cho2017,6,0,T1,mid,33,1.165129361918433,2.0295333238033955,0.6377016129032256,0.16407029644276835,0.6416015625,0.1859743226078095
Cho2017,6,0,T1,late,34,2.5676446393293437,2.034855983203492,0.781060606060606,0.3504815574099173,0.7338235294117647,0.37826433883542615
Cho2017,6,0,T2,early,33,2.5976195869987246,3.081690872307269,0.755859375,0.2705063317874637,0.687121212121212,0.24314921781861337
Cho2017,6,0,T2,mid,33,2.929167843889817,16.329778191780836,0.7390151515151515,0.2599170827820802,0.7170454545454545,0.32733815370848274
Cho2017,6,0,T2,late,34,9.124091950961327,12.919378643964485,0.7821691176470589,0.29978596973377764,0.6525735294117648,0.2931475269119664
Cho2017,7,0,T1,early,40,3.5120061437346664,20.525201200500085,0.6863486842105263,0.2750928942353746,0.66625,0.24051458505670711
Cho2017,7,0,T1,mid,40,2.010829137919212,8.156768682916939,0.6931089743589743,0.3566582649151445,0.6621710526315789,0.2138162955459598
Cho2017,7,0,T1,late,40,1.7974923386811141,2.643806458341484,0.8378289473684211,0.593244153233945,0.6642187500000001,0.2461817303049467
Cho2017,7,0,T2,early,40,9.326972841132203,4.967128147659941,0.7863782051282051,0.4307233215386546,0.6929487179487179,0.2800783268391594
Cho2017,7,0,T2,mid,40,4.047260808852473,2.803582012809237,0.6642187500000001,0.25920170227245326,0.6858552631578948,0.3434438954391305
Cho2017,7,0,T2,late,40,2.0265430989849227,4.776660917693677,0.67671875,0.2543642023967553,0.59015625,0.12089257482756126
Cho2017,8,0,T1,early,33,8.86793559513772,3.735756308894072,0.8200757575757575,0.4504883649863362,0.6841796874999999,0.2492909102770844
Cho2017,8,0,T1,mid,33,2.9783607471436144,60.27719764647481,0.9073863636363637,0.4877195857085776,0.7263257575757576,0.3722683257839724
Cho2017,8,0,T1,late,34,2.432295606330375,3.4880099409292753,0.9698863636363637,0.5741624634502518,0.6301136363636365,0.2238843053064114
Cho2017,8,0,T2,early,33,73.84256016000221,16.01872404942225,0.934375,0.5718515193266955,0.6575757575757577,0.19566658101846718
Cho2017,8,0,T2,mid,33,3.1042807033327953,21.06830167524791,0.7570075757575758,0.33177223547260054,0.8003787878787879,0.4715232092090199
Cho2017,8,0,T2,late,34,9.82737403653308,5.318675144033713,0.7354779411764705,0.4943679133040339,0.6700367647058825,0.2390371089541955
Cho2017,9,0,T1,early,40,2.407960738107271,15.268168168371004,0.7200320512820514,0.2949466878135818,0.6524038461538461,0.16584703540272813
Cho2017,9,0,T1,mid,40,1.6705823637276571,3.275107464784312,0.64921875,0.17543577161154306,0.66390625,0.2380482467346431
Cho2017,9,0,T1,late,40,2.083626227266906,4.505473530565773,0.63859375,0.2704664933470272,0.6274038461538461,0.14817002983605476
Cho2017,9,0,T2,early,40,1.8650406878711792,21.392803045046684,0.7109375,0.20626775491760704,0.7464062499999999,0.38077810831695347
Cho2017,9,0,T2,mid,40,1.4739146728059256,5.350990308960176,0.732852564102564,0.34544807264024685,0.6426282051282052,0.21458195696691926
Cho2017,9,0,T2,late,40,2.7973987211298943,3.250868267362518,0.91046875,0.5788819158178441,0.6135937499999999,0.15306687353388226
Cho2017,10,0,T1,early,33,2.077237226623738,3.023330716938878,0.6933712121212121,0.40613471381078364,0.5880681818181818,0.1004295183413222
Cho2017,10,0,T1,mid,33,17.061771516147616,6.521384973258832,0.6830078125,0.2794527400533762,0.6804924242424243,0.3167430040654822
Cho2017,10,0,T1,late,34,1.5462057557727409,3.0627024472260174,0.6145220588235294,0.3295625742135048,0.6051470588235294,0.14700964251146753
Cho2017,10,0,T2,early,33,2.29393650922362,2.8230307720104957,0.7160984848484848,0.37123434534586236,0.6577651515151515,0.25208895390223374
Cho2017,10,0,T2,mid,33,11.553017693862476,3.3223132955478154,0.8435546875,0.4680502182190522,0.64375,0.1925211519272465
Cho2017,10,0,T2,late,34,1.7761374518087947,3.2500455803822548,0.5845588235294119,0.19450892217196172,0.6647058823529413,0.26255200094589265
Cho2017,11,0,T1,early,33,3.6105825517630947,12.484544090887773,0.7259469696969697,0.4259351376747037,0.7053030303030303,0.3203082130611915
Cho2017,11,0,T1,mid,33,4.082962334811096,29.00551167389417,0.7582661290322581,0.47306052234821966,0.7416666666666666,0.40840096842453866
Cho2017,11,0,T1,late,34,3.7984562831212307,6.3475906701571505,0.7812500000000001,0.3785219710608059,0.7334558823529411,0.32828823794233064
Cho2017,11,0,T2,early,33,6.749405076702193,4.281980861017922,0.7098790322580646,0.3293473744059542,0.6814393939393939,0.36308235891765445
Cho2017,11,0,T2,mid,33,51.11240825894183,17.851412644205787,0.7267578125,0.35705854783157037,0.6831439393939395,0.3090165119540358
Cho2017,11,0,T2,late,34,13.410607433000168,3.405266184368612,0.6649621212121213,0.18235322160256395,0.7862132352941177,0.42791168314831857
Cho2017,12,0,T1,early,33,40.611780999389104,208.86423226391526,0.7514112903225807,0.4770427998161167,0.7392045454545455,0.32865540726080117
Cho2017,12,0,T1,mid,33,7.246577381805216,2.279680339704622,0.8528409090909093,0.5954572562394923,0.6606060606060606,0.1782403258276528
Cho2017,12,0,T1,late,34,2.87864154887003,3.5707971195178763,0.6475378787878787,0.3750124347494528,0.671590909090909,0.34017629574984004
Cho2017,12,0,T2,early,33,3.0561849443816334,4.112144852557016,0.7295833333333331,0.3232079331569006,0.5873106060606061,0.12879177801583908
Cho2017,12,0,T2,mid,33,287.6951003568681,2.2202732289166094,0.680859375,0.40881682336758035,0.6517578125,0.23046866724045126
Cho2017,12,0,T2,late,34,1.8540129891002344,2.232828080268621,0.6363636363636364,0.3034151202442579,0.661029411764706,0.24898718934611375
Cho2017,13,0,T1,early,33,3.750204174488259,11.715969441627342,0.6328125,0.15226159643849793,0.6948863636363636,0.37000606102175876
Cho2017,13,0,T1,mid,33,3.0764181782264806,6.034177068939384,0.6748106060606059,0.31649897691384643,0.653125,0.23101761972845272
Cho2017,13,0,T1,late,34,125.47366019379928,3.9008275853247762,0.65,0.25820519335404546,0.6225378787878788,0.17099682259599064
Cho2017,13,0,T2,early,33,1.9782368666896544,6.61267970521658,0.5755859375,0.10852751324144073,0.6316287878787877,0.3187144936921443
Cho2017,13,0,T2,mid,33,5.083620612843756,13.348017114308057,0.625,0.22293879102896055,0.6039062500000001,0.1455034867226126
Cho2017,13,0,T2,late,34,1.837479873173745,4.003723505262198,0.6090909090909091,0.21266198655005547,0.6295955882352942,0.16486060304517475
Cho2017,14,0,T1,early,33,0.6375527986426194,1.8264212486965934,0.6507575757575758,0.2105399667382016,0.6195075757575758,0.1457312216299562
Cho2017,14,0,T1,mid,33,0.6172855462832625,1.6824507099725035,0.603030303030303,0.15533536248807644,0.5789772727272728,0.11382654540139803
Cho2017,14,0,T1,late,34,0.7123566147945511,1.7029466012319088,0.5455882352941177,0.09379324262222571,0.6136363636363636,0.19591262828135964
Cho2017,14,0,T2,early,33,0.7193742469931155,1.0686085375747827,0.6704545454545454,0.26106331560000173,0.6331439393939393,0.21375789042944074
Cho2017,14,0,T2,mid,33,0.7413532648826263,1.074324949514348,0.73125,0.39286234270097714,0.6314393939393939,0.1742033058855396
Cho2017,14,0,T2,late,34,1.5298684637704876,1.394855315572443,0.6480468749999999,0.28828204395215873,0.6018382352941176,0.18294422046833883
Cho2017,15,0,T1,early,33,2.1906770412899434,6.505519147652815,0.7423387096774193,0.28384204168972776,0.6526515151515152,0.3401691253793334
Cho2017,15,0,T1,mid,33,41.68557822129411,6.8966804821325525,0.669921875,0.2931361500911042,0.6888257575757576,0.21526035579256397
Cho2017,15,0,T1,late,34,5.0182467279930965,3.417965186626699,0.7522727272727272,0.43641862619107064,0.5904411764705884,0.1190904108295756
Cho2017,15,0,T2,early,33,2.9649779174102724,8.539065809858519,0.7818181818181819,0.4616324880934626,0.756640625,0.4318325365226773
Cho2017,15,0,T2,mid,33,4.553837462562234,4.026376096180013,0.7999999999999999,0.49373201923531534,0.6259765625,0.15247878130270648
Cho2017,15,0,T2,late,34,3.177182466174123,2.1523027542275868,0.6056985294117646,0.16723425780363152,0.673345588235294,0.27859988713725153
Cho2017,16,0,T1,early,33,10.452985336145023,3.2095284343778743,0.759469696969697,0.4398559972583648,0.6024621212121212,0.11425337540952633
Cho2017,16,0,T1,mid,33,4.280899847852906,3.7898767097176296,0.802734375,0.44389285085154206,0.650189393939394,0.18706062692369882
Cho2017,16,0,T1,late,34,266.12395158577505,29.93600387606112,0.8935661764705882,0.5660173632912203,0.7544117647058823,0.3613302927375824
Cho2017,16,0,T2,early,33,2.893836593952203,16.775483346743986,0.7236328125,0.36755544854003297,0.64453125,0.19658802248849622
Cho2017,16,0,T2,mid,33,4.999002756279115,38.095233529170514,0.9173387096774194,0.47477899590564643,0.6526515151515152,0.1691530701290046
Cho2017,16,0,T2,late,34,28.340870779120763,7.142137782583959,0.8755859375,0.4684774191187031,0.613235294117647,0.16117791299268705
Cho2017,17,0,T1,early,33,4.260393849059547,10.68002979740909,0.8501953124999999,0.35798127970419397,0.703030303030303,0.29642408424095706
Cho2017,17,0,T1,mid,33,7.536914425446859,11.603600395181921,0.7715909090909091,0.3367735268725911,0.6492424242424243,0.19248891629689577
Cho2017,17,0,T1,late,34,4.762505636922463,11.213340626857754,0.7141544117647057,0.3495247193916769,0.6456439393939395,0.15024825454417792
Cho2017,17,0,T2,early,33,8.15928232728337,2.7697249609309216,0.9375,0.6098563075914613,0.6967803030303031,0.2040262419765156
Cho2017,17,0,T2,mid,33,3.6024637397638504,3.675127298778665,0.7748106060606061,0.44588417876435127,0.6384469696969698,0.14557163650400315
Cho2017,17,0,T2,late,34,30.299946270367045,9.298547687370876,0.7399621212121213,0.3831004502798076,0.6474264705882353,0.21965734954941224
Cho2017,18,0,T1,early,33,11.19728750474088,2.640401727949775,0.84140625,0.4066817117211413,0.6415322580645161,0.19393233087708006
Cho2017,18,0,T1,mid,33,27.1198845874726,9.221857842324475,0.8053030303030304,0.4527355855743645,0.6094696969696969,0.2513652174955295
Cho2017,18,0,T1,late,34,1.5902944405348898,22.516979582663073,0.718560606060606,0.41564880841037666,0.6897058823529412,0.2908566927211613
Cho2017,18,0,T2,early,33,6.004295082892029,1.98124161945668,0.606439393939394,0.12680967351350758,0.6321969696969697,0.21838509180837096
Cho2017,18,0,T2,mid,33,3.7833532749368204,4.148472603411935,0.6462890625,0.18643486116736882,0.6482954545454546,0.17953586472279873
Cho2017,18,0,T2,late,34,4.634826735205961,4.27835563640506,0.6115530303030302,0.18979729775010365,0.6014705882352941,0.134629622165257
Cho2017,19,0,T1,early,33,2.7354612639945906,6.527877474241095,0.8246212121212122,0.44304104537094446,0.6869318181818181,0.279039561336083
Cho2017,19,0,T1,mid,33,1.4888205191413584,1.6044086634550774,0.6488636363636363,0.22035103786868615,0.6948863636363637,0.36144194644144856
Cho2017,19,0,T1,late,34,1.3702941248043983,1.227587761980444,0.7000000000000001,0.35987577002757654,0.6389705882352941,0.17303956285028776
Cho2017,19,0,T2,early,33,3.9173258479648534,2.1834835985707683,0.737109375,0.28264384430694645,0.6867424242424243,0.34349941822570207
Cho2017,19,0,T2,mid,33,2.678734440874253,1.6768669818918291,0.8453125,0.47983253100691287,0.6408203125,0.19710418440326766
Cho2017,19,0,T2,late,34,2.5447387131182615,1.3542867855865182,0.798828125,0.41368921115704044,0.6025735294117647,0.15340136859736048
Cho2017,20,0,T1,early,33,3.0651311844463387,2.8553161587325424,1.0293560606060606,0.6153275889974794,0.6638257575757576,0.2779062920114937
Cho2017,20,0,T1,mid,33,2.69835229215477,2.8462456868428965,0.6098484848484849,0.2207620148365067,0.631640625,0.12364438260434388
Cho2017,20,0,T1,late,34,99.38761739820933,2.0489519987716216,0.7856854838709678,0.5741122037115848,0.6685661764705884,0.22803047645918767
Cho2017,20,0,T2,early,33,10.482370144645035,2.6951757159539005,0.5607954545454545,0.11220787754150395,0.7007812499999999,0.42127199381567904
Cho2017,20,0,T2,mid,33,2.3069213783281097,1.5467922596465462,0.7582031250000001,0.43849618031002774,0.6083333333333333,0.16271595983756046
Cho2017,20,0,T2,late,34,6.166182379133169,2.443756797045654,0.8310661764705882,0.5682315940861908,0.6952205882352941,0.3622433765313459
Cho2017,21,0,T1,early,33,1.9318855363117375,1.5395240788674407,0.9955645161290322,0.7422723420070539,0.6553030303030302,0.2759372853482521
Cho2017,21,0,T1,mid,33,2.614350343944277,2.3563832162559115,0.8834821428571429,0.5296330810797033,0.7376953125,0.4092929437531905
Cho2017,21,0,T1,late,34,1.1174563366860273,6.157454571897131,0.8785,0.6436591683492126,0.6409926470588235,0.17922417039773897
Cho2017,21,0,T2,early,33,1.9560599959455323,1.2057399629649084,1.1502403846153846,0.7109262325168634,0.6486742424242424,0.14625823578013306
Cho2017,21,0,T2,mid,33,4.130292189932643,1.1789096740561755,0.8644396551724138,0.5887095569796632,0.593939393939394,0.09625424095936237
Cho2017,21,0,T2,late,34,2.111020404844126,1.4224833878301046,0.8274193548387097,0.5373233895411318,0.6261029411764705,0.1929506196128858
Cho2017,22,0,T1,early,33,3.222396782010891,13.396343736119551,0.7869318181818182,0.3733149123197874,0.8445075757575758,0.4516509005055302
Cho2017,22,0,T1,mid,33,7.333033428632997,5.485579116312607,0.8183712121212121,0.5389316280397367,0.6267578125,0.19711192573532899
Cho2017,22,0,T1,late,34,2.0708203890513346,3.3090166793787934,0.7492424242424243,0.4200180302986304,0.6251838235294118,0.17080371548539547
Cho2017,22,0,T2,early,33,16.45950631844103,8.9614860276786,0.8009765625,0.40458224190677056,0.6267578125000001,0.17066501916646493
Cho2017,22,0,T2,mid,33,6.087096475325517,2.605851909739821,0.7462890625,0.4096220013878602,0.6296875,0.17376798468072302
Cho2017,22,0,T2,late,34,6.409664927797858,10.720119197368387,0.7134765624999999,0.25742921022838217,0.6400735294117648,0.4112813930866651
Cho2017,23,0,T1,early,33,1.1230926060985997,3.809858207920386,0.6712121212121213,0.3725676780150971,0.6200757575757576,0.19084613710701223
Cho2017,23,0,T1,mid,33,14.792833829096335,7.295899495661797,0.70390625,0.3890617156116591,0.6573863636363637,0.207291645036476
Cho2017,23,0,T1,late,34,2.9056901209112223,1.671502829517196,0.6068181818181819,0.2565771361416165,0.6522058823529412,0.20632174750813273
Cho2017,23,0,T2,early,33,1.547835548668304,2.1900579634506996,0.5552734375,0.0888306930559961,0.7159090909090909,0.2861177696319709
Cho2017,23,0,T2,mid,33,5.178874876217507,1.4757566167161262,0.587109375,0.1964711725186659,0.7158203125,0.3280095941954707
Cho2017,23,0,T2,late,34,5.9264477861429,2.3340140737155592,0.5974264705882353,0.26970213369003043,0.645404411764706,0.20284799451213503
Cho2017,24,0,T1,early,33,1.9142830532676842,1.823654252955294,0.7967803030303031,0.3903279058454908,0.6425,0.19994400257738834
Cho2017,24,0,T1,mid,33,1.312451420637532,3.135917708444943,0.73828125,0.36850743478549725,0.7155303030303031,0.3299094558840749
Cho2017,24,0,T1,late,34,2.706727036653255,1.4608667996964744,0.791796875,0.479296556642111,0.7113636363636364,0.3463194416249006
Cho2017,24,0,T2,early,33,2.983978580916159,4.752308129034361,0.8662109375,0.5621241352192557,0.6477272727272727,0.21664746153493625
Cho2017,24,0,T2,mid,33,1.9703260973521872,1.6518076687059267,0.8486328125,0.4925116352701374,0.7705078125,0.3336193065993631
Cho2017,24,0,T2,late,34,1.7256160561730693,3.3305499494607917,0.8363636363636364,0.5349004583512269,0.7001838235294118,0.22459361428267965
Cho2017,25,0,T1,early,33,25.976232210701355,238.18556007120083,0.7056818181818181,0.257438410350839,0.675,0.41434676134412307
Cho2017,25,0,T1,mid,33,13.429508616192859,12.2869026571566,0.8348484848484848,0.5258764111180797,0.6454545454545455,0.39086173955637543
Cho2017,25,0,T1,late,34,2.388678052366639,56.018124190729836,0.6516666666666667,0.22873026630120954,0.6946969696969698,0.3247927705148254
Cho2017,25,0,T2,early,33,4.16454314664096,2.7999536308060837,0.7454545454545454,0.4669860059488572,0.6104166666666667,0.11555886383181954
Cho2017,25,0,T2,mid,33,9.748075757160958,6.81686277353166,0.7150390625,0.39482696026518516,0.7293560606060606,0.3114318291467545
Cho2017,25,0,T2,late,34,14.753763383394553,7.7635668695383755,0.7747983870967741,0.3899941967070029,0.663235294117647,0.24629032919366786
Cho2017,26,0,T1,early,33,2.275064830950527,5.829726492029174,0.80625,0.5182673771507811,0.637689393939394,0.15588582445591181
Cho2017,26,0,T1,mid,33,0.8843861741076884,2.6922714969236132,0.6405303030303031,0.15245870973032485,0.6350378787878788,0.15177250870474124
Cho2017,26,0,T1,late,34,0.8679210563946529,1.277350965472769,0.8143382352941176,0.5088633739924731,0.711764705882353,0.27676889608942795
Cho2017,26,0,T2,early,33,1.8854224630548098,2.970893621500239,0.8080645161290323,0.5840068457113059,0.6839843749999999,0.3307924961922646
Cho2017,26,0,T2,mid,33,1.382254759057079,2.742302289856937,0.7840909090909091,0.4387214845183233,0.6643939393939393,0.21423912254753033
Cho2017,26,0,T2,late,34,1.0530043444346453,2.8893470170359157,0.7389705882352942,0.449747321889428,0.7102941176470587,0.34847647122124287
Cho2017,27,0,T1,early,33,10.142528736295269,2.221112581397107,0.8398437499999999,0.3543560882850575,0.7348484848484849,0.3762952073887799
Cho2017,27,0,T1,mid,33,58.14558813137175,7.4458449279656485,0.7849609375,0.409580278252623,0.7246212121212121,0.2758635691650316
Cho2017,27,0,T1,late,34,11.389362939266636,7.17602096713373,0.8490530303030304,0.3998967705696426,0.6930147058823529,0.19569566653705975
Cho2017,27,0,T2,early,33,9.001314372990262,12.326123656263091,0.8143750000000001,0.39829110872785833,0.728030303030303,0.32848914214318986
Cho2017,27,0,T2,mid,33,7.134519686198982,14.660041181734409,0.7520161290322581,0.3016018520487053,0.6958984375,0.24101839481289306
Cho2017,27,0,T2,late,34,3.572471826537794,8.95616277882347,0.784375,0.4048881302013449,0.747610294117647,0.4642975172520138
Cho2017,28,0,T1,early,33,1.953917689347799,1.544340015090664,0.927734375,0.4859524151147511,0.7856060606060608,0.434337827732783
Cho2017,28,0,T1,mid,33,1.6207718227067813,1.5886190516578156,0.8946969696969697,0.48595355245366034,0.7071969696969697,0.30612482449588346
Cho2017,28,0,T1,late,34,3.972841609812187,1.9627187276482183,0.7827205882352941,0.27349630175950196,0.7240808823529412,0.29623531063475284
Cho2017,28,0,T2,early,33,18.404830382969404,2.0417948052692885,0.839453125,0.4346683965855286,0.681640625,0.3311502558406974
Cho2017,28,0,T2,mid,33,1.6335513528797865,1.0064663575140536,0.8867424242424242,0.4415766710119567,0.708984375,0.3585314062772038
Cho2017,28,0,T2,late,34,10.573531391015399,1.157936447605153,0.8437500000000001,0.5124468745562064,0.7204545454545455,0.2519350900540672
Cho2017,29,0,T1,early,33,31.63408050405448,1.0817184927417505,0.8477272727272728,0.4452155647601319,0.6998046874999999,0.2516909822081481
Cho2017,29,0,T1,mid,33,2.0531972975889596,1.0551115455182918,0.9337121212121212,0.5294386217938918,0.690625,0.30716143073512664
Cho2017,29,0,T1,late,34,2.3753872556772495,1.8131371318164842,0.7530303030303029,0.39588951319463356,0.6547794117647059,0.2002816194165719
Cho2017,29,0,T2,early,33,19.81286306412663,1.3403320979029856,0.78828125,0.36605460204686335,0.6962121212121213,0.34889550902342176
Cho2017,29,0,T2,mid,33,11.060065218302787,1.9815913123072775,0.846875,0.5209643064488679,0.6795454545454546,0.1704444441451375
Cho2017,29,0,T2,late,34,5.684423481921052,4.081616036897958,0.8262867647058824,0.45547067660969964,0.7397058823529411,0.3412539133075998
Cho2017,30,0,T1,early,33,2.4179868093216927,9.733079081751304,0.6446969696969697,0.19120160070467343,0.6166666666666666,0.17351007160823534
Cho2017,30,0,T1,mid,33,2.695675944547595,2.234144482935409,0.6547348484848484,0.19292057499209375,0.5890151515151515,0.09055843039654637
Cho2017,30,0,T1,late,34,7.809512087151222,2.0008153069205914,0.734090909090909,0.38108724453549797,0.5939338235294118,0.12623912749956415
Cho2017,30,0,T2,early,33,1.8102647772713596,4.5019969069714785,0.73046875,0.3908866311329124,0.6441406249999999,0.23362869460611935
Cho2017,30,0,T2,mid,33,1.975635561647774,4.0381346374247205,0.7780303030303031,0.41750612750709276,0.6753787878787879,0.3407737525971401
Cho2017,30,0,T2,late,34,4.803225140843543,3.4595967229546565,0.7132352941176471,0.270317609633288,0.6529411764705884,0.31810862265034295
Cho2017,31,0,T1,early,33,1.7952871506557226,8.477425092717935,0.7712890625,0.4570408903230061,0.709469696969697,0.3143962212403501
Cho2017,31,0,T1,mid,33,3.1612703806990137,7.362647992871823,0.7297348484848485,0.3146517973225489,0.6570075757575757,0.24707453853872327
Cho2017,31,0,T1,late,34,12.040273745463193,3.4781040827895646,0.6886029411764705,0.17280976149459865,0.659280303030303,0.1486374447803018
Cho2017,31,0,T2,early,33,42.669804087976715,9.944504326078855,0.7216796875,0.29078869875182106,0.7785984848484849,0.37674163208515876
Cho2017,31,0,T2,mid,33,4.8303739657208595,3.0164808196178035,0.6975378787878788,0.21461701372526115,0.8112903225806454,0.5095717370782333
Cho2017,31,0,T2,late,34,5.52082479680711,3.2896923555262156,0.7299242424242424,0.28015890029107565,0.820404411764706,0.41123722944013125
Cho2017,32,0,T1,early,33,2.0255975580224064,5.325408882953919,1.0041015625,0.573068276430203,0.6734848484848485,0.2038748124815103
Cho2017,32,0,T1,mid,33,2.0488900969093664,7.218190090015732,0.8798387096774193,0.5573842406521441,0.595703125,0.13610296592647927
Cho2017,32,0,T1,late,34,0.9909802765521424,7.514747427166568,0.8812500000000001,0.5420906793955232,0.6459558823529411,0.22907804724613792
Cho2017,32,0,T2,early,33,4.171256103613088,2.9903379102923164,0.8301136363636363,0.38117844132667233,0.6744318181818182,0.33518200772980805
Cho2017,32,0,T2,mid,33,3.9526332727204494,8.34444828135548,0.8429435483870967,0.47300819108060316,0.656060606060606,0.20769685833750362
Cho2017,32,0,T2,late,34,2.0653736850205386,30.522893742776542,0.7877155172413793,0.5175541439447545,0.6496212121212122,0.18336307046581649
Cho2017,33,0,T1,early,33,1.0460168929616604,4.847913282036513,0.6918560606060606,0.3740881744134614,0.631060606060606,0.24468055109567083
Cho2017,33,0,T1,mid,33,1.7016176778746157,4.80962538747017,0.8198863636363636,0.6052806889911199,0.6687500000000001,0.3184894768669759
Cho2017,33,0,T1,late,34,1.5438727398453351,3.244257329920535,0.7681818181818182,0.3881420744681666,0.596875,0.1574603854242113
Cho2017,33,0,T2,early,33,2.4253936876245676,6.644509062963834,0.677840909090909,0.39288803834544417,0.7339015151515151,0.32947828904534787
Cho2017,33,0,T2,mid,33,1.2194545206023195,1.6868796052260082,0.6113636363636363,0.2637212507016174,0.7731060606060605,0.4272735667840452
Cho2017,33,0,T2,late,34,4.266991341254281,14.186707882142432,0.7878676470588236,0.42915342122985245,0.6685661764705882,0.24430783309556656
Cho2017,34,0,T1,early,33,4.4800987266683645,3.6086034272957708,0.7375,0.3186504133647091,0.8589015151515151,0.46796279936402363
Cho2017,34,0,T1,mid,33,1.6528378805024369,15.73520819892956,0.7456439393939394,0.4131522759771356,0.734280303030303,0.41319134333010715
Cho2017,34,0,T1,late,34,2.912632427650601,37.47999643095108,0.7481617647058824,0.4138362087296245,0.7402573529411766,0.41932355139528926
Cho2017,34,0,T2,early,33,2.829786838079241,2.0583926691463392,0.8134469696969697,0.4409526135709592,0.6723484848484849,0.19350871035318487
Cho2017,34,0,T2,mid,33,2.259550402773537,4.456804979901199,0.923828125,0.5427083177133315,0.7143939393939392,0.36679949228294556
Cho2017,34,0,T2,late,34,5.461785298602112,2.762552799995437,0.8571969696969698,0.5428667966731905,0.6681985294117647,0.4345842112744247
Cho2017,35,0,T1,early,33,5.636058861652594,1.3886140243235117,0.8038306451612903,0.36885310689229645,0.6486742424242424,0.12815855598792822
Cho2017,35,0,T1,mid,33,2.8804256563812194,2.22347632812414,0.7361742424242425,0.3327056978502199,0.6279296875,0.13518094405010397
Cho2017,35,0,T1,late,34,2.5092824402237044,6.944635524480378,0.877389705882353,0.5145181183254947,0.6172794117647059,0.18449839355176886
Cho2017,35,0,T2,early,33,70.45646582202993,3.8250100416222446,0.755078125,0.31626419457707244,0.6681818181818182,0.33825100098805544
Cho2017,35,0,T2,mid,33,27.23940238172577,17.353857398748254,0.8512096774193548,0.49012017986693757,0.6172348484848486,0.1694676819484383
Cho2017,35,0,T2,late,34,2.9803110733579934,3.4470116503223616,1.0291666666666666,0.5665566403879463,0.6733455882352941,0.2267107594191742
Cho2017,36,0,T1,early,33,5.588514022265343,5.2891171892051805,0.8268939393939393,0.41521570713078465,0.7361742424242425,0.42600359884687206
Cho2017,36,0,T1,mid,33,14.829369041325199,6.015553479014263,0.749621212121212,0.3883694406474765,0.7763671875,0.4827511449056489
Cho2017,36,0,T1,late,34,4.28456259229429,3.813781993542917,0.754779411764706,0.3696246444860227,0.6837121212121211,0.2258136560912972
Cho2017,36,0,T2,early,33,4.848045475402104,5.932346165688073,0.8107954545454544,0.419288924823133,0.6465909090909091,0.16630944845266038
Cho2017,36,0,T2,mid,33,4.620400946656032,30.912344254122747,0.8457661290322582,0.5327040989122561,0.6617424242424244,0.1583813541793945
Cho2017,36,0,T2,late,34,2.5837885159208125,5.248858795815426,0.6751893939393939,0.30513085885219,0.6412109374999999,0.19177330478261592
Cho2017,37,0,T1,early,33,2.315628452319485,2.9882128365878025,0.8017578125,0.4073849362299616,0.8649621212121213,0.42271819326080856
Cho2017,37,0,T1,mid,33,5.817053395550715,3.257823421214429,0.8740530303030303,0.58133271896766,0.5994140625,0.11019070133918331
Cho2017,37,0,T1,late,34,7.289788913106427,10.412898933869023,0.8126838235294118,0.4520340195293394,0.6125,0.15335554373454405
Cho2017,37,0,T2,early,33,2.3947602918919775,27.216396114932248,0.8607421875000001,0.42111689516343304,0.7416666666666666,0.44908278437524435
Cho2017,37,0,T2,mid,33,16.79288053640727,4.2444893464184785,0.7784090909090909,0.3687807861734241,0.612890625,0.1777197796205008
Cho2017,37,0,T2,late,34,12.049269375553097,2.466674237637303,0.8042279411764706,0.4046993045298419,0.6158088235294117,0.16475552363791676
Cho2017,38,0,T1,early,33,25.389010879701626,7.500965958825093,0.7176136363636364,0.2925586517918963,0.7068181818181818,0.24612221551995625
Cho2017,38,0,T1,mid,33,13.571492741077051,10.41629735945416,0.8136363636363637,0.41895900071933834,0.6962121212121212,0.2916731846969447
Cho2017,38,0,T1,late,34,2.9242946644010823,24.446027354681515,0.7349264705882352,0.32169957972217744,0.7255859375,0.2868213771328265
Cho2017,38,0,T2,early,33,5.975544836950104,5.589981042411895,0.7691532258064516,0.26899105601376533,0.6346590909090909,0.19006509867815605
Cho2017,38,0,T2,mid,33,2.2297502392076147,26.70807493059621,0.7048828125,0.3512002799795507,0.700189393939394,0.24824423633260848
Cho2017,38,0,T2,late,34,2.147056737794956,8.611574572711556,0.759765625,0.4531571580722403,0.6351102941176472,0.14634027117495904
Cho2017,39,0,T1,early,33,1.8387645990730437,12.940593071021151,0.5729166666666666,0.23953803919674682,0.5581439393939395,0.10202129587372386
Cho2017,39,0,T1,mid,33,0.7703692287778008,2.5983417483750015,0.7046296296296297,0.5048336743440504,0.6289772727272727,0.306811167147647
Cho2017,39,0,T1,late,34,0.7970893281020691,3.2627958497106357,0.620625,0.3530010844530085,0.6517578125000001,0.3130590092911236
Cho2017,39,0,T2,early,33,2.3193481053640577,30.73190789699173,0.5470833333333334,0.10091680429387809,0.5740530303030303,0.09118487210008124
Cho2017,39,0,T2,mid,33,0.8476379102005493,9.036791315930998,0.541015625,0.15914457530688686,0.6445075757575757,0.324758642808735
Cho2017,39,0,T2,late,34,1.5076669418446838,2.2755574012638227,0.6460937499999999,0.473408492304413,0.6537109375000001,0.4141888350164042
Cho2017,40,0,T1,early,33,5.433993235480855,0.9755601211882325,0.615909090909091,0.24497840673381854,0.6274621212121211,0.13560976378894846
Cho2017,40,0,T1,mid,33,19.49471881318162,2.9073540488463188,0.6338709677419354,0.31449273589595284,0.66875,0.21912356495536942
Cho2017,40,0,T1,late,34,3.838823950755449,2.834985974223542,0.6646484374999999,0.3550335913870455,0.5814338235294118,0.12251655513619149
Cho2017,40,0,T2,early,33,1.3347611073226595,0.9093993645835055,0.621969696969697,0.27077995341722666,0.5956439393939394,0.12339389427798782
Cho2017,40,0,T2,mid,33,6.102853299020134,1.4628734500580394,0.5545454545454545,0.1672405323513323,0.594921875,0.11391726091328026
Cho2017,40,0,T2,late,34,19.75113889641106,1.798710675131726,0.6602272727272727,0.4144490746380302,0.6162878787878787,0.2293866337253854
Cho2017,41,0,T1,early,33,3.8181698675171196,21.127639961646363,0.6943181818181818,0.4171068611385042,0.6259469696969697,0.17312388012520152
Cho2017,41,0,T1,mid,33,7.899128370334034,15.218084988727758,0.8414062499999999,0.553378186227274,0.62421875,0.1575705911994288
Cho2017,41,0,T1,late,34,10.538243646911482,37.7194452613841,0.7654411764705882,0.38024589112344526,0.6496323529411765,0.23071749687670395
Cho2017,41,0,T2,early,33,3.650288445851751,10.230104128050217,0.6732421875000001,0.29250581914867924,0.6072265625,0.14031310355347643
Cho2017,41,0,T2,mid,33,2.903353904063105,2.9715514099109193,0.6956439393939393,0.3908260387167501,0.6723790322580645,0.33715549245505677
Cho2017,41,0,T2,late,34,21.524619684413494,1.3853379832227017,0.9115530303030303,0.5985247037937726,0.6446691176470589,0.3222491484529218
Cho2017,42,0,T1,early,33,14.425809376292229,5.596156169576225,0.718560606060606,0.2844847018194997,0.6286290322580645,0.15391214071785825
Cho2017,42,0,T1,mid,33,10.568707368192864,6.79247241215055,0.9369318181818183,0.47683398845741837,0.6617187499999999,0.3382217037660911
Cho2017,42,0,T1,late,34,7.105616293777395,6.239332728814243,0.7138671875,0.2435532778628012,0.7398437499999999,0.3847614609546251
Cho2017,42,0,T2,early,33,7.004298529029966,14.637495015224086,0.8343750000000001,0.49595778156386455,0.6363281249999999,0.15473829263948977
Cho2017,42,0,T2,mid,33,10.463409955092324,5.315012282530327,0.697159090909091,0.25614184205375096,0.7200757575757577,0.3407036417966749
Cho2017,42,0,T2,late,34,42.00558967076501,2.2485006185000636,0.859469696969697,0.46153441694105585,0.6570564516129032,0.23910083334602536
Cho2017,43,0,T1,early,33,3.4032825113361813,2.8181530795695022,1.037121212121212,0.5653650507509744,0.81875,0.46950822515143276
Cho2017,43,0,T1,mid,33,3.7755598719307213,3.887110981149712,0.7787109375000001,0.39544791213065733,0.6825757575757576,0.28322646258652207
Cho2017,43,0,T1,late,34,2.418847681135437,1.4484965800123466,0.7612132352941177,0.35964193862229615,0.7121323529411764,0.2506056137822326
Cho2017,43,0,T2,early,33,67.8640314943562,12.406693539793826,0.766796875,0.2914656754923886,0.7602272727272728,0.23858810839670858
Cho2017,43,0,T2,mid,33,2.3504922947979705,5.638692252502368,0.8462121212121212,0.5459062076770596,0.631640625,0.16352544165468372
Cho2017,43,0,T2,late,34,1.4361739061344194,3.0839653565854688,0.6794117647058823,0.22000965789590704,0.7685661764705882,0.32825884978003267
Cho2017,44,0,T1,early,33,3.490749072954104,3.6557699268027832,0.6751893939393939,0.3678500344461815,0.6301136363636364,0.1891433948865281
Cho2017,44,0,T1,mid,33,1.0516336800036536,0.7918243734530014,0.6172348484848484,0.25705955962514604,0.6611742424242424,0.1648271418335953
Cho2017,44,0,T1,late,34,1.0262168404840286,1.8352251672215256,0.7395833333333335,0.42929444258497385,0.6772058823529412,0.19769398022787416
Cho2017,44,0,T2,early,33,2.1579177983093696,3.538896285028042,0.69609375,0.27932828713216196,0.6577651515151516,0.195843590376718
Cho2017,44,0,T2,mid,33,1.3810131235512177,0.847350815230406,0.734090909090909,0.28328636075547764,0.621969696969697,0.20961229323602598
Cho2017,44,0,T2,late,34,1.675352685074816,1.820295274718558,0.6748106060606059,0.22284577346485132,0.6878676470588235,0.25043134285208585
Cho2017,45,0,T1,early,33,20.215209584281695,1.9596016185490424,0.7651515151515151,0.4906681975362392,0.6532196969696971,0.24014733291454388
Cho2017,45,0,T1,mid,33,1.754730208565371,5.939367071441586,0.5867424242424242,0.12801068972953836,0.662310606060606,0.18628066180704067
Cho2017,45,0,T1,late,34,2.1436556789889183,1.5624249459991384,0.6261029411764706,0.22890539657156353,0.6159926470588235,0.14143915607923022
Cho2017,45,0,T2,early,33,2.6131256665357863,1.7216735153464287,0.6142578125,0.19016487998468554,0.6710227272727273,0.2943309784277879
Cho2017,45,0,T2,mid,33,2.8287769362914177,5.93911572732618,0.6244140625000001,0.22456750628791133,0.6174242424242424,0.1399130342018841
Cho2017,45,0,T2,late,34,2.262599625204152,3.4670899274691327,0.6711397058823529,0.419742060987076,0.6691176470588235,0.21971918270238686
Cho2017,46,0,T1,early,40,1.6399252516624778,16.42935676295962,0.5437500000000001,0.10021092619934076,0.64890625,0.30561121997308527
Cho2017,46,0,T1,mid,40,2.3112435092778925,35.02381758695302,0.6416118421052633,0.35434705379164244,0.5985576923076922,0.1918849520223597
Cho2017,46,0,T1,late,40,6.1215673679920535,5.025642254209394,0.5609375,0.2403072171070815,0.6626602564102563,0.31693167632615804
Cho2017,46,0,T2,early,40,3.6313286507656914,8.925165123083172,0.6623355263157894,0.4972115643513564,0.6146959459459459,0.1736021404224047
Cho2017,46,0,T2,mid,40,6.332942599241128,2.6952233824331797,0.55171875,0.26315018993141065,0.58921875,0.15082447566936044
Cho2017,46,0,T2,late,40,5.102410251475648,2.695414036943831,0.5903716216216215,0.33239569397082047,0.692948717948718,0.37957724535417553
Cho2017,47,0,T1,early,33,21.470428191051347,541.3059887813736,0.719921875,0.4275413377195057,0.6875,0.3325464196350958
Cho2017,47,0,T1,mid,33,11.678418184231399,16.50554259023364,0.7376893939393939,0.5245251388893629,0.6714015151515151,0.4004762502860299
Cho2017,47,0,T1,late,34,41.226810544807435,67.33045862709207,0.6939393939393939,0.3717233261114915,0.7277573529411764,0.3817354406354101
Cho2017,47,0,T2,early,33,2.636867140395065,46.43396846717455,0.6704545454545454,0.46492065327642224,0.6414772727272728,0.21692593488537817
Cho2017,47,0,T2,mid,33,1.7367332792188384,2.562575039882235,0.63125,0.279254282949169,0.6227272727272728,0.15795522672623954
Cho2017,47,0,T2,late,34,1.4088657053062714,3.582635483698386,0.5983455882352942,0.26382852200748497,0.7505514705882353,0.4449403247305944
Cho2017,48,0,T1,early,33,4.731729885280327,19.601884593440875,0.6941810344827586,0.3090452615589394,0.6412109375,0.16386043639251693
Cho2017,48,0,T1,mid,33,2.2069868809610598,8.537523678251608,0.8078125,0.5578493885361699,0.7689393939393939,0.4633655006968002
Cho2017,48,0,T1,late,34,3.2095921501623117,3.444481971217988,0.681439393939394,0.28753493220128284,0.6553308823529411,0.2667466902641315
Cho2017,48,0,T2,early,33,2.415646237172966,8.679161483334342,0.6136718750000001,0.18080790304279948,0.6643939393939394,0.20313292437039607
Cho2017,48,0,T2,mid,33,2.165340334871407,11.122354643081403,0.6782258064516129,0.44467580323105993,0.665151515151515,0.311563104285873
Cho2017,48,0,T2,late,34,1.2670614056979366,421.2681298443636,0.66015625,0.42398416626353813,0.6827205882352941,0.4229298055924618
Cho2017,49,0,T1,early,33,3.00304475988669,3.563639732716491,0.7298387096774194,0.34324086076917015,0.7145833333333333,0.3063781683976635
Cho2017,49,0,T1,mid,33,7.204497068792149,4.985431297558001,0.8306818181818182,0.4435521956607611,0.6537878787878789,0.265855801661951
Cho2017,49,0,T1,late,34,1.5883673041142685,11.870767777319632,0.7757352941176471,0.4700270953593764,0.6325757575757575,0.17920910510266716
Cho2017,49,0,T2,early,33,4.751866854464451,4.385388178134705,0.7723484848484848,0.5246617558997081,0.70234375,0.44642336771520763
Cho2017,49,0,T2,mid,33,1.1872378048436945,2.5561102419615733,0.6507575757575758,0.19132312906529403,0.637109375,0.23158726198154633
Cho2017,49,0,T2,late,34,1.7233278317833252,2.593311012517914,0.7647058823529411,0.3764734604669845,0.7539772727272728,0.3802499246091829
Cho2017,50,0,T1,early,33,0.9397881307540213,3.1858691788060343,0.7359848484848486,0.34003686820715273,0.6818181818181818,0.41630011424928404
Cho2017,50,0,T1,mid,33,0.8128435732470835,2.44636876716278,0.6132575757575757,0.22189971360313507,0.6526515151515152,0.21387716790777309
Cho2017,50,0,T1,late,34,0.9656237123199759,2.8715716774849187,0.6435661764705882,0.31167348528467775,0.6137867647058824,0.1201616884408031
Cho2017,50,0,T2,early,33,1.7463102011225604,6.289719488671226,0.7009469696969698,0.30947062423361693,0.6910984848484849,0.23098126432115934
Cho2017,50,0,T2,mid,33,4.68875020062402,6.705352850615069,0.7259469696969696,0.3217278503452677,0.7015151515151514,0.23489414878635856
Cho2017,50,0,T2,late,34,1.329868731324467,3.2737066596474094,0.7325367647058824,0.42481554012730105,0.6709558823529411,0.266461193997502
Cho2017,51,0,T1,early,33,3.748934770660705,1.9267360160892169,0.7464583333333333,0.3604781378214526,0.803030303030303,0.5529473396674973
Cho2017,51,0,T1,mid,33,1.2082736151913445,0.8397365626458445,0.7748046875000001,0.41372770773771284,0.665909090909091,0.30927537387747567
Cho2017,51,0,T1,late,34,2.97903761213783,1.3974091726067543,0.877389705882353,0.506299958287257,0.6597656249999999,0.25878574585138836
Cho2017,51,0,T2,early,33,3.796314298925416,0.9771017861921182,0.8803030303030303,0.6053484807717249,0.6795454545454545,0.3180316203937086
Cho2017,51,0,T2,mid,33,2.481253361587909,1.5644247954869384,0.7465909090909092,0.5777706037203831,0.7455078125,0.4675041631013459
Cho2017,51,0,T2,late,34,2.9077811199053882,1.6630389946832675,0.67734375,0.27006740152633657,0.7577205882352942,0.3817771753719021
Cho2017,52,0,T1,early,33,3.898095720566537,6.780844961134187,0.733984375,0.33828012232779714,0.621875,0.18464625173896707
Cho2017,52,0,T1,mid,33,12.823080842200447,2.999173481311198,0.8348484848484847,0.4743067865851538,0.6295454545454545,0.16375732061528248
Cho2017,52,0,T1,late,34,3.992449531804671,7.086316050563302,0.7770833333333332,0.4593532041486335,0.6525735294117646,0.1752369564816595
Cho2017,52,0,T2,early,33,8.032900094411866,8.167606221876426,0.8799242424242424,0.6218914315168871,0.6604166666666668,0.27626973854250386
Cho2017,52,0,T2,mid,33,19.723276668377352,12.780010630497374,0.7060546875,0.2582216657252105,0.6312500000000001,0.16287107980351712
Cho2017,52,0,T2,late,34,38.04307011170286,11.474179508452675,0.7240234375,0.24867868292499176,0.6953125,0.1857207244762953
